{
  "info": {
    "title": "Client",
    "version": "0.0.1",
    "baseUri": "http://example.org/"
  },
  "definitions": {
    "Client": {
      "required": [ ],
      "wordLexicon": [ ],
      "properties": {
        "firstname": {
          "datatype": "string",
          "description": "This has a case-insensitive collation for the match queries that use range indexes",
          "collation": "http://marklogic.com/collation//S2",
          "facetable": true
        },
        "lastname": {
          "datatype": "string",
          "description": "This has a case-insensitive collation for the match queries that use range indexes",
          "collation": "http://marklogic.com/collation//S2",
          "facetable": true
        },
        "email": {
          "datatype": "string",
          "description": "This has a case-insensitive collation for the match queries that use range indexes",
          "collation": "http://marklogic.com/collation//S2",
          "facetable": true
        },
        "postal": {
          "datatype": "string",
          "description": "This has a case-insensitive collation for the match queries that use range indexes",
          "collation": "http://marklogic.com/collation//S2",
          "facetable": true
        },
        "phone": {
          "datatype": "string",
          "description": "This has a case-insensitive collation for the match queries that use range indexes",
          "collation": "http://marklogic.com/collation//S2",
          "facetable": true
        },
        "pin": {
          "datatype": "int",
          "facetable": true
        },
        "updated": {
          "datatype": "dateTime",
          "facetable": true
        }
      }
    }
  }
}