{
  "info": {
    "title": "Order",
    "version": "0.0.1",
    "baseUri": "http://marklogic.com/example/"
  },
  "definitions": {
    "Order": {
      "required": [ ],
      "primaryKey": "orderId",
      "properties": {
        "orderId": {
          "datatype": "string"
        },
        "address": {
          "$ref": "#/definitions/Address"
        },
        "orderDetails": {
          "datatype": "array",
          "items": {
            "$ref": "#/definitions/OrderDetails"
          }
        },
        "shipRegion": {
          "datatype": "array",
          "items": {
            "datatype": "string"
          }
        },
        "shippedDate": {
          "datatype": "dateTime"
        }
      }
    },
    "Address": {
      "properties": {
        "city": {
          "datatype": "string"
        },
        "state": {
          "datatype": "string"
        }
      }
    },
    "OrderDetails": {
      "properties": {
        "productID": {
          "datatype": "string"
        },
        "unitPrice": {
          "datatype": "double"
        },
        "quantity": {
          "datatype": "integer"
        },
        "discount": {
          "datatype": "float"
        }
      }
    }
  }
}