{
  "name": "match-person",
  "description": "",
  "stepDefinitionName": "default-matching",
  "stepDefinitionType": "MATCHING",
  "additionalCollections": [ ],
  "sourceQuery": "cts.collectionQuery([\"mapPersonJSON\"])",
  "provenanceGranularityLevel": "fine",
  "sourceDatabase": "data-hub-FINAL",
  "collections": [
    "match-person",
    "Person"
  ],
  "targetDatabase": "data-hub-FINAL",
  "targetFormat": "json",
  "stepId": "match-person-matching",
  "targetEntityType": "http://example.org/Person-0.0.1/Person",
  "matchRulesets": [
    {
      "name": "lname - Exact",
      "weight": 10,
      "matchRules": [
        {
          "entityPropertyPath": "lname",
          "matchType": "exact",
          "options": { }
        }
      ]
    },
    {
      "name": "SSN - Exact",
      "weight": 20,
      "matchRules": [
        {
          "entityPropertyPath": "SSN",
          "matchType": "exact",
          "options": { }
        }
      ]
    },
    {
      "name": "fname - Double Metaphone",
      "weight": 10,
      "matchRules": [
        {
          "entityPropertyPath": "fname",
          "matchType": "doubleMetaphone",
          "options": {
            "dictionaryURI": "/dictionary/first-names.xml",
            "distanceThreshold": 100
          }
        }
      ]
    },
    {
      "name": "fname - Synonym",
      "weight": 10,
      "matchRules": [
        {
          "entityPropertyPath": "fname",
          "matchType": "synonym",
          "options": {
            "thesaurusURI": "/thesaurus/nicknames.xml"
          }
        }
      ]
    },
    {
      "name": "DateOfBirth - Custom",
      "weight": 10,
      "matchRules": [
        {
          "entityPropertyPath": "DateOfBirth",
          "matchType": "custom",
          "algorithmModuleNamespace": "http://marklogic.com/smart-mastering/algorithms",
          "algorithmModulePath": "/custom-modules/custom/dob-match.xqy",
          "algorithmFunction": "dob-match",
          "options": { }
        }
      ]
    },
    {
      "name": "ZipCode - Zip",
      "weight": 10,
      "matchRules": [
        {
          "entityPropertyPath": "ZipCode",
          "matchType": "zip",
          "options": { }
        }
      ]
    },
    {
      "name": "Address - Reduce",
      "weight": 5,
      "reduce": true,
      "matchRules": [
        {
          "entityPropertyPath": "Address",
          "matchType": "exact",
          "options": { }
        }
      ]
    }
  ],
  "thresholds": [
    {
      "thresholdName": "Match",
      "action": "merge",
      "score": 19
    },
    {
      "thresholdName": "Likely Match",
      "action": "notify",
      "score": 9
    },
    {
      "thresholdName": "Slight Match",
      "action": "custom",
      "score": 4,
      "actionModulePath": "/custom-modules/custom/custom-match-action.sjs",
      "actionModuleFunction": "customMatch"
    }
  ],
  "lastUpdated": "2021-04-23T08:52:00.4484483-05:00"
}