{
  "batchSize": 100,
  "threadCount": 1,
  "sourceDatabase": "data-hub-FINAL",
  "targetDatabase": "data-hub-FINAL",
  "targetEntityType": "http://example.org/Person-0.0.1/Person",
  "sourceQuery": "cts.collectionQuery('mapPersonXML')",
  "collections": [
    "match-xml-person"
  ],
  "permissions": "data-hub-common,read,data-hub-common,update",
  "targetFormat": "xml",
  "name": "match-xml-person",
  "description": "",
  "stepDefinitionType": "matching",
  "selectedSource": "query",
  "stepDefinitionName": "default-matching",
  "stepId": "match-xml-person-matching",
  "acceptsBatch": true,
  "stepUpdate": false,
  "provenanceGranularityLevel": "fine",
  "lastUpdated": "2021-04-23T08:52:00.4577227-05:00",
  "matchRulesets": [
    {
      "name": "lname - Exact",
      "weight": 8,
      "matchRules": [
        {
          "entityPropertyPath": "lname",
          "matchType": "exact",
          "options": { }
        }
      ]
    },
    {
      "name": "SSN - Exact",
      "weight": 16,
      "matchRules": [
        {
          "entityPropertyPath": "SSN",
          "matchType": "exact",
          "options": { }
        }
      ]
    },
    {
      "name": "fname - Double Metaphone",
      "weight": 8,
      "matchRules": [
        {
          "entityPropertyPath": "fname",
          "matchType": "doubleMetaphone",
          "options": {
            "dictionaryURI": "/dictionary/first-names.xml",
            "distanceThreshold": 100
          }
        }
      ]
    },
    {
      "name": "fname - Synonym",
      "weight": 8,
      "matchRules": [
        {
          "entityPropertyPath": "fname",
          "matchType": "synonym",
          "options": {
            "thesaurusURI": "/thesaurus/nicknames.xml"
          }
        }
      ]
    }
  ],
  "thresholds": [
    {
      "thresholdName": "Match",
      "action": "merge",
      "score": 16
    },
    {
      "thresholdName": "Likely Match",
      "action": "notify",
      "score": 8
    },
    {
      "thresholdName": "Slight Match",
      "action": "custom",
      "score": 3,
      "actionModulePath": "/custom-modules/custom/custom-match-action.sjs",
      "actionModuleFunction": "customMatch"
    }
  ]
}