<?xml version="1.0" encoding="UTF-8" standalone="yes"?>
<person>
  <personId>10004</personId>
  <nameGroup>
    <givenname>
      <value>Anatol</value>
    </givenname>
    <surname>
      <value>Morriarty</value>
    </surname>
    <fullname>
      <classification>S</classification>
      <restricted>true</restricted>
      <value>Morriarty Anatol</value>
      <source>
        <name>Washington Post</name>
        <ts>2017-06-16T13:31:04Z</ts>
      </source>
    </fullname>
  </nameGroup>
  <emails>
    <email>
      <value>bshuttlewood0@yandex.ru</value>
      <classification>C</classification>
      <restricted>false</restricted>
    </email>
  </emails>
  <phone>479-242-0420</phone>
  <contacts>
    <contact>
      <type>phone</type>
      <value>591-697-8115</value>
    </contact>
    <contact>
      <type>email</type>
      <value>oroistone1@google.it</value>
    </contact>
    <contact>
      <type>phone</type>
      <value>179-147-4611</value>
    </contact>
  </contacts>
  <ssn>
    <value>277-39-6997</value>
    <classification>(S)</classification>
  </ssn>
  <images>
    <image>
      <url>https://cdn1.marklogic.com/wp-content/uploads/2021/02/1612313387205.jpeg</url>
      <source>
        <name>Chicago Tribune</name>
        <ts>2010-09-12T01:48:57Z</ts>
        <uploadedBy>fbouda0</uploadedBy>
      </source>
    </image>
    <image>
      <url>https://cdn1.marklogic.com/wp-content/uploads/2018/01/Alicia-Saia-MarkLogic1.jpg</url>
      <source>
        <name>Chicago Tribune</name>
        <ts>2021-01-15T01:49:06Z</ts>
        <uploadedBy>nborrows0</uploadedBy>
      </source>
    </image>
    <image>
      <url>https://cdn1.marklogic.com/wp-content/uploads/2021/05/IS-headshot.jpeg</url>
      <source>
        <name>Los Angeles Times</name>
        <ts>2021-10-06T21:55:18Z</ts>
        <uploadedBy>bdairton0</uploadedBy>
      </source>
    </image>
    <image>
      <url>https://cdn1.marklogic.com/wp-content/uploads/2018/02/trinh-lieu-profile.jpg</url>
      <source>
        <name>Wall Street Journal</name>
        <ts>2015-09-06T23:47:43Z</ts>
        <uploadedBy>astoving0</uploadedBy>
      </source>
    </image>
  </images>
  <addresses>
    <address>
      <street>608 Russell Park</street>
      <city>Virginia Beach</city>
      <state>VA</state>
      <postal>23454</postal>
      <country>United States</country>
      <latitude>36.8282</latitude>
      <longitude>-76.0237</longitude>
    </address>
    <address>
      <street>45991 Loomis Point</street>
      <city>Battle Creek</city>
      <state>MI</state>
      <postal>49018</postal>
      <country>United States</country>
      <latitude>42.2464</latitude>
      <longitude>-85.0045</longitude>
    </address>
    <address>
      <street>18781 Forster Hill</street>
      <city>Minneapolis</city>
      <state>MN</state>
      <postal>55402</postal>
      <country>United States</country>
      <latitude>44.9762</latitude>
      <longitude>-93.2759</longitude>
    </address>
  </addresses>
  <schools>
    <school>
      <country>Mexico</country>
      <name>Universidad Jóse Vasconcelos</name>
      <city>Adolfo Lopez Mateos</city>
      <state>VER</state>
      <postal>94324</postal>
      <latitude>18.8589196</latitude>
      <longitude>-97.0909561</longitude>
      <source>
        <name>USA Today</name>
        <ts>2017-10-14T18:35:03Z</ts>
      </source>
      <source>
        <name>New York Times</name>
        <ts>2021-12-09T11:54:57Z</ts>
      </source>
    </school>
  </schools>
  <status>Inactive</status>
  <sources>
    <source>
      <name>Washington Post</name>
      <ts>2019-10-09T00:41:35Z</ts>
    </source>
  </sources>
  <relations>
    <relation>
      <id>/person/10052.xml</id>
      <predicate>worksWith</predicate>
      <imageSrc>https://cdn1.marklogic.com/wp-content/uploads/2021/05/IS-headshot.jpeg</imageSrc>
      <fullname>Hunton Guillemette</fullname>
      <city>Nashville</city>
      <state>TN</state>
    </relation>
    <relation>
      <id>/person/10019.xml</id>
      <predicate>livesWith</predicate>
      <imageSrc>https://cdn1.marklogic.com/wp-content/uploads/2021/07/chuck-hollis.jpeg</imageSrc>
      <fullname>Basey Fredelia</fullname>
      <city>Northridge</city>
      <state>CA</state>
    </relation>
  </relations>
  <createdOn>
    <ts>2022-01-30T01:47:48Z</ts>
    <user>amorriarty3</user>
  </createdOn>
  <lastUpdated>
    <ts>2022-02-13T21:38:46Z</ts>
    <user>amorriarty3</user>
  </lastUpdated>
  <socials>
    <social>
      <site>facebook</site>
      <handle>pchaves0</handle>
      <address>http://google.ru/placerat.jpg</address>
    </social>
    <social>
      <site>linkedin</site>
      <handle>scaddell1</handle>
      <address>https://odnoklassniki.ru/molestie/hendrerit/at/vulputate/vitae/nisl/aenean.json</address>
    </social>
  </socials>
  <memberships>
    <membership>
      <list>list9</list>
      <important>true</important>
      <ts>2022-02-21</ts>
    </membership>
    <membership>
      <list>list1</list>
      <important>true</important>
      <ts>2022-02-16</ts>
    </membership>
  </memberships>
  <links>
    <link>
      <label>Quick View</label>
      <url>https://vistaprint.com</url>
      <icon>faEye</icon>
    </link>
    <link>
      <label>Nomination History</label>
      <url>http://usatoday.com</url>
      <icon>faMedal</icon>
    </link>
    <link>
      <label>Comments</label>
      <url>http://oracle.com</url>
      <icon>faComments</icon>
    </link>
  </links>
  <activities>
    <activity>
      <predicate>transferredTo</predicate>
      <place>Kazio</place>
      <predplace>transferredTo Kazio</predplace>
      <ts>2013-03-18T06:26:01Z</ts>
      <source>
        <name>USA Today</name>
        <ts>2020-09-22T10:36:53Z</ts>
        <createdBy>Sidonnie Twinbrow</createdBy>
        <approvedBy>Jami McDougal</approvedBy>
      </source>
    </activity>
    <activity>
      <predicate>movedTo</predicate>
      <place>Chatterpoint</place>
      <predplace>movedTo Chatterpoint</predplace>
      <ts>2014-12-11T02:19:51Z</ts>
      <source>
        <name>New York Times</name>
        <ts>2021-07-08T03:26:50Z</ts>
        <createdBy>Gianna Stambridge</createdBy>
        <approvedBy>Ragnar Lawrance</approvedBy>
      </source>
    </activity>
    <activity>
      <predicate>transferredTo</predicate>
      <place>Youspan</place>
      <predplace>transferredTo Youspan</predplace>
      <ts>2017-03-18T04:13:31Z</ts>
      <source>
        <name>Chicago Tribune</name>
        <ts>2021-02-25T18:15:20Z</ts>
        <createdBy>Corinna Vowels</createdBy>
        <approvedBy>Enrique Dalwood</approvedBy>
      </source>
    </activity>
  </activities>
  <events>
    <event>
      <predicate>livedIn</predicate>
      <place>Brazil</place>
      <predplace>livedIn Brazil</predplace>
      <end>2017-12-09T20:08:17Z</end>
      <start>2015-07-17T03:36:11Z</start>
    </event>
  </events>
  <actions>
    <action>
      <url>https://mit.edu</url>
      <icon>faCog</icon>
    </action>
    <action>
      <url>https://goo.ne.jp</url>
      <icon>faCode</icon>
    </action>
    <action>
      <url>https://hexun.com</url>
      <icon>faSync</icon>
    </action>
  </actions>
</person>