<?xml version="1.0" encoding="UTF-8" standalone="yes"?>
<person>
  <personId>10008</personId>
  <nameGroup>
    <givenname>
      <value>Agustin</value>
    </givenname>
    <surname>
      <value>Reiling</value>
    </surname>
    <fullname>
      <classification>S</classification>
      <restricted>true</restricted>
      <value>Reiling Agustin</value>
      <source>
        <name>Chicago Tribune</name>
        <ts>2019-09-04T06:30:53Z</ts>
      </source>
      <source>
        <name>Chicago Tribune</name>
        <ts>2012-07-29T08:18:34Z</ts>
      </source>
    </fullname>
  </nameGroup>
  <emails>
    <email>
      <value>mfishe0@telegraph.co.uk</value>
      <classification>C</classification>
      <restricted>false</restricted>
    </email>
    <email>
      <value>cocooney1@apple.com</value>
      <classification>S</classification>
      <restricted>false</restricted>
    </email>
    <email>
      <value>jfotitt2@usgs.gov</value>
      <classification>S</classification>
      <restricted>false</restricted>
    </email>
  </emails>
  <phone>453-613-5505</phone>
  <ssn>
    <value>662-39-5963</value>
    <classification>(S)</classification>
  </ssn>
  <images>
    <image>
      <url>https://cdn1.marklogic.com/wp-content/uploads/2018/01/Michael-Malgeri-MarkLogic.jpg</url>
      <source>
        <name>Los Angeles Times</name>
        <ts>2016-10-01T11:19:31Z</ts>
        <uploadedBy>dsheilds0</uploadedBy>
      </source>
    </image>
  </images>
  <addresses>
    <address>
      <street>5953 Towne Drive</street>
      <city>Huntington</city>
      <state>WV</state>
      <postal>25770</postal>
      <country>United States</country>
      <latitude>38.4134</latitude>
      <longitude>-82.2774</longitude>
    </address>
  </addresses>
  <schools>
    <school>
      <country>United States</country>
      <name>Sojourner-Douglass College</name>
      <city>Lynchburg</city>
      <state>VA</state>
      <postal>24515</postal>
      <latitude>37.3510878</latitude>
      <longitude>-79.177041</longitude>
      <source>
        <name>USA Today</name>
        <ts>2019-04-15T01:05:18Z</ts>
      </source>
    </school>
  </schools>
  <status>Inactive</status>
  <sources>
    <source>
      <name>Washington Post</name>
      <ts>2019-10-03T02:14:07Z</ts>
    </source>
  </sources>
  <sources>
    <source>
      <name>USA Today</name>
      <ts>2020-09-27T05:42:44Z</ts>
    </source>
  </sources>
  <sources>
    <source>
      <name>Wall Street Journal</name>
      <ts>2016-08-14T14:46:27Z</ts>
    </source>
  </sources>
  <relations>
    <relation>
      <id>/person/10055.xml</id>
      <predicate>livesWith</predicate>
      <imageSrc>https://cdn1.marklogic.com/wp-content/uploads/2018/01/Michael-Malgeri-MarkLogic.jpg</imageSrc>
      <fullname>Alekhov Tasha</fullname>
      <city>Midland</city>
      <state>TX</state>
    </relation>
    <relation>
      <id>/person/10098.xml</id>
      <predicate>worksWith</predicate>
      <imageSrc>https://cdn1.marklogic.com/wp-content/uploads/2018/01/Diane-Burley-MarkLogic-2015.jpg</imageSrc>
      <fullname>Loins Austen</fullname>
      <city>Moreno Valley</city>
      <state>CA</state>
    </relation>
    <relation>
      <id>/person/10063.xml</id>
      <predicate>livesWith</predicate>
      <imageSrc>https://cdn1.marklogic.com/wp-content/uploads/2018/01/headshot_square_286x286.jpg</imageSrc>
      <fullname>Hamprecht Duncan</fullname>
      <city>Austin</city>
      <state>TX</state>
    </relation>
    <relation>
      <id>/person/10096.xml</id>
      <predicate>relatedTo</predicate>
      <imageSrc>https://cdn1.marklogic.com/wp-content/uploads/2021/02/1612313387205.jpeg</imageSrc>
      <fullname>Rowden Franny</fullname>
      <city>Cincinnati</city>
      <state>OH</state>
    </relation>
    <relation>
      <id>/person/10085.xml</id>
      <predicate>worksWith</predicate>
      <imageSrc>https://cdn1.marklogic.com/wp-content/uploads/2018/01/Diane-Burley-MarkLogic-2015.jpg</imageSrc>
      <fullname>Chadband Jamal</fullname>
      <city>Mobile</city>
      <state>AL</state>
    </relation>
  </relations>
  <createdOn>
    <ts>2022-01-01T06:26:48Z</ts>
    <user>areiling7</user>
  </createdOn>
  <lastUpdated>
    <ts>2022-01-27T02:25:00Z</ts>
    <user>areiling7</user>
  </lastUpdated>
  <socials>
    <social>
      <site>facebook</site>
      <handle>ablewis0</handle>
      <address>https://live.com/integer.xml</address>
    </social>
    <social>
      <site>linkedin</site>
      <handle/>
      <address>http://bbc.co.uk/in/congue/etiam/justo/etiam/pretium/iaculis.jpg</address>
    </social>
  </socials>
  <memberships/>
  <links>
    <link>
      <label>Quick View</label>
      <url>https://nhs.uk</url>
      <icon>faEye</icon>
    </link>
    <link>
      <label>Nomination History</label>
      <url>https://ifeng.com</url>
      <icon>faMedal</icon>
    </link>
    <link>
      <label>Comments</label>
      <url>http://parallels.com</url>
      <icon>faComments</icon>
    </link>
  </links>
  <activities>
    <activity>
      <predicate>endedAt</predicate>
      <place>Devify</place>
      <predplace>endedAt Devify</predplace>
      <ts>2010-07-13T11:44:53Z</ts>
      <source>
        <name>USA Today</name>
        <ts>2020-01-01T15:35:56Z</ts>
        <createdBy>Maye McGiffin</createdBy>
        <approvedBy>Lock Renney</approvedBy>
      </source>
    </activity>
    <activity>
      <predicate>endedAt</predicate>
      <place>Livetube</place>
      <predplace>endedAt Livetube</predplace>
      <ts>2012-10-01T12:00:06Z</ts>
      <source>
        <name>New York Times</name>
        <ts>2021-05-21T19:00:11Z</ts>
        <createdBy>Svend Stinson</createdBy>
        <approvedBy>Shari McIlwaine</approvedBy>
      </source>
    </activity>
    <activity>
      <predicate>transferredTo</predicate>
      <place>Meembee</place>
      <predplace>transferredTo Meembee</predplace>
      <ts>2014-07-17T06:10:30Z</ts>
      <source>
        <name>Chicago Tribune</name>
        <ts>2017-05-10T14:17:09Z</ts>
        <createdBy>Amelia Leman</createdBy>
        <approvedBy>Marin Lesley</approvedBy>
      </source>
    </activity>
    <activity>
      <predicate>endedAt</predicate>
      <place>Yotz</place>
      <predplace>endedAt Yotz</predplace>
      <ts>2011-12-08T01:32:25Z</ts>
      <source>
        <name>Los Angeles Times</name>
        <ts>2016-06-06T14:29:59Z</ts>
        <createdBy>Tades Tryhorn</createdBy>
        <approvedBy>Silvio Vescovo</approvedBy>
      </source>
    </activity>
    <activity>
      <predicate>endedAt</predicate>
      <place>Jabbersphere</place>
      <predplace>endedAt Jabbersphere</predplace>
      <ts>2010-05-12T11:45:24Z</ts>
      <source>
        <name>Wall Street Journal</name>
        <ts>2016-06-30T17:54:52Z</ts>
        <createdBy>Alistair Lamcken</createdBy>
        <approvedBy>Ynez Sowter</approvedBy>
      </source>
    </activity>
    <activity>
      <predicate>movedTo</predicate>
      <place>Skyndu</place>
      <predplace>movedTo Skyndu</predplace>
      <ts>2011-06-22T08:03:02Z</ts>
      <source>
        <name>Washington Post</name>
        <ts>2020-10-04T00:29:40Z</ts>
        <createdBy>Ian O'Neary</createdBy>
        <approvedBy>Tami Brodley</approvedBy>
      </source>
    </activity>
  </activities>
  <actions>
    <action>
      <url>https://hibu.com</url>
      <icon>faCog</icon>
    </action>
    <action>
      <url>http://github.io</url>
      <icon>faCode</icon>
    </action>
    <action>
      <url>http://cam.ac.uk</url>
      <icon>faSync</icon>
    </action>
  </actions>
</person>