<?xml version="1.0" encoding="UTF-8" standalone="yes"?>
<person>
  <personId>10006</personId>
  <nameGroup>
    <givenname>
      <value>Yehudit</value>
    </givenname>
    <surname>
      <value>Skrzynski</value>
    </surname>
    <fullname>
      <classification>S</classification>
      <restricted>true</restricted>
      <value>Skrzynski Yehudit</value>
      <source>
        <name>Los Angeles Times</name>
        <ts>2010-05-10T13:07:33Z</ts>
      </source>
      <source>
        <name>USA Today</name>
        <ts>2012-07-26T05:08:09Z</ts>
      </source>
      <source>
        <name>Washington Post</name>
        <ts>2016-03-15T02:44:32Z</ts>
      </source>
    </fullname>
  </nameGroup>
  <emails>
    <email>
      <value>fwhymark0@nyu.edu</value>
      <classification>S</classification>
      <restricted>false</restricted>
    </email>
    <email>
      <value>cdingivan1@smugmug.com</value>
      <classification>U</classification>
      <restricted>false</restricted>
    </email>
  </emails>
  <phone>335-996-9295</phone>
  <ssn>
    <value>174-44-4157</value>
    <classification>(S)</classification>
  </ssn>
  <images>
    <image>
      <url>https://cdn1.marklogic.com/wp-content/uploads/2018/01/Michael-Malgeri-MarkLogic.jpg</url>
      <source>
        <name>Los Angeles Times</name>
        <ts>2021-05-18T04:13:30Z</ts>
        <uploadedBy>vgarvagh0</uploadedBy>
      </source>
    </image>
    <image>
      <url>https://cdn1.marklogic.com/wp-content/uploads/2018/01/headshot_square_286x286.jpg</url>
      <source>
        <name>Wall Street Journal</name>
        <ts>2020-06-19T12:59:05Z</ts>
        <uploadedBy>varmall0</uploadedBy>
      </source>
    </image>
    <image>
      <url>https://cdn1.marklogic.com/wp-content/uploads/2018/01/Alicia-Saia-MarkLogic1.jpg</url>
      <source>
        <name>Chicago Tribune</name>
        <ts>2017-05-11T17:43:44Z</ts>
        <uploadedBy>abarker0</uploadedBy>
      </source>
    </image>
  </images>
  <addresses>
    <address>
      <street>76 Declaration Crossing</street>
      <city>Dallas</city>
      <state>TX</state>
      <postal>75392</postal>
      <country>United States</country>
      <latitude>32.7673</latitude>
      <longitude>-96.7776</longitude>
    </address>
  </addresses>
  <schools>
    <school>
      <country>Mexico</country>
      <name>Universidad Autónoma Metropolitana - Azcapotzalco</name>
      <city>Hidalgo</city>
      <state>CHP</state>
      <postal>26060</postal>
      <latitude>20.0910963</latitude>
      <longitude>-98.7623874</longitude>
      <source>
        <name>USA Today</name>
        <ts>2019-05-16T11:26:06Z</ts>
      </source>
      <source>
        <name>New York Times</name>
        <ts>2011-12-08T15:40:20Z</ts>
      </source>
      <source>
        <name>Chicago Tribune</name>
        <ts>2017-06-24T07:44:54Z</ts>
      </source>
    </school>
  </schools>
  <status>Inactive</status>
  <sources>
    <source>
      <name>Washington Post</name>
      <ts>2020-07-22T13:00:52Z</ts>
    </source>
  </sources>
  <relations>
    <relation>
      <id>/person/10075.xml</id>
      <predicate>livesWith</predicate>
      <imageSrc>https://cdn1.marklogic.com/wp-content/uploads/2021/05/IS-headshot.jpeg</imageSrc>
      <fullname>Winskill Babette</fullname>
      <city>Ogden</city>
      <state>UT</state>
    </relation>
    <relation>
      <id>/person/10012.xml</id>
      <predicate>worksWith</predicate>
      <imageSrc>https://cdn1.marklogic.com/wp-content/uploads/2018/02/trinh-lieu-profile.jpg</imageSrc>
      <fullname>Duddle Weider</fullname>
      <city>Tulsa</city>
      <state>OK</state>
    </relation>
    <relation>
      <id>/person/10018.xml</id>
      <predicate>worksWith</predicate>
      <imageSrc>https://cdn1.marklogic.com/wp-content/uploads/2018/01/headshot_square_286x286.jpg</imageSrc>
      <fullname>Klaes Aubree</fullname>
      <city>Knoxville</city>
      <state>TN</state>
    </relation>
  </relations>
  <createdOn>
    <ts>2022-02-24T04:30:27Z</ts>
    <user>yskrzynski5</user>
  </createdOn>
  <lastUpdated>
    <ts>2022-02-25T15:51:42Z</ts>
    <user>yskrzynski5</user>
  </lastUpdated>
  <socials>
    <social>
      <site>facebook</site>
      <handle/>
      <address>http://gov.uk/ut.js</address>
    </social>
    <social>
      <site>twitter</site>
      <handle>bplose1</handle>
      <address>https://1und1.de/nibh/in.jpg</address>
    </social>
  </socials>
  <memberships>
    <membership>
      <list>list9</list>
      <important>false</important>
      <ts>2022-02-17</ts>
    </membership>
  </memberships>
  <links>
    <link>
      <label>Quick View</label>
      <url>https://skype.com</url>
      <icon>faEye</icon>
    </link>
    <link>
      <label>Nomination History</label>
      <url>https://blogspot.com</url>
      <icon>faMedal</icon>
    </link>
    <link>
      <label>Comments</label>
      <url>https://samsung.com</url>
      <icon>faComments</icon>
    </link>
  </links>
  <activities>
    <activity>
      <predicate>startedAt</predicate>
      <place>Yambee</place>
      <predplace>startedAt Yambee</predplace>
      <ts>2014-04-02T02:05:58Z</ts>
      <source>
        <name>USA Today</name>
        <ts>2017-04-02T02:14:27Z</ts>
        <createdBy>Gipsy Setford</createdBy>
        <approvedBy>Mikael Brass</approvedBy>
      </source>
    </activity>
    <activity>
      <predicate>endedAt</predicate>
      <place>Trudoo</place>
      <predplace>endedAt Trudoo</predplace>
      <ts>2015-09-04T04:09:45Z</ts>
      <source>
        <name>New York Times</name>
        <ts>2019-10-10T01:47:34Z</ts>
        <createdBy>Sofie Winear</createdBy>
        <approvedBy>Alida Scrancher</approvedBy>
      </source>
    </activity>
    <activity>
      <predicate>movedTo</predicate>
      <place>Rhycero</place>
      <predplace>movedTo Rhycero</predplace>
      <ts>2010-08-15T18:29:10Z</ts>
      <source>
        <name>Chicago Tribune</name>
        <ts>2016-01-24T20:17:30Z</ts>
        <createdBy>Babette Sainz</createdBy>
        <approvedBy>Stavro MacHostie</approvedBy>
      </source>
    </activity>
    <activity>
      <predicate>transferredTo</predicate>
      <place>Eayo</place>
      <predplace>transferredTo Eayo</predplace>
      <ts>2010-05-27T09:10:38Z</ts>
      <source>
        <name>Los Angeles Times</name>
        <ts>2016-02-16T07:13:49Z</ts>
        <createdBy>Alfonse Rickeard</createdBy>
        <approvedBy>Pansy De Bruyne</approvedBy>
      </source>
    </activity>
  </activities>
  <actions>
    <action>
      <url>http://businesswire.com</url>
      <icon>faCog</icon>
    </action>
    <action>
      <url>https://mozilla.com</url>
      <icon>faCode</icon>
    </action>
    <action>
      <url>http://fema.gov</url>
      <icon>faSync</icon>
    </action>
  </actions>
</person>