<?xml version="1.0" encoding="UTF-8" standalone="yes"?>
<person>
  <personId>10003</personId>
  <nameGroup>
    <givenname>
      <value>Leesa</value>
    </givenname>
    <surname>
      <value>Dayment</value>
    </surname>
    <fullname>
      <classification>U</classification>
      <restricted>false</restricted>
      <value>Dayment Leesa</value>
      <source>
        <name>Wall Street Journal</name>
        <ts>2015-07-26T13:16:59Z</ts>
      </source>
      <source>
        <name>Chicago Tribune</name>
        <ts>2021-05-02T04:59:25Z</ts>
      </source>
      <source>
        <name>Washington Post</name>
        <ts>2018-10-02T16:08:54Z</ts>
      </source>
    </fullname>
  </nameGroup>
  <emails>
    <email>
      <value>agreatrex0@histats.com</value>
      <classification>C</classification>
      <restricted>false</restricted>
    </email>
    <email>
      <value>labbys1@pcworld.com</value>
      <classification>C</classification>
      <restricted>false</restricted>
    </email>
    <email>
      <value>tpethrick2@buzzfeed.com</value>
      <classification>U</classification>
      <restricted>false</restricted>
    </email>
  </emails>
  <phone>774-957-7638</phone>
  <ssn>
    <value>351-22-1771</value>
    <classification>(S)</classification>
  </ssn>
  <images>
    <image>
      <url>https://cdn1.marklogic.com/wp-content/uploads/2018/01/headshot_square_286x286.jpg</url>
      <source>
        <name>Los Angeles Times</name>
        <ts>2019-12-25T17:31:02Z</ts>
        <uploadedBy>cfenty0</uploadedBy>
      </source>
    </image>
    <image>
      <url>https://cdn1.marklogic.com/wp-content/uploads/2021/07/chuck-hollis.jpeg</url>
      <source>
        <name>New York Times</name>
        <ts>2012-07-27T18:53:15Z</ts>
        <uploadedBy>bboissier0</uploadedBy>
      </source>
    </image>
  </images>
  <addresses>
    <address>
      <street>67 Barby Pass</street>
      <city>Macon</city>
      <state>GA</state>
      <postal>31217</postal>
      <country>United States</country>
      <latitude>32.8118</latitude>
      <longitude>-83.565</longitude>
    </address>
  </addresses>
  <schools>
    <school>
      <country>United States</country>
      <name>New Mexico Institute of Mining and Technology</name>
      <city>Baltimore</city>
      <state>MD</state>
      <postal>21290</postal>
      <latitude>39.2937264</latitude>
      <longitude>-76.6248739</longitude>
      <source>
        <name>USA Today</name>
        <ts>2013-10-19T07:24:23Z</ts>
      </source>
    </school>
  </schools>
  <status>Inactive</status>
  <sources>
    <source>
      <name>New York Times</name>
      <ts>2012-05-26T12:29:16Z</ts>
    </source>
  </sources>
  <sources>
    <source>
      <name>Chicago Tribune</name>
      <ts>2011-02-22T23:14:18Z</ts>
    </source>
  </sources>
  <relations>
    <relation>
      <id>/person/10071.xml</id>
      <predicate>livesWith</predicate>
      <imageSrc>https://cdn1.marklogic.com/wp-content/uploads/2018/02/trinh-lieu-profile.jpg</imageSrc>
      <fullname>D'Ugo Ellynn</fullname>
      <city>Reno</city>
      <state>NV</state>
    </relation>
    <relation>
      <id>/person/10006.xml</id>
      <predicate>worksWith</predicate>
      <imageSrc>https://cdn1.marklogic.com/wp-content/uploads/2018/01/Michael-Malgeri-MarkLogic.jpg</imageSrc>
      <fullname>Skrzynski Yehudit</fullname>
      <city>Dallas</city>
      <state>TX</state>
    </relation>
    <relation>
      <id>/person/10088.xml</id>
      <predicate>worksWith</predicate>
      <imageSrc>https://cdn1.marklogic.com/wp-content/uploads/2018/02/trinh-lieu-profile.jpg</imageSrc>
      <fullname>Endersby Cariotta</fullname>
      <city>Long Beach</city>
      <state>CA</state>
    </relation>
    <relation>
      <id>/person/10032.xml</id>
      <predicate>relatedTo</predicate>
      <imageSrc>https://cdn1.marklogic.com/wp-content/uploads/2020/11/george-bloom-headshot-300x300-1.jpg</imageSrc>
      <fullname>Straine Barbi</fullname>
      <city>Little Rock</city>
      <state>AR</state>
    </relation>
  </relations>
  <createdOn>
    <ts>2022-02-14T03:17:48Z</ts>
    <user>ldayment2</user>
  </createdOn>
  <lastUpdated>
    <ts>2022-01-06T02:20:59Z</ts>
    <user>ldayment2</user>
  </lastUpdated>
  <socials>
    <social>
      <site>twitter</site>
      <handle>hgrinyer0</handle>
      <address>http://usda.gov/in/consequat/ut/nulla/sed.png</address>
    </social>
    <social>
      <site>twitter</site>
      <handle>asoames1</handle>
      <address>https://edublogs.org/gravida/nisi/at/nibh.json</address>
    </social>
  </socials>
  <memberships>
    <membership>
      <list>list9</list>
      <important>false</important>
      <ts>2022-01-01</ts>
    </membership>
    <membership>
      <list>list3</list>
      <important>true</important>
      <ts>2022-01-11</ts>
    </membership>
    <membership>
      <list>list5</list>
      <important>false</important>
      <ts>2022-01-29</ts>
    </membership>
    <membership>
      <list>list12</list>
      <important>true</important>
      <ts>2022-02-22</ts>
    </membership>
    <membership>
      <list>list4</list>
      <important>true</important>
      <ts>2022-02-17</ts>
    </membership>
  </memberships>
  <links>
    <link>
      <label>Quick View</label>
      <url>http://cnbc.com</url>
      <icon>faEye</icon>
    </link>
    <link>
      <label>Nomination History</label>
      <url>http://redcross.org</url>
      <icon>faMedal</icon>
    </link>
    <link>
      <label>Comments</label>
      <url>https://umn.edu</url>
      <icon>faComments</icon>
    </link>
  </links>
  <activities>
    <activity>
      <predicate>transferredTo</predicate>
      <place>Fliptune</place>
      <predplace>transferredTo Fliptune</predplace>
      <ts>2010-11-23T11:38:48Z</ts>
      <source>
        <name>USA Today</name>
        <ts>2020-01-24T02:03:09Z</ts>
        <createdBy>Brewer Demead</createdBy>
        <approvedBy>Bunnie Renforth</approvedBy>
      </source>
    </activity>
    <activity>
      <predicate>transferredTo</predicate>
      <place>Feedmix</place>
      <predplace>transferredTo Feedmix</predplace>
      <ts>2013-01-21T18:24:55Z</ts>
      <source>
        <name>New York Times</name>
        <ts>2018-01-22T13:03:54Z</ts>
        <createdBy>Sherline Lattimer</createdBy>
        <approvedBy>Kaile Dearth</approvedBy>
      </source>
    </activity>
    <activity>
      <predicate>transferredTo</predicate>
      <place>Meevee</place>
      <predplace>transferredTo Meevee</predplace>
      <ts>2014-05-23T15:46:44Z</ts>
      <source>
        <name>Chicago Tribune</name>
        <ts>2016-01-21T11:54:50Z</ts>
        <createdBy>Chester Jurries</createdBy>
        <approvedBy>Haley Bamfield</approvedBy>
      </source>
    </activity>
    <activity>
      <predicate>endedAt</predicate>
      <place>Voonder</place>
      <predplace>endedAt Voonder</predplace>
      <ts>2013-07-11T15:42:50Z</ts>
      <source>
        <name>Los Angeles Times</name>
        <ts>2018-01-21T07:48:24Z</ts>
        <createdBy>Rosalinde McParlin</createdBy>
        <approvedBy>Kaila Gouldeby</approvedBy>
      </source>
    </activity>
  </activities>
  <actions>
    <action>
      <url>https://live.com</url>
      <icon>faCog</icon>
    </action>
    <action>
      <url>http://friendfeed.com</url>
      <icon>faCode</icon>
    </action>
    <action>
      <url>https://theguardian.com</url>
      <icon>faSync</icon>
    </action>
  </actions>
</person>