<?xml version="1.0" encoding="UTF-8" standalone="yes"?>
<person>
  <personId>10004</personId>
  <nameGroup>
    <givenname>
      <value>Freeland</value>
    </givenname>
    <surname>
      <value>Siege</value>
    </surname>
    <fullname>
      <classification>S</classification>
      <restricted>false</restricted>
      <value>Siege Freeland</value>
      <source>
        <name>Washington Post</name>
        <ts>2021-06-10T18:42:32Z</ts>
      </source>
      <source>
        <name>New York Times</name>
        <ts>2019-07-02T23:31:14Z</ts>
      </source>
      <source>
        <name>New York Times</name>
        <ts>2011-09-30T01:13:36Z</ts>
      </source>
    </fullname>
  </nameGroup>
  <emails>
    <email>
      <value>bbendtsen0@about.me</value>
      <classification>S</classification>
      <restricted>false</restricted>
    </email>
  </emails>
  <phone>423-680-6399</phone>
  <ssn>
    <value>384-97-2883</value>
    <classification>(S)</classification>
  </ssn>
  <images>
    <image>
      <url>https://cdn1.marklogic.com/wp-content/uploads/2018/01/Michael-Malgeri-MarkLogic.jpg</url>
      <source>
        <name>Chicago Tribune</name>
        <ts>2015-08-07T14:07:14Z</ts>
        <uploadedBy>vkalaher0</uploadedBy>
      </source>
    </image>
    <image>
      <url>https://cdn1.marklogic.com/wp-content/uploads/2018/01/Michael-Malgeri-MarkLogic.jpg</url>
      <source>
        <name>Washington Post</name>
        <ts>2010-04-21T02:22:45Z</ts>
        <uploadedBy>jharland0</uploadedBy>
      </source>
    </image>
    <image>
      <url>https://cdn1.marklogic.com/wp-content/uploads/2018/02/trinh-lieu-profile.jpg</url>
      <source>
        <name>Wall Street Journal</name>
        <ts>2017-10-26T08:39:39Z</ts>
        <uploadedBy>dlipyeat0</uploadedBy>
      </source>
    </image>
  </images>
  <addresses>
    <address>
      <street>7 Blaine Pass</street>
      <city>Huntington</city>
      <state>WV</state>
      <postal>25726</postal>
      <country>United States</country>
      <latitude>38.4134</latitude>
      <longitude>-82.2774</longitude>
    </address>
    <address>
      <street>45 Lerdahl Point</street>
      <city>Trenton</city>
      <state>NJ</state>
      <postal>08650</postal>
      <country>United States</country>
      <latitude>40.2805</latitude>
      <longitude>-74.712</longitude>
    </address>
    <address>
      <street>68472 Monument Park</street>
      <city>Santa Cruz</city>
      <state>CA</state>
      <postal>95064</postal>
      <country>United States</country>
      <latitude>36.9959</latitude>
      <longitude>-122.0578</longitude>
    </address>
  </addresses>
  <schools>
    <school>
      <country>United States</country>
      <name>Hastings College</name>
      <city>Los Angeles</city>
      <state>CA</state>
      <postal>90189</postal>
      <latitude>34.0599302</latitude>
      <longitude>-118.249786</longitude>
      <source>
        <name>USA Today</name>
        <ts>2020-02-25T13:57:03Z</ts>
      </source>
      <source>
        <name>New York Times</name>
        <ts>2017-02-25T01:09:51Z</ts>
      </source>
    </school>
    <school>
      <country>Mexico</country>
      <name>Universidad Latina</name>
      <city>San Francisco</city>
      <state>MEX</state>
      <postal>51016</postal>
      <latitude>20.8965838</latitude>
      <longitude>-105.4093552</longitude>
      <source>
        <name>USA Today</name>
        <ts>2014-12-30T23:53:36Z</ts>
      </source>
      <source>
        <name>New York Times</name>
        <ts>2012-09-07T16:54:37Z</ts>
      </source>
      <source>
        <name>Chicago Tribune</name>
        <ts>2017-02-14T22:11:39Z</ts>
      </source>
    </school>
  </schools>
  <status>Inactive</status>
  <sources>
    <source>
      <name>Washington Post</name>
      <ts>2012-11-13T22:26:47Z</ts>
    </source>
  </sources>
  <sources>
    <source>
      <name>Chicago Tribune</name>
      <ts>2019-06-11T04:32:29Z</ts>
    </source>
  </sources>
  <relations>
    <relation>
      <id>/person/10054.xml</id>
      <predicate>livesWith</predicate>
      <imageSrc>https://cdn1.marklogic.com/wp-content/uploads/2021/02/1612313387205.jpeg</imageSrc>
      <fullname>Capponeer Uri</fullname>
      <city>Evanston</city>
      <state>IL</state>
    </relation>
    <relation>
      <id>/person/10094.xml</id>
      <predicate>relatedTo</predicate>
      <imageSrc>https://cdn1.marklogic.com/wp-content/uploads/2021/05/IS-headshot.jpeg</imageSrc>
      <fullname>Brierley Koren</fullname>
      <city>Miami</city>
      <state>FL</state>
    </relation>
  </relations>
  <createdOn>
    <ts>2022-02-05T14:35:22Z</ts>
    <user>fsiege3</user>
  </createdOn>
  <lastUpdated>
    <ts>2022-01-28T16:10:41Z</ts>
    <user>fsiege3</user>
  </lastUpdated>
  <socials/>
  <memberships>
    <membership>
      <list>list1</list>
      <important>false</important>
      <ts>2022-01-19</ts>
    </membership>
  </memberships>
  <links>
    <link>
      <label>Quick View</label>
      <url>https://google.fr</url>
      <icon>faEye</icon>
    </link>
    <link>
      <label>Nomination History</label>
      <url>http://bigcartel.com</url>
      <icon>faMedal</icon>
    </link>
    <link>
      <label>Comments</label>
      <url>http://techcrunch.com</url>
      <icon>faComments</icon>
    </link>
  </links>
  <activities>
    <activity>
      <predicate>transferredTo</predicate>
      <place>Blogpad</place>
      <predplace>transferredTo Blogpad</predplace>
      <ts>2015-11-23T10:04:59Z</ts>
      <source>
        <name>USA Today</name>
        <ts>2016-06-20T10:12:38Z</ts>
        <createdBy>Averil Woodwind</createdBy>
        <approvedBy>Layne Short</approvedBy>
      </source>
    </activity>
    <activity>
      <predicate>transferredTo</predicate>
      <place>Thoughtstorm</place>
      <predplace>transferredTo Thoughtstorm</predplace>
      <ts>2013-02-27T15:17:17Z</ts>
      <source>
        <name>New York Times</name>
        <ts>2017-02-25T11:38:39Z</ts>
        <createdBy>Andie Willshee</createdBy>
        <approvedBy>Ronny Lefever</approvedBy>
      </source>
    </activity>
    <activity>
      <predicate>endedAt</predicate>
      <place>Trudeo</place>
      <predplace>endedAt Trudeo</predplace>
      <ts>2011-11-28T05:41:24Z</ts>
      <source>
        <name>Chicago Tribune</name>
        <ts>2019-01-30T00:02:54Z</ts>
        <createdBy>Michal Buffham</createdBy>
        <approvedBy>Daven Sherbrook</approvedBy>
      </source>
    </activity>
    <activity>
      <predicate>movedTo</predicate>
      <place>Skimia</place>
      <predplace>movedTo Skimia</predplace>
      <ts>2015-05-13T10:21:37Z</ts>
      <source>
        <name>Los Angeles Times</name>
        <ts>2017-06-17T01:05:40Z</ts>
        <createdBy>Sharyl Orcas</createdBy>
        <approvedBy>Abner Durbann</approvedBy>
      </source>
    </activity>
    <activity>
      <predicate>endedAt</predicate>
      <place>Edgewire</place>
      <predplace>endedAt Edgewire</predplace>
      <ts>2015-06-22T04:43:06Z</ts>
      <source>
        <name>Wall Street Journal</name>
        <ts>2018-02-08T03:45:08Z</ts>
        <createdBy>Candice Lande</createdBy>
        <approvedBy>Ezekiel Bradforth</approvedBy>
      </source>
    </activity>
    <activity>
      <predicate>movedTo</predicate>
      <place>Topicware</place>
      <predplace>movedTo Topicware</predplace>
      <ts>2011-11-01T22:16:02Z</ts>
      <source>
        <name>Washington Post</name>
        <ts>2021-02-25T22:16:08Z</ts>
        <createdBy>Roy Marieton</createdBy>
        <approvedBy>Cristina Scandrett</approvedBy>
      </source>
    </activity>
  </activities>
  <actions>
    <action>
      <url>https://zimbio.com</url>
      <icon>faCog</icon>
    </action>
    <action>
      <url>https://goo.gl</url>
      <icon>faCode</icon>
    </action>
    <action>
      <url>http://etsy.com</url>
      <icon>faSync</icon>
    </action>
  </actions>
</person>