<?xml version="1.0" encoding="UTF-8" standalone="yes"?>
<person>
  <personId>10007</personId>
  <nameGroup>
    <givenname>
      <value>Georgeanna</value>
    </givenname>
    <surname>
      <value>Darnbrough</value>
    </surname>
    <fullname>
      <classification>C</classification>
      <restricted>false</restricted>
      <value>Darnbrough Georgeanna</value>
      <source>
        <name>USA Today</name>
        <ts>2014-11-10T09:19:42Z</ts>
      </source>
    </fullname>
  </nameGroup>
  <emails>
    <email>
      <value>sbrettell0@mit.edu</value>
      <classification>C</classification>
      <restricted>false</restricted>
    </email>
    <email>
      <value>egullan1@stumbleupon.com</value>
      <classification>C</classification>
      <restricted>false</restricted>
    </email>
  </emails>
  <phone>744-551-5802</phone>
  <ssn>
    <value>597-67-8820</value>
    <classification>(S)</classification>
  </ssn>
  <images>
    <image>
      <url>https://cdn1.marklogic.com/wp-content/uploads/2021/05/IS-headshot.jpeg</url>
      <source>
        <name>New York Times</name>
        <ts>2016-04-30T00:29:19Z</ts>
        <uploadedBy>bbleasdille0</uploadedBy>
      </source>
    </image>
    <image>
      <url>https://cdn1.marklogic.com/wp-content/uploads/2021/02/1612313387205.jpeg</url>
      <source>
        <name>Washington Post</name>
        <ts>2021-10-31T09:52:17Z</ts>
        <uploadedBy>cmotion0</uploadedBy>
      </source>
    </image>
    <image>
      <url>https://cdn1.marklogic.com/wp-content/uploads/2018/01/Michael-Malgeri-MarkLogic.jpg</url>
      <source>
        <name>Wall Street Journal</name>
        <ts>2010-07-09T08:42:07Z</ts>
        <uploadedBy>fdrummond0</uploadedBy>
      </source>
    </image>
  </images>
  <addresses>
    <address>
      <street>306 Packers Hill</street>
      <city>Abilene</city>
      <state>TX</state>
      <postal>79605</postal>
      <country>United States</country>
      <latitude>32.432</latitude>
      <longitude>-99.7724</longitude>
    </address>
  </addresses>
  <schools>
    <school>
      <country>United Kingdom</country>
      <name>Imperial College School of Medicine</name>
      <city>Birmingham</city>
      <state>ENG</state>
      <postal>B12</postal>
      <latitude>52.4608207</latitude>
      <longitude>-1.8886845</longitude>
      <source>
        <name>USA Today</name>
        <ts>2012-12-05T07:41:02Z</ts>
      </source>
    </school>
  </schools>
  <status>Active</status>
  <sources>
    <source>
      <name>Washington Post</name>
      <ts>2018-12-30T20:34:25Z</ts>
    </source>
  </sources>
  <sources>
    <source>
      <name>Los Angeles Times</name>
      <ts>2021-06-02T00:53:38Z</ts>
    </source>
  </sources>
  <sources>
    <source>
      <name>Chicago Tribune</name>
      <ts>2021-05-31T09:35:41Z</ts>
    </source>
  </sources>
  <relations>
    <relation>
      <id>/person/10081.xml</id>
      <predicate>relatedTo</predicate>
      <imageSrc>https://cdn1.marklogic.com/wp-content/uploads/2018/01/Michael-Malgeri-MarkLogic.jpg</imageSrc>
      <fullname>Bootman Dukey</fullname>
      <city>Phoenix</city>
      <state>AZ</state>
    </relation>
    <relation>
      <id>/person/10095.xml</id>
      <predicate>relatedTo</predicate>
      <imageSrc>https://cdn1.marklogic.com/wp-content/uploads/2020/04/JamesKenwood-headshot-600x600-1.jpg</imageSrc>
      <fullname>Dumini Lisle</fullname>
      <city>Bakersfield</city>
      <state>CA</state>
    </relation>
    <relation>
      <id>/person/10036.xml</id>
      <predicate>relatedTo</predicate>
      <imageSrc>https://cdn1.marklogic.com/wp-content/uploads/2021/02/1612313387205.jpeg</imageSrc>
      <fullname>Scud Dominica</fullname>
      <city>Vancouver</city>
      <state>WA</state>
    </relation>
  </relations>
  <createdOn>
    <ts>2022-02-23T20:40:07Z</ts>
    <user>gdarnbrough6</user>
  </createdOn>
  <lastUpdated>
    <ts>2022-01-01T03:56:39Z</ts>
    <user>gdarnbrough6</user>
  </lastUpdated>
  <socials>
    <social>
      <site>linkedin</site>
      <handle>gallflatt0</handle>
      <address>http://guardian.co.uk/morbi/non/lectus/aliquam/sit/amet.jpg</address>
    </social>
  </socials>
  <memberships>
    <membership>
      <list>list11</list>
      <important>true</important>
      <ts>2022-01-05</ts>
    </membership>
    <membership>
      <list>list5</list>
      <important>false</important>
      <ts>2022-01-27</ts>
    </membership>
    <membership>
      <list>list3</list>
      <important>false</important>
      <ts>2022-01-31</ts>
    </membership>
    <membership>
      <list>list8</list>
      <important>true</important>
      <ts>2022-02-17</ts>
    </membership>
  </memberships>
  <links>
    <link>
      <label>Quick View</label>
      <url>https://dedecms.com</url>
      <icon>faEye</icon>
    </link>
    <link>
      <label>Nomination History</label>
      <url>http://wikia.com</url>
      <icon>faMedal</icon>
    </link>
    <link>
      <label>Comments</label>
      <url>http://opensource.org</url>
      <icon>faComments</icon>
    </link>
  </links>
  <activities>
    <activity>
      <predicate>transferredTo</predicate>
      <place>Oodoo</place>
      <predplace>transferredTo Oodoo</predplace>
      <ts>2014-02-10T03:28:56Z</ts>
      <source>
        <name>USA Today</name>
        <ts>2017-02-28T08:36:29Z</ts>
        <createdBy>Myrah Delagua</createdBy>
        <approvedBy>Francisco Rebeiro</approvedBy>
      </source>
    </activity>
    <activity>
      <predicate>movedTo</predicate>
      <place>Reallinks</place>
      <predplace>movedTo Reallinks</predplace>
      <ts>2011-12-16T17:52:58Z</ts>
      <source>
        <name>New York Times</name>
        <ts>2018-07-07T23:50:11Z</ts>
        <createdBy>Rozanna Allbut</createdBy>
        <approvedBy>Thorvald Uzielli</approvedBy>
      </source>
    </activity>
    <activity>
      <predicate>endedAt</predicate>
      <place>Skaboo</place>
      <predplace>endedAt Skaboo</predplace>
      <ts>2010-05-28T06:17:32Z</ts>
      <source>
        <name>Chicago Tribune</name>
        <ts>2022-04-11T00:15:16Z</ts>
        <createdBy>Hanna Chaney</createdBy>
        <approvedBy>Woodman Tattoo</approvedBy>
      </source>
    </activity>
    <activity>
      <predicate>endedAt</predicate>
      <place>Centidel</place>
      <predplace>endedAt Centidel</predplace>
      <ts>2013-04-01T17:00:53Z</ts>
      <source>
        <name>Los Angeles Times</name>
        <ts>2016-11-18T18:33:31Z</ts>
        <createdBy>Chrissy Carrane</createdBy>
        <approvedBy>Trixi Goodanew</approvedBy>
      </source>
    </activity>
  </activities>
  <actions>
    <action>
      <url>http://shareasale.com</url>
      <icon>faCog</icon>
    </action>
    <action>
      <url>https://wp.com</url>
      <icon>faCode</icon>
    </action>
    <action>
      <url>https://chicagotribune.com</url>
      <icon>faSync</icon>
    </action>
  </actions>
</person>