<?xml version="1.0" encoding="UTF-8" standalone="yes"?>
<person>
  <personId>10005</personId>
  <nameGroup>
    <givenname>
      <value>Dolf</value>
    </givenname>
    <surname>
      <value>Rist</value>
    </surname>
    <fullname>
      <classification>C</classification>
      <restricted>false</restricted>
      <value>Rist Dolf</value>
      <source>
        <name>Los Angeles Times</name>
        <ts>2018-04-15T20:03:55Z</ts>
      </source>
      <source>
        <name>USA Today</name>
        <ts>2010-10-12T17:22:27Z</ts>
      </source>
    </fullname>
  </nameGroup>
  <emails>
    <email>
      <value>mlantoph0@ed.gov</value>
      <classification>C</classification>
      <restricted>false</restricted>
    </email>
  </emails>
  <phone>920-229-2754</phone>
  <contacts>
    <contact>
      <type>phone</type>
      <value>703-474-6107</value>
    </contact>
    <contact>
      <type>phone</type>
      <value>567-508-5818</value>
    </contact>
    <contact>
      <type>phone</type>
      <value>940-402-8492</value>
    </contact>
  </contacts>
  <ssn>
    <value>217-83-1424</value>
    <classification>(S)</classification>
  </ssn>
  <images>
    <image>
      <url>https://cdn1.marklogic.com/wp-content/uploads/2020/04/JamesKenwood-headshot-600x600-1.jpg</url>
      <source>
        <name>Wall Street Journal</name>
        <ts>2012-04-07T00:44:14Z</ts>
        <uploadedBy>bsaph0</uploadedBy>
      </source>
    </image>
    <image>
      <url>https://cdn1.marklogic.com/wp-content/uploads/2021/02/1612313387205.jpeg</url>
      <source>
        <name>Los Angeles Times</name>
        <ts>2018-03-11T03:33:17Z</ts>
        <uploadedBy>fbrislane0</uploadedBy>
      </source>
    </image>
  </images>
  <addresses>
    <address>
      <street>77443 Fremont Pass</street>
      <city>Seattle</city>
      <state>WA</state>
      <postal>98127</postal>
      <country>United States</country>
      <latitude>47.6063</latitude>
      <longitude>-122.3308</longitude>
    </address>
    <address>
      <street>40 Warner Road</street>
      <city>Evansville</city>
      <state>IN</state>
      <postal>47725</postal>
      <country>United States</country>
      <latitude>38.1071</latitude>
      <longitude>-87.5256</longitude>
    </address>
    <address>
      <street>233 Granby Road</street>
      <city>San Bernardino</city>
      <state>CA</state>
      <postal>92410</postal>
      <country>United States</country>
      <latitude>34.1069</latitude>
      <longitude>-117.2975</longitude>
    </address>
  </addresses>
  <schools>
    <school>
      <country>United States</country>
      <name>University of South Carolina - Sumter</name>
      <city>Stockton</city>
      <state>CA</state>
      <postal>95205</postal>
      <latitude>37.9642589</latitude>
      <longitude>-121.2569138</longitude>
      <source>
        <name>USA Today</name>
        <ts>2010-05-26T14:38:21Z</ts>
      </source>
    </school>
  </schools>
  <status>Active</status>
  <sources>
    <source>
      <name>Los Angeles Times</name>
      <ts>2016-11-08T08:25:14Z</ts>
    </source>
  </sources>
  <relations>
    <relation>
      <id>/person/10021.xml</id>
      <predicate>worksWith</predicate>
      <imageSrc>https://cdn1.marklogic.com/wp-content/uploads/2018/01/headshot_square_286x286.jpg</imageSrc>
      <fullname>Tapscott Daniele</fullname>
      <city>Oklahoma City</city>
      <state>OK</state>
    </relation>
    <relation>
      <id>/person/10100.xml</id>
      <predicate>livesWith</predicate>
      <imageSrc>https://cdn1.marklogic.com/wp-content/uploads/2021/05/IS-headshot.jpeg</imageSrc>
      <fullname>Mazzia Marna</fullname>
      <city>Washington</city>
      <state>DC</state>
    </relation>
    <relation>
      <id>/person/10024.xml</id>
      <predicate>livesWith</predicate>
      <imageSrc>https://cdn1.marklogic.com/wp-content/uploads/2018/02/trinh-lieu-profile.jpg</imageSrc>
      <fullname>Hayward Bell</fullname>
      <city>Dallas</city>
      <state>TX</state>
    </relation>
  </relations>
  <createdOn>
    <ts>2022-01-04T20:13:55Z</ts>
    <user>drist4</user>
  </createdOn>
  <lastUpdated>
    <ts>2022-02-03T07:05:29Z</ts>
    <user>drist4</user>
  </lastUpdated>
  <socials>
    <social>
      <site>twitter</site>
      <handle>zallawy0</handle>
      <address>https://youtube.com/semper/porta/volutpat/quam/pede/lobortis/ligula.png</address>
    </social>
  </socials>
  <memberships>
    <membership>
      <list>list1</list>
      <important>true</important>
      <ts>2022-01-28</ts>
    </membership>
    <membership>
      <list>list11</list>
      <important>true</important>
      <ts>2022-02-22</ts>
    </membership>
    <membership>
      <list>list11</list>
      <important>true</important>
      <ts>2022-01-09</ts>
    </membership>
    <membership>
      <list>list8</list>
      <important>true</important>
      <ts>2022-01-09</ts>
    </membership>
  </memberships>
  <links>
    <link>
      <label>Quick View</label>
      <url>http://blogs.com</url>
      <icon>faEye</icon>
    </link>
    <link>
      <label>Nomination History</label>
      <url>https://epa.gov</url>
      <icon>faMedal</icon>
    </link>
    <link>
      <label>Comments</label>
      <url>https://psu.edu</url>
      <icon>faComments</icon>
    </link>
  </links>
  <activities>
    <activity>
      <predicate>movedTo</predicate>
      <place>Mydeo</place>
      <predplace>movedTo Mydeo</predplace>
      <ts>2018-03-28T11:06:57Z</ts>
      <source>
        <name>USA Today</name>
        <ts>2021-05-27T04:12:39Z</ts>
        <createdBy>Meridith Kobierzycki</createdBy>
        <approvedBy>Rubi Calendar</approvedBy>
      </source>
    </activity>
    <activity>
      <predicate>transferredTo</predicate>
      <place>Dynava</place>
      <predplace>transferredTo Dynava</predplace>
      <ts>2017-04-22T19:16:49Z</ts>
      <source>
        <name>New York Times</name>
        <ts>2020-10-06T11:38:07Z</ts>
        <createdBy>Mufi Lebarree</createdBy>
        <approvedBy>Mechelle Darinton</approvedBy>
      </source>
    </activity>
    <activity>
      <predicate>endedAt</predicate>
      <place>Katz</place>
      <predplace>endedAt Katz</predplace>
      <ts>2012-09-27T20:09:34Z</ts>
      <source>
        <name>Chicago Tribune</name>
        <ts>2020-11-26T20:01:35Z</ts>
        <createdBy>Ebeneser Stride</createdBy>
        <approvedBy>Christophe Kohter</approvedBy>
      </source>
    </activity>
    <activity>
      <predicate>transferredTo</predicate>
      <place>Oyoba</place>
      <predplace>transferredTo Oyoba</predplace>
      <ts>2019-10-09T22:24:33Z</ts>
      <source>
        <name>Los Angeles Times</name>
        <ts>2021-11-11T23:50:48Z</ts>
        <createdBy>Cecelia Poizer</createdBy>
        <approvedBy>Winn Blissett</approvedBy>
      </source>
    </activity>
    <activity>
      <predicate>startedAt</predicate>
      <place>Ooba</place>
      <predplace>startedAt Ooba</predplace>
      <ts>2016-06-17T17:09:12Z</ts>
      <source>
        <name>Wall Street Journal</name>
        <ts>2020-12-15T07:09:07Z</ts>
        <createdBy>Briano Gilyatt</createdBy>
        <approvedBy>Raphael Gladdifh</approvedBy>
      </source>
    </activity>
  </activities>
  <events>
    <event>
      <predicate>servedIn</predicate>
      <place>Macedonia</place>
      <predplace>servedIn Macedonia</predplace>
      <end>2018-02-26T16:49:34Z</end>
      <start>2016-02-12T06:39:14Z</start>
    </event>
  </events>
  <actions>
    <action>
      <url>https://mysql.com</url>
      <icon>faCog</icon>
    </action>
    <action>
      <url>http://alibaba.com</url>
      <icon>faCode</icon>
    </action>
    <action>
      <url>https://patch.com</url>
      <icon>faSync</icon>
    </action>
  </actions>
</person>