<?xml version="1.0" encoding="UTF-8" standalone="yes"?>
<person>
  <personId>10002</personId>
  <nameGroup>
    <givenname>
      <value>Barnaby</value>
    </givenname>
    <surname>
      <value>Sexten</value>
    </surname>
    <fullname>
      <classification>U</classification>
      <restricted>false</restricted>
      <value>Sexten Barnaby</value>
      <source>
        <name>Washington Post</name>
        <ts>2011-07-25T08:33:32Z</ts>
      </source>
      <source>
        <name>New York Times</name>
        <ts>2013-10-24T08:02:16Z</ts>
      </source>
    </fullname>
  </nameGroup>
  <emails>
    <email>
      <value>aspottiswood0@unesco.org</value>
      <classification>C</classification>
      <restricted>false</restricted>
    </email>
    <email>
      <value>meagleston1@hexun.com</value>
      <classification>U</classification>
      <restricted>false</restricted>
    </email>
    <email>
      <value>mocurran2@ftc.gov</value>
      <classification>C</classification>
      <restricted>false</restricted>
    </email>
  </emails>
  <phone>475-417-2405</phone>
  <ssn>
    <value>455-32-0732</value>
    <classification>(S)</classification>
  </ssn>
  <images>
    <image>
      <url>https://cdn1.marklogic.com/wp-content/uploads/2021/05/IS-headshot.jpeg</url>
      <source>
        <name>Washington Post</name>
        <ts>2013-07-01T23:17:32Z</ts>
        <uploadedBy>ocompston0</uploadedBy>
      </source>
    </image>
    <image>
      <url>https://cdn1.marklogic.com/wp-content/uploads/2018/02/trinh-lieu-profile.jpg</url>
      <source>
        <name>Chicago Tribune</name>
        <ts>2013-12-04T13:50:26Z</ts>
        <uploadedBy>mcometti0</uploadedBy>
      </source>
    </image>
    <image>
      <url>https://cdn1.marklogic.com/wp-content/uploads/2018/01/Alicia-Saia-MarkLogic1.jpg</url>
      <source>
        <name>Washington Post</name>
        <ts>2014-12-10T18:05:11Z</ts>
        <uploadedBy>cclemerson0</uploadedBy>
      </source>
    </image>
  </images>
  <addresses>
    <address>
      <street>0 Mendota Trail</street>
      <city>Huntington</city>
      <state>WV</state>
      <postal>25716</postal>
      <country>United States</country>
      <latitude>38.4134</latitude>
      <longitude>-82.2774</longitude>
    </address>
  </addresses>
  <schools>
    <school>
      <country>Mexico</country>
      <name>Instituto Tecnológico de Morelia</name>
      <city>El Limon</city>
      <state>NAY</state>
      <postal>63174</postal>
      <latitude>21.5117028</latitude>
      <longitude>-104.8786647</longitude>
      <source>
        <name>USA Today</name>
        <ts>2011-04-17T12:23:39Z</ts>
      </source>
      <source>
        <name>New York Times</name>
        <ts>2021-07-09T08:52:38Z</ts>
      </source>
      <source>
        <name>Chicago Tribune</name>
        <ts>2013-06-08T01:58:52Z</ts>
      </source>
    </school>
  </schools>
  <status>Inactive</status>
  <sources>
    <source>
      <name>New York Times</name>
      <ts>2019-04-01T04:37:07Z</ts>
    </source>
  </sources>
  <sources>
    <source>
      <name>Wall Street Journal</name>
      <ts>2018-09-10T18:17:30Z</ts>
    </source>
  </sources>
  <sources>
    <source>
      <name>Washington Post</name>
      <ts>2010-12-18T10:39:58Z</ts>
    </source>
  </sources>
  <relations>
    <relation>
      <id>/person/10015.xml</id>
      <predicate>relatedTo</predicate>
      <imageSrc>https://cdn1.marklogic.com/wp-content/uploads/2018/01/headshot_square_286x286.jpg</imageSrc>
      <fullname>Tolomio Dru</fullname>
      <city>Arvada</city>
      <state>CO</state>
    </relation>
    <relation>
      <id>/person/10082.xml</id>
      <predicate>relatedTo</predicate>
      <imageSrc>https://cdn1.marklogic.com/wp-content/uploads/2021/07/chuck-hollis.jpeg</imageSrc>
      <fullname>Hinchon Sylas</fullname>
      <city>Oakland</city>
      <state>CA</state>
    </relation>
  </relations>
  <createdOn>
    <ts>2022-01-15T15:25:17Z</ts>
    <user>bsexten1</user>
  </createdOn>
  <lastUpdated>
    <ts>2022-01-26T08:57:34Z</ts>
    <user>bsexten1</user>
  </lastUpdated>
  <socials>
    <social>
      <site>facebook</site>
      <handle>schurches0</handle>
      <address>https://google.com.hk/dis.html</address>
    </social>
    <social>
      <site>facebook</site>
      <handle>hserman1</handle>
      <address>https://yandex.ru/eu/orci/mauris/lacinia/sapien/quis/libero.json</address>
    </social>
  </socials>
  <memberships>
    <membership>
      <list>list3</list>
      <important>true</important>
      <ts>2022-01-26</ts>
    </membership>
    <membership>
      <list>list4</list>
      <important>true</important>
      <ts>2022-01-26</ts>
    </membership>
    <membership>
      <list>list9</list>
      <important>true</important>
      <ts>2022-02-15</ts>
    </membership>
    <membership>
      <list>list7</list>
      <important>false</important>
      <ts>2022-02-20</ts>
    </membership>
  </memberships>
  <links>
    <link>
      <label>Quick View</label>
      <url>https://domainmarket.com</url>
      <icon>faEye</icon>
    </link>
    <link>
      <label>Nomination History</label>
      <url>https://cloudflare.com</url>
      <icon>faMedal</icon>
    </link>
    <link>
      <label>Comments</label>
      <url>https://apple.com</url>
      <icon>faComments</icon>
    </link>
  </links>
  <activities>
    <activity>
      <predicate>startedAt</predicate>
      <place>Dabjam</place>
      <predplace>startedAt Dabjam</predplace>
      <ts>2012-01-20T04:08:47Z</ts>
      <source>
        <name>USA Today</name>
        <ts>2016-03-22T23:15:06Z</ts>
        <createdBy>Chantal Canizares</createdBy>
        <approvedBy>Glad Lalevee</approvedBy>
      </source>
    </activity>
    <activity>
      <predicate>startedAt</predicate>
      <place>Babbleblab</place>
      <predplace>startedAt Babbleblab</predplace>
      <ts>2012-05-27T06:41:12Z</ts>
      <source>
        <name>New York Times</name>
        <ts>2021-01-23T14:07:34Z</ts>
        <createdBy>Daphna Huleatt</createdBy>
        <approvedBy>Ronnie Edgcombe</approvedBy>
      </source>
    </activity>
    <activity>
      <predicate>endedAt</predicate>
      <place>Dynava</place>
      <predplace>endedAt Dynava</predplace>
      <ts>2013-01-30T21:13:43Z</ts>
      <source>
        <name>Chicago Tribune</name>
        <ts>2018-10-14T05:50:05Z</ts>
        <createdBy>Michel Auchinleck</createdBy>
        <approvedBy>Meridel Noye</approvedBy>
      </source>
    </activity>
    <activity>
      <predicate>endedAt</predicate>
      <place>Skyba</place>
      <predplace>endedAt Skyba</predplace>
      <ts>2011-08-26T02:08:31Z</ts>
      <source>
        <name>Los Angeles Times</name>
        <ts>2018-04-26T08:51:49Z</ts>
        <createdBy>Marietta Yaxley</createdBy>
        <approvedBy>Gratiana MacKenny</approvedBy>
      </source>
    </activity>
    <activity>
      <predicate>endedAt</predicate>
      <place>Twitterwire</place>
      <predplace>endedAt Twitterwire</predplace>
      <ts>2012-05-18T09:58:57Z</ts>
      <source>
        <name>Wall Street Journal</name>
        <ts>2020-06-01T21:48:23Z</ts>
        <createdBy>Jabez Jedrzejczyk</createdBy>
        <approvedBy>Andonis Lober</approvedBy>
      </source>
    </activity>
    <activity>
      <predicate>endedAt</predicate>
      <place>Topdrive</place>
      <predplace>endedAt Topdrive</predplace>
      <ts>2012-02-04T21:18:26Z</ts>
      <source>
        <name>Washington Post</name>
        <ts>2020-05-30T16:22:13Z</ts>
        <createdBy>Loren Bradock</createdBy>
        <approvedBy>Ingaberg Kittley</approvedBy>
      </source>
    </activity>
    <activity>
      <predicate>startedAt</predicate>
      <place>Dynabox</place>
      <predplace>startedAt Dynabox</predplace>
      <ts>2010-12-27T00:53:55Z</ts>
      <source>
        <name>USA Today</name>
        <ts>2020-12-22T17:35:40Z</ts>
        <createdBy>Lonnie Eves</createdBy>
        <approvedBy>Marcello Gowanson</approvedBy>
      </source>
    </activity>
  </activities>
  <actions>
    <action>
      <url>http://macromedia.com</url>
      <icon>faCog</icon>
    </action>
    <action>
      <url>https://reuters.com</url>
      <icon>faCode</icon>
    </action>
    <action>
      <url>http://hubpages.com</url>
      <icon>faSync</icon>
    </action>
  </actions>
</person>