<?xml version="1.0" encoding="UTF-8" standalone="yes"?>
<person>
  <personId>10002</personId>
  <nameGroup>
    <givenname>
      <value>Sharline</value>
    </givenname>
    <surname>
      <value>Hainge</value>
    </surname>
    <fullname>
      <classification>C</classification>
      <restricted>false</restricted>
      <value>Hainge Sharline</value>
      <source>
        <name>New York Times</name>
        <ts>2013-01-09T01:50:59Z</ts>
      </source>
    </fullname>
  </nameGroup>
  <emails>
    <email>
      <value>sbeevor0@prnewswire.com</value>
      <classification>C</classification>
      <restricted>false</restricted>
    </email>
  </emails>
  <phone>970-536-8767</phone>
  <contacts>
    <contact>
      <type>email</type>
      <value>tormshaw0@google.ru</value>
    </contact>
    <contact>
      <type>phone</type>
      <value>961-801-2490</value>
    </contact>
    <contact>
      <type>phone</type>
      <value>275-633-9221</value>
    </contact>
  </contacts>
  <ssn>
    <value>864-62-1240</value>
    <classification>(S)</classification>
  </ssn>
  <images>
    <image>
      <url>https://cdn1.marklogic.com/wp-content/uploads/2018/01/Diane-Burley-MarkLogic-2015.jpg</url>
      <source>
        <name>Los Angeles Times</name>
        <ts>2015-07-04T17:13:00Z</ts>
        <uploadedBy>rcullrford0</uploadedBy>
      </source>
    </image>
    <image>
      <url>https://cdn1.marklogic.com/wp-content/uploads/2018/02/trinh-lieu-profile.jpg</url>
      <source>
        <name>Chicago Tribune</name>
        <ts>2021-06-18T15:30:57Z</ts>
        <uploadedBy>merrington0</uploadedBy>
      </source>
    </image>
  </images>
  <addresses>
    <address>
      <street>4518 Continental Crossing</street>
      <city>Dallas</city>
      <state>TX</state>
      <postal>75221</postal>
      <country>United States</country>
      <latitude>32.8147</latitude>
      <longitude>-96.7877</longitude>
    </address>
    <address>
      <street>30 Knutson Court</street>
      <city>Saint Louis</city>
      <state>MO</state>
      <postal>63180</postal>
      <country>United States</country>
      <latitude>38.6531</latitude>
      <longitude>-90.2435</longitude>
    </address>
  </addresses>
  <schools>
    <school>
      <country>United States</country>
      <name>William Tyndale College</name>
      <city>Laurel</city>
      <state>MD</state>
      <postal>20709</postal>
      <latitude>39.062982</latitude>
      <longitude>-76.8391683</longitude>
      <source>
        <name>USA Today</name>
        <ts>2017-12-31T22:23:05Z</ts>
      </source>
      <source>
        <name>New York Times</name>
        <ts>2011-04-18T15:59:53Z</ts>
      </source>
    </school>
    <school>
      <country>United States</country>
      <name>Luther College</name>
      <city>Colorado Springs</city>
      <state>CO</state>
      <postal>80920</postal>
      <latitude>38.9583005</latitude>
      <longitude>-104.7812654</longitude>
      <source>
        <name>USA Today</name>
        <ts>2010-11-24T03:21:28Z</ts>
      </source>
      <source>
        <name>New York Times</name>
        <ts>2012-11-06T09:28:27Z</ts>
      </source>
    </school>
  </schools>
  <status>Active</status>
  <sources>
    <source>
      <name>New York Times</name>
      <ts>2014-04-01T07:37:57Z</ts>
    </source>
  </sources>
  <sources>
    <source>
      <name>New York Times</name>
      <ts>2017-12-01T23:01:18Z</ts>
    </source>
  </sources>
  <sources>
    <source>
      <name>Wall Street Journal</name>
      <ts>2013-10-25T09:41:11Z</ts>
    </source>
  </sources>
  <relations>
    <relation>
      <id>/person/10023.xml</id>
      <predicate>relatedTo</predicate>
      <imageSrc>https://cdn1.marklogic.com/wp-content/uploads/2021/02/1612313387205.jpeg</imageSrc>
      <fullname>Stanfield Philippa</fullname>
      <city>Madison</city>
      <state>WI</state>
    </relation>
    <relation>
      <id>/person/10090.xml</id>
      <predicate>worksWith</predicate>
      <imageSrc>https://cdn1.marklogic.com/wp-content/uploads/2020/04/JamesKenwood-headshot-600x600-1.jpg</imageSrc>
      <fullname>Ware Sherlock</fullname>
      <city>Reno</city>
      <state>NV</state>
    </relation>
    <relation>
      <id>/person/10072.xml</id>
      <predicate>relatedTo</predicate>
      <imageSrc>https://cdn1.marklogic.com/wp-content/uploads/2018/01/headshot_square_286x286.jpg</imageSrc>
      <fullname>Falk Taryn</fullname>
      <city>Baton Rouge</city>
      <state>LA</state>
    </relation>
    <relation>
      <id>/person/10025.xml</id>
      <predicate>worksWith</predicate>
      <imageSrc>https://cdn1.marklogic.com/wp-content/uploads/2018/01/Alicia-Saia-MarkLogic1.jpg</imageSrc>
      <fullname>Crofts Kally</fullname>
      <city>Evansville</city>
      <state>IN</state>
    </relation>
  </relations>
  <createdOn>
    <ts>2022-02-04T02:03:37Z</ts>
    <user>shainge1</user>
  </createdOn>
  <lastUpdated>
    <ts>2022-02-16T00:53:05Z</ts>
    <user>shainge1</user>
  </lastUpdated>
  <socials>
    <social>
      <site>facebook</site>
      <handle>eadrienne0</handle>
      <address>http://disqus.com/morbi/ut.jsp</address>
    </social>
  </socials>
  <memberships>
    <membership>
      <list>list7</list>
      <important>true</important>
      <ts>2022-02-13</ts>
    </membership>
  </memberships>
  <links>
    <link>
      <label>Quick View</label>
      <url>http://home.pl</url>
      <icon>faEye</icon>
    </link>
    <link>
      <label>Nomination History</label>
      <url>https://reuters.com</url>
      <icon>faMedal</icon>
    </link>
    <link>
      <label>Comments</label>
      <url>https://cnbc.com</url>
      <icon>faComments</icon>
    </link>
  </links>
  <activities>
    <activity>
      <predicate>endedAt</predicate>
      <place>Tagfeed</place>
      <predplace>endedAt Tagfeed</predplace>
      <ts>2018-01-01T07:09:19Z</ts>
      <source>
        <name>USA Today</name>
        <ts>2021-05-19T20:06:08Z</ts>
        <createdBy>Othilie Benting</createdBy>
        <approvedBy>Lou Wyburn</approvedBy>
      </source>
    </activity>
    <activity>
      <predicate>endedAt</predicate>
      <place>Thoughtblab</place>
      <predplace>endedAt Thoughtblab</predplace>
      <ts>2012-01-13T09:15:34Z</ts>
      <source>
        <name>New York Times</name>
        <ts>2021-12-14T12:08:35Z</ts>
        <createdBy>Gabriela Dumbellow</createdBy>
        <approvedBy>Etheline Meert</approvedBy>
      </source>
    </activity>
    <activity>
      <predicate>startedAt</predicate>
      <place>Agimba</place>
      <predplace>startedAt Agimba</predplace>
      <ts>2014-07-29T13:15:20Z</ts>
      <source>
        <name>Chicago Tribune</name>
        <ts>2020-06-27T15:07:24Z</ts>
        <createdBy>Bradley Sorby</createdBy>
        <approvedBy>Yevette Crapper</approvedBy>
      </source>
    </activity>
    <activity>
      <predicate>startedAt</predicate>
      <place>Jatri</place>
      <predplace>startedAt Jatri</predplace>
      <ts>2018-02-28T16:44:11Z</ts>
      <source>
        <name>Los Angeles Times</name>
        <ts>2020-12-07T13:08:13Z</ts>
        <createdBy>Miltie Cowdery</createdBy>
        <approvedBy>Ibby Galer</approvedBy>
      </source>
    </activity>
    <activity>
      <predicate>startedAt</predicate>
      <place>Dynabox</place>
      <predplace>startedAt Dynabox</predplace>
      <ts>2013-08-21T19:47:13Z</ts>
      <source>
        <name>Wall Street Journal</name>
        <ts>2020-12-25T16:26:17Z</ts>
        <createdBy>Meryl Dellit</createdBy>
        <approvedBy>Regan Giraudy</approvedBy>
      </source>
    </activity>
  </activities>
  <events>
    <event>
      <predicate>servedIn</predicate>
      <place>China</place>
      <predplace>servedIn China</predplace>
      <end>2018-06-11T18:36:53Z</end>
      <start>2014-09-29T03:27:43Z</start>
    </event>
  </events>
  <actions>
    <action>
      <url>https://google.pl</url>
      <icon>faCog</icon>
    </action>
    <action>
      <url>https://europa.eu</url>
      <icon>faCode</icon>
    </action>
    <action>
      <url>http://wsj.com</url>
      <icon>faSync</icon>
    </action>
  </actions>
</person>