<?xml version="1.0" encoding="UTF-8" standalone="yes"?>
<person>
  <personId>10005</personId>
  <nameGroup>
    <givenname>
      <value>Oswald</value>
    </givenname>
    <surname>
      <value>Alywen</value>
    </surname>
    <fullname>
      <classification>S</classification>
      <restricted>false</restricted>
      <value>Alywen Oswald</value>
      <source>
        <name>Chicago Tribune</name>
        <ts>2014-02-04T12:53:28Z</ts>
      </source>
    </fullname>
  </nameGroup>
  <emails>
    <email>
      <value>swhitehall0@blogs.com</value>
      <classification>U</classification>
      <restricted>false</restricted>
    </email>
    <email>
      <value>bhulle1@dagondesign.com</value>
      <classification>U</classification>
      <restricted>false</restricted>
    </email>
  </emails>
  <phone>522-573-6985</phone>
  <ssn>
    <value>254-41-9932</value>
    <classification>(S)</classification>
  </ssn>
  <images>
    <image>
      <url>https://cdn1.marklogic.com/wp-content/uploads/2021/05/IS-headshot.jpeg</url>
      <source>
        <name>USA Today</name>
        <ts>2015-06-08T04:15:01Z</ts>
        <uploadedBy>sgookey0</uploadedBy>
      </source>
    </image>
    <image>
      <url>https://cdn1.marklogic.com/wp-content/uploads/2021/07/chuck-hollis.jpeg</url>
      <source>
        <name>Chicago Tribune</name>
        <ts>2014-08-14T22:01:26Z</ts>
        <uploadedBy/>
      </source>
    </image>
    <image>
      <url>https://cdn1.marklogic.com/wp-content/uploads/2018/01/headshot_square_286x286.jpg</url>
      <source>
        <name>Washington Post</name>
        <ts>2014-11-28T08:03:16Z</ts>
        <uploadedBy>eonele0</uploadedBy>
      </source>
    </image>
  </images>
  <addresses>
    <address>
      <street>3915 Blue Bill Park Terrace</street>
      <city>Aurora</city>
      <state>IL</state>
      <postal>60505</postal>
      <country>United States</country>
      <latitude>41.7582</latitude>
      <longitude>-88.2971</longitude>
    </address>
    <address>
      <street>39 Dwight Point</street>
      <city>Colorado Springs</city>
      <state>CO</state>
      <postal>80935</postal>
      <country>United States</country>
      <latitude>38.8247</latitude>
      <longitude>-104.562</longitude>
    </address>
  </addresses>
  <schools>
    <school>
      <country>United States</country>
      <name>Wilbur Wright College</name>
      <city>San Antonio</city>
      <state>TX</state>
      <postal>78285</postal>
      <latitude>29.42</latitude>
      <longitude>-98.49</longitude>
      <source>
        <name>USA Today</name>
        <ts>2011-06-09T17:31:09Z</ts>
      </source>
    </school>
    <school>
      <country>United States</country>
      <name>University of Texas Health Center at Houston</name>
      <city>Conroe</city>
      <state>TX</state>
      <postal>77305</postal>
      <latitude>30.319558</latitude>
      <longitude>-95.4647953</longitude>
      <source>
        <name>USA Today</name>
        <ts>2011-11-15T09:01:14Z</ts>
      </source>
      <source>
        <name>New York Times</name>
        <ts>2012-03-27T11:59:56Z</ts>
      </source>
    </school>
  </schools>
  <status>Inactive</status>
  <sources>
    <source>
      <name>Los Angeles Times</name>
      <ts>2017-12-18T07:57:54Z</ts>
    </source>
  </sources>
  <sources>
    <source>
      <name>Chicago Tribune</name>
      <ts>2014-10-14T09:12:22Z</ts>
    </source>
  </sources>
  <sources>
    <source>
      <name>New York Times</name>
      <ts>2013-11-03T00:06:55Z</ts>
    </source>
  </sources>
  <relations>
    <relation>
      <id>/person/10006.xml</id>
      <predicate>relatedTo</predicate>
      <imageSrc>https://cdn1.marklogic.com/wp-content/uploads/2018/01/Michael-Malgeri-MarkLogic.jpg</imageSrc>
      <fullname>Skrzynski Yehudit</fullname>
      <city>Dallas</city>
      <state>TX</state>
    </relation>
    <relation>
      <id>/person/10041.xml</id>
      <predicate>worksWith</predicate>
      <imageSrc>https://cdn1.marklogic.com/wp-content/uploads/2021/02/1612313387205.jpeg</imageSrc>
      <fullname>Breward Cari</fullname>
      <city>Dallas</city>
      <state>TX</state>
    </relation>
    <relation>
      <id>/person/10031.xml</id>
      <predicate>relatedTo</predicate>
      <imageSrc>https://cdn1.marklogic.com/wp-content/uploads/2021/05/IS-headshot.jpeg</imageSrc>
      <fullname>Crippell Nevin</fullname>
      <city>Jamaica</city>
      <state>NY</state>
    </relation>
  </relations>
  <createdOn>
    <ts>2022-02-23T01:13:11Z</ts>
    <user>oalywen4</user>
  </createdOn>
  <lastUpdated>
    <ts>2022-02-26T01:16:57Z</ts>
    <user>oalywen4</user>
  </lastUpdated>
  <socials>
    <social>
      <site>linkedin</site>
      <handle>llillicrap0</handle>
      <address>https://nydailynews.com/nunc.jsp</address>
    </social>
  </socials>
  <memberships/>
  <links>
    <link>
      <label>Quick View</label>
      <url>https://wikipedia.org</url>
      <icon>faEye</icon>
    </link>
    <link>
      <label>Nomination History</label>
      <url>http://ebay.co.uk</url>
      <icon>faMedal</icon>
    </link>
    <link>
      <label>Comments</label>
      <url>https://google.ru</url>
      <icon>faComments</icon>
    </link>
  </links>
  <activities>
    <activity>
      <predicate>movedTo</predicate>
      <place>Kimia</place>
      <predplace>movedTo Kimia</predplace>
      <ts>2012-04-18T03:59:25Z</ts>
      <source>
        <name>USA Today</name>
        <ts>2017-08-06T07:49:06Z</ts>
        <createdBy>Roderick Sperrett</createdBy>
        <approvedBy>Alyosha Lambertson</approvedBy>
      </source>
    </activity>
    <activity>
      <predicate>startedAt</predicate>
      <place>Skiptube</place>
      <predplace>startedAt Skiptube</predplace>
      <ts>2010-04-02T16:58:23Z</ts>
      <source>
        <name>New York Times</name>
        <ts>2020-02-21T11:35:24Z</ts>
        <createdBy>Jennine Heddon</createdBy>
        <approvedBy>Rad Squier</approvedBy>
      </source>
    </activity>
    <activity>
      <predicate>transferredTo</predicate>
      <place>Kamba</place>
      <predplace>transferredTo Kamba</predplace>
      <ts>2015-01-03T21:58:27Z</ts>
      <source>
        <name>Chicago Tribune</name>
        <ts>2018-02-25T08:45:36Z</ts>
        <createdBy>Leoine Niaves</createdBy>
        <approvedBy>Dulcy Aleksandrov</approvedBy>
      </source>
    </activity>
    <activity>
      <predicate>transferredTo</predicate>
      <place>Jaxspan</place>
      <predplace>transferredTo Jaxspan</predplace>
      <ts>2011-09-14T02:12:21Z</ts>
      <source>
        <name>Los Angeles Times</name>
        <ts>2020-07-08T01:36:47Z</ts>
        <createdBy>Ingeberg De Maria</createdBy>
        <approvedBy>Dorian Yewdale</approvedBy>
      </source>
    </activity>
    <activity>
      <predicate>startedAt</predicate>
      <place>Trunyx</place>
      <predplace>startedAt Trunyx</predplace>
      <ts>2010-07-27T15:33:53Z</ts>
      <source>
        <name>Wall Street Journal</name>
        <ts>2021-08-01T06:30:47Z</ts>
        <createdBy>Farrand Fransewich</createdBy>
        <approvedBy>Enrique Binion</approvedBy>
      </source>
    </activity>
  </activities>
  <actions>
    <action>
      <url>http://dagondesign.com</url>
      <icon>faCog</icon>
    </action>
    <action>
      <url>http://baidu.com</url>
      <icon>faCode</icon>
    </action>
    <action>
      <url>https://discovery.com</url>
      <icon>faSync</icon>
    </action>
  </actions>
</person>