<?xml version="1.0" encoding="UTF-8" standalone="yes"?>
<person>
  <personId>10009</personId>
  <nameGroup>
    <givenname>
      <value>Cathrin</value>
    </givenname>
    <surname>
      <value>McGilmartin</value>
    </surname>
    <fullname>
      <classification>U</classification>
      <restricted>true</restricted>
      <value>McGilmartin Cathrin</value>
      <source>
        <name>USA Today</name>
        <ts>2013-06-01T23:12:06Z</ts>
      </source>
    </fullname>
  </nameGroup>
  <emails>
    <email>
      <value>sbridgstock0@economist.com</value>
      <classification>C</classification>
      <restricted>false</restricted>
    </email>
  </emails>
  <phone>146-955-4106</phone>
  <ssn>
    <value>189-07-0304</value>
    <classification>(S)</classification>
  </ssn>
  <images>
    <image>
      <url>https://cdn1.marklogic.com/wp-content/uploads/2020/11/george-bloom-headshot-300x300-1.jpg</url>
      <source>
        <name>Wall Street Journal</name>
        <ts>2019-02-27T12:18:56Z</ts>
        <uploadedBy>yvalintine0</uploadedBy>
      </source>
    </image>
    <image>
      <url>https://cdn1.marklogic.com/wp-content/uploads/2018/02/trinh-lieu-profile.jpg</url>
      <source>
        <name>USA Today</name>
        <ts>2011-10-19T16:50:21Z</ts>
        <uploadedBy>wcasarini0</uploadedBy>
      </source>
    </image>
    <image>
      <url>https://cdn1.marklogic.com/wp-content/uploads/2018/01/headshot_square_286x286.jpg</url>
      <source>
        <name>Wall Street Journal</name>
        <ts>2013-04-29T04:54:41Z</ts>
        <uploadedBy>bhovenden0</uploadedBy>
      </source>
    </image>
    <image>
      <url>https://cdn1.marklogic.com/wp-content/uploads/2018/01/headshot_square_286x286.jpg</url>
      <source>
        <name>Wall Street Journal</name>
        <ts>2018-11-12T18:36:51Z</ts>
        <uploadedBy>moakland0</uploadedBy>
      </source>
    </image>
  </images>
  <addresses>
    <address>
      <street>5938 Northview Drive</street>
      <city>Montgomery</city>
      <state>AL</state>
      <postal>36125</postal>
      <country>United States</country>
      <latitude>32.2334</latitude>
      <longitude>-86.2085</longitude>
    </address>
    <address>
      <street>56 Sutherland Road</street>
      <city>Charlotte</city>
      <state>NC</state>
      <postal>28272</postal>
      <country>United States</country>
      <latitude>35.26</latitude>
      <longitude>-80.8042</longitude>
    </address>
    <address>
      <street>6 Eliot Center</street>
      <city>New York City</city>
      <state>NY</state>
      <postal>10160</postal>
      <country>United States</country>
      <latitude>40.7808</latitude>
      <longitude>-73.9772</longitude>
    </address>
  </addresses>
  <schools>
    <school>
      <country>United States</country>
      <name>St. Mary's College of California</name>
      <city>Charlotte</city>
      <state>NC</state>
      <postal>28205</postal>
      <latitude>35.2037032</latitude>
      <longitude>-80.7842188</longitude>
      <source>
        <name>USA Today</name>
        <ts>2019-09-21T11:04:25Z</ts>
      </source>
      <source>
        <name>New York Times</name>
        <ts>2017-08-21T13:50:27Z</ts>
      </source>
    </school>
    <school>
      <country>Canada</country>
      <name>Université de Sherbrooke</name>
      <city>Princeton</city>
      <state>BC</state>
      <postal>V6V</postal>
      <latitude>49.45802</latitude>
      <longitude>-120.51076</longitude>
      <source>
        <name>USA Today</name>
        <ts>2019-03-29T20:09:31Z</ts>
      </source>
      <source>
        <name>New York Times</name>
        <ts>2013-03-30T15:19:31Z</ts>
      </source>
    </school>
  </schools>
  <status>Inactive</status>
  <sources>
    <source>
      <name>Chicago Tribune</name>
      <ts>2014-07-22T17:37:06Z</ts>
    </source>
  </sources>
  <sources>
    <source>
      <name>Los Angeles Times</name>
      <ts>2019-08-16T13:19:28Z</ts>
    </source>
  </sources>
  <sources>
    <source>
      <name>Wall Street Journal</name>
      <ts>2020-05-01T09:44:45Z</ts>
    </source>
  </sources>
  <relations>
    <relation>
      <id>/person/10078.xml</id>
      <predicate>relatedTo</predicate>
      <imageSrc>https://cdn1.marklogic.com/wp-content/uploads/2020/11/george-bloom-headshot-300x300-1.jpg</imageSrc>
      <fullname>Iacovozzo Brandie</fullname>
      <city>Mobile</city>
      <state>AL</state>
    </relation>
    <relation>
      <id>/person/10080.xml</id>
      <predicate>livesWith</predicate>
      <imageSrc>https://cdn1.marklogic.com/wp-content/uploads/2018/01/Alicia-Saia-MarkLogic1.jpg</imageSrc>
      <fullname>Wateridge Inesita</fullname>
      <city>Portland</city>
      <state>OR</state>
    </relation>
    <relation>
      <id>/person/10066.xml</id>
      <predicate>worksWith</predicate>
      <imageSrc>https://cdn1.marklogic.com/wp-content/uploads/2018/01/Michael-Malgeri-MarkLogic.jpg</imageSrc>
      <fullname>Adamsson Jammie</fullname>
      <city>San Jose</city>
      <state>CA</state>
    </relation>
    <relation>
      <id>/person/10043.xml</id>
      <predicate>relatedTo</predicate>
      <imageSrc>https://cdn1.marklogic.com/wp-content/uploads/2018/01/headshot_square_286x286.jpg</imageSrc>
      <fullname>Littledike Del</fullname>
      <city>Anaheim</city>
      <state>CA</state>
    </relation>
    <relation>
      <id>/person/10082.xml</id>
      <predicate>livesWith</predicate>
      <imageSrc>https://cdn1.marklogic.com/wp-content/uploads/2021/07/chuck-hollis.jpeg</imageSrc>
      <fullname>Hinchon Sylas</fullname>
      <city>Oakland</city>
      <state>CA</state>
    </relation>
  </relations>
  <createdOn>
    <ts>2022-02-11T13:29:20Z</ts>
    <user>cmcgilmartin8</user>
  </createdOn>
  <lastUpdated>
    <ts>2022-01-09T03:08:10Z</ts>
    <user>cmcgilmartin8</user>
  </lastUpdated>
  <socials>
    <social>
      <site>facebook</site>
      <handle>lfilippozzi0</handle>
      <address>https://whitehouse.gov/nisi/eu/orci/mauris/lacinia/sapien.jpg</address>
    </social>
    <social>
      <site>linkedin</site>
      <handle>sthorburn1</handle>
      <address>http://jiathis.com/proin/eu.html</address>
    </social>
  </socials>
  <memberships>
    <membership>
      <list>list3</list>
      <important>false</important>
      <ts>2022-01-20</ts>
    </membership>
    <membership>
      <list>list2</list>
      <important>false</important>
      <ts>2022-01-19</ts>
    </membership>
  </memberships>
  <links>
    <link>
      <label>Quick View</label>
      <url>https://ucoz.com</url>
      <icon>faEye</icon>
    </link>
    <link>
      <label>Nomination History</label>
      <url>http://shutterfly.com</url>
      <icon>faMedal</icon>
    </link>
    <link>
      <label>Comments</label>
      <url>http://imgur.com</url>
      <icon>faComments</icon>
    </link>
  </links>
  <activities>
    <activity>
      <predicate>startedAt</predicate>
      <place>Voonte</place>
      <predplace>startedAt Voonte</predplace>
      <ts>2014-07-31T10:17:14Z</ts>
      <source>
        <name>USA Today</name>
        <ts>2018-11-22T08:40:31Z</ts>
        <createdBy>Abrahan Lightowlers</createdBy>
        <approvedBy>Evangelina Paulton</approvedBy>
      </source>
    </activity>
    <activity>
      <predicate>movedTo</predicate>
      <place>Zoozzy</place>
      <predplace>movedTo Zoozzy</predplace>
      <ts>2012-12-09T12:06:08Z</ts>
      <source>
        <name>New York Times</name>
        <ts>2020-12-18T08:59:36Z</ts>
        <createdBy>Cacilia Cockett</createdBy>
        <approvedBy>Liv Dmitrovic</approvedBy>
      </source>
    </activity>
    <activity>
      <predicate>startedAt</predicate>
      <place>Yacero</place>
      <predplace>startedAt Yacero</predplace>
      <ts>2013-03-29T19:23:39Z</ts>
      <source>
        <name>Chicago Tribune</name>
        <ts>2020-03-14T14:07:09Z</ts>
        <createdBy>Kimbell Baldock</createdBy>
        <approvedBy>Jerome Mapston</approvedBy>
      </source>
    </activity>
    <activity>
      <predicate>startedAt</predicate>
      <place>Bluejam</place>
      <predplace>startedAt Bluejam</predplace>
      <ts>2014-06-27T10:36:44Z</ts>
      <source>
        <name>Los Angeles Times</name>
        <ts>2022-01-30T00:42:58Z</ts>
        <createdBy>Ulises Ennion</createdBy>
        <approvedBy>Mohammed Radmer</approvedBy>
      </source>
    </activity>
    <activity>
      <predicate>movedTo</predicate>
      <place>Quaxo</place>
      <predplace>movedTo Quaxo</predplace>
      <ts>2015-11-24T08:34:56Z</ts>
      <source>
        <name>Wall Street Journal</name>
        <ts>2016-03-21T12:47:40Z</ts>
        <createdBy>Dorree Gobourn</createdBy>
        <approvedBy>Jenna Telezhkin</approvedBy>
      </source>
    </activity>
  </activities>
  <actions>
    <action>
      <url>http://reference.com</url>
      <icon>faCog</icon>
    </action>
    <action>
      <url>https://last.fm</url>
      <icon>faCode</icon>
    </action>
    <action>
      <url>http://delicious.com</url>
      <icon>faSync</icon>
    </action>
  </actions>
</person>