<?xml version="1.0" encoding="UTF-8" standalone="yes"?>
<person>
  <personId>10006</personId>
  <nameGroup>
    <givenname>
      <value>Rem</value>
    </givenname>
    <surname>
      <value>Burdikin</value>
    </surname>
    <fullname>
      <classification>U</classification>
      <restricted>false</restricted>
      <value>Burdikin Rem</value>
      <source>
        <name>Wall Street Journal</name>
        <ts>2014-08-29T16:51:08Z</ts>
      </source>
      <source>
        <name>Wall Street Journal</name>
        <ts>2018-12-16T11:31:06Z</ts>
      </source>
      <source>
        <name>Wall Street Journal</name>
        <ts>2020-10-09T16:14:15Z</ts>
      </source>
    </fullname>
  </nameGroup>
  <emails>
    <email>
      <value>atomczak0@alexa.com</value>
      <classification>C</classification>
      <restricted>false</restricted>
    </email>
    <email>
      <value>mwrey1@prweb.com</value>
      <classification>S</classification>
      <restricted>false</restricted>
    </email>
    <email>
      <value>abaggett2@tripod.com</value>
      <classification>U</classification>
      <restricted>false</restricted>
    </email>
  </emails>
  <phone>178-851-0279</phone>
  <contacts>
    <contact>
      <type>email</type>
      <value>mhannigane0@google.co.uk</value>
    </contact>
    <contact>
      <type>phone</type>
      <value>524-351-1446</value>
    </contact>
    <contact>
      <type>phone</type>
      <value>326-901-5912</value>
    </contact>
  </contacts>
  <ssn>
    <value>613-56-6457</value>
    <classification>(S)</classification>
  </ssn>
  <images>
    <image>
      <url>https://cdn1.marklogic.com/wp-content/uploads/2018/02/trinh-lieu-profile.jpg</url>
      <source>
        <name>Wall Street Journal</name>
        <ts>2011-02-10T02:43:03Z</ts>
        <uploadedBy>yspurritt0</uploadedBy>
      </source>
    </image>
  </images>
  <addresses>
    <address>
      <street>6905 Bellgrove Street</street>
      <city>El Paso</city>
      <state>TX</state>
      <postal>79940</postal>
      <country>United States</country>
      <latitude>31.6948</latitude>
      <longitude>-106.3</longitude>
    </address>
    <address>
      <street>26679 Bay Avenue</street>
      <city>Largo</city>
      <state>FL</state>
      <postal>34643</postal>
      <country>United States</country>
      <latitude>27.881</latitude>
      <longitude>-82.7619</longitude>
    </address>
    <address>
      <street>37548 West Terrace</street>
      <city>Raleigh</city>
      <state>NC</state>
      <postal>27621</postal>
      <country>United States</country>
      <latitude>35.7977</latitude>
      <longitude>-78.6253</longitude>
    </address>
  </addresses>
  <schools>
    <school>
      <country>Canada</country>
      <name>École de technologie supérieure, Université du Québec</name>
      <city>Biggar</city>
      <state>SK</state>
      <postal>N1S</postal>
      <latitude>52.0668</latitude>
      <longitude>-108.00135</longitude>
      <source>
        <name>USA Today</name>
        <ts>2017-01-28T11:12:36Z</ts>
      </source>
      <source>
        <name>New York Times</name>
        <ts>2017-10-30T03:39:23Z</ts>
      </source>
      <source>
        <name>Chicago Tribune</name>
        <ts>2021-10-18T23:39:38Z</ts>
      </source>
    </school>
  </schools>
  <status>Active</status>
  <sources>
    <source>
      <name>USA Today</name>
      <ts>2010-07-06T00:12:36Z</ts>
    </source>
  </sources>
  <sources>
    <source>
      <name>Los Angeles Times</name>
      <ts>2020-02-08T05:55:43Z</ts>
    </source>
  </sources>
  <relations>
    <relation>
      <id>/person/10094.xml</id>
      <predicate>worksWith</predicate>
      <imageSrc>https://cdn1.marklogic.com/wp-content/uploads/2020/11/george-bloom-headshot-300x300-1.jpg</imageSrc>
      <fullname>Beltzner Zerk</fullname>
      <city>Albany</city>
      <state>NY</state>
    </relation>
    <relation>
      <id>/person/10009.xml</id>
      <predicate>livesWith</predicate>
      <imageSrc>https://cdn1.marklogic.com/wp-content/uploads/2020/11/george-bloom-headshot-300x300-1.jpg</imageSrc>
      <fullname>Jedrachowicz Vincent</fullname>
      <city>Midland</city>
      <state>TX</state>
    </relation>
    <relation>
      <id>/person/10007.xml</id>
      <predicate>relatedTo</predicate>
      <imageSrc>https://cdn1.marklogic.com/wp-content/uploads/2018/01/Michael-Malgeri-MarkLogic.jpg</imageSrc>
      <fullname>Heims Riccardo</fullname>
      <city>Saginaw</city>
      <state>MI</state>
    </relation>
    <relation>
      <id>/person/10092.xml</id>
      <predicate>relatedTo</predicate>
      <imageSrc>https://cdn1.marklogic.com/wp-content/uploads/2020/04/JamesKenwood-headshot-600x600-1.jpg</imageSrc>
      <fullname>Troughton Sterne</fullname>
      <city>Houston</city>
      <state>TX</state>
    </relation>
    <relation>
      <id>/person/10098.xml</id>
      <predicate>worksWith</predicate>
      <imageSrc>https://cdn1.marklogic.com/wp-content/uploads/2020/04/JamesKenwood-headshot-600x600-1.jpg</imageSrc>
      <fullname>McGeneay Genia</fullname>
      <city>Daytona Beach</city>
      <state>FL</state>
    </relation>
  </relations>
  <createdOn>
    <ts>2022-02-12T16:28:54Z</ts>
    <user>rburdikin5</user>
  </createdOn>
  <lastUpdated>
    <ts>2022-02-24T22:07:17Z</ts>
    <user>rburdikin5</user>
  </lastUpdated>
  <socials/>
  <memberships>
    <membership>
      <list>list12</list>
      <important>false</important>
      <ts>2022-01-30</ts>
    </membership>
    <membership>
      <list>list6</list>
      <important>false</important>
      <ts>2022-01-08</ts>
    </membership>
  </memberships>
  <links>
    <link>
      <label>Quick View</label>
      <url>http://wsj.com</url>
      <icon>faEye</icon>
    </link>
    <link>
      <label>Nomination History</label>
      <url>https://infoseek.co.jp</url>
      <icon>faMedal</icon>
    </link>
    <link>
      <label>Comments</label>
      <url>https://comcast.net</url>
      <icon>faComments</icon>
    </link>
  </links>
  <activities>
    <activity>
      <predicate>endedAt</predicate>
      <place>Rhyzio</place>
      <predplace>endedAt Rhyzio</predplace>
      <ts>2016-12-24T17:51:02Z</ts>
      <source>
        <name>USA Today</name>
        <ts>2021-01-25T03:49:01Z</ts>
        <createdBy>Heloise Walster</createdBy>
        <approvedBy>Amalita Langhorn</approvedBy>
      </source>
    </activity>
    <activity>
      <predicate>transferredTo</predicate>
      <place>Brainlounge</place>
      <predplace>transferredTo Brainlounge</predplace>
      <ts>2019-01-29T12:09:57Z</ts>
      <source>
        <name>New York Times</name>
        <ts>2020-04-14T06:21:15Z</ts>
        <createdBy>Cesare Chattock</createdBy>
        <approvedBy>Braden Newbatt</approvedBy>
      </source>
    </activity>
    <activity>
      <predicate>endedAt</predicate>
      <place>Oyonder</place>
      <predplace>endedAt Oyonder</predplace>
      <ts>2017-08-10T09:42:50Z</ts>
      <source>
        <name>Chicago Tribune</name>
        <ts>2021-01-15T05:57:32Z</ts>
        <createdBy>Micaela Kalinsky</createdBy>
        <approvedBy>Nico Jarrard</approvedBy>
      </source>
    </activity>
  </activities>
  <events>
    <event>
      <predicate>visited</predicate>
      <place>Lebanon</place>
      <predplace>visited Lebanon</predplace>
      <end>2017-08-18T15:08:32Z</end>
      <start>2016-04-28T03:39:43Z</start>
    </event>
  </events>
  <actions>
    <action>
      <url>http://tripod.com</url>
      <icon>faCog</icon>
    </action>
    <action>
      <url>http://squarespace.com</url>
      <icon>faCode</icon>
    </action>
    <action>
      <url>https://odnoklassniki.ru</url>
      <icon>faSync</icon>
    </action>
  </actions>
</person>