<?xml version="1.0" encoding="UTF-8" standalone="yes"?>
<person>
  <personId>10003</personId>
  <nameGroup>
    <givenname>
      <value>Sara</value>
    </givenname>
    <surname>
      <value>Iiannoni</value>
    </surname>
    <fullname>
      <classification>U</classification>
      <restricted>false</restricted>
      <value>Iiannoni Sara</value>
      <source>
        <name>Wall Street Journal</name>
        <ts>2020-05-22T07:06:21Z</ts>
      </source>
      <source>
        <name>USA Today</name>
        <ts>2021-01-19T05:51:46Z</ts>
      </source>
      <source>
        <name>Wall Street Journal</name>
        <ts>2018-12-30T20:47:16Z</ts>
      </source>
    </fullname>
  </nameGroup>
  <emails>
    <email>
      <value>peckford0@nps.gov</value>
      <classification>S</classification>
      <restricted>false</restricted>
    </email>
    <email>
      <value>rgianotti1@xing.com</value>
      <classification>C</classification>
      <restricted>false</restricted>
    </email>
    <email>
      <value>wpevsner2@ft.com</value>
      <classification>S</classification>
      <restricted>false</restricted>
    </email>
  </emails>
  <phone>421-973-4413</phone>
  <contacts>
    <contact>
      <type>email</type>
      <value>lrichemont0@abc.net.au</value>
    </contact>
    <contact>
      <type>phone</type>
      <value>503-519-2494</value>
    </contact>
    <contact>
      <type>phone</type>
      <value>488-513-6374</value>
    </contact>
  </contacts>
  <ssn>
    <value>285-43-2736</value>
    <classification>(S)</classification>
  </ssn>
  <images>
    <image>
      <url>https://cdn1.marklogic.com/wp-content/uploads/2021/07/chuck-hollis.jpeg</url>
      <source>
        <name>Wall Street Journal</name>
        <ts>2011-10-12T08:49:31Z</ts>
        <uploadedBy>gmatthewson0</uploadedBy>
      </source>
    </image>
    <image>
      <url>https://cdn1.marklogic.com/wp-content/uploads/2021/07/chuck-hollis.jpeg</url>
      <source>
        <name>Los Angeles Times</name>
        <ts>2012-06-28T23:13:11Z</ts>
        <uploadedBy>bramet0</uploadedBy>
      </source>
    </image>
    <image>
      <url>https://cdn1.marklogic.com/wp-content/uploads/2020/04/JamesKenwood-headshot-600x600-1.jpg</url>
      <source>
        <name>Chicago Tribune</name>
        <ts>2011-10-29T20:47:48Z</ts>
        <uploadedBy>jwaterhowse0</uploadedBy>
      </source>
    </image>
  </images>
  <addresses>
    <address>
      <street>3 Manley Center</street>
      <city>Asheville</city>
      <state>NC</state>
      <postal>28815</postal>
      <country>United States</country>
      <latitude>35.6203</latitude>
      <longitude>-82.5286</longitude>
    </address>
    <address>
      <street>983 Village Green Trail</street>
      <city>Houston</city>
      <state>TX</state>
      <postal>77030</postal>
      <country>United States</country>
      <latitude>29.7041</latitude>
      <longitude>-95.401</longitude>
    </address>
  </addresses>
  <schools>
    <school>
      <country>United States</country>
      <name>The American College</name>
      <city>Columbia</city>
      <state>SC</state>
      <postal>29215</postal>
      <latitude>34.0051492</latitude>
      <longitude>-81.0488996</longitude>
      <source>
        <name>USA Today</name>
        <ts>2019-06-29T18:22:40Z</ts>
      </source>
    </school>
  </schools>
  <status>Active</status>
  <sources>
    <source>
      <name>Los Angeles Times</name>
      <ts>2020-10-06T23:23:03Z</ts>
    </source>
  </sources>
  <relations>
    <relation>
      <id>/person/10074.xml</id>
      <predicate>livesWith</predicate>
      <imageSrc>https://cdn1.marklogic.com/wp-content/uploads/2021/02/1612313387205.jpeg</imageSrc>
      <fullname>Lucchi Linda</fullname>
      <city>Portland</city>
      <state>OR</state>
    </relation>
    <relation>
      <id>/person/10072.xml</id>
      <predicate>livesWith</predicate>
      <imageSrc>https://cdn1.marklogic.com/wp-content/uploads/2018/01/headshot_square_286x286.jpg</imageSrc>
      <fullname>Falk Taryn</fullname>
      <city>Baton Rouge</city>
      <state>LA</state>
    </relation>
    <relation>
      <id>/person/10007.xml</id>
      <predicate>worksWith</predicate>
      <imageSrc>https://cdn1.marklogic.com/wp-content/uploads/2018/01/Michael-Malgeri-MarkLogic.jpg</imageSrc>
      <fullname>Heims Riccardo</fullname>
      <city>Saginaw</city>
      <state>MI</state>
    </relation>
    <relation>
      <id>/person/10028.xml</id>
      <predicate>relatedTo</predicate>
      <imageSrc>https://cdn1.marklogic.com/wp-content/uploads/2021/02/1612313387205.jpeg</imageSrc>
      <fullname>MacAndie Haywood</fullname>
      <city>Omaha</city>
      <state>NE</state>
    </relation>
  </relations>
  <createdOn>
    <ts>2022-01-09T18:25:46Z</ts>
    <user>siiannoni2</user>
  </createdOn>
  <lastUpdated>
    <ts>2022-02-08T06:21:24Z</ts>
    <user>siiannoni2</user>
  </lastUpdated>
  <socials>
    <social>
      <site>twitter</site>
      <handle>avasiltsov0</handle>
      <address>https://google.it/dis/parturient/montes/nascetur/ridiculus/mus/etiam.png</address>
    </social>
  </socials>
  <memberships/>
  <links>
    <link>
      <label>Quick View</label>
      <url>https://yahoo.co.jp</url>
      <icon>faEye</icon>
    </link>
    <link>
      <label>Nomination History</label>
      <url>https://google.com</url>
      <icon>faMedal</icon>
    </link>
    <link>
      <label>Comments</label>
      <url>http://nasa.gov</url>
      <icon>faComments</icon>
    </link>
  </links>
  <activities>
    <activity>
      <predicate>transferredTo</predicate>
      <place>Kayveo</place>
      <predplace>transferredTo Kayveo</predplace>
      <ts>2016-06-20T06:38:27Z</ts>
      <source>
        <name>USA Today</name>
        <ts>2021-08-27T06:52:53Z</ts>
        <createdBy>Jerry Tapp</createdBy>
        <approvedBy>Shayna Tollemache</approvedBy>
      </source>
    </activity>
    <activity>
      <predicate>movedTo</predicate>
      <place>Skipstorm</place>
      <predplace>movedTo Skipstorm</predplace>
      <ts>2017-07-22T17:17:06Z</ts>
      <source>
        <name>New York Times</name>
        <ts>2021-03-31T11:09:57Z</ts>
        <createdBy>Judy Dales</createdBy>
        <approvedBy>Kiley Cousin</approvedBy>
      </source>
    </activity>
    <activity>
      <predicate>endedAt</predicate>
      <place>Rhycero</place>
      <predplace>endedAt Rhycero</predplace>
      <ts>2015-08-05T00:39:19Z</ts>
      <source>
        <name>Chicago Tribune</name>
        <ts>2021-08-13T11:06:13Z</ts>
        <createdBy>Erl Filipchikov</createdBy>
        <approvedBy>Tammy Poulter</approvedBy>
      </source>
    </activity>
    <activity>
      <predicate>startedAt</predicate>
      <place>Skaboo</place>
      <predplace>startedAt Skaboo</predplace>
      <ts>2013-12-23T09:26:09Z</ts>
      <source>
        <name>Los Angeles Times</name>
        <ts>2020-09-12T20:28:16Z</ts>
        <createdBy>Mohandas Norwell</createdBy>
        <approvedBy>Quint Druce</approvedBy>
      </source>
    </activity>
  </activities>
  <events>
    <event>
      <predicate>visited</predicate>
      <place>Chile</place>
      <predplace>visited Chile</predplace>
      <end>2017-05-14T22:37:54Z</end>
      <start>2015-08-22T01:05:14Z</start>
    </event>
  </events>
  <actions>
    <action>
      <url>https://craigslist.org</url>
      <icon>faCog</icon>
    </action>
    <action>
      <url>http://army.mil</url>
      <icon>faCode</icon>
    </action>
    <action>
      <url>http://boston.com</url>
      <icon>faSync</icon>
    </action>
  </actions>
</person>