<?xml version="1.0" encoding="UTF-8" standalone="yes"?>
<person>
  <personId>10001</personId>
  <nameGroup>
    <givenname>
      <value>Hermia</value>
    </givenname>
    <surname>
      <value>Goodband</value>
    </surname>
    <fullname>
      <classification>S</classification>
      <restricted>true</restricted>
      <value>Goodband Hermia</value>
      <source>
        <name>Washington Post</name>
        <ts>2018-10-11T21:48:39Z</ts>
      </source>
    </fullname>
  </nameGroup>
  <emails>
    <email>
      <value>pganford0@purevolume.com</value>
      <classification>U</classification>
      <restricted>false</restricted>
    </email>
    <email>
      <value>jjaher1@tripadvisor.com</value>
      <classification>C</classification>
      <restricted>false</restricted>
    </email>
    <email>
      <value>frayment2@stanford.edu</value>
      <classification>U</classification>
      <restricted>false</restricted>
    </email>
  </emails>
  <phone>723-560-7475</phone>
  <ssn>
    <value>622-75-9344</value>
    <classification>(S)</classification>
  </ssn>
  <images>
    <image>
      <url>https://cdn1.marklogic.com/wp-content/uploads/2020/04/JamesKenwood-headshot-600x600-1.jpg</url>
      <source>
        <name>Wall Street Journal</name>
        <ts>2013-10-24T21:02:20Z</ts>
        <uploadedBy>srocks0</uploadedBy>
      </source>
    </image>
  </images>
  <addresses>
    <address>
      <street>469 Melvin Crossing</street>
      <city>Valdosta</city>
      <state>GA</state>
      <postal>31605</postal>
      <country>United States</country>
      <latitude>30.946</latitude>
      <longitude>-83.2474</longitude>
    </address>
  </addresses>
  <schools>
    <school>
      <country>Canada</country>
      <name>Université de Sherbrooke</name>
      <city>Oliver</city>
      <state>BC</state>
      <postal>E5L</postal>
      <latitude>49.18306</latitude>
      <longitude>-119.5524</longitude>
      <source>
        <name>USA Today</name>
        <ts>2013-12-15T15:08:25Z</ts>
      </source>
      <source>
        <name>New York Times</name>
        <ts>2014-02-20T02:22:09Z</ts>
      </source>
    </school>
    <school>
      <country>Mexico</country>
      <name>Instituto Tecnológico y de Estudios Superiores de Monterrey (ITESM)</name>
      <city>Tierra Blanca</city>
      <state>GRO</state>
      <postal>40678</postal>
      <latitude>18.4458276</latitude>
      <longitude>-96.3598367</longitude>
      <source>
        <name>USA Today</name>
        <ts>2018-09-14T10:36:11Z</ts>
      </source>
      <source>
        <name>New York Times</name>
        <ts>2018-04-22T14:37:55Z</ts>
      </source>
    </school>
  </schools>
  <status>Inactive</status>
  <sources>
    <source>
      <name>Los Angeles Times</name>
      <ts>2019-05-21T09:20:27Z</ts>
    </source>
  </sources>
  <sources>
    <source>
      <name>Washington Post</name>
      <ts>2020-09-26T15:45:27Z</ts>
    </source>
  </sources>
  <relations>
    <relation>
      <id>/person/10024.xml</id>
      <predicate>relatedTo</predicate>
      <imageSrc>https://cdn1.marklogic.com/wp-content/uploads/2020/11/george-bloom-headshot-300x300-1.jpg</imageSrc>
      <fullname>Skett Hugues</fullname>
      <city>San Diego</city>
      <state>CA</state>
    </relation>
    <relation>
      <id>/person/10057.xml</id>
      <predicate>worksWith</predicate>
      <imageSrc>https://cdn1.marklogic.com/wp-content/uploads/2018/01/Michael-Malgeri-MarkLogic.jpg</imageSrc>
      <fullname>Haycock Kristyn</fullname>
      <city>Silver Spring</city>
      <state>MD</state>
    </relation>
    <relation>
      <id>/person/10003.xml</id>
      <predicate>worksWith</predicate>
      <imageSrc>https://cdn1.marklogic.com/wp-content/uploads/2018/01/headshot_square_286x286.jpg</imageSrc>
      <fullname>Dayment Leesa</fullname>
      <city>Macon</city>
      <state>GA</state>
    </relation>
  </relations>
  <createdOn>
    <ts>2022-01-28T12:21:28Z</ts>
    <user>hgoodband0</user>
  </createdOn>
  <lastUpdated>
    <ts>2022-01-09T16:16:31Z</ts>
    <user>hgoodband0</user>
  </lastUpdated>
  <socials/>
  <memberships>
    <membership>
      <list>list2</list>
      <important>false</important>
      <ts>2022-01-27</ts>
    </membership>
    <membership>
      <list>list6</list>
      <important>false</important>
      <ts>2022-02-05</ts>
    </membership>
    <membership>
      <list>list6</list>
      <important>false</important>
      <ts>2022-02-19</ts>
    </membership>
    <membership>
      <list>list1</list>
      <important>true</important>
      <ts>2022-01-11</ts>
    </membership>
    <membership>
      <list>list12</list>
      <important>false</important>
      <ts>2022-01-15</ts>
    </membership>
  </memberships>
  <links>
    <link>
      <label>Quick View</label>
      <url>http://yale.edu</url>
      <icon>faEye</icon>
    </link>
    <link>
      <label>Nomination History</label>
      <url>http://shinystat.com</url>
      <icon>faMedal</icon>
    </link>
    <link>
      <label>Comments</label>
      <url>http://google.com</url>
      <icon>faComments</icon>
    </link>
  </links>
  <activities>
    <activity>
      <predicate>transferredTo</predicate>
      <place>Trunyx</place>
      <predplace>transferredTo Trunyx</predplace>
      <ts>2012-01-27T15:55:03Z</ts>
      <source>
        <name>USA Today</name>
        <ts>2016-12-30T18:15:36Z</ts>
        <createdBy>Dahlia O'Hagan</createdBy>
        <approvedBy>Almira Cordle</approvedBy>
      </source>
    </activity>
    <activity>
      <predicate>transferredTo</predicate>
      <place>Realmix</place>
      <predplace>transferredTo Realmix</predplace>
      <ts>2011-06-06T16:45:04Z</ts>
      <source>
        <name>New York Times</name>
        <ts>2021-03-07T00:02:28Z</ts>
        <createdBy>Angel Busfield</createdBy>
        <approvedBy>Elonore Winkett</approvedBy>
      </source>
    </activity>
    <activity>
      <predicate>endedAt</predicate>
      <place>Demizz</place>
      <predplace>endedAt Demizz</predplace>
      <ts>2014-05-14T02:41:05Z</ts>
      <source>
        <name>Chicago Tribune</name>
        <ts>2019-10-06T10:31:09Z</ts>
        <createdBy>Brittne Emney</createdBy>
        <approvedBy>Cassie Antognozzii</approvedBy>
      </source>
    </activity>
    <activity>
      <predicate>startedAt</predicate>
      <place>Browsetype</place>
      <predplace>startedAt Browsetype</predplace>
      <ts>2012-06-08T00:47:47Z</ts>
      <source>
        <name>Los Angeles Times</name>
        <ts>2018-05-22T20:58:36Z</ts>
        <createdBy>Georas Hardistry</createdBy>
        <approvedBy>Banky Bosenworth</approvedBy>
      </source>
    </activity>
    <activity>
      <predicate>movedTo</predicate>
      <place>Gabcube</place>
      <predplace>movedTo Gabcube</predplace>
      <ts>2015-07-31T11:27:50Z</ts>
      <source>
        <name>Wall Street Journal</name>
        <ts>2016-07-28T06:24:12Z</ts>
        <createdBy>Brendis Coot</createdBy>
        <approvedBy>Noella Oxborough</approvedBy>
      </source>
    </activity>
  </activities>
  <actions>
    <action>
      <url>https://icq.com</url>
      <icon>faCog</icon>
    </action>
    <action>
      <url>http://nifty.com</url>
      <icon>faCode</icon>
    </action>
    <action>
      <url>https://cloudflare.com</url>
      <icon>faSync</icon>
    </action>
  </actions>
</person>