<?xml version="1.0" encoding="UTF-8" standalone="yes"?>
<person>
  <personId>10017</personId>
  <nameGroup>
    <givenname>
      <value>Adiana</value>
    </givenname>
    <surname>
      <value>Copper</value>
    </surname>
    <fullname>
      <classification>S</classification>
      <restricted>true</restricted>
      <value>Copper Adiana</value>
      <source>
        <name>New York Times</name>
        <ts>2012-07-26T03:25:52Z</ts>
      </source>
    </fullname>
  </nameGroup>
  <emails>
    <email>
      <value>qnewhouse0@disqus.com</value>
      <classification>C</classification>
      <restricted>false</restricted>
    </email>
  </emails>
  <phone>844-634-3071</phone>
  <ssn>
    <value>106-55-0482</value>
    <classification>(S)</classification>
  </ssn>
  <images>
    <image>
      <url>https://cdn1.marklogic.com/wp-content/uploads/2021/05/IS-headshot.jpeg</url>
      <source>
        <name>Chicago Tribune</name>
        <ts>2021-04-02T07:31:03Z</ts>
        <uploadedBy/>
      </source>
    </image>
    <image>
      <url>https://cdn1.marklogic.com/wp-content/uploads/2018/02/trinh-lieu-profile.jpg</url>
      <source>
        <name>Wall Street Journal</name>
        <ts>2014-07-05T01:56:39Z</ts>
        <uploadedBy>pestcourt0</uploadedBy>
      </source>
    </image>
    <image>
      <url>https://cdn1.marklogic.com/wp-content/uploads/2021/05/IS-headshot.jpeg</url>
      <source>
        <name>Washington Post</name>
        <ts>2018-08-11T09:52:27Z</ts>
        <uploadedBy>pmulmuray0</uploadedBy>
      </source>
    </image>
  </images>
  <addresses>
    <address>
      <street>0915 Nevada Parkway</street>
      <city>Wilkes Barre</city>
      <state>PA</state>
      <postal>18706</postal>
      <country>United States</country>
      <latitude>41.2044</latitude>
      <longitude>-75.9113</longitude>
    </address>
  </addresses>
  <schools>
    <school>
      <country>United States</country>
      <name>Waynesburg College</name>
      <city>Jamaica</city>
      <state>NY</state>
      <postal>11407</postal>
      <latitude>40.6998888</latitude>
      <longitude>-73.8076421</longitude>
      <source>
        <name>USA Today</name>
        <ts>2015-07-21T09:32:36Z</ts>
      </source>
      <source>
        <name>New York Times</name>
        <ts>2021-10-12T11:47:31Z</ts>
      </source>
      <source>
        <name>Chicago Tribune</name>
        <ts>2014-08-02T22:18:37Z</ts>
      </source>
    </school>
  </schools>
  <status>Active</status>
  <sources>
    <source>
      <name>Los Angeles Times</name>
      <ts>2010-04-29T21:54:45Z</ts>
    </source>
  </sources>
  <sources>
    <source>
      <name>Washington Post</name>
      <ts>2019-06-02T13:35:39Z</ts>
    </source>
  </sources>
  <relations>
    <relation>
      <id>/person/10053.xml</id>
      <predicate>livesWith</predicate>
      <imageSrc>https://cdn1.marklogic.com/wp-content/uploads/2020/11/george-bloom-headshot-300x300-1.jpg</imageSrc>
      <fullname>Waby Tommi</fullname>
      <city>Chicago</city>
      <state>IL</state>
    </relation>
    <relation>
      <id>/person/10079.xml</id>
      <predicate>worksWith</predicate>
      <imageSrc>https://cdn1.marklogic.com/wp-content/uploads/2018/02/trinh-lieu-profile.jpg</imageSrc>
      <fullname>Ferson Zabrina</fullname>
      <city>Jamaica</city>
      <state>NY</state>
    </relation>
    <relation>
      <id>/person/10087.xml</id>
      <predicate>worksWith</predicate>
      <imageSrc>https://cdn1.marklogic.com/wp-content/uploads/2018/01/Alicia-Saia-MarkLogic1.jpg</imageSrc>
      <fullname>Windless Margaretha</fullname>
      <city>Seattle</city>
      <state>WA</state>
    </relation>
  </relations>
  <createdOn>
    <ts>2022-02-16T12:17:47Z</ts>
    <user>acopperg</user>
  </createdOn>
  <lastUpdated>
    <ts>2022-01-13T04:55:10Z</ts>
    <user>acopperg</user>
  </lastUpdated>
  <socials>
    <social>
      <site>linkedin</site>
      <handle>ssamwaye0</handle>
      <address>http://acquirethisname.com/dolor.js</address>
    </social>
    <social>
      <site>twitter</site>
      <handle>sfrean1</handle>
      <address>https://networksolutions.com/sapien/iaculis/congue/vivamus/metus.aspx</address>
    </social>
    <social>
      <site>linkedin</site>
      <handle>csmetoun2</handle>
      <address>http://macromedia.com/luctus/rutrum/nulla/tellus/in/sagittis/dui.png</address>
    </social>
  </socials>
  <memberships/>
  <links>
    <link>
      <label>Quick View</label>
      <url>http://yellowpages.com</url>
      <icon>faEye</icon>
    </link>
    <link>
      <label>Nomination History</label>
      <url>https://wikia.com</url>
      <icon>faMedal</icon>
    </link>
    <link>
      <label>Comments</label>
      <url>https://people.com.cn</url>
      <icon>faComments</icon>
    </link>
  </links>
  <activities>
    <activity>
      <predicate>transferredTo</predicate>
      <place>Muxo</place>
      <predplace>transferredTo Muxo</predplace>
      <ts>2013-12-28T22:56:09Z</ts>
      <source>
        <name>USA Today</name>
        <ts>2016-03-24T21:47:56Z</ts>
        <createdBy>Ashil Brookzie</createdBy>
        <approvedBy>Nate Kohrt</approvedBy>
      </source>
    </activity>
    <activity>
      <predicate>endedAt</predicate>
      <place>Jayo</place>
      <predplace>endedAt Jayo</predplace>
      <ts>2013-02-15T16:20:21Z</ts>
      <source>
        <name>New York Times</name>
        <ts>2020-01-06T09:00:09Z</ts>
        <createdBy>Jacki Coslett</createdBy>
        <approvedBy>Patton Porte</approvedBy>
      </source>
    </activity>
    <activity>
      <predicate>transferredTo</predicate>
      <place>Browsecat</place>
      <predplace>transferredTo Browsecat</predplace>
      <ts>2014-10-25T08:24:40Z</ts>
      <source>
        <name>Chicago Tribune</name>
        <ts>2017-01-25T22:44:51Z</ts>
        <createdBy>Zorana Cornilli</createdBy>
        <approvedBy>Rodrique Rookledge</approvedBy>
      </source>
    </activity>
    <activity>
      <predicate>transferredTo</predicate>
      <place>Topdrive</place>
      <predplace>transferredTo Topdrive</predplace>
      <ts>2011-12-03T11:59:57Z</ts>
      <source>
        <name>Los Angeles Times</name>
        <ts>2022-02-02T06:32:36Z</ts>
        <createdBy>Sena Bernardo</createdBy>
        <approvedBy>Loni Sanchis</approvedBy>
      </source>
    </activity>
    <activity>
      <predicate>transferredTo</predicate>
      <place>Photolist</place>
      <predplace>transferredTo Photolist</predplace>
      <ts>2010-07-08T08:51:49Z</ts>
      <source>
        <name>Wall Street Journal</name>
        <ts>2016-11-21T22:00:23Z</ts>
        <createdBy>Cal Brittlebank</createdBy>
        <approvedBy>Sharla Treswell</approvedBy>
      </source>
    </activity>
    <activity>
      <predicate>transferredTo</predicate>
      <place>Quaxo</place>
      <predplace>transferredTo Quaxo</predplace>
      <ts>2011-11-23T21:50:15Z</ts>
      <source>
        <name>Washington Post</name>
        <ts>2016-05-17T01:42:13Z</ts>
        <createdBy>Bartolemo Honisch</createdBy>
        <approvedBy>Lauritz Roft</approvedBy>
      </source>
    </activity>
  </activities>
  <actions>
    <action>
      <url>https://flickr.com</url>
      <icon>faCog</icon>
    </action>
    <action>
      <url>http://fema.gov</url>
      <icon>faCode</icon>
    </action>
    <action>
      <url>http://lycos.com</url>
      <icon>faSync</icon>
    </action>
  </actions>
</person>