<?xml version="1.0" encoding="UTF-8" standalone="yes"?>
<person>
  <personId>10010</personId>
  <nameGroup>
    <givenname>
      <value>Gertruda</value>
    </givenname>
    <surname>
      <value>Shevell</value>
    </surname>
    <fullname>
      <classification>C</classification>
      <restricted>true</restricted>
      <value>Shevell Gertruda</value>
      <source>
        <name>Wall Street Journal</name>
        <ts>2017-08-28T08:14:58Z</ts>
      </source>
      <source>
        <name>Washington Post</name>
        <ts>2017-11-28T16:47:59Z</ts>
      </source>
    </fullname>
  </nameGroup>
  <emails>
    <email>
      <value>ebrettell0@wix.com</value>
      <classification>U</classification>
      <restricted>false</restricted>
    </email>
    <email>
      <value>iizakovitz1@hugedomains.com</value>
      <classification>C</classification>
      <restricted>false</restricted>
    </email>
    <email>
      <value>bmathan2@webmd.com</value>
      <classification>U</classification>
      <restricted>false</restricted>
    </email>
  </emails>
  <phone>144-465-0414</phone>
  <ssn>
    <value>174-29-3941</value>
    <classification>(S)</classification>
  </ssn>
  <images>
    <image>
      <url>https://cdn1.marklogic.com/wp-content/uploads/2018/01/Alicia-Saia-MarkLogic1.jpg</url>
      <source>
        <name>USA Today</name>
        <ts>2015-04-15T15:42:59Z</ts>
        <uploadedBy>lbeswell0</uploadedBy>
      </source>
    </image>
  </images>
  <addresses>
    <address>
      <street>73 Waywood Crossing</street>
      <city>Orlando</city>
      <state>FL</state>
      <postal>32808</postal>
      <country>United States</country>
      <latitude>28.5803</latitude>
      <longitude>-81.4396</longitude>
    </address>
    <address>
      <street>939 Maple Wood Center</street>
      <city>New York City</city>
      <state>NY</state>
      <postal>10034</postal>
      <country>United States</country>
      <latitude>40.8662</latitude>
      <longitude>-73.9221</longitude>
    </address>
  </addresses>
  <schools>
    <school>
      <country>Canada</country>
      <name>Pacific International College</name>
      <city>Watrous</city>
      <state>SK</state>
      <postal>L9T</postal>
      <latitude>51.66677</latitude>
      <longitude>-105.46788</longitude>
      <source>
        <name>USA Today</name>
        <ts>2019-10-12T03:52:37Z</ts>
      </source>
      <source>
        <name>New York Times</name>
        <ts>2011-04-10T23:54:33Z</ts>
      </source>
    </school>
    <school>
      <country>United States</country>
      <name>Sam Houston State University</name>
      <city>Yonkers</city>
      <state>NY</state>
      <postal>10705</postal>
      <latitude>40.9180569</latitude>
      <longitude>-73.8977693</longitude>
      <source>
        <name>USA Today</name>
        <ts>2011-09-14T03:35:04Z</ts>
      </source>
      <source>
        <name>New York Times</name>
        <ts>2012-02-03T04:05:37Z</ts>
      </source>
      <source>
        <name>Chicago Tribune</name>
        <ts>2012-01-02T16:37:24Z</ts>
      </source>
    </school>
  </schools>
  <status>Active</status>
  <sources>
    <source>
      <name>USA Today</name>
      <ts>2014-08-14T01:38:38Z</ts>
    </source>
  </sources>
  <relations>
    <relation>
      <id>/person/10044.xml</id>
      <predicate>livesWith</predicate>
      <imageSrc>https://cdn1.marklogic.com/wp-content/uploads/2021/07/chuck-hollis.jpeg</imageSrc>
      <fullname>Scottesmoor Giffer</fullname>
      <city>San Francisco</city>
      <state>CA</state>
    </relation>
    <relation>
      <id>/person/10084.xml</id>
      <predicate>worksWith</predicate>
      <imageSrc>https://cdn1.marklogic.com/wp-content/uploads/2021/02/1612313387205.jpeg</imageSrc>
      <fullname>Jager Olivette</fullname>
      <city>Sioux City</city>
      <state>IA</state>
    </relation>
    <relation>
      <id>/person/10055.xml</id>
      <predicate>relatedTo</predicate>
      <imageSrc>https://cdn1.marklogic.com/wp-content/uploads/2018/01/Michael-Malgeri-MarkLogic.jpg</imageSrc>
      <fullname>Alekhov Tasha</fullname>
      <city>Midland</city>
      <state>TX</state>
    </relation>
    <relation>
      <id>/person/10048.xml</id>
      <predicate>relatedTo</predicate>
      <imageSrc>https://cdn1.marklogic.com/wp-content/uploads/2018/01/Diane-Burley-MarkLogic-2015.jpg</imageSrc>
      <fullname>Pile Karmen</fullname>
      <city>Omaha</city>
      <state>NE</state>
    </relation>
    <relation>
      <id>/person/10095.xml</id>
      <predicate>worksWith</predicate>
      <imageSrc>https://cdn1.marklogic.com/wp-content/uploads/2020/04/JamesKenwood-headshot-600x600-1.jpg</imageSrc>
      <fullname>Dumini Lisle</fullname>
      <city>Bakersfield</city>
      <state>CA</state>
    </relation>
  </relations>
  <createdOn>
    <ts>2022-01-25T15:50:42Z</ts>
    <user>gshevell9</user>
  </createdOn>
  <lastUpdated>
    <ts>2022-02-24T16:20:11Z</ts>
    <user>gshevell9</user>
  </lastUpdated>
  <socials/>
  <memberships>
    <membership>
      <list>list9</list>
      <important>true</important>
      <ts>2022-01-02</ts>
    </membership>
    <membership>
      <list>list1</list>
      <important>false</important>
      <ts>2022-01-23</ts>
    </membership>
    <membership>
      <list>list3</list>
      <important>false</important>
      <ts>2022-02-16</ts>
    </membership>
    <membership>
      <list>list4</list>
      <important>false</important>
      <ts>2022-01-15</ts>
    </membership>
    <membership>
      <list>list10</list>
      <important>true</important>
      <ts>2022-02-04</ts>
    </membership>
    <membership>
      <list>list5</list>
      <important>false</important>
      <ts>2022-01-29</ts>
    </membership>
  </memberships>
  <links>
    <link>
      <label>Quick View</label>
      <url>http://dion.ne.jp</url>
      <icon>faEye</icon>
    </link>
    <link>
      <label>Nomination History</label>
      <url>http://mozilla.org</url>
      <icon>faMedal</icon>
    </link>
    <link>
      <label>Comments</label>
      <url>https://fastcompany.com</url>
      <icon>faComments</icon>
    </link>
  </links>
  <activities>
    <activity>
      <predicate>endedAt</predicate>
      <place>Flashpoint</place>
      <predplace>endedAt Flashpoint</predplace>
      <ts>2014-05-17T15:57:10Z</ts>
      <source>
        <name>USA Today</name>
        <ts>2022-03-17T09:50:34Z</ts>
        <createdBy>Lane Abbie</createdBy>
        <approvedBy>Inez Brinkler</approvedBy>
      </source>
    </activity>
    <activity>
      <predicate>endedAt</predicate>
      <place>Centimia</place>
      <predplace>endedAt Centimia</predplace>
      <ts>2013-04-16T05:45:30Z</ts>
      <source>
        <name>New York Times</name>
        <ts>2020-01-22T18:21:42Z</ts>
        <createdBy>Mathias Frick</createdBy>
        <approvedBy>Eartha Ricarde</approvedBy>
      </source>
    </activity>
    <activity>
      <predicate>endedAt</predicate>
      <place>Pixope</place>
      <predplace>endedAt Pixope</predplace>
      <ts>2013-07-25T03:16:46Z</ts>
      <source>
        <name>Chicago Tribune</name>
        <ts>2019-12-31T00:34:07Z</ts>
        <createdBy>Dominique Fitzsymon</createdBy>
        <approvedBy>Juliet Dafter</approvedBy>
      </source>
    </activity>
    <activity>
      <predicate>endedAt</predicate>
      <place>Plambee</place>
      <predplace>endedAt Plambee</predplace>
      <ts>2010-06-25T08:41:34Z</ts>
      <source>
        <name>Los Angeles Times</name>
        <ts>2017-05-01T21:04:49Z</ts>
        <createdBy>Beniamino Ridhole</createdBy>
        <approvedBy>Weylin Verman</approvedBy>
      </source>
    </activity>
    <activity>
      <predicate>movedTo</predicate>
      <place>Talane</place>
      <predplace>movedTo Talane</predplace>
      <ts>2015-02-05T22:43:58Z</ts>
      <source>
        <name>Wall Street Journal</name>
        <ts>2016-03-25T11:48:25Z</ts>
        <createdBy>Kalindi Jeanneau</createdBy>
        <approvedBy>Hewie Bolsover</approvedBy>
      </source>
    </activity>
    <activity>
      <predicate>endedAt</predicate>
      <place>Skimia</place>
      <predplace>endedAt Skimia</predplace>
      <ts>2014-07-22T22:46:23Z</ts>
      <source>
        <name>Washington Post</name>
        <ts>2019-01-11T23:47:49Z</ts>
        <createdBy>Genia Greason</createdBy>
        <approvedBy>Marian Mawtus</approvedBy>
      </source>
    </activity>
  </activities>
  <actions>
    <action>
      <url>http://seattletimes.com</url>
      <icon>faCog</icon>
    </action>
    <action>
      <url>http://comsenz.com</url>
      <icon>faCode</icon>
    </action>
    <action>
      <url>https://buzzfeed.com</url>
      <icon>faSync</icon>
    </action>
  </actions>
</person>