<?xml version="1.0" encoding="UTF-8" standalone="yes"?>
<person>
  <personId>10019</personId>
  <nameGroup>
    <givenname>
      <value>Fredelia</value>
    </givenname>
    <surname>
      <value>Basey</value>
    </surname>
    <fullname>
      <classification>S</classification>
      <restricted>false</restricted>
      <value>Basey Fredelia</value>
      <source>
        <name>New York Times</name>
        <ts>2013-11-04T05:24:03Z</ts>
      </source>
      <source>
        <name>Wall Street Journal</name>
        <ts>2016-03-14T17:35:14Z</ts>
      </source>
    </fullname>
  </nameGroup>
  <emails>
    <email>
      <value>hottee0@cloudflare.com</value>
      <classification>C</classification>
      <restricted>false</restricted>
    </email>
    <email>
      <value>kparzis1@bing.com</value>
      <classification>U</classification>
      <restricted>false</restricted>
    </email>
    <email>
      <value>tcharon2@examiner.com</value>
      <classification>C</classification>
      <restricted>false</restricted>
    </email>
  </emails>
  <phone>513-936-4968</phone>
  <contacts>
    <contact>
      <type>email</type>
      <value>bevamy0@yandex.ru</value>
    </contact>
    <contact>
      <type>phone</type>
      <value>512-514-3540</value>
    </contact>
    <contact>
      <type>phone</type>
      <value>106-214-0218</value>
    </contact>
  </contacts>
  <ssn>
    <value>720-80-1194</value>
    <classification>(S)</classification>
  </ssn>
  <images>
    <image>
      <url>https://cdn1.marklogic.com/wp-content/uploads/2021/07/chuck-hollis.jpeg</url>
      <source>
        <name>New York Times</name>
        <ts>2012-07-26T00:11:21Z</ts>
        <uploadedBy>aivy0</uploadedBy>
      </source>
    </image>
    <image>
      <url>https://cdn1.marklogic.com/wp-content/uploads/2018/01/headshot_square_286x286.jpg</url>
      <source>
        <name>Los Angeles Times</name>
        <ts>2013-10-02T20:23:19Z</ts>
        <uploadedBy>dmaric0</uploadedBy>
      </source>
    </image>
    <image>
      <url>https://cdn1.marklogic.com/wp-content/uploads/2018/02/trinh-lieu-profile.jpg</url>
      <source>
        <name>USA Today</name>
        <ts>2016-03-07T16:00:36Z</ts>
        <uploadedBy>nzanettini0</uploadedBy>
      </source>
    </image>
  </images>
  <addresses>
    <address>
      <street>3847 Brown Parkway</street>
      <city>Northridge</city>
      <state>CA</state>
      <postal>91328</postal>
      <country>United States</country>
      <latitude>33.7866</latitude>
      <longitude>-118.2987</longitude>
    </address>
    <address>
      <street>58 3rd Pass</street>
      <city>Stamford</city>
      <state>CT</state>
      <postal>06912</postal>
      <country>United States</country>
      <latitude>41.3089</latitude>
      <longitude>-73.3637</longitude>
    </address>
  </addresses>
  <schools>
    <school>
      <country>Canada</country>
      <name>Lansbridge University</name>
      <city>Langenburg</city>
      <state>SK</state>
      <postal>V7P</postal>
      <latitude>50.84999</latitude>
      <longitude>-101.71763</longitude>
      <source>
        <name>USA Today</name>
        <ts>2012-09-18T19:48:34Z</ts>
      </source>
      <source>
        <name>New York Times</name>
        <ts>2011-10-20T04:31:05Z</ts>
      </source>
    </school>
    <school>
      <country>United States</country>
      <name>John Paul the Great Catholic University</name>
      <city>Pittsburgh</city>
      <state>PA</state>
      <postal>15255</postal>
      <latitude>40.44</latitude>
      <longitude>-79.98</longitude>
      <source>
        <name>USA Today</name>
        <ts>2014-02-04T14:44:49Z</ts>
      </source>
      <source>
        <name>New York Times</name>
        <ts>2020-11-24T15:35:32Z</ts>
      </source>
    </school>
  </schools>
  <status>Inactive</status>
  <sources>
    <source>
      <name>Washington Post</name>
      <ts>2013-08-02T21:21:48Z</ts>
    </source>
  </sources>
  <relations>
    <relation>
      <id>/person/10074.xml</id>
      <predicate>worksWith</predicate>
      <imageSrc>https://cdn1.marklogic.com/wp-content/uploads/2021/02/1612313387205.jpeg</imageSrc>
      <fullname>Lucchi Linda</fullname>
      <city>Portland</city>
      <state>OR</state>
    </relation>
    <relation>
      <id>/person/10047.xml</id>
      <predicate>relatedTo</predicate>
      <imageSrc>https://cdn1.marklogic.com/wp-content/uploads/2021/05/IS-headshot.jpeg</imageSrc>
      <fullname>Brunker Buffy</fullname>
      <city>Midland</city>
      <state>MI</state>
    </relation>
    <relation>
      <id>/person/10071.xml</id>
      <predicate>worksWith</predicate>
      <imageSrc>https://cdn1.marklogic.com/wp-content/uploads/2020/11/george-bloom-headshot-300x300-1.jpg</imageSrc>
      <fullname>Beardsley Ira</fullname>
      <city>Atlanta</city>
      <state>GA</state>
    </relation>
    <relation>
      <id>/person/10034.xml</id>
      <predicate>relatedTo</predicate>
      <imageSrc>https://cdn1.marklogic.com/wp-content/uploads/2018/01/Diane-Burley-MarkLogic-2015.jpg</imageSrc>
      <fullname>Hatto Zorine</fullname>
      <city>Newport News</city>
      <state>VA</state>
    </relation>
    <relation>
      <id>/person/10042.xml</id>
      <predicate>relatedTo</predicate>
      <imageSrc>https://cdn1.marklogic.com/wp-content/uploads/2020/11/george-bloom-headshot-300x300-1.jpg</imageSrc>
      <fullname>Crinkley Guillemette</fullname>
      <city>New Orleans</city>
      <state>LA</state>
    </relation>
  </relations>
  <createdOn>
    <ts>2022-02-15T20:05:46Z</ts>
    <user>fbaseyi</user>
  </createdOn>
  <lastUpdated>
    <ts>2022-01-12T22:21:17Z</ts>
    <user>fbaseyi</user>
  </lastUpdated>
  <socials>
    <social>
      <site>twitter</site>
      <handle>cambrosoli0</handle>
      <address>http://parallels.com/id/ligula/suspendisse/ornare/consequat/lectus.xml</address>
    </social>
    <social>
      <site>facebook</site>
      <handle>nahlf1</handle>
      <address>https://economist.com/libero.png</address>
    </social>
    <social>
      <site>facebook</site>
      <handle>ddecarteret2</handle>
      <address>https://tuttocitta.it/nullam/porttitor/lacus/at/turpis/donec/posuere.json</address>
    </social>
  </socials>
  <memberships>
    <membership>
      <list>list8</list>
      <important>false</important>
      <ts>2022-01-01</ts>
    </membership>
    <membership>
      <list>list9</list>
      <important>true</important>
      <ts>2022-01-23</ts>
    </membership>
    <membership>
      <list>list3</list>
      <important>false</important>
      <ts>2022-01-28</ts>
    </membership>
    <membership>
      <list>list12</list>
      <important>false</important>
      <ts>2022-02-16</ts>
    </membership>
    <membership>
      <list>list4</list>
      <important>false</important>
      <ts>2022-02-09</ts>
    </membership>
  </memberships>
  <links>
    <link>
      <label>Quick View</label>
      <url>http://ucoz.ru</url>
      <icon>faEye</icon>
    </link>
    <link>
      <label>Nomination History</label>
      <url>https://google.co.uk</url>
      <icon>faMedal</icon>
    </link>
    <link>
      <label>Comments</label>
      <url>http://mapy.cz</url>
      <icon>faComments</icon>
    </link>
  </links>
  <activities>
    <activity>
      <predicate>startedAt</predicate>
      <place>Zoombeat</place>
      <predplace>startedAt Zoombeat</predplace>
      <ts>2018-02-19T18:58:58Z</ts>
      <source>
        <name>USA Today</name>
        <ts>2020-09-05T04:01:40Z</ts>
        <createdBy>Jerry Coppen</createdBy>
        <approvedBy>Hugues Jiroutek</approvedBy>
      </source>
    </activity>
    <activity>
      <predicate>movedTo</predicate>
      <place>Brainbox</place>
      <predplace>movedTo Brainbox</predplace>
      <ts>2018-12-06T03:25:07Z</ts>
      <source>
        <name>New York Times</name>
        <ts>2020-10-04T08:14:15Z</ts>
        <createdBy>Eldredge Raven</createdBy>
        <approvedBy>Laina Grant</approvedBy>
      </source>
    </activity>
  </activities>
  <events>
    <event>
      <predicate>servedIn</predicate>
      <place>Philippines</place>
      <predplace>servedIn Philippines</predplace>
      <end>2018-04-17T04:08:59Z</end>
      <start>2015-09-03T05:06:19Z</start>
    </event>
  </events>
  <actions>
    <action>
      <url>http://github.com</url>
      <icon>faCog</icon>
    </action>
    <action>
      <url>https://addthis.com</url>
      <icon>faCode</icon>
    </action>
    <action>
      <url>http://umich.edu</url>
      <icon>faSync</icon>
    </action>
  </actions>
</person>