<?xml version="1.0" encoding="UTF-8" standalone="yes"?>
<person>
  <personId>10013</personId>
  <nameGroup>
    <givenname>
      <value>Whitney</value>
    </givenname>
    <surname>
      <value>Adelsberg</value>
    </surname>
    <fullname>
      <classification>S</classification>
      <restricted>true</restricted>
      <value>Adelsberg Whitney</value>
      <source>
        <name>Wall Street Journal</name>
        <ts>2013-03-12T06:11:27Z</ts>
      </source>
    </fullname>
  </nameGroup>
  <emails>
    <email>
      <value>skowalski0@toplist.cz</value>
      <classification>C</classification>
      <restricted>false</restricted>
    </email>
  </emails>
  <phone>565-887-9710</phone>
  <contacts>
    <contact>
      <type>phone</type>
      <value>406-258-9426</value>
    </contact>
    <contact>
      <type>email</type>
      <value>bfearneley1@techcrunch.com</value>
    </contact>
    <contact>
      <type>email</type>
      <value>vhamlyn2@princeton.edu</value>
    </contact>
  </contacts>
  <ssn>
    <value>440-88-5889</value>
    <classification>(S)</classification>
  </ssn>
  <images>
    <image>
      <url>https://cdn1.marklogic.com/wp-content/uploads/2018/01/Michael-Malgeri-MarkLogic.jpg</url>
      <source>
        <name>Wall Street Journal</name>
        <ts>2014-08-11T02:55:29Z</ts>
        <uploadedBy>keddleston0</uploadedBy>
      </source>
    </image>
    <image>
      <url>https://cdn1.marklogic.com/wp-content/uploads/2021/02/1612313387205.jpeg</url>
      <source>
        <name>Los Angeles Times</name>
        <ts>2016-04-25T00:49:45Z</ts>
        <uploadedBy>nburvill0</uploadedBy>
      </source>
    </image>
    <image>
      <url>https://cdn1.marklogic.com/wp-content/uploads/2021/07/chuck-hollis.jpeg</url>
      <source>
        <name>Chicago Tribune</name>
        <ts>2018-12-31T07:35:57Z</ts>
        <uploadedBy/>
      </source>
    </image>
  </images>
  <addresses>
    <address>
      <street>3269 Scott Avenue</street>
      <city>El Paso</city>
      <state>TX</state>
      <postal>79940</postal>
      <country>United States</country>
      <latitude>31.6948</latitude>
      <longitude>-106.3</longitude>
    </address>
    <address>
      <street>43 Melvin Center</street>
      <city>Duluth</city>
      <state>MN</state>
      <postal>55805</postal>
      <country>United States</country>
      <latitude>46.7987</latitude>
      <longitude>-92.0946</longitude>
    </address>
  </addresses>
  <schools>
    <school>
      <country>United States</country>
      <name>University of Missouri - Kansas City</name>
      <city>Madison</city>
      <state>WI</state>
      <postal>53716</postal>
      <latitude>43.0709333</latitude>
      <longitude>-89.3274391</longitude>
      <source>
        <name>USA Today</name>
        <ts>2010-07-11T19:45:12Z</ts>
      </source>
      <source>
        <name>New York Times</name>
        <ts>2016-02-17T09:13:56Z</ts>
      </source>
      <source>
        <name>Chicago Tribune</name>
        <ts>2013-09-16T10:15:57Z</ts>
      </source>
    </school>
    <school>
      <country>Mexico</country>
      <name>Universidad Autónoma de Fresnillo</name>
      <city>La Gloria</city>
      <state>VER</state>
      <postal>93826</postal>
      <latitude>19.3957419</latitude>
      <longitude>-97.2826539</longitude>
      <source>
        <name>USA Today</name>
        <ts>2011-04-19T18:15:03Z</ts>
      </source>
      <source>
        <name>New York Times</name>
        <ts>2021-02-13T19:24:20Z</ts>
      </source>
      <source>
        <name>Chicago Tribune</name>
        <ts>2020-04-21T04:08:24Z</ts>
      </source>
    </school>
  </schools>
  <status>Active</status>
  <sources>
    <source>
      <name>New York Times</name>
      <ts>2017-06-01T22:14:39Z</ts>
    </source>
  </sources>
  <sources>
    <source>
      <name>Los Angeles Times</name>
      <ts>2010-11-01T03:14:23Z</ts>
    </source>
  </sources>
  <relations>
    <relation>
      <id>/person/10001.xml</id>
      <predicate>worksWith</predicate>
      <imageSrc>https://cdn1.marklogic.com/wp-content/uploads/2018/02/trinh-lieu-profile.jpg</imageSrc>
      <fullname>Jarrell Homere</fullname>
      <city>Waterbury</city>
      <state>CT</state>
    </relation>
    <relation>
      <id>/person/10023.xml</id>
      <predicate>livesWith</predicate>
      <imageSrc>https://cdn1.marklogic.com/wp-content/uploads/2021/02/1612313387205.jpeg</imageSrc>
      <fullname>Stanfield Philippa</fullname>
      <city>Madison</city>
      <state>WI</state>
    </relation>
    <relation>
      <id>/person/10033.xml</id>
      <predicate>livesWith</predicate>
      <imageSrc>https://cdn1.marklogic.com/wp-content/uploads/2020/11/george-bloom-headshot-300x300-1.jpg</imageSrc>
      <fullname>Boal Ainslie</fullname>
      <city>Winston Salem</city>
      <state>NC</state>
    </relation>
  </relations>
  <createdOn>
    <ts>2022-01-15T06:21:42Z</ts>
    <user>wadelsbergc</user>
  </createdOn>
  <lastUpdated>
    <ts>2022-01-17T17:01:53Z</ts>
    <user>wadelsbergc</user>
  </lastUpdated>
  <socials>
    <social>
      <site>twitter</site>
      <handle/>
      <address>https://dropbox.com/convallis/morbi/odio/odio/elementum/eu/interdum.png</address>
    </social>
  </socials>
  <memberships/>
  <links>
    <link>
      <label>Quick View</label>
      <url>http://hibu.com</url>
      <icon>faEye</icon>
    </link>
    <link>
      <label>Nomination History</label>
      <url>https://nba.com</url>
      <icon>faMedal</icon>
    </link>
    <link>
      <label>Comments</label>
      <url>https://ihg.com</url>
      <icon>faComments</icon>
    </link>
  </links>
  <activities>
    <activity>
      <predicate>movedTo</predicate>
      <place>Babbleblab</place>
      <predplace>movedTo Babbleblab</predplace>
      <ts>2012-09-02T19:58:49Z</ts>
      <source>
        <name>USA Today</name>
        <ts>2020-05-30T18:54:27Z</ts>
        <createdBy>Ranique Devany</createdBy>
        <approvedBy>Zitella Buzek</approvedBy>
      </source>
    </activity>
    <activity>
      <predicate>endedAt</predicate>
      <place>Cogidoo</place>
      <predplace>endedAt Cogidoo</predplace>
      <ts>2014-01-09T19:47:15Z</ts>
      <source>
        <name>New York Times</name>
        <ts>2021-06-18T12:07:04Z</ts>
        <createdBy>Osmond Vigneron</createdBy>
        <approvedBy>Heath Mutch</approvedBy>
      </source>
    </activity>
    <activity>
      <predicate>startedAt</predicate>
      <place>Bubblemix</place>
      <predplace>startedAt Bubblemix</predplace>
      <ts>2012-01-28T23:26:04Z</ts>
      <source>
        <name>Chicago Tribune</name>
        <ts>2021-09-11T17:30:15Z</ts>
        <createdBy>Arty Grayley</createdBy>
        <approvedBy>Karoly Kinnoch</approvedBy>
      </source>
    </activity>
  </activities>
  <events>
    <event>
      <predicate>servedIn</predicate>
      <place>Egypt</place>
      <predplace>servedIn Egypt</predplace>
      <end>2018-06-16T22:28:32Z</end>
      <start>2015-02-21T05:30:37Z</start>
    </event>
  </events>
  <actions>
    <action>
      <url>http://cmu.edu</url>
      <icon>faCog</icon>
    </action>
    <action>
      <url>https://discovery.com</url>
      <icon>faCode</icon>
    </action>
    <action>
      <url>https://123-reg.co.uk</url>
      <icon>faSync</icon>
    </action>
  </actions>
</person>