<?xml version="1.0" encoding="UTF-8" standalone="yes"?>
<person>
  <personId>10014</personId>
  <nameGroup>
    <givenname>
      <value>Torr</value>
    </givenname>
    <surname>
      <value>Cockill</value>
    </surname>
    <fullname>
      <classification>U</classification>
      <restricted>true</restricted>
      <value>Cockill Torr</value>
      <source>
        <name>USA Today</name>
        <ts>2016-01-25T17:20:01Z</ts>
      </source>
    </fullname>
  </nameGroup>
  <emails>
    <email>
      <value>phartburn0@sakura.ne.jp</value>
      <classification>S</classification>
      <restricted>false</restricted>
    </email>
    <email>
      <value>ahargreaves1@barnesandnoble.com</value>
      <classification>U</classification>
      <restricted>false</restricted>
    </email>
  </emails>
  <phone>587-866-3945</phone>
  <contacts>
    <contact>
      <type>email</type>
      <value>lbriar0@bizjournals.com</value>
    </contact>
    <contact>
      <type>email</type>
      <value>phillam1@epa.gov</value>
    </contact>
    <contact>
      <type>email</type>
      <value>bwannan2@storify.com</value>
    </contact>
  </contacts>
  <ssn>
    <value>561-23-0927</value>
    <classification>(S)</classification>
  </ssn>
  <images>
    <image>
      <url>https://cdn1.marklogic.com/wp-content/uploads/2021/07/chuck-hollis.jpeg</url>
      <source>
        <name>USA Today</name>
        <ts>2021-06-06T02:42:48Z</ts>
        <uploadedBy>ctrolley0</uploadedBy>
      </source>
    </image>
  </images>
  <addresses>
    <address>
      <street>655 Hudson Point</street>
      <city>Nashville</city>
      <state>TN</state>
      <postal>37205</postal>
      <country>United States</country>
      <latitude>36.1114</latitude>
      <longitude>-86.869</longitude>
    </address>
  </addresses>
  <schools>
    <school>
      <country>Mexico</country>
      <name>Universidad Obrera de Mexico</name>
      <city>Loma Bonita</city>
      <state>MOR</state>
      <postal>62576</postal>
      <latitude>18.1096868</latitude>
      <longitude>-95.8803869</longitude>
      <source>
        <name>USA Today</name>
        <ts>2017-06-09T18:25:21Z</ts>
      </source>
    </school>
  </schools>
  <status>Active</status>
  <sources>
    <source>
      <name>USA Today</name>
      <ts>2017-09-03T03:29:19Z</ts>
    </source>
  </sources>
  <sources>
    <source>
      <name>New York Times</name>
      <ts>2015-11-18T19:13:02Z</ts>
    </source>
  </sources>
  <relations>
    <relation>
      <id>/person/10045.xml</id>
      <predicate>worksWith</predicate>
      <imageSrc>https://cdn1.marklogic.com/wp-content/uploads/2018/01/Michael-Malgeri-MarkLogic.jpg</imageSrc>
      <fullname>Hullah Arie</fullname>
      <city>Shreveport</city>
      <state>LA</state>
    </relation>
    <relation>
      <id>/person/10075.xml</id>
      <predicate>livesWith</predicate>
      <imageSrc>https://cdn1.marklogic.com/wp-content/uploads/2020/04/JamesKenwood-headshot-600x600-1.jpg</imageSrc>
      <fullname>Wortt Jillayne</fullname>
      <city>Denver</city>
      <state>CO</state>
    </relation>
  </relations>
  <createdOn>
    <ts>2022-01-26T14:42:41Z</ts>
    <user>tcockilld</user>
  </createdOn>
  <lastUpdated>
    <ts>2022-01-03T14:04:54Z</ts>
    <user>tcockilld</user>
  </lastUpdated>
  <socials>
    <social>
      <site>twitter</site>
      <handle>tborel0</handle>
      <address>https://businessinsider.com/lectus/vestibulum/quam.xml</address>
    </social>
  </socials>
  <memberships>
    <membership>
      <list>list5</list>
      <important>true</important>
      <ts>2022-02-06</ts>
    </membership>
    <membership>
      <list>list10</list>
      <important>true</important>
      <ts>2022-01-26</ts>
    </membership>
    <membership>
      <list>list2</list>
      <important>true</important>
      <ts>2022-01-21</ts>
    </membership>
    <membership>
      <list>list8</list>
      <important>false</important>
      <ts>2022-02-12</ts>
    </membership>
  </memberships>
  <links>
    <link>
      <label>Quick View</label>
      <url>http://1und1.de</url>
      <icon>faEye</icon>
    </link>
    <link>
      <label>Nomination History</label>
      <url>https://rakuten.co.jp</url>
      <icon>faMedal</icon>
    </link>
    <link>
      <label>Comments</label>
      <url>http://nasa.gov</url>
      <icon>faComments</icon>
    </link>
  </links>
  <activities>
    <activity>
      <predicate>startedAt</predicate>
      <place>Skipfire</place>
      <predplace>startedAt Skipfire</predplace>
      <ts>2016-01-04T19:59:21Z</ts>
      <source>
        <name>USA Today</name>
        <ts>2021-11-30T05:10:41Z</ts>
        <createdBy>Berky Yakunin</createdBy>
        <approvedBy>Kathi McKeran</approvedBy>
      </source>
    </activity>
    <activity>
      <predicate>endedAt</predicate>
      <place>Lazzy</place>
      <predplace>endedAt Lazzy</predplace>
      <ts>2016-06-24T20:59:23Z</ts>
      <source>
        <name>New York Times</name>
        <ts>2021-11-18T14:55:20Z</ts>
        <createdBy>Sammy Gallier</createdBy>
        <approvedBy>Dwayne O'Fergus</approvedBy>
      </source>
    </activity>
  </activities>
  <events>
    <event>
      <predicate>servedIn</predicate>
      <place>Mongolia</place>
      <predplace>servedIn Mongolia</predplace>
      <end>2018-05-28T20:57:16Z</end>
      <start>2016-04-28T15:44:48Z</start>
    </event>
  </events>
  <actions>
    <action>
      <url>https://indiegogo.com</url>
      <icon>faCog</icon>
    </action>
    <action>
      <url>https://weibo.com</url>
      <icon>faCode</icon>
    </action>
    <action>
      <url>https://slate.com</url>
      <icon>faSync</icon>
    </action>
  </actions>
</person>