<?xml version="1.0" encoding="UTF-8" standalone="yes"?>
<person>
  <personId>10018</personId>
  <nameGroup>
    <givenname>
      <value>Aubree</value>
    </givenname>
    <surname>
      <value>Klaes</value>
    </surname>
    <fullname>
      <classification>S</classification>
      <restricted>false</restricted>
      <value>Klaes Aubree</value>
      <source>
        <name>New York Times</name>
        <ts>2015-01-14T10:38:54Z</ts>
      </source>
      <source>
        <name>USA Today</name>
        <ts>2019-01-18T02:39:33Z</ts>
      </source>
    </fullname>
  </nameGroup>
  <emails>
    <email>
      <value>ewyeth0@hibu.com</value>
      <classification>S</classification>
      <restricted>false</restricted>
    </email>
  </emails>
  <phone>431-207-1084</phone>
  <ssn>
    <value>575-82-5761</value>
    <classification>(S)</classification>
  </ssn>
  <images>
    <image>
      <url>https://cdn1.marklogic.com/wp-content/uploads/2018/01/headshot_square_286x286.jpg</url>
      <source>
        <name>USA Today</name>
        <ts>2016-01-01T14:50:37Z</ts>
        <uploadedBy>aeverix0</uploadedBy>
      </source>
    </image>
    <image>
      <url>https://cdn1.marklogic.com/wp-content/uploads/2018/01/Alicia-Saia-MarkLogic1.jpg</url>
      <source>
        <name>Washington Post</name>
        <ts>2014-03-09T21:35:44Z</ts>
        <uploadedBy/>
      </source>
    </image>
    <image>
      <url>https://cdn1.marklogic.com/wp-content/uploads/2021/02/1612313387205.jpeg</url>
      <source>
        <name>Chicago Tribune</name>
        <ts>2016-08-30T07:28:34Z</ts>
        <uploadedBy/>
      </source>
    </image>
    <image>
      <url>https://cdn1.marklogic.com/wp-content/uploads/2018/02/trinh-lieu-profile.jpg</url>
      <source>
        <name>Los Angeles Times</name>
        <ts>2013-07-04T08:28:15Z</ts>
        <uploadedBy>mmckain0</uploadedBy>
      </source>
    </image>
  </images>
  <addresses>
    <address>
      <street>9 Bayside Point</street>
      <city>Knoxville</city>
      <state>TN</state>
      <postal>37914</postal>
      <country>United States</country>
      <latitude>35.9918</latitude>
      <longitude>-83.8496</longitude>
    </address>
  </addresses>
  <schools>
    <school>
      <country>United States</country>
      <name>Spring Hill College</name>
      <city>Toledo</city>
      <state>OH</state>
      <postal>43605</postal>
      <latitude>41.6517775</latitude>
      <longitude>-83.5016887</longitude>
      <source>
        <name>USA Today</name>
        <ts>2016-04-04T18:37:41Z</ts>
      </source>
    </school>
    <school>
      <country>Mexico</country>
      <name>Instituto Tecnológico de Celaya</name>
      <city>La Gloria</city>
      <state>VER</state>
      <postal>93826</postal>
      <latitude>19.3957419</latitude>
      <longitude>-97.2826539</longitude>
      <source>
        <name>USA Today</name>
        <ts>2016-11-08T09:29:25Z</ts>
      </source>
    </school>
  </schools>
  <status>Inactive</status>
  <sources>
    <source>
      <name>New York Times</name>
      <ts>2012-08-19T03:49:32Z</ts>
    </source>
  </sources>
  <sources>
    <source>
      <name>Los Angeles Times</name>
      <ts>2019-01-04T17:15:21Z</ts>
    </source>
  </sources>
  <sources>
    <source>
      <name>Wall Street Journal</name>
      <ts>2018-08-28T16:36:44Z</ts>
    </source>
  </sources>
  <relations>
    <relation>
      <id>/person/10090.xml</id>
      <predicate>relatedTo</predicate>
      <imageSrc>https://cdn1.marklogic.com/wp-content/uploads/2020/11/george-bloom-headshot-300x300-1.jpg</imageSrc>
      <fullname>Pavlasek Berkeley</fullname>
      <city>Sacramento</city>
      <state>CA</state>
    </relation>
    <relation>
      <id>/person/10003.xml</id>
      <predicate>relatedTo</predicate>
      <imageSrc>https://cdn1.marklogic.com/wp-content/uploads/2018/01/headshot_square_286x286.jpg</imageSrc>
      <fullname>Dayment Leesa</fullname>
      <city>Macon</city>
      <state>GA</state>
    </relation>
  </relations>
  <createdOn>
    <ts>2022-02-25T05:09:26Z</ts>
    <user>aklaesh</user>
  </createdOn>
  <lastUpdated>
    <ts>2022-02-16T10:15:37Z</ts>
    <user>aklaesh</user>
  </lastUpdated>
  <socials>
    <social>
      <site>facebook</site>
      <handle>mapedaile0</handle>
      <address>http://unicef.org/eros/elementum/pellentesque/quisque/porta/volutpat/erat.js</address>
    </social>
  </socials>
  <memberships>
    <membership>
      <list>list2</list>
      <important>false</important>
      <ts>2022-01-22</ts>
    </membership>
    <membership>
      <list>list10</list>
      <important>false</important>
      <ts>2022-02-09</ts>
    </membership>
    <membership>
      <list>list11</list>
      <important>true</important>
      <ts>2022-01-13</ts>
    </membership>
    <membership>
      <list>list8</list>
      <important>false</important>
      <ts>2022-02-20</ts>
    </membership>
  </memberships>
  <links>
    <link>
      <label>Quick View</label>
      <url>http://cdc.gov</url>
      <icon>faEye</icon>
    </link>
    <link>
      <label>Nomination History</label>
      <url>https://smh.com.au</url>
      <icon>faMedal</icon>
    </link>
    <link>
      <label>Comments</label>
      <url>https://zimbio.com</url>
      <icon>faComments</icon>
    </link>
  </links>
  <activities>
    <activity>
      <predicate>startedAt</predicate>
      <place>Buzzdog</place>
      <predplace>startedAt Buzzdog</predplace>
      <ts>2015-04-11T10:41:49Z</ts>
      <source>
        <name>USA Today</name>
        <ts>2016-01-31T10:24:25Z</ts>
        <createdBy>Dana Kitteman</createdBy>
        <approvedBy>Angelika Selesnick</approvedBy>
      </source>
    </activity>
    <activity>
      <predicate>movedTo</predicate>
      <place>Realcube</place>
      <predplace>movedTo Realcube</predplace>
      <ts>2011-08-28T05:57:26Z</ts>
      <source>
        <name>New York Times</name>
        <ts>2017-01-13T01:02:14Z</ts>
        <createdBy>Carmon Grayne</createdBy>
        <approvedBy>Valeda Iannello</approvedBy>
      </source>
    </activity>
    <activity>
      <predicate>transferredTo</predicate>
      <place>Dabshots</place>
      <predplace>transferredTo Dabshots</predplace>
      <ts>2013-12-01T11:48:29Z</ts>
      <source>
        <name>Chicago Tribune</name>
        <ts>2016-12-29T03:31:25Z</ts>
        <createdBy>Kara-lynn Pywell</createdBy>
        <approvedBy>Dyana Judson</approvedBy>
      </source>
    </activity>
    <activity>
      <predicate>transferredTo</predicate>
      <place>Edgewire</place>
      <predplace>transferredTo Edgewire</predplace>
      <ts>2014-05-23T20:13:14Z</ts>
      <source>
        <name>Los Angeles Times</name>
        <ts>2018-04-22T21:36:01Z</ts>
        <createdBy>Emalee Rigden</createdBy>
        <approvedBy>Cordie Milthorpe</approvedBy>
      </source>
    </activity>
  </activities>
  <actions>
    <action>
      <url>https://jalbum.net</url>
      <icon>faCog</icon>
    </action>
    <action>
      <url>http://nasa.gov</url>
      <icon>faCode</icon>
    </action>
    <action>
      <url>https://epa.gov</url>
      <icon>faSync</icon>
    </action>
  </actions>
</person>