<?xml version="1.0" encoding="UTF-8" standalone="yes"?>
<person>
  <personId>10014</personId>
  <nameGroup>
    <givenname>
      <value>Nikolas</value>
    </givenname>
    <surname>
      <value>Kitchingham</value>
    </surname>
    <fullname>
      <classification>S</classification>
      <restricted>false</restricted>
      <value>Kitchingham Nikolas</value>
      <source>
        <name>Wall Street Journal</name>
        <ts>2014-02-03T02:29:32Z</ts>
      </source>
      <source>
        <name>Los Angeles Times</name>
        <ts>2017-11-22T12:52:47Z</ts>
      </source>
      <source>
        <name>USA Today</name>
        <ts>2011-05-28T02:29:22Z</ts>
      </source>
    </fullname>
  </nameGroup>
  <emails>
    <email>
      <value>aerdes0@mayoclinic.com</value>
      <classification>U</classification>
      <restricted>false</restricted>
    </email>
    <email>
      <value>emantram1@berkeley.edu</value>
      <classification>U</classification>
      <restricted>false</restricted>
    </email>
    <email>
      <value>cbrown2@marriott.com</value>
      <classification>S</classification>
      <restricted>false</restricted>
    </email>
  </emails>
  <phone>202-140-7501</phone>
  <ssn>
    <value>301-62-4191</value>
    <classification>(S)</classification>
  </ssn>
  <images>
    <image>
      <url>https://cdn1.marklogic.com/wp-content/uploads/2021/02/1612313387205.jpeg</url>
      <source>
        <name>Los Angeles Times</name>
        <ts>2016-04-08T01:00:31Z</ts>
        <uploadedBy>adawkes0</uploadedBy>
      </source>
    </image>
    <image>
      <url>https://cdn1.marklogic.com/wp-content/uploads/2020/04/JamesKenwood-headshot-600x600-1.jpg</url>
      <source>
        <name>New York Times</name>
        <ts>2011-07-21T17:30:01Z</ts>
        <uploadedBy>mrippon0</uploadedBy>
      </source>
    </image>
    <image>
      <url>https://cdn1.marklogic.com/wp-content/uploads/2018/01/Michael-Malgeri-MarkLogic.jpg</url>
      <source>
        <name>New York Times</name>
        <ts>2018-05-21T12:58:29Z</ts>
        <uploadedBy>vschenfisch0</uploadedBy>
      </source>
    </image>
    <image>
      <url>https://cdn1.marklogic.com/wp-content/uploads/2020/11/george-bloom-headshot-300x300-1.jpg</url>
      <source>
        <name>New York Times</name>
        <ts>2021-11-17T14:39:51Z</ts>
        <uploadedBy>mdinse0</uploadedBy>
      </source>
    </image>
  </images>
  <addresses>
    <address>
      <street>20757 Lakeland Center</street>
      <city>Miami</city>
      <state>FL</state>
      <postal>33196</postal>
      <country>United States</country>
      <latitude>25.6615</latitude>
      <longitude>-80.441</longitude>
    </address>
  </addresses>
  <schools>
    <school>
      <country>Mexico</country>
      <name>Universidad Salesiana</name>
      <city>Rancho Nuevo</city>
      <state>SLP</state>
      <postal>78430</postal>
      <latitude>22.2222241</latitude>
      <longitude>-100.9256085</longitude>
      <source>
        <name>USA Today</name>
        <ts>2021-05-17T19:17:47Z</ts>
      </source>
    </school>
  </schools>
  <status>Active</status>
  <sources>
    <source>
      <name>Chicago Tribune</name>
      <ts>2014-01-15T16:03:47Z</ts>
    </source>
  </sources>
  <sources>
    <source>
      <name>Washington Post</name>
      <ts>2018-03-24T15:26:04Z</ts>
    </source>
  </sources>
  <sources>
    <source>
      <name>Wall Street Journal</name>
      <ts>2019-03-04T04:44:14Z</ts>
    </source>
  </sources>
  <relations>
    <relation>
      <id>/person/10042.xml</id>
      <predicate>relatedTo</predicate>
      <imageSrc>https://cdn1.marklogic.com/wp-content/uploads/2020/04/JamesKenwood-headshot-600x600-1.jpg</imageSrc>
      <fullname>Harken Camile</fullname>
      <city>Springfield</city>
      <state>MO</state>
    </relation>
    <relation>
      <id>/person/10078.xml</id>
      <predicate>relatedTo</predicate>
      <imageSrc>https://cdn1.marklogic.com/wp-content/uploads/2020/11/george-bloom-headshot-300x300-1.jpg</imageSrc>
      <fullname>Iacovozzo Brandie</fullname>
      <city>Mobile</city>
      <state>AL</state>
    </relation>
  </relations>
  <createdOn>
    <ts>2022-02-09T14:02:12Z</ts>
    <user>nkitchinghamd</user>
  </createdOn>
  <lastUpdated>
    <ts>2022-01-26T07:56:11Z</ts>
    <user>nkitchinghamd</user>
  </lastUpdated>
  <socials>
    <social>
      <site>linkedin</site>
      <handle>hindge0</handle>
      <address>http://dailymotion.com/ridiculus.html</address>
    </social>
  </socials>
  <memberships/>
  <links>
    <link>
      <label>Quick View</label>
      <url>https://prlog.org</url>
      <icon>faEye</icon>
    </link>
    <link>
      <label>Nomination History</label>
      <url>https://home.pl</url>
      <icon>faMedal</icon>
    </link>
    <link>
      <label>Comments</label>
      <url>http://naver.com</url>
      <icon>faComments</icon>
    </link>
  </links>
  <activities>
    <activity>
      <predicate>startedAt</predicate>
      <place>Pixoboo</place>
      <predplace>startedAt Pixoboo</predplace>
      <ts>2011-08-23T02:27:47Z</ts>
      <source>
        <name>USA Today</name>
        <ts>2019-12-30T07:57:00Z</ts>
        <createdBy>Corrine Boyington</createdBy>
        <approvedBy>Lola Ferrulli</approvedBy>
      </source>
    </activity>
    <activity>
      <predicate>startedAt</predicate>
      <place>Eamia</place>
      <predplace>startedAt Eamia</predplace>
      <ts>2015-10-03T21:41:07Z</ts>
      <source>
        <name>New York Times</name>
        <ts>2017-04-11T13:49:38Z</ts>
        <createdBy>Benoite Panner</createdBy>
        <approvedBy>Henryetta Ferrand</approvedBy>
      </source>
    </activity>
    <activity>
      <predicate>transferredTo</predicate>
      <place>Gigabox</place>
      <predplace>transferredTo Gigabox</predplace>
      <ts>2011-02-08T03:58:23Z</ts>
      <source>
        <name>Chicago Tribune</name>
        <ts>2016-11-02T06:56:40Z</ts>
        <createdBy>Birdie Druett</createdBy>
        <approvedBy>Cristionna MacAskill</approvedBy>
      </source>
    </activity>
    <activity>
      <predicate>startedAt</predicate>
      <place>Skinder</place>
      <predplace>startedAt Skinder</predplace>
      <ts>2014-03-13T11:52:56Z</ts>
      <source>
        <name>Los Angeles Times</name>
        <ts>2021-07-25T17:10:10Z</ts>
        <createdBy>Corny Baser</createdBy>
        <approvedBy>Zaccaria Walkley</approvedBy>
      </source>
    </activity>
    <activity>
      <predicate>startedAt</predicate>
      <place>Skimia</place>
      <predplace>startedAt Skimia</predplace>
      <ts>2010-09-22T09:24:17Z</ts>
      <source>
        <name>Wall Street Journal</name>
        <ts>2019-02-28T07:21:01Z</ts>
        <createdBy>Bordy O'Crigane</createdBy>
        <approvedBy>Moira Vedeniktov</approvedBy>
      </source>
    </activity>
    <activity>
      <predicate>transferredTo</predicate>
      <place>Riffpedia</place>
      <predplace>transferredTo Riffpedia</predplace>
      <ts>2013-05-09T13:06:24Z</ts>
      <source>
        <name>Washington Post</name>
        <ts>2017-03-07T10:25:42Z</ts>
        <createdBy>Stacy Molfino</createdBy>
        <approvedBy>Athena Laphorn</approvedBy>
      </source>
    </activity>
  </activities>
  <actions>
    <action>
      <url>https://techcrunch.com</url>
      <icon>faCog</icon>
    </action>
    <action>
      <url>http://opera.com</url>
      <icon>faCode</icon>
    </action>
    <action>
      <url>https://yahoo.com</url>
      <icon>faSync</icon>
    </action>
  </actions>
</person>