<?xml version="1.0" encoding="UTF-8" standalone="yes"?>
<person>
  <personId>10015</personId>
  <nameGroup>
    <givenname>
      <value>Missie</value>
    </givenname>
    <surname>
      <value>Worshall</value>
    </surname>
    <fullname>
      <classification>C</classification>
      <restricted>false</restricted>
      <value>Worshall Missie</value>
      <source>
        <name>Washington Post</name>
        <ts>2020-10-20T07:51:58Z</ts>
      </source>
      <source>
        <name>New York Times</name>
        <ts>2018-01-15T02:38:08Z</ts>
      </source>
    </fullname>
  </nameGroup>
  <emails>
    <email>
      <value>scorington0@hugedomains.com</value>
      <classification>S</classification>
      <restricted>false</restricted>
    </email>
    <email>
      <value>tarmit1@mtv.com</value>
      <classification>U</classification>
      <restricted>false</restricted>
    </email>
  </emails>
  <phone>333-690-1406</phone>
  <contacts>
    <contact>
      <type>email</type>
      <value>hbeecham0@ucoz.ru</value>
    </contact>
    <contact>
      <type>phone</type>
      <value>717-747-5108</value>
    </contact>
    <contact>
      <type>phone</type>
      <value>772-360-5633</value>
    </contact>
  </contacts>
  <ssn>
    <value>739-42-5427</value>
    <classification>(S)</classification>
  </ssn>
  <images>
    <image>
      <url>https://cdn1.marklogic.com/wp-content/uploads/2020/04/JamesKenwood-headshot-600x600-1.jpg</url>
      <source>
        <name>New York Times</name>
        <ts>2014-09-04T14:38:48Z</ts>
        <uploadedBy>amorriarty0</uploadedBy>
      </source>
    </image>
    <image>
      <url>https://cdn1.marklogic.com/wp-content/uploads/2021/02/1612313387205.jpeg</url>
      <source>
        <name>New York Times</name>
        <ts>2014-09-02T23:30:20Z</ts>
        <uploadedBy>cbailes0</uploadedBy>
      </source>
    </image>
  </images>
  <addresses>
    <address>
      <street>289 Spenser Center</street>
      <city>London</city>
      <state>KY</state>
      <postal>40745</postal>
      <country>United States</country>
      <latitude>37.1376</latitude>
      <longitude>-84.1156</longitude>
    </address>
    <address>
      <street>64734 Lake View Drive</street>
      <city>Philadelphia</city>
      <state>PA</state>
      <postal>19151</postal>
      <country>United States</country>
      <latitude>39.9772</latitude>
      <longitude>-75.2545</longitude>
    </address>
    <address>
      <street>383 Trailsway Lane</street>
      <city>Las Vegas</city>
      <state>NV</state>
      <postal>89110</postal>
      <country>United States</country>
      <latitude>36.173</latitude>
      <longitude>-115.0669</longitude>
    </address>
  </addresses>
  <schools>
    <school>
      <country>United States</country>
      <name>Baker College of Flint</name>
      <city>Asheville</city>
      <state>NC</state>
      <postal>28805</postal>
      <latitude>35.6046911</latitude>
      <longitude>-82.4861053</longitude>
      <source>
        <name>USA Today</name>
        <ts>2017-10-01T20:32:44Z</ts>
      </source>
      <source>
        <name>New York Times</name>
        <ts>2010-03-27T01:49:47Z</ts>
      </source>
    </school>
    <school>
      <country>United States</country>
      <name>St. Joseph College</name>
      <city>Evansville</city>
      <state>IN</state>
      <postal>47725</postal>
      <latitude>37.9715592</latitude>
      <longitude>-87.5710898</longitude>
      <source>
        <name>USA Today</name>
        <ts>2016-08-18T09:20:58Z</ts>
      </source>
      <source>
        <name>New York Times</name>
        <ts>2016-11-07T23:38:29Z</ts>
      </source>
    </school>
  </schools>
  <status>Inactive</status>
  <sources>
    <source>
      <name>New York Times</name>
      <ts>2020-12-02T21:28:24Z</ts>
    </source>
  </sources>
  <sources>
    <source>
      <name>USA Today</name>
      <ts>2018-03-21T18:02:37Z</ts>
    </source>
  </sources>
  <sources>
    <source>
      <name>Washington Post</name>
      <ts>2013-09-05T11:45:35Z</ts>
    </source>
  </sources>
  <relations>
    <relation>
      <id>/person/10061.xml</id>
      <predicate>livesWith</predicate>
      <imageSrc>https://cdn1.marklogic.com/wp-content/uploads/2018/01/Michael-Malgeri-MarkLogic.jpg</imageSrc>
      <fullname>Yves Josepha</fullname>
      <city>Minneapolis</city>
      <state>MN</state>
    </relation>
    <relation>
      <id>/person/10065.xml</id>
      <predicate>worksWith</predicate>
      <imageSrc>https://cdn1.marklogic.com/wp-content/uploads/2020/04/JamesKenwood-headshot-600x600-1.jpg</imageSrc>
      <fullname>Tembridge Brock</fullname>
      <city>San Jose</city>
      <state>CA</state>
    </relation>
  </relations>
  <createdOn>
    <ts>2022-02-06T17:48:01Z</ts>
    <user>mworshalle</user>
  </createdOn>
  <lastUpdated>
    <ts>2022-01-11T21:25:23Z</ts>
    <user>mworshalle</user>
  </lastUpdated>
  <socials>
    <social>
      <site>linkedin</site>
      <handle/>
      <address>https://exblog.jp/felis/donec.js</address>
    </social>
    <social>
      <site>facebook</site>
      <handle>fheaslip1</handle>
      <address>http://hugedomains.com/mus/vivamus/vestibulum/sagittis/sapien/cum/sociis.jsp</address>
    </social>
  </socials>
  <memberships>
    <membership>
      <list>list3</list>
      <important>false</important>
      <ts>2022-02-15</ts>
    </membership>
    <membership>
      <list>list2</list>
      <important>false</important>
      <ts>2022-01-12</ts>
    </membership>
    <membership>
      <list>list4</list>
      <important>true</important>
      <ts>2022-01-18</ts>
    </membership>
    <membership>
      <list>list5</list>
      <important>true</important>
      <ts>2022-01-25</ts>
    </membership>
    <membership>
      <list>list8</list>
      <important>true</important>
      <ts>2022-02-25</ts>
    </membership>
    <membership>
      <list>list2</list>
      <important>false</important>
      <ts>2022-01-01</ts>
    </membership>
  </memberships>
  <links>
    <link>
      <label>Quick View</label>
      <url>http://naver.com</url>
      <icon>faEye</icon>
    </link>
    <link>
      <label>Nomination History</label>
      <url>http://tripod.com</url>
      <icon>faMedal</icon>
    </link>
    <link>
      <label>Comments</label>
      <url>http://drupal.org</url>
      <icon>faComments</icon>
    </link>
  </links>
  <activities>
    <activity>
      <predicate>startedAt</predicate>
      <place>Roomm</place>
      <predplace>startedAt Roomm</predplace>
      <ts>2016-10-28T23:42:10Z</ts>
      <source>
        <name>USA Today</name>
        <ts>2020-10-15T09:32:07Z</ts>
        <createdBy>Tiphany George</createdBy>
        <approvedBy>Verna Dehn</approvedBy>
      </source>
    </activity>
    <activity>
      <predicate>endedAt</predicate>
      <place>Oloo</place>
      <predplace>endedAt Oloo</predplace>
      <ts>2016-01-17T18:12:08Z</ts>
      <source>
        <name>New York Times</name>
        <ts>2020-03-24T18:19:50Z</ts>
        <createdBy>Carolin Danford</createdBy>
        <approvedBy>Den Brabbs</approvedBy>
      </source>
    </activity>
    <activity>
      <predicate>endedAt</predicate>
      <place>Dynazzy</place>
      <predplace>endedAt Dynazzy</predplace>
      <ts>2014-12-10T22:55:00Z</ts>
      <source>
        <name>Chicago Tribune</name>
        <ts>2021-11-24T17:58:36Z</ts>
        <createdBy>Elinore Wafer</createdBy>
        <approvedBy>Shani Royson</approvedBy>
      </source>
    </activity>
  </activities>
  <events>
    <event>
      <predicate>livedIn</predicate>
      <place>Sweden</place>
      <predplace>livedIn Sweden</predplace>
      <end>2018-12-13T15:50:13Z</end>
      <start>2015-06-21T21:05:56Z</start>
    </event>
  </events>
  <actions>
    <action>
      <url>http://oracle.com</url>
      <icon>faCog</icon>
    </action>
    <action>
      <url>http://wufoo.com</url>
      <icon>faCode</icon>
    </action>
    <action>
      <url>https://amazon.com</url>
      <icon>faSync</icon>
    </action>
  </actions>
</person>