<?xml version="1.0" encoding="UTF-8" standalone="yes"?>
<person>
  <personId>10012</personId>
  <nameGroup>
    <givenname>
      <value>Angel</value>
    </givenname>
    <surname>
      <value>Kenny</value>
    </surname>
    <fullname>
      <classification>S</classification>
      <restricted>false</restricted>
      <value>Kenny Angel</value>
      <source>
        <name>Washington Post</name>
        <ts>2021-08-01T03:02:32Z</ts>
      </source>
      <source>
        <name>New York Times</name>
        <ts>2012-06-22T03:17:47Z</ts>
      </source>
      <source>
        <name>USA Today</name>
        <ts>2015-03-21T08:06:42Z</ts>
      </source>
    </fullname>
  </nameGroup>
  <emails>
    <email>
      <value>acholomin0@so-net.ne.jp</value>
      <classification>U</classification>
      <restricted>false</restricted>
    </email>
  </emails>
  <phone>308-691-2810</phone>
  <contacts>
    <contact>
      <type>email</type>
      <value>ebampton0@i2i.jp</value>
    </contact>
    <contact>
      <type>phone</type>
      <value>818-764-2450</value>
    </contact>
    <contact>
      <type>email</type>
      <value>ckett2@adobe.com</value>
    </contact>
  </contacts>
  <ssn>
    <value>764-65-5678</value>
    <classification>(S)</classification>
  </ssn>
  <images>
    <image>
      <url>https://cdn1.marklogic.com/wp-content/uploads/2018/01/Alicia-Saia-MarkLogic1.jpg</url>
      <source>
        <name>USA Today</name>
        <ts>2016-04-06T20:41:10Z</ts>
        <uploadedBy>gspackman0</uploadedBy>
      </source>
    </image>
    <image>
      <url>https://cdn1.marklogic.com/wp-content/uploads/2021/07/chuck-hollis.jpeg</url>
      <source>
        <name>Los Angeles Times</name>
        <ts>2021-06-07T00:52:11Z</ts>
        <uploadedBy>ycalverley0</uploadedBy>
      </source>
    </image>
  </images>
  <addresses>
    <address>
      <street>917 Vidon Court</street>
      <city>Saint Paul</city>
      <state>MN</state>
      <postal>55166</postal>
      <country>United States</country>
      <latitude>45.0059</latitude>
      <longitude>-93.1059</longitude>
    </address>
    <address>
      <street>3 Bowman Park</street>
      <city>Brooklyn</city>
      <state>NY</state>
      <postal>11247</postal>
      <country>United States</country>
      <latitude>40.6451</latitude>
      <longitude>-73.945</longitude>
    </address>
  </addresses>
  <schools>
    <school>
      <country>Mexico</country>
      <name>Universidad Jóse Vasconcelos</name>
      <city>El Mirador</city>
      <state>MEX</state>
      <postal>56564</postal>
      <latitude>19.3267846</latitude>
      <longitude>-98.9145313</longitude>
      <source>
        <name>USA Today</name>
        <ts>2021-04-24T13:47:04Z</ts>
      </source>
      <source>
        <name>New York Times</name>
        <ts>2014-06-07T01:41:38Z</ts>
      </source>
      <source>
        <name>Chicago Tribune</name>
        <ts>2020-03-11T13:54:36Z</ts>
      </source>
    </school>
    <school>
      <country>United States</country>
      <name>Pacifica Graduate Institute</name>
      <city>Glendale</city>
      <state>CA</state>
      <postal>91210</postal>
      <latitude>34.144801</latitude>
      <longitude>-118.2563169</longitude>
      <source>
        <name>USA Today</name>
        <ts>2017-03-10T00:16:31Z</ts>
      </source>
    </school>
  </schools>
  <status>Active</status>
  <sources>
    <source>
      <name>Los Angeles Times</name>
      <ts>2021-03-08T22:33:43Z</ts>
    </source>
  </sources>
  <relations>
    <relation>
      <id>/person/10032.xml</id>
      <predicate>worksWith</predicate>
      <imageSrc>https://cdn1.marklogic.com/wp-content/uploads/2021/02/1612313387205.jpeg</imageSrc>
      <fullname>Pantone Jedidiah</fullname>
      <city>Brooklyn</city>
      <state>NY</state>
    </relation>
    <relation>
      <id>/person/10073.xml</id>
      <predicate>worksWith</predicate>
      <imageSrc>https://cdn1.marklogic.com/wp-content/uploads/2020/11/george-bloom-headshot-300x300-1.jpg</imageSrc>
      <fullname>Iori Emiline</fullname>
      <city>Montgomery</city>
      <state>AL</state>
    </relation>
    <relation>
      <id>/person/10077.xml</id>
      <predicate>worksWith</predicate>
      <imageSrc>https://cdn1.marklogic.com/wp-content/uploads/2021/07/chuck-hollis.jpeg</imageSrc>
      <fullname>Paike Ambur</fullname>
      <city>Hagerstown</city>
      <state>MD</state>
    </relation>
  </relations>
  <createdOn>
    <ts>2022-01-11T19:58:42Z</ts>
    <user>akennyb</user>
  </createdOn>
  <lastUpdated>
    <ts>2022-01-22T22:01:12Z</ts>
    <user>akennyb</user>
  </lastUpdated>
  <socials/>
  <memberships>
    <membership>
      <list>list4</list>
      <important>true</important>
      <ts>2022-01-30</ts>
    </membership>
    <membership>
      <list>list4</list>
      <important>true</important>
      <ts>2022-02-01</ts>
    </membership>
    <membership>
      <list>list1</list>
      <important>false</important>
      <ts>2022-02-22</ts>
    </membership>
    <membership>
      <list>list1</list>
      <important>true</important>
      <ts>2022-02-22</ts>
    </membership>
    <membership>
      <list>list12</list>
      <important>false</important>
      <ts>2022-01-26</ts>
    </membership>
  </memberships>
  <links>
    <link>
      <label>Quick View</label>
      <url>http://redcross.org</url>
      <icon>faEye</icon>
    </link>
    <link>
      <label>Nomination History</label>
      <url>http://purevolume.com</url>
      <icon>faMedal</icon>
    </link>
    <link>
      <label>Comments</label>
      <url>http://dagondesign.com</url>
      <icon>faComments</icon>
    </link>
  </links>
  <activities>
    <activity>
      <predicate>transferredTo</predicate>
      <place>Aivee</place>
      <predplace>transferredTo Aivee</predplace>
      <ts>2014-09-20T14:34:14Z</ts>
      <source>
        <name>USA Today</name>
        <ts>2021-04-18T11:47:13Z</ts>
        <createdBy>Allard Dudenie</createdBy>
        <approvedBy>Zondra Checketts</approvedBy>
      </source>
    </activity>
    <activity>
      <predicate>startedAt</predicate>
      <place>Plambee</place>
      <predplace>startedAt Plambee</predplace>
      <ts>2015-06-22T17:05:35Z</ts>
      <source>
        <name>New York Times</name>
        <ts>2021-05-10T05:48:35Z</ts>
        <createdBy>Burgess Dawidsohn</createdBy>
        <approvedBy>Zacherie O' Mahony</approvedBy>
      </source>
    </activity>
    <activity>
      <predicate>startedAt</predicate>
      <place>Feedmix</place>
      <predplace>startedAt Feedmix</predplace>
      <ts>2012-09-06T02:31:18Z</ts>
      <source>
        <name>Chicago Tribune</name>
        <ts>2021-01-14T21:25:52Z</ts>
        <createdBy>Eolanda Castella</createdBy>
        <approvedBy>Bette-ann Cowp</approvedBy>
      </source>
    </activity>
    <activity>
      <predicate>movedTo</predicate>
      <place>Skyndu</place>
      <predplace>movedTo Skyndu</predplace>
      <ts>2018-10-25T03:49:51Z</ts>
      <source>
        <name>Los Angeles Times</name>
        <ts>2020-06-17T14:05:33Z</ts>
        <createdBy>Tobey Barthot</createdBy>
        <approvedBy>Dilan Windaybank</approvedBy>
      </source>
    </activity>
  </activities>
  <events>
    <event>
      <predicate>livedIn</predicate>
      <place>China</place>
      <predplace>livedIn China</predplace>
      <end>2017-03-14T12:23:29Z</end>
      <start>2016-05-12T06:11:51Z</start>
    </event>
  </events>
  <actions>
    <action>
      <url>http://salon.com</url>
      <icon>faCog</icon>
    </action>
    <action>
      <url>http://wikispaces.com</url>
      <icon>faCode</icon>
    </action>
    <action>
      <url>http://wp.com</url>
      <icon>faSync</icon>
    </action>
  </actions>
</person>