<?xml version="1.0" encoding="UTF-8" standalone="yes"?>
<person>
  <personId>10016</personId>
  <nameGroup>
    <givenname>
      <value>Beck</value>
    </givenname>
    <surname>
      <value>Idenden</value>
    </surname>
    <fullname>
      <classification>U</classification>
      <restricted>true</restricted>
      <value>Idenden Beck</value>
      <source>
        <name>Wall Street Journal</name>
        <ts>2020-02-06T14:14:52Z</ts>
      </source>
    </fullname>
  </nameGroup>
  <emails>
    <email>
      <value>amacalroy0@springer.com</value>
      <classification>S</classification>
      <restricted>false</restricted>
    </email>
    <email>
      <value>nolanda1@t-online.de</value>
      <classification>U</classification>
      <restricted>false</restricted>
    </email>
    <email>
      <value>agilham2@bravesites.com</value>
      <classification>U</classification>
      <restricted>false</restricted>
    </email>
  </emails>
  <phone>294-155-8823</phone>
  <ssn>
    <value>518-48-9382</value>
    <classification>(S)</classification>
  </ssn>
  <images>
    <image>
      <url>https://cdn1.marklogic.com/wp-content/uploads/2020/04/JamesKenwood-headshot-600x600-1.jpg</url>
      <source>
        <name>Washington Post</name>
        <ts>2020-08-20T03:42:03Z</ts>
        <uploadedBy>ppetrovic0</uploadedBy>
      </source>
    </image>
    <image>
      <url>https://cdn1.marklogic.com/wp-content/uploads/2018/01/headshot_square_286x286.jpg</url>
      <source>
        <name>Wall Street Journal</name>
        <ts>2020-04-03T01:32:17Z</ts>
        <uploadedBy/>
      </source>
    </image>
    <image>
      <url>https://cdn1.marklogic.com/wp-content/uploads/2020/04/JamesKenwood-headshot-600x600-1.jpg</url>
      <source>
        <name>USA Today</name>
        <ts>2012-09-15T15:02:05Z</ts>
        <uploadedBy>bhamp0</uploadedBy>
      </source>
    </image>
  </images>
  <addresses>
    <address>
      <street>19894 Sage Hill</street>
      <city>Flushing</city>
      <state>NY</state>
      <postal>11355</postal>
      <country>United States</country>
      <latitude>40.7536</latitude>
      <longitude>-73.8226</longitude>
    </address>
    <address>
      <street>142 Golf Course Road</street>
      <city>Fairbanks</city>
      <state>AK</state>
      <postal>99709</postal>
      <country>United States</country>
      <latitude>64.8544</latitude>
      <longitude>-147.8469</longitude>
    </address>
    <address>
      <street>8339 Bonner Way</street>
      <city>Hattiesburg</city>
      <state>MS</state>
      <postal>39404</postal>
      <country>United States</country>
      <latitude>31.1721</latitude>
      <longitude>-89.2948</longitude>
    </address>
  </addresses>
  <schools>
    <school>
      <country>United Kingdom</country>
      <name>University of Derby</name>
      <city>Thorpe</city>
      <state>ENG</state>
      <postal>BD23</postal>
      <latitude>54.0521127</latitude>
      <longitude>-1.9847194</longitude>
      <source>
        <name>USA Today</name>
        <ts>2014-08-01T04:44:43Z</ts>
      </source>
      <source>
        <name>New York Times</name>
        <ts>2017-06-01T18:52:11Z</ts>
      </source>
      <source>
        <name>Chicago Tribune</name>
        <ts>2016-10-18T18:03:40Z</ts>
      </source>
    </school>
  </schools>
  <status>Inactive</status>
  <sources>
    <source>
      <name>USA Today</name>
      <ts>2010-02-02T03:23:14Z</ts>
    </source>
  </sources>
  <relations>
    <relation>
      <id>/person/10015.xml</id>
      <predicate>livesWith</predicate>
      <imageSrc>https://cdn1.marklogic.com/wp-content/uploads/2018/01/headshot_square_286x286.jpg</imageSrc>
      <fullname>Tolomio Dru</fullname>
      <city>Arvada</city>
      <state>CO</state>
    </relation>
    <relation>
      <id>/person/10093.xml</id>
      <predicate>livesWith</predicate>
      <imageSrc>https://cdn1.marklogic.com/wp-content/uploads/2021/02/1612313387205.jpeg</imageSrc>
      <fullname>Glassman Nikki</fullname>
      <city>Marietta</city>
      <state>GA</state>
    </relation>
  </relations>
  <createdOn>
    <ts>2022-02-10T13:32:22Z</ts>
    <user>bidendenf</user>
  </createdOn>
  <lastUpdated>
    <ts>2022-02-24T05:02:36Z</ts>
    <user>bidendenf</user>
  </lastUpdated>
  <socials/>
  <memberships>
    <membership>
      <list>list1</list>
      <important>true</important>
      <ts>2022-01-23</ts>
    </membership>
    <membership>
      <list>list2</list>
      <important>true</important>
      <ts>2022-02-07</ts>
    </membership>
    <membership>
      <list>list7</list>
      <important>false</important>
      <ts>2022-01-01</ts>
    </membership>
    <membership>
      <list>list4</list>
      <important>true</important>
      <ts>2022-02-09</ts>
    </membership>
  </memberships>
  <links>
    <link>
      <label>Quick View</label>
      <url>http://soup.io</url>
      <icon>faEye</icon>
    </link>
    <link>
      <label>Nomination History</label>
      <url>http://bloglovin.com</url>
      <icon>faMedal</icon>
    </link>
    <link>
      <label>Comments</label>
      <url>https://hao123.com</url>
      <icon>faComments</icon>
    </link>
  </links>
  <activities>
    <activity>
      <predicate>transferredTo</predicate>
      <place>Linktype</place>
      <predplace>transferredTo Linktype</predplace>
      <ts>2012-02-04T20:57:52Z</ts>
      <source>
        <name>USA Today</name>
        <ts>2018-01-28T04:56:15Z</ts>
        <createdBy>Der Branton</createdBy>
        <approvedBy>Timothee Whitear</approvedBy>
      </source>
    </activity>
    <activity>
      <predicate>startedAt</predicate>
      <place>Jabberbean</place>
      <predplace>startedAt Jabberbean</predplace>
      <ts>2015-08-30T06:10:13Z</ts>
      <source>
        <name>New York Times</name>
        <ts>2022-02-05T00:17:56Z</ts>
        <createdBy>Kordula Cescot</createdBy>
        <approvedBy>Ladonna Hayzer</approvedBy>
      </source>
    </activity>
    <activity>
      <predicate>endedAt</predicate>
      <place>Wikido</place>
      <predplace>endedAt Wikido</predplace>
      <ts>2013-04-17T05:28:48Z</ts>
      <source>
        <name>Chicago Tribune</name>
        <ts>2018-01-29T08:49:58Z</ts>
        <createdBy>Jaimie Cadden</createdBy>
        <approvedBy>Bertine Elsie</approvedBy>
      </source>
    </activity>
    <activity>
      <predicate>movedTo</predicate>
      <place>Dabshots</place>
      <predplace>movedTo Dabshots</predplace>
      <ts>2014-01-01T01:48:02Z</ts>
      <source>
        <name>Los Angeles Times</name>
        <ts>2018-07-04T16:16:28Z</ts>
        <createdBy>Heda Cowen</createdBy>
        <approvedBy>Sergei Napoli</approvedBy>
      </source>
    </activity>
    <activity>
      <predicate>movedTo</predicate>
      <place>Trupe</place>
      <predplace>movedTo Trupe</predplace>
      <ts>2011-07-04T01:00:52Z</ts>
      <source>
        <name>Wall Street Journal</name>
        <ts>2019-02-26T19:59:10Z</ts>
        <createdBy>Jo-ann Durbann</createdBy>
        <approvedBy>Mel Laight</approvedBy>
      </source>
    </activity>
    <activity>
      <predicate>transferredTo</predicate>
      <place>Pixope</place>
      <predplace>transferredTo Pixope</predplace>
      <ts>2012-08-02T21:55:05Z</ts>
      <source>
        <name>Washington Post</name>
        <ts>2016-01-15T18:47:50Z</ts>
        <createdBy>Iolande Barbosa</createdBy>
        <approvedBy>Man Craigg</approvedBy>
      </source>
    </activity>
  </activities>
  <actions>
    <action>
      <url>http://mysql.com</url>
      <icon>faCog</icon>
    </action>
    <action>
      <url>https://is.gd</url>
      <icon>faCode</icon>
    </action>
    <action>
      <url>http://51.la</url>
      <icon>faSync</icon>
    </action>
  </actions>
</person>