<?xml version="1.0" encoding="UTF-8" standalone="yes"?>
<person>
  <personId>10013</personId>
  <nameGroup>
    <givenname>
      <value>Gerry</value>
    </givenname>
    <surname>
      <value>Goulding</value>
    </surname>
    <fullname>
      <classification>C</classification>
      <restricted>false</restricted>
      <value>Goulding Gerry</value>
      <source>
        <name>Wall Street Journal</name>
        <ts>2017-08-28T09:31:08Z</ts>
      </source>
      <source>
        <name>Los Angeles Times</name>
        <ts>2011-07-16T06:25:04Z</ts>
      </source>
    </fullname>
  </nameGroup>
  <emails>
    <email>
      <value>gpoyzer0@digg.com</value>
      <classification>S</classification>
      <restricted>false</restricted>
    </email>
  </emails>
  <phone>371-547-6323</phone>
  <ssn>
    <value>484-62-3025</value>
    <classification>(S)</classification>
  </ssn>
  <images>
    <image>
      <url>https://cdn1.marklogic.com/wp-content/uploads/2020/11/george-bloom-headshot-300x300-1.jpg</url>
      <source>
        <name>Chicago Tribune</name>
        <ts>2011-11-19T04:43:10Z</ts>
        <uploadedBy>kmoncey0</uploadedBy>
      </source>
    </image>
    <image>
      <url>https://cdn1.marklogic.com/wp-content/uploads/2021/02/1612313387205.jpeg</url>
      <source>
        <name>USA Today</name>
        <ts>2018-02-13T19:17:16Z</ts>
        <uploadedBy/>
      </source>
    </image>
    <image>
      <url>https://cdn1.marklogic.com/wp-content/uploads/2021/02/1612313387205.jpeg</url>
      <source>
        <name>Los Angeles Times</name>
        <ts>2011-12-11T05:59:06Z</ts>
        <uploadedBy>clampen0</uploadedBy>
      </source>
    </image>
  </images>
  <addresses>
    <address>
      <street>797 Hintze Way</street>
      <city>West Palm Beach</city>
      <state>FL</state>
      <postal>33416</postal>
      <country>United States</country>
      <latitude>26.6654</latitude>
      <longitude>-80.0929</longitude>
    </address>
    <address>
      <street>4862 Straubel Lane</street>
      <city>Terre Haute</city>
      <state>IN</state>
      <postal>47805</postal>
      <country>United States</country>
      <latitude>39.5327</latitude>
      <longitude>-87.3255</longitude>
    </address>
  </addresses>
  <schools>
    <school>
      <country>United States</country>
      <name>University of Hartford</name>
      <city>Daytona Beach</city>
      <state>FL</state>
      <postal>32123</postal>
      <latitude>29.1374566</latitude>
      <longitude>-80.9980687</longitude>
      <source>
        <name>USA Today</name>
        <ts>2012-08-30T08:13:42Z</ts>
      </source>
      <source>
        <name>New York Times</name>
        <ts>2015-07-16T07:58:01Z</ts>
      </source>
    </school>
  </schools>
  <status>Active</status>
  <sources>
    <source>
      <name>Wall Street Journal</name>
      <ts>2010-02-14T22:14:53Z</ts>
    </source>
  </sources>
  <relations>
    <relation>
      <id>/person/10024.xml</id>
      <predicate>livesWith</predicate>
      <imageSrc>https://cdn1.marklogic.com/wp-content/uploads/2020/11/george-bloom-headshot-300x300-1.jpg</imageSrc>
      <fullname>Skett Hugues</fullname>
      <city>San Diego</city>
      <state>CA</state>
    </relation>
    <relation>
      <id>/person/10039.xml</id>
      <predicate>relatedTo</predicate>
      <imageSrc>https://cdn1.marklogic.com/wp-content/uploads/2020/11/george-bloom-headshot-300x300-1.jpg</imageSrc>
      <fullname>Devorill Doy</fullname>
      <city>Memphis</city>
      <state>TN</state>
    </relation>
    <relation>
      <id>/person/10070.xml</id>
      <predicate>relatedTo</predicate>
      <imageSrc>https://cdn1.marklogic.com/wp-content/uploads/2020/11/george-bloom-headshot-300x300-1.jpg</imageSrc>
      <fullname>Beesley Sebastiano</fullname>
      <city>Erie</city>
      <state>PA</state>
    </relation>
  </relations>
  <createdOn>
    <ts>2022-02-15T22:21:42Z</ts>
    <user>ggouldingc</user>
  </createdOn>
  <lastUpdated>
    <ts>2022-01-08T17:10:39Z</ts>
    <user>ggouldingc</user>
  </lastUpdated>
  <socials>
    <social>
      <site>facebook</site>
      <handle>srabb0</handle>
      <address>https://slashdot.org/et/ultrices/posuere/cubilia/curae/mauris.json</address>
    </social>
    <social>
      <site>facebook</site>
      <handle>nsanger1</handle>
      <address>http://home.pl/fusce/consequat.xml</address>
    </social>
    <social>
      <site>twitter</site>
      <handle>hdowsey2</handle>
      <address>https://pagesperso-orange.fr/libero/nullam/sit/amet.js</address>
    </social>
  </socials>
  <memberships>
    <membership>
      <list>list3</list>
      <important>false</important>
      <ts>2022-02-18</ts>
    </membership>
    <membership>
      <list>list9</list>
      <important>true</important>
      <ts>2022-02-05</ts>
    </membership>
    <membership>
      <list>list6</list>
      <important>false</important>
      <ts>2022-02-08</ts>
    </membership>
    <membership>
      <list>list9</list>
      <important>true</important>
      <ts>2022-01-13</ts>
    </membership>
  </memberships>
  <links>
    <link>
      <label>Quick View</label>
      <url>http://nasa.gov</url>
      <icon>faEye</icon>
    </link>
    <link>
      <label>Nomination History</label>
      <url>https://woothemes.com</url>
      <icon>faMedal</icon>
    </link>
    <link>
      <label>Comments</label>
      <url>https://jalbum.net</url>
      <icon>faComments</icon>
    </link>
  </links>
  <activities>
    <activity>
      <predicate>transferredTo</predicate>
      <place>Cogilith</place>
      <predplace>transferredTo Cogilith</predplace>
      <ts>2013-08-12T07:45:26Z</ts>
      <source>
        <name>USA Today</name>
        <ts>2020-06-29T08:33:44Z</ts>
        <createdBy>Iggy Greser</createdBy>
        <approvedBy>Mildrid Bransby</approvedBy>
      </source>
    </activity>
    <activity>
      <predicate>transferredTo</predicate>
      <place>Yakijo</place>
      <predplace>transferredTo Yakijo</predplace>
      <ts>2013-07-25T06:37:49Z</ts>
      <source>
        <name>New York Times</name>
        <ts>2017-09-21T21:27:07Z</ts>
        <createdBy>Jamill Gaiter</createdBy>
        <approvedBy>Starr Wickwar</approvedBy>
      </source>
    </activity>
    <activity>
      <predicate>endedAt</predicate>
      <place>Brainsphere</place>
      <predplace>endedAt Brainsphere</predplace>
      <ts>2015-01-09T04:03:54Z</ts>
      <source>
        <name>Chicago Tribune</name>
        <ts>2016-02-14T23:35:41Z</ts>
        <createdBy>Evvie Josipovitz</createdBy>
        <approvedBy>Melisse Piel</approvedBy>
      </source>
    </activity>
    <activity>
      <predicate>endedAt</predicate>
      <place>Oyoba</place>
      <predplace>endedAt Oyoba</predplace>
      <ts>2013-10-10T12:33:18Z</ts>
      <source>
        <name>Los Angeles Times</name>
        <ts>2020-02-25T07:00:13Z</ts>
        <createdBy>Gus Hucklesby</createdBy>
        <approvedBy>Bale Putland</approvedBy>
      </source>
    </activity>
    <activity>
      <predicate>startedAt</predicate>
      <place>Photobug</place>
      <predplace>startedAt Photobug</predplace>
      <ts>2013-09-02T15:43:37Z</ts>
      <source>
        <name>Wall Street Journal</name>
        <ts>2017-06-17T21:56:50Z</ts>
        <createdBy>Ertha Raiment</createdBy>
        <approvedBy>Camey Pariso</approvedBy>
      </source>
    </activity>
  </activities>
  <actions>
    <action>
      <url>https://wikimedia.org</url>
      <icon>faCog</icon>
    </action>
    <action>
      <url>http://ox.ac.uk</url>
      <icon>faCode</icon>
    </action>
    <action>
      <url>https://umn.edu</url>
      <icon>faSync</icon>
    </action>
  </actions>
</person>