<?xml version="1.0" encoding="UTF-8" standalone="yes"?>
<person>
  <personId>10018</personId>
  <nameGroup>
    <givenname>
      <value>Evangelia</value>
    </givenname>
    <surname>
      <value>O'Leahy</value>
    </surname>
    <fullname>
      <classification>C</classification>
      <restricted>true</restricted>
      <value>O'Leahy Evangelia</value>
      <source>
        <name>Washington Post</name>
        <ts>2011-04-16T05:29:12Z</ts>
      </source>
      <source>
        <name>Washington Post</name>
        <ts>2015-07-08T00:18:48Z</ts>
      </source>
      <source>
        <name>Wall Street Journal</name>
        <ts>2019-10-12T18:12:30Z</ts>
      </source>
    </fullname>
  </nameGroup>
  <emails>
    <email>
      <value>pmacchaell0@dailymotion.com</value>
      <classification>S</classification>
      <restricted>false</restricted>
    </email>
    <email>
      <value>sambridge1@wp.com</value>
      <classification>U</classification>
      <restricted>false</restricted>
    </email>
  </emails>
  <phone>965-553-8165</phone>
  <contacts>
    <contact>
      <type>phone</type>
      <value>982-863-3810</value>
    </contact>
    <contact>
      <type>email</type>
      <value>jkleisel1@wordpress.com</value>
    </contact>
    <contact>
      <type>phone</type>
      <value>345-579-7451</value>
    </contact>
  </contacts>
  <ssn>
    <value>241-91-7487</value>
    <classification>(S)</classification>
  </ssn>
  <images>
    <image>
      <url>https://cdn1.marklogic.com/wp-content/uploads/2021/05/IS-headshot.jpeg</url>
      <source>
        <name>New York Times</name>
        <ts>2017-03-28T02:23:55Z</ts>
        <uploadedBy>hfollos0</uploadedBy>
      </source>
    </image>
    <image>
      <url>https://cdn1.marklogic.com/wp-content/uploads/2021/05/IS-headshot.jpeg</url>
      <source>
        <name>Chicago Tribune</name>
        <ts>2012-08-25T06:21:31Z</ts>
        <uploadedBy>ebewlie0</uploadedBy>
      </source>
    </image>
  </images>
  <addresses>
    <address>
      <street>3913 Lukken Hill</street>
      <city>Washington</city>
      <state>DC</state>
      <postal>20310</postal>
      <country>United States</country>
      <latitude>38.8933</latitude>
      <longitude>-77.0146</longitude>
    </address>
    <address>
      <street>4986 Springview Terrace</street>
      <city>Atlanta</city>
      <state>GA</state>
      <postal>30351</postal>
      <country>United States</country>
      <latitude>33.8444</latitude>
      <longitude>-84.474</longitude>
    </address>
    <address>
      <street>25393 Hayes Center</street>
      <city>Des Moines</city>
      <state>IA</state>
      <postal>50393</postal>
      <country>United States</country>
      <latitude>41.6727</latitude>
      <longitude>-93.5722</longitude>
    </address>
  </addresses>
  <schools>
    <school>
      <country>United States</country>
      <name>Mount Holyoke College</name>
      <city>San Diego</city>
      <state>CA</state>
      <postal>92127</postal>
      <latitude>33.0227476</latitude>
      <longitude>-117.1382404</longitude>
      <source>
        <name>USA Today</name>
        <ts>2020-04-02T03:41:49Z</ts>
      </source>
    </school>
    <school>
      <country>Mexico</country>
      <name>Universidad Autónoma de Campeche</name>
      <city>La Loma</city>
      <state>VER</state>
      <postal>92148</postal>
      <latitude>19.3608203</latitude>
      <longitude>-99.2577715</longitude>
      <source>
        <name>USA Today</name>
        <ts>2020-03-05T19:58:31Z</ts>
      </source>
      <source>
        <name>New York Times</name>
        <ts>2010-05-12T08:08:13Z</ts>
      </source>
      <source>
        <name>Chicago Tribune</name>
        <ts>2018-02-15T08:01:09Z</ts>
      </source>
    </school>
  </schools>
  <status>Inactive</status>
  <sources>
    <source>
      <name>Chicago Tribune</name>
      <ts>2015-08-13T19:27:40Z</ts>
    </source>
  </sources>
  <relations>
    <relation>
      <id>/person/10081.xml</id>
      <predicate>livesWith</predicate>
      <imageSrc>https://cdn1.marklogic.com/wp-content/uploads/2018/02/trinh-lieu-profile.jpg</imageSrc>
      <fullname>Stones Casar</fullname>
      <city>Amarillo</city>
      <state>TX</state>
    </relation>
    <relation>
      <id>/person/10031.xml</id>
      <predicate>worksWith</predicate>
      <imageSrc>https://cdn1.marklogic.com/wp-content/uploads/2020/04/JamesKenwood-headshot-600x600-1.jpg</imageSrc>
      <fullname>Abbey Issi</fullname>
      <city>Rochester</city>
      <state>NY</state>
    </relation>
    <relation>
      <id>/person/10029.xml</id>
      <predicate>relatedTo</predicate>
      <imageSrc>https://cdn1.marklogic.com/wp-content/uploads/2021/02/1612313387205.jpeg</imageSrc>
      <fullname>Jozefiak Gianna</fullname>
      <city>Houston</city>
      <state>TX</state>
    </relation>
    <relation>
      <id>/person/10032.xml</id>
      <predicate>livesWith</predicate>
      <imageSrc>https://cdn1.marklogic.com/wp-content/uploads/2021/02/1612313387205.jpeg</imageSrc>
      <fullname>Pantone Jedidiah</fullname>
      <city>Brooklyn</city>
      <state>NY</state>
    </relation>
  </relations>
  <createdOn>
    <ts>2022-02-21T16:59:49Z</ts>
    <user>eoleahyh</user>
  </createdOn>
  <lastUpdated>
    <ts>2022-02-07T15:11:03Z</ts>
    <user>eoleahyh</user>
  </lastUpdated>
  <socials>
    <social>
      <site>linkedin</site>
      <handle>twoolmore0</handle>
      <address>http://mayoclinic.com/tortor/id.png</address>
    </social>
    <social>
      <site>twitter</site>
      <handle>jmcellen1</handle>
      <address>https://woothemes.com/rhoncus/aliquam.json</address>
    </social>
  </socials>
  <memberships>
    <membership>
      <list>list3</list>
      <important>false</important>
      <ts>2022-02-06</ts>
    </membership>
  </memberships>
  <links>
    <link>
      <label>Quick View</label>
      <url>http://illinois.edu</url>
      <icon>faEye</icon>
    </link>
    <link>
      <label>Nomination History</label>
      <url>https://intel.com</url>
      <icon>faMedal</icon>
    </link>
    <link>
      <label>Comments</label>
      <url>http://ox.ac.uk</url>
      <icon>faComments</icon>
    </link>
  </links>
  <activities>
    <activity>
      <predicate>transferredTo</predicate>
      <place>Vinder</place>
      <predplace>transferredTo Vinder</predplace>
      <ts>2019-12-19T04:11:37Z</ts>
      <source>
        <name>USA Today</name>
        <ts>2021-06-25T05:52:11Z</ts>
        <createdBy>Cleopatra Eskriett</createdBy>
        <approvedBy>Rozanna O'Shiel</approvedBy>
      </source>
    </activity>
    <activity>
      <predicate>startedAt</predicate>
      <place>Roombo</place>
      <predplace>startedAt Roombo</predplace>
      <ts>2016-09-07T11:51:50Z</ts>
      <source>
        <name>New York Times</name>
        <ts>2022-02-13T03:56:19Z</ts>
        <createdBy>Meridel Thirkettle</createdBy>
        <approvedBy>Emmaline Duer</approvedBy>
      </source>
    </activity>
    <activity>
      <predicate>startedAt</predicate>
      <place>Feedfire</place>
      <predplace>startedAt Feedfire</predplace>
      <ts>2012-08-01T14:25:39Z</ts>
      <source>
        <name>Chicago Tribune</name>
        <ts>2020-01-07T21:54:43Z</ts>
        <createdBy>Elfrida Walewicz</createdBy>
        <approvedBy>Jareb Buche</approvedBy>
      </source>
    </activity>
  </activities>
  <events>
    <event>
      <predicate>visited</predicate>
      <place>Russia</place>
      <predplace>visited Russia</predplace>
      <end>2017-10-28T06:42:37Z</end>
      <start>2016-06-01T02:40:47Z</start>
    </event>
  </events>
  <actions>
    <action>
      <url>https://google.co.uk</url>
      <icon>faCog</icon>
    </action>
    <action>
      <url>https://squarespace.com</url>
      <icon>faCode</icon>
    </action>
    <action>
      <url>https://toplist.cz</url>
      <icon>faSync</icon>
    </action>
  </actions>
</person>