<?xml version="1.0" encoding="UTF-8" standalone="yes"?>
<person>
  <personId>10011</personId>
  <nameGroup>
    <givenname>
      <value>El</value>
    </givenname>
    <surname>
      <value>Taaffe</value>
    </surname>
    <fullname>
      <classification>S</classification>
      <restricted>true</restricted>
      <value>Taaffe El</value>
      <source>
        <name>USA Today</name>
        <ts>2013-01-28T08:51:11Z</ts>
      </source>
      <source>
        <name>USA Today</name>
        <ts>2015-11-06T11:06:45Z</ts>
      </source>
      <source>
        <name>Los Angeles Times</name>
        <ts>2015-04-21T12:53:15Z</ts>
      </source>
    </fullname>
  </nameGroup>
  <emails>
    <email>
      <value>trumble0@hostgator.com</value>
      <classification>S</classification>
      <restricted>false</restricted>
    </email>
    <email>
      <value>lacres1@163.com</value>
      <classification>C</classification>
      <restricted>false</restricted>
    </email>
  </emails>
  <phone>669-437-1537</phone>
  <ssn>
    <value>349-58-4245</value>
    <classification>(S)</classification>
  </ssn>
  <images>
    <image>
      <url>https://cdn1.marklogic.com/wp-content/uploads/2021/02/1612313387205.jpeg</url>
      <source>
        <name>Chicago Tribune</name>
        <ts>2010-10-20T15:01:08Z</ts>
        <uploadedBy>abirtonshaw0</uploadedBy>
      </source>
    </image>
    <image>
      <url>https://cdn1.marklogic.com/wp-content/uploads/2018/01/Diane-Burley-MarkLogic-2015.jpg</url>
      <source>
        <name>Washington Post</name>
        <ts>2011-01-11T03:46:47Z</ts>
        <uploadedBy>gruprich0</uploadedBy>
      </source>
    </image>
    <image>
      <url>https://cdn1.marklogic.com/wp-content/uploads/2020/11/george-bloom-headshot-300x300-1.jpg</url>
      <source>
        <name>Washington Post</name>
        <ts>2013-12-17T00:23:28Z</ts>
        <uploadedBy>vcommon0</uploadedBy>
      </source>
    </image>
    <image>
      <url>https://cdn1.marklogic.com/wp-content/uploads/2021/02/1612313387205.jpeg</url>
      <source>
        <name>New York Times</name>
        <ts>2010-08-17T12:25:12Z</ts>
        <uploadedBy>jgrut0</uploadedBy>
      </source>
    </image>
  </images>
  <addresses>
    <address>
      <street>81250 Grim Drive</street>
      <city>Winter Haven</city>
      <state>FL</state>
      <postal>33884</postal>
      <country>United States</country>
      <latitude>27.981</latitude>
      <longitude>-81.6736</longitude>
    </address>
    <address>
      <street>89 Menomonie Court</street>
      <city>Valley Forge</city>
      <state>PA</state>
      <postal>19495</postal>
      <country>United States</country>
      <latitude>39.9832</latitude>
      <longitude>-75.7481</longitude>
    </address>
  </addresses>
  <schools>
    <school>
      <country>Canada</country>
      <name>University of Lethbridge</name>
      <city>Napierville</city>
      <state>QC</state>
      <postal>M2N</postal>
      <latitude>45.18648</latitude>
      <longitude>-73.40468</longitude>
      <source>
        <name>USA Today</name>
        <ts>2019-01-05T10:39:18Z</ts>
      </source>
    </school>
  </schools>
  <status>Active</status>
  <sources>
    <source>
      <name>Chicago Tribune</name>
      <ts>2017-03-12T18:23:39Z</ts>
    </source>
  </sources>
  <sources>
    <source>
      <name>USA Today</name>
      <ts>2010-05-30T16:58:50Z</ts>
    </source>
  </sources>
  <relations>
    <relation>
      <id>/person/10059.xml</id>
      <predicate>worksWith</predicate>
      <imageSrc>https://cdn1.marklogic.com/wp-content/uploads/2018/01/headshot_square_286x286.jpg</imageSrc>
      <fullname>McNabb Shantee</fullname>
      <city>Saint Petersburg</city>
      <state>FL</state>
    </relation>
    <relation>
      <id>/person/10014.xml</id>
      <predicate>livesWith</predicate>
      <imageSrc>https://cdn1.marklogic.com/wp-content/uploads/2021/02/1612313387205.jpeg</imageSrc>
      <fullname>Kitchingham Nikolas</fullname>
      <city>Miami</city>
      <state>FL</state>
    </relation>
    <relation>
      <id>/person/10038.xml</id>
      <predicate>worksWith</predicate>
      <imageSrc>https://cdn1.marklogic.com/wp-content/uploads/2020/04/JamesKenwood-headshot-600x600-1.jpg</imageSrc>
      <fullname>Eyes Juliane</fullname>
      <city>Richmond</city>
      <state>VA</state>
    </relation>
    <relation>
      <id>/person/10045.xml</id>
      <predicate>livesWith</predicate>
      <imageSrc>https://cdn1.marklogic.com/wp-content/uploads/2018/02/trinh-lieu-profile.jpg</imageSrc>
      <fullname>Lathwood Ricki</fullname>
      <city>Beaufort</city>
      <state>SC</state>
    </relation>
  </relations>
  <createdOn>
    <ts>2022-01-09T18:37:01Z</ts>
    <user>etaaffea</user>
  </createdOn>
  <lastUpdated>
    <ts>2022-01-09T21:21:01Z</ts>
    <user>etaaffea</user>
  </lastUpdated>
  <socials>
    <social>
      <site>linkedin</site>
      <handle>ealben0</handle>
      <address>http://issuu.com/diam/id/ornare/imperdiet/sapien/urna/pretium.jsp</address>
    </social>
    <social>
      <site>facebook</site>
      <handle>sormerod1</handle>
      <address>http://kickstarter.com/vel/augue/vestibulum/ante.jpg</address>
    </social>
  </socials>
  <memberships>
    <membership>
      <list>list10</list>
      <important>true</important>
      <ts>2022-02-02</ts>
    </membership>
    <membership>
      <list>list9</list>
      <important>false</important>
      <ts>2022-02-08</ts>
    </membership>
    <membership>
      <list>list3</list>
      <important>false</important>
      <ts>2022-02-26</ts>
    </membership>
    <membership>
      <list>list1</list>
      <important>true</important>
      <ts>2022-02-12</ts>
    </membership>
    <membership>
      <list>list12</list>
      <important>false</important>
      <ts>2022-02-11</ts>
    </membership>
    <membership>
      <list>list12</list>
      <important>true</important>
      <ts>2022-02-13</ts>
    </membership>
  </memberships>
  <links>
    <link>
      <label>Quick View</label>
      <url>https://nytimes.com</url>
      <icon>faEye</icon>
    </link>
    <link>
      <label>Nomination History</label>
      <url>http://indiatimes.com</url>
      <icon>faMedal</icon>
    </link>
    <link>
      <label>Comments</label>
      <url>http://about.com</url>
      <icon>faComments</icon>
    </link>
  </links>
  <activities>
    <activity>
      <predicate>movedTo</predicate>
      <place>Riffpedia</place>
      <predplace>movedTo Riffpedia</predplace>
      <ts>2010-07-22T06:26:37Z</ts>
      <source>
        <name>USA Today</name>
        <ts>2018-05-08T13:49:18Z</ts>
        <createdBy>Collin Cund</createdBy>
        <approvedBy>Beverley Climar</approvedBy>
      </source>
    </activity>
    <activity>
      <predicate>endedAt</predicate>
      <place>Tambee</place>
      <predplace>endedAt Tambee</predplace>
      <ts>2015-12-02T00:33:40Z</ts>
      <source>
        <name>New York Times</name>
        <ts>2021-07-23T20:38:57Z</ts>
        <createdBy>Bridie Monteath</createdBy>
        <approvedBy>Audre Sigward</approvedBy>
      </source>
    </activity>
    <activity>
      <predicate>movedTo</predicate>
      <place>Abatz</place>
      <predplace>movedTo Abatz</predplace>
      <ts>2012-06-19T19:17:57Z</ts>
      <source>
        <name>Chicago Tribune</name>
        <ts>2019-07-31T21:02:42Z</ts>
        <createdBy>Carly Glasspool</createdBy>
        <approvedBy>Levey Stronach</approvedBy>
      </source>
    </activity>
    <activity>
      <predicate>movedTo</predicate>
      <place>Skiba</place>
      <predplace>movedTo Skiba</predplace>
      <ts>2010-08-25T04:28:47Z</ts>
      <source>
        <name>Los Angeles Times</name>
        <ts>2018-03-14T18:18:59Z</ts>
        <createdBy>Codie Sutherby</createdBy>
        <approvedBy>Demetris Corkell</approvedBy>
      </source>
    </activity>
    <activity>
      <predicate>startedAt</predicate>
      <place>Ailane</place>
      <predplace>startedAt Ailane</predplace>
      <ts>2012-04-18T16:48:37Z</ts>
      <source>
        <name>Wall Street Journal</name>
        <ts>2018-05-01T08:24:37Z</ts>
        <createdBy>Whitaker Willcox</createdBy>
        <approvedBy>Madelin Farey</approvedBy>
      </source>
    </activity>
    <activity>
      <predicate>movedTo</predicate>
      <place>Blogtags</place>
      <predplace>movedTo Blogtags</predplace>
      <ts>2011-01-26T17:06:33Z</ts>
      <source>
        <name>Washington Post</name>
        <ts>2019-06-01T12:17:04Z</ts>
        <createdBy>Diarmid Raggett</createdBy>
        <approvedBy>Brendon Deverall</approvedBy>
      </source>
    </activity>
    <activity>
      <predicate>endedAt</predicate>
      <place>Ooba</place>
      <predplace>endedAt Ooba</predplace>
      <ts>2013-08-25T12:36:46Z</ts>
      <source>
        <name>USA Today</name>
        <ts>2022-01-20T14:39:57Z</ts>
        <createdBy>Xylia Robinet</createdBy>
        <approvedBy>Auroora Whitten</approvedBy>
      </source>
    </activity>
  </activities>
  <actions>
    <action>
      <url>https://nydailynews.com</url>
      <icon>faCog</icon>
    </action>
    <action>
      <url>http://sitemeter.com</url>
      <icon>faCode</icon>
    </action>
    <action>
      <url>https://mac.com</url>
      <icon>faSync</icon>
    </action>
  </actions>
</person>