<?xml version="1.0" encoding="UTF-8" standalone="yes"?>
<person>
  <personId>10010</personId>
  <nameGroup>
    <givenname>
      <value>Ingelbert</value>
    </givenname>
    <surname>
      <value>Comusso</value>
    </surname>
    <fullname>
      <classification>U</classification>
      <restricted>false</restricted>
      <value>Comusso Ingelbert</value>
      <source>
        <name>Chicago Tribune</name>
        <ts>2013-02-07T23:33:23Z</ts>
      </source>
      <source>
        <name>Los Angeles Times</name>
        <ts>2014-04-15T12:29:14Z</ts>
      </source>
      <source>
        <name>New York Times</name>
        <ts>2010-03-14T15:32:21Z</ts>
      </source>
    </fullname>
  </nameGroup>
  <emails>
    <email>
      <value>zriddock0@huffingtonpost.com</value>
      <classification>S</classification>
      <restricted>false</restricted>
    </email>
    <email>
      <value>lskeats1@meetup.com</value>
      <classification>S</classification>
      <restricted>false</restricted>
    </email>
  </emails>
  <phone>958-136-5031</phone>
  <contacts>
    <contact>
      <type>email</type>
      <value>mmaxwale0@youku.com</value>
    </contact>
    <contact>
      <type>email</type>
      <value>ikringe1@marriott.com</value>
    </contact>
    <contact>
      <type>email</type>
      <value>emclarnon2@sogou.com</value>
    </contact>
  </contacts>
  <ssn>
    <value>522-03-4137</value>
    <classification>(S)</classification>
  </ssn>
  <images>
    <image>
      <url>https://cdn1.marklogic.com/wp-content/uploads/2018/01/Alicia-Saia-MarkLogic1.jpg</url>
      <source>
        <name>USA Today</name>
        <ts>2020-05-14T13:15:38Z</ts>
        <uploadedBy>bmaccome0</uploadedBy>
      </source>
    </image>
    <image>
      <url>https://cdn1.marklogic.com/wp-content/uploads/2018/01/headshot_square_286x286.jpg</url>
      <source>
        <name>New York Times</name>
        <ts>2014-02-06T05:36:18Z</ts>
        <uploadedBy>froloff0</uploadedBy>
      </source>
    </image>
    <image>
      <url>https://cdn1.marklogic.com/wp-content/uploads/2018/02/trinh-lieu-profile.jpg</url>
      <source>
        <name>Wall Street Journal</name>
        <ts>2015-11-21T17:34:20Z</ts>
        <uploadedBy>nclowser0</uploadedBy>
      </source>
    </image>
    <image>
      <url>https://cdn1.marklogic.com/wp-content/uploads/2018/01/Diane-Burley-MarkLogic-2015.jpg</url>
      <source>
        <name>Chicago Tribune</name>
        <ts>2018-02-07T11:09:11Z</ts>
        <uploadedBy>mgwyn0</uploadedBy>
      </source>
    </image>
  </images>
  <addresses>
    <address>
      <street>80662 Kinsman Pass</street>
      <city>Johnson City</city>
      <state>TN</state>
      <postal>37605</postal>
      <country>United States</country>
      <latitude>36.3158</latitude>
      <longitude>-82.3838</longitude>
    </address>
  </addresses>
  <schools>
    <school>
      <country>Mexico</country>
      <name>Tecnologico de Baja California, Universidad</name>
      <city>Hidalgo</city>
      <state>CHP</state>
      <postal>26060</postal>
      <latitude>20.0910963</latitude>
      <longitude>-98.7623874</longitude>
      <source>
        <name>USA Today</name>
        <ts>2012-07-31T18:02:13Z</ts>
      </source>
      <source>
        <name>New York Times</name>
        <ts>2014-09-23T14:50:18Z</ts>
      </source>
    </school>
    <school>
      <country>Mexico</country>
      <name>Universidad Pedagógica Nacional</name>
      <city>Morelos</city>
      <state>OAX</state>
      <postal>71142</postal>
      <latitude>19.4468231</latitude>
      <longitude>-99.1303962</longitude>
      <source>
        <name>USA Today</name>
        <ts>2019-07-25T14:11:11Z</ts>
      </source>
      <source>
        <name>New York Times</name>
        <ts>2018-09-16T02:47:23Z</ts>
      </source>
      <source>
        <name>Chicago Tribune</name>
        <ts>2021-03-05T17:09:37Z</ts>
      </source>
    </school>
  </schools>
  <status>Active</status>
  <sources>
    <source>
      <name>Los Angeles Times</name>
      <ts>2013-11-10T21:44:47Z</ts>
    </source>
  </sources>
  <sources>
    <source>
      <name>Washington Post</name>
      <ts>2014-11-13T13:04:11Z</ts>
    </source>
  </sources>
  <relations>
    <relation>
      <id>/person/10014.xml</id>
      <predicate>relatedTo</predicate>
      <imageSrc>https://cdn1.marklogic.com/wp-content/uploads/2021/07/chuck-hollis.jpeg</imageSrc>
      <fullname>Cockill Torr</fullname>
      <city>Nashville</city>
      <state>TN</state>
    </relation>
    <relation>
      <id>/person/10049.xml</id>
      <predicate>worksWith</predicate>
      <imageSrc>https://cdn1.marklogic.com/wp-content/uploads/2018/01/Alicia-Saia-MarkLogic1.jpg</imageSrc>
      <fullname>Gatheridge Chip</fullname>
      <city>Washington</city>
      <state>DC</state>
    </relation>
    <relation>
      <id>/person/10007.xml</id>
      <predicate>livesWith</predicate>
      <imageSrc>https://cdn1.marklogic.com/wp-content/uploads/2018/01/Michael-Malgeri-MarkLogic.jpg</imageSrc>
      <fullname>Heims Riccardo</fullname>
      <city>Saginaw</city>
      <state>MI</state>
    </relation>
  </relations>
  <createdOn>
    <ts>2022-01-17T22:34:37Z</ts>
    <user>icomusso9</user>
  </createdOn>
  <lastUpdated>
    <ts>2022-02-21T03:13:34Z</ts>
    <user>icomusso9</user>
  </lastUpdated>
  <socials>
    <social>
      <site>linkedin</site>
      <handle>tdevereu0</handle>
      <address>http://technorati.com/nec/dui/luctus/rutrum/nulla.json</address>
    </social>
    <social>
      <site>facebook</site>
      <handle>ghallick1</handle>
      <address>https://go.com/nisi/venenatis/tristique.jpg</address>
    </social>
  </socials>
  <memberships>
    <membership>
      <list>list1</list>
      <important>true</important>
      <ts>2022-01-22</ts>
    </membership>
  </memberships>
  <links>
    <link>
      <label>Quick View</label>
      <url>http://va.gov</url>
      <icon>faEye</icon>
    </link>
    <link>
      <label>Nomination History</label>
      <url>http://reverbnation.com</url>
      <icon>faMedal</icon>
    </link>
    <link>
      <label>Comments</label>
      <url>http://aol.com</url>
      <icon>faComments</icon>
    </link>
  </links>
  <activities>
    <activity>
      <predicate>endedAt</predicate>
      <place>Innotype</place>
      <predplace>endedAt Innotype</predplace>
      <ts>2013-04-03T09:55:54Z</ts>
      <source>
        <name>USA Today</name>
        <ts>2021-03-23T20:43:38Z</ts>
        <createdBy>Avie Kirstein</createdBy>
        <approvedBy>Alvie Roseborough</approvedBy>
      </source>
    </activity>
    <activity>
      <predicate>endedAt</predicate>
      <place>Yabox</place>
      <predplace>endedAt Yabox</predplace>
      <ts>2016-04-06T20:17:58Z</ts>
      <source>
        <name>New York Times</name>
        <ts>2021-11-29T23:41:53Z</ts>
        <createdBy>Sabrina Kann</createdBy>
        <approvedBy>Mariette Norgan</approvedBy>
      </source>
    </activity>
    <activity>
      <predicate>movedTo</predicate>
      <place>Feedmix</place>
      <predplace>movedTo Feedmix</predplace>
      <ts>2012-06-29T19:00:27Z</ts>
      <source>
        <name>Chicago Tribune</name>
        <ts>2020-08-04T22:51:36Z</ts>
        <createdBy>Sven Melby</createdBy>
        <approvedBy>Averell Trenchard</approvedBy>
      </source>
    </activity>
    <activity>
      <predicate>endedAt</predicate>
      <place>Quimm</place>
      <predplace>endedAt Quimm</predplace>
      <ts>2016-09-13T21:54:46Z</ts>
      <source>
        <name>Los Angeles Times</name>
        <ts>2020-03-29T23:34:25Z</ts>
        <createdBy>Alastair Bayle</createdBy>
        <approvedBy>Gaylene Leale</approvedBy>
      </source>
    </activity>
  </activities>
  <events>
    <event>
      <predicate>servedIn</predicate>
      <place>China</place>
      <predplace>servedIn China</predplace>
      <end>2017-10-27T18:44:19Z</end>
      <start>2015-06-18T19:35:28Z</start>
    </event>
  </events>
  <actions>
    <action>
      <url>http://tiny.cc</url>
      <icon>faCog</icon>
    </action>
    <action>
      <url>http://nymag.com</url>
      <icon>faCode</icon>
    </action>
    <action>
      <url>https://yale.edu</url>
      <icon>faSync</icon>
    </action>
  </actions>
</person>