<?xml version="1.0" encoding="UTF-8" standalone="yes"?>
<person>
  <personId>10015</personId>
  <nameGroup>
    <givenname>
      <value>Dru</value>
    </givenname>
    <surname>
      <value>Tolomio</value>
    </surname>
    <fullname>
      <classification>C</classification>
      <restricted>false</restricted>
      <value>Tolomio Dru</value>
      <source>
        <name>Chicago Tribune</name>
        <ts>2014-12-11T17:49:24Z</ts>
      </source>
    </fullname>
  </nameGroup>
  <emails>
    <email>
      <value>cgravener0@bigcartel.com</value>
      <classification>S</classification>
      <restricted>false</restricted>
    </email>
  </emails>
  <phone>333-265-3919</phone>
  <ssn>
    <value>453-34-3556</value>
    <classification>(S)</classification>
  </ssn>
  <images>
    <image>
      <url>https://cdn1.marklogic.com/wp-content/uploads/2018/01/headshot_square_286x286.jpg</url>
      <source>
        <name>Chicago Tribune</name>
        <ts>2018-12-14T19:54:22Z</ts>
        <uploadedBy>mgreatbank0</uploadedBy>
      </source>
    </image>
    <image>
      <url>https://cdn1.marklogic.com/wp-content/uploads/2020/11/george-bloom-headshot-300x300-1.jpg</url>
      <source>
        <name>Wall Street Journal</name>
        <ts>2014-06-27T22:25:23Z</ts>
        <uploadedBy>trobel0</uploadedBy>
      </source>
    </image>
    <image>
      <url>https://cdn1.marklogic.com/wp-content/uploads/2021/05/IS-headshot.jpeg</url>
      <source>
        <name>Wall Street Journal</name>
        <ts>2016-10-02T12:53:34Z</ts>
        <uploadedBy>cgipps0</uploadedBy>
      </source>
    </image>
  </images>
  <addresses>
    <address>
      <street>42039 Spenser Court</street>
      <city>Arvada</city>
      <state>CO</state>
      <postal>80005</postal>
      <country>United States</country>
      <latitude>39.8422</latitude>
      <longitude>-105.1097</longitude>
    </address>
  </addresses>
  <schools>
    <school>
      <country>United States</country>
      <name>Manhattanville College</name>
      <city>Washington</city>
      <state>DC</state>
      <postal>20210</postal>
      <latitude>38.8920292</latitude>
      <longitude>-77.0136483</longitude>
      <source>
        <name>USA Today</name>
        <ts>2020-11-22T08:48:26Z</ts>
      </source>
    </school>
  </schools>
  <status>Inactive</status>
  <sources>
    <source>
      <name>Wall Street Journal</name>
      <ts>2018-05-19T19:47:55Z</ts>
    </source>
  </sources>
  <sources>
    <source>
      <name>USA Today</name>
      <ts>2018-08-06T09:58:00Z</ts>
    </source>
  </sources>
  <sources>
    <source>
      <name>Chicago Tribune</name>
      <ts>2015-05-19T21:36:27Z</ts>
    </source>
  </sources>
  <relations>
    <relation>
      <id>/person/10048.xml</id>
      <predicate>livesWith</predicate>
      <imageSrc>https://cdn1.marklogic.com/wp-content/uploads/2018/01/Diane-Burley-MarkLogic-2015.jpg</imageSrc>
      <fullname>Pile Karmen</fullname>
      <city>Omaha</city>
      <state>NE</state>
    </relation>
    <relation>
      <id>/person/10028.xml</id>
      <predicate>livesWith</predicate>
      <imageSrc>https://cdn1.marklogic.com/wp-content/uploads/2021/02/1612313387205.jpeg</imageSrc>
      <fullname>Grimston Antonio</fullname>
      <city>Salt Lake City</city>
      <state>UT</state>
    </relation>
    <relation>
      <id>/person/10083.xml</id>
      <predicate>relatedTo</predicate>
      <imageSrc>https://cdn1.marklogic.com/wp-content/uploads/2021/05/IS-headshot.jpeg</imageSrc>
      <fullname>Mailes Elwyn</fullname>
      <city>Baton Rouge</city>
      <state>LA</state>
    </relation>
  </relations>
  <createdOn>
    <ts>2022-01-14T18:29:11Z</ts>
    <user>dtolomioe</user>
  </createdOn>
  <lastUpdated>
    <ts>2022-01-11T23:56:27Z</ts>
    <user>dtolomioe</user>
  </lastUpdated>
  <socials>
    <social>
      <site>linkedin</site>
      <handle>ssteinhammer0</handle>
      <address>https://cafepress.com/aenean.jsp</address>
    </social>
    <social>
      <site>facebook</site>
      <handle>elyptratt1</handle>
      <address>https://hatena.ne.jp/molestie.js</address>
    </social>
  </socials>
  <memberships>
    <membership>
      <list>list6</list>
      <important>false</important>
      <ts>2022-02-22</ts>
    </membership>
    <membership>
      <list>list3</list>
      <important>true</important>
      <ts>2022-02-13</ts>
    </membership>
    <membership>
      <list>list3</list>
      <important>true</important>
      <ts>2022-02-16</ts>
    </membership>
    <membership>
      <list>list9</list>
      <important>false</important>
      <ts>2022-01-16</ts>
    </membership>
    <membership>
      <list>list2</list>
      <important>true</important>
      <ts>2022-01-12</ts>
    </membership>
  </memberships>
  <links>
    <link>
      <label>Quick View</label>
      <url>http://boston.com</url>
      <icon>faEye</icon>
    </link>
    <link>
      <label>Nomination History</label>
      <url>http://weather.com</url>
      <icon>faMedal</icon>
    </link>
    <link>
      <label>Comments</label>
      <url>http://cam.ac.uk</url>
      <icon>faComments</icon>
    </link>
  </links>
  <activities>
    <activity>
      <predicate>endedAt</predicate>
      <place>Wikibox</place>
      <predplace>endedAt Wikibox</predplace>
      <ts>2011-08-02T20:51:49Z</ts>
      <source>
        <name>USA Today</name>
        <ts>2017-07-08T21:10:15Z</ts>
        <createdBy>Feodora Volonte</createdBy>
        <approvedBy>Ronda Pickles</approvedBy>
      </source>
    </activity>
    <activity>
      <predicate>endedAt</predicate>
      <place>Fiveclub</place>
      <predplace>endedAt Fiveclub</predplace>
      <ts>2013-03-02T10:32:15Z</ts>
      <source>
        <name>New York Times</name>
        <ts>2022-02-12T09:36:46Z</ts>
        <createdBy>Cory Dillicate</createdBy>
        <approvedBy>Juliette Brandsen</approvedBy>
      </source>
    </activity>
    <activity>
      <predicate>transferredTo</predicate>
      <place>Devbug</place>
      <predplace>transferredTo Devbug</predplace>
      <ts>2011-03-25T11:15:05Z</ts>
      <source>
        <name>Chicago Tribune</name>
        <ts>2019-05-07T05:00:29Z</ts>
        <createdBy>Sheila-kathryn Churches</createdBy>
        <approvedBy>Sybil Clarkson</approvedBy>
      </source>
    </activity>
    <activity>
      <predicate>startedAt</predicate>
      <place>Centimia</place>
      <predplace>startedAt Centimia</predplace>
      <ts>2011-11-07T19:01:47Z</ts>
      <source>
        <name>Los Angeles Times</name>
        <ts>2016-04-14T14:32:11Z</ts>
        <createdBy>Herold Rayment</createdBy>
        <approvedBy>Jorry Bortolomei</approvedBy>
      </source>
    </activity>
    <activity>
      <predicate>transferredTo</predicate>
      <place>Shuffledrive</place>
      <predplace>transferredTo Shuffledrive</predplace>
      <ts>2011-06-17T17:14:55Z</ts>
      <source>
        <name>Wall Street Journal</name>
        <ts>2019-02-04T07:51:45Z</ts>
        <createdBy>Chiquia Masterman</createdBy>
        <approvedBy>Lane Dagleas</approvedBy>
      </source>
    </activity>
  </activities>
  <actions>
    <action>
      <url>http://altervista.org</url>
      <icon>faCog</icon>
    </action>
    <action>
      <url>http://macromedia.com</url>
      <icon>faCode</icon>
    </action>
    <action>
      <url>http://sciencedaily.com</url>
      <icon>faSync</icon>
    </action>
  </actions>
</person>