<?xml version="1.0" encoding="UTF-8" standalone="yes"?>
<person>
  <personId>10028</personId>
  <nameGroup>
    <givenname>
      <value>Haywood</value>
    </givenname>
    <surname>
      <value>MacAndie</value>
    </surname>
    <fullname>
      <classification>U</classification>
      <restricted>false</restricted>
      <value>MacAndie Haywood</value>
      <source>
        <name>New York Times</name>
        <ts>2018-01-27T05:49:10Z</ts>
      </source>
    </fullname>
  </nameGroup>
  <emails>
    <email>
      <value>mdilland0@about.com</value>
      <classification>C</classification>
      <restricted>false</restricted>
    </email>
  </emails>
  <phone>761-123-9811</phone>
  <contacts>
    <contact>
      <type>phone</type>
      <value>953-681-9281</value>
    </contact>
    <contact>
      <type>email</type>
      <value>kgalpen1@ovh.net</value>
    </contact>
    <contact>
      <type>phone</type>
      <value>512-904-6116</value>
    </contact>
  </contacts>
  <ssn>
    <value>497-95-5371</value>
    <classification>(S)</classification>
  </ssn>
  <images>
    <image>
      <url>https://cdn1.marklogic.com/wp-content/uploads/2021/02/1612313387205.jpeg</url>
      <source>
        <name>New York Times</name>
        <ts>2014-02-21T02:28:01Z</ts>
        <uploadedBy>aturban0</uploadedBy>
      </source>
    </image>
    <image>
      <url>https://cdn1.marklogic.com/wp-content/uploads/2020/11/george-bloom-headshot-300x300-1.jpg</url>
      <source>
        <name>USA Today</name>
        <ts>2018-06-17T15:03:09Z</ts>
        <uploadedBy>bskillicorn0</uploadedBy>
      </source>
    </image>
    <image>
      <url>https://cdn1.marklogic.com/wp-content/uploads/2018/01/Michael-Malgeri-MarkLogic.jpg</url>
      <source>
        <name>New York Times</name>
        <ts>2012-12-23T20:17:03Z</ts>
        <uploadedBy>sjedrachowicz0</uploadedBy>
      </source>
    </image>
    <image>
      <url>https://cdn1.marklogic.com/wp-content/uploads/2020/11/george-bloom-headshot-300x300-1.jpg</url>
      <source>
        <name>Wall Street Journal</name>
        <ts>2017-08-24T01:51:50Z</ts>
        <uploadedBy>acluett0</uploadedBy>
      </source>
    </image>
  </images>
  <addresses>
    <address>
      <street>19654 Corscot Drive</street>
      <city>Omaha</city>
      <state>NE</state>
      <postal>68164</postal>
      <country>United States</country>
      <latitude>41.2955</latitude>
      <longitude>-96.1008</longitude>
    </address>
    <address>
      <street>4988 Bartillon Point</street>
      <city>Green Bay</city>
      <state>WI</state>
      <postal>54313</postal>
      <country>United States</country>
      <latitude>44.5463</latitude>
      <longitude>-88.1021</longitude>
    </address>
    <address>
      <street>84778 Toban Parkway</street>
      <city>Austin</city>
      <state>TX</state>
      <postal>78759</postal>
      <country>United States</country>
      <latitude>30.4036</latitude>
      <longitude>-97.7526</longitude>
    </address>
  </addresses>
  <schools>
    <school>
      <country>Mexico</country>
      <name>Universidad del Valle de Atemajac</name>
      <city>Venustiano Carranza</city>
      <state>VER</state>
      <postal>93848</postal>
      <latitude>20.5083303</latitude>
      <longitude>-97.6724456</longitude>
      <source>
        <name>USA Today</name>
        <ts>2010-03-15T18:44:46Z</ts>
      </source>
    </school>
  </schools>
  <status>Inactive</status>
  <sources>
    <source>
      <name>Washington Post</name>
      <ts>2021-03-02T06:19:12Z</ts>
    </source>
  </sources>
  <sources>
    <source>
      <name>Chicago Tribune</name>
      <ts>2010-04-26T03:45:11Z</ts>
    </source>
  </sources>
  <sources>
    <source>
      <name>Washington Post</name>
      <ts>2017-03-15T22:05:36Z</ts>
    </source>
  </sources>
  <relations>
    <relation>
      <id>/person/10037.xml</id>
      <predicate>worksWith</predicate>
      <imageSrc>https://cdn1.marklogic.com/wp-content/uploads/2018/01/Diane-Burley-MarkLogic-2015.jpg</imageSrc>
      <fullname>MacGillivray Mano</fullname>
      <city>Boise</city>
      <state>ID</state>
    </relation>
    <relation>
      <id>/person/10021.xml</id>
      <predicate>relatedTo</predicate>
      <imageSrc>https://cdn1.marklogic.com/wp-content/uploads/2018/01/headshot_square_286x286.jpg</imageSrc>
      <fullname>Tapscott Daniele</fullname>
      <city>Oklahoma City</city>
      <state>OK</state>
    </relation>
    <relation>
      <id>/person/10053.xml</id>
      <predicate>relatedTo</predicate>
      <imageSrc>https://cdn1.marklogic.com/wp-content/uploads/2020/04/JamesKenwood-headshot-600x600-1.jpg</imageSrc>
      <fullname>Coase Yelena</fullname>
      <city>Madison</city>
      <state>WI</state>
    </relation>
    <relation>
      <id>/person/10032.xml</id>
      <predicate>livesWith</predicate>
      <imageSrc>https://cdn1.marklogic.com/wp-content/uploads/2021/02/1612313387205.jpeg</imageSrc>
      <fullname>Pantone Jedidiah</fullname>
      <city>Brooklyn</city>
      <state>NY</state>
    </relation>
  </relations>
  <createdOn>
    <ts>2022-01-31T01:10:49Z</ts>
    <user>hmacandier</user>
  </createdOn>
  <lastUpdated>
    <ts>2022-02-02T16:17:04Z</ts>
    <user>hmacandier</user>
  </lastUpdated>
  <socials>
    <social>
      <site>facebook</site>
      <handle/>
      <address>http://canalblog.com/ut/mauris.js</address>
    </social>
  </socials>
  <memberships/>
  <links>
    <link>
      <label>Quick View</label>
      <url>http://odnoklassniki.ru</url>
      <icon>faEye</icon>
    </link>
    <link>
      <label>Nomination History</label>
      <url>http://devhub.com</url>
      <icon>faMedal</icon>
    </link>
    <link>
      <label>Comments</label>
      <url>http://cbc.ca</url>
      <icon>faComments</icon>
    </link>
  </links>
  <activities>
    <activity>
      <predicate>movedTo</predicate>
      <place>Shuffletag</place>
      <predplace>movedTo Shuffletag</predplace>
      <ts>2016-05-29T22:28:53Z</ts>
      <source>
        <name>USA Today</name>
        <ts>2021-10-21T08:36:48Z</ts>
        <createdBy>Alys Salmoni</createdBy>
        <approvedBy>Genna Potkins</approvedBy>
      </source>
    </activity>
    <activity>
      <predicate>startedAt</predicate>
      <place>Blogtags</place>
      <predplace>startedAt Blogtags</predplace>
      <ts>2018-08-12T23:52:25Z</ts>
      <source>
        <name>New York Times</name>
        <ts>2020-12-10T14:01:47Z</ts>
        <createdBy>Keelia Marritt</createdBy>
        <approvedBy>Boigie Liversage</approvedBy>
      </source>
    </activity>
  </activities>
  <events>
    <event>
      <predicate>livedIn</predicate>
      <place>Philippines</place>
      <predplace>livedIn Philippines</predplace>
      <end>2017-06-24T07:28:24Z</end>
      <start>2016-04-29T11:17:02Z</start>
    </event>
  </events>
  <actions>
    <action>
      <url>https://imageshack.us</url>
      <icon>faCog</icon>
    </action>
    <action>
      <url>http://seattletimes.com</url>
      <icon>faCode</icon>
    </action>
    <action>
      <url>http://theatlantic.com</url>
      <icon>faSync</icon>
    </action>
  </actions>
</person>