<?xml version="1.0" encoding="UTF-8" standalone="yes"?>
<person>
  <personId>10025</personId>
  <nameGroup>
    <givenname>
      <value>Kally</value>
    </givenname>
    <surname>
      <value>Crofts</value>
    </surname>
    <fullname>
      <classification>S</classification>
      <restricted>true</restricted>
      <value>Crofts Kally</value>
      <source>
        <name>Los Angeles Times</name>
        <ts>2010-09-27T04:41:43Z</ts>
      </source>
      <source>
        <name>New York Times</name>
        <ts>2016-04-02T01:29:42Z</ts>
      </source>
    </fullname>
  </nameGroup>
  <emails>
    <email>
      <value>abeaty0@usda.gov</value>
      <classification>S</classification>
      <restricted>false</restricted>
    </email>
    <email>
      <value>llandrieu1@howstuffworks.com</value>
      <classification>S</classification>
      <restricted>false</restricted>
    </email>
    <email>
      <value>cmacgraith2@homestead.com</value>
      <classification>C</classification>
      <restricted>false</restricted>
    </email>
  </emails>
  <phone>996-862-2616</phone>
  <contacts>
    <contact>
      <type>phone</type>
      <value>819-689-1770</value>
    </contact>
    <contact>
      <type>email</type>
      <value>eaire1@uiuc.edu</value>
    </contact>
    <contact>
      <type>email</type>
      <value>cklich2@soundcloud.com</value>
    </contact>
  </contacts>
  <ssn>
    <value>291-53-8810</value>
    <classification>(S)</classification>
  </ssn>
  <images>
    <image>
      <url>https://cdn1.marklogic.com/wp-content/uploads/2018/01/Alicia-Saia-MarkLogic1.jpg</url>
      <source>
        <name>Washington Post</name>
        <ts>2016-04-12T02:29:07Z</ts>
        <uploadedBy>sorbon0</uploadedBy>
      </source>
    </image>
    <image>
      <url>https://cdn1.marklogic.com/wp-content/uploads/2020/11/george-bloom-headshot-300x300-1.jpg</url>
      <source>
        <name>Chicago Tribune</name>
        <ts>2021-01-09T03:47:53Z</ts>
        <uploadedBy>pkeeling0</uploadedBy>
      </source>
    </image>
  </images>
  <addresses>
    <address>
      <street>32 Cordelia Center</street>
      <city>Evansville</city>
      <state>IN</state>
      <postal>47705</postal>
      <country>United States</country>
      <latitude>37.9971</latitude>
      <longitude>-87.575</longitude>
    </address>
    <address>
      <street>10248 Longview Hill</street>
      <city>Memphis</city>
      <state>TN</state>
      <postal>38161</postal>
      <country>United States</country>
      <latitude>35.2017</latitude>
      <longitude>-89.9715</longitude>
    </address>
  </addresses>
  <schools>
    <school>
      <country>Canada</country>
      <name>Collège Boréal</name>
      <city>Atikokan</city>
      <state>ON</state>
      <postal>K1Y</postal>
      <latitude>48.75667</latitude>
      <longitude>-91.62409</longitude>
      <source>
        <name>USA Today</name>
        <ts>2010-03-15T05:54:25Z</ts>
      </source>
      <source>
        <name>New York Times</name>
        <ts>2017-09-10T21:57:56Z</ts>
      </source>
      <source>
        <name>Chicago Tribune</name>
        <ts>2012-12-13T21:41:39Z</ts>
      </source>
    </school>
    <school>
      <country>United States</country>
      <name>Illinois School of Professional Psychology - Meadows Campus</name>
      <city>Farmington</city>
      <state>MI</state>
      <postal>48335</postal>
      <latitude>42.4643438</latitude>
      <longitude>-83.4056438</longitude>
      <source>
        <name>USA Today</name>
        <ts>2017-06-15T15:59:02Z</ts>
      </source>
      <source>
        <name>New York Times</name>
        <ts>2013-06-30T15:23:19Z</ts>
      </source>
      <source>
        <name>Chicago Tribune</name>
        <ts>2020-05-20T21:06:16Z</ts>
      </source>
    </school>
  </schools>
  <status>Active</status>
  <sources>
    <source>
      <name>USA Today</name>
      <ts>2016-04-02T05:12:33Z</ts>
    </source>
  </sources>
  <sources>
    <source>
      <name>Chicago Tribune</name>
      <ts>2012-03-02T10:02:12Z</ts>
    </source>
  </sources>
  <sources>
    <source>
      <name>Chicago Tribune</name>
      <ts>2017-03-21T21:49:52Z</ts>
    </source>
  </sources>
  <relations>
    <relation>
      <id>/person/10058.xml</id>
      <predicate>worksWith</predicate>
      <imageSrc>https://cdn1.marklogic.com/wp-content/uploads/2018/01/Michael-Malgeri-MarkLogic.jpg</imageSrc>
      <fullname>Domonkos Caresa</fullname>
      <city>Louisville</city>
      <state>KY</state>
    </relation>
    <relation>
      <id>/person/10047.xml</id>
      <predicate>relatedTo</predicate>
      <imageSrc>https://cdn1.marklogic.com/wp-content/uploads/2021/05/IS-headshot.jpeg</imageSrc>
      <fullname>Brunker Buffy</fullname>
      <city>Midland</city>
      <state>MI</state>
    </relation>
    <relation>
      <id>/person/10054.xml</id>
      <predicate>worksWith</predicate>
      <imageSrc>https://cdn1.marklogic.com/wp-content/uploads/2020/11/george-bloom-headshot-300x300-1.jpg</imageSrc>
      <fullname>Evamy Odelia</fullname>
      <city>Lansing</city>
      <state>MI</state>
    </relation>
    <relation>
      <id>/person/10032.xml</id>
      <predicate>livesWith</predicate>
      <imageSrc>https://cdn1.marklogic.com/wp-content/uploads/2021/02/1612313387205.jpeg</imageSrc>
      <fullname>Pantone Jedidiah</fullname>
      <city>Brooklyn</city>
      <state>NY</state>
    </relation>
  </relations>
  <createdOn>
    <ts>2022-02-21T06:32:45Z</ts>
    <user>kcroftso</user>
  </createdOn>
  <lastUpdated>
    <ts>2022-01-15T21:53:07Z</ts>
    <user>kcroftso</user>
  </lastUpdated>
  <socials>
    <social>
      <site>facebook</site>
      <handle>mshreenan0</handle>
      <address>https://gnu.org/ante/ipsum/primis/in/faucibus/orci.png</address>
    </social>
  </socials>
  <memberships>
    <membership>
      <list>list7</list>
      <important>false</important>
      <ts>2022-02-05</ts>
    </membership>
    <membership>
      <list>list5</list>
      <important>false</important>
      <ts>2022-02-11</ts>
    </membership>
    <membership>
      <list>list12</list>
      <important>false</important>
      <ts>2022-02-21</ts>
    </membership>
    <membership>
      <list>list11</list>
      <important>true</important>
      <ts>2022-02-23</ts>
    </membership>
    <membership>
      <list>list1</list>
      <important>true</important>
      <ts>2022-01-10</ts>
    </membership>
    <membership>
      <list>list9</list>
      <important>false</important>
      <ts>2022-01-04</ts>
    </membership>
  </memberships>
  <links>
    <link>
      <label>Quick View</label>
      <url>http://studiopress.com</url>
      <icon>faEye</icon>
    </link>
    <link>
      <label>Nomination History</label>
      <url>https://privacy.gov.au</url>
      <icon>faMedal</icon>
    </link>
    <link>
      <label>Comments</label>
      <url>https://skyrock.com</url>
      <icon>faComments</icon>
    </link>
  </links>
  <activities>
    <activity>
      <predicate>transferredTo</predicate>
      <place>Gigazoom</place>
      <predplace>transferredTo Gigazoom</predplace>
      <ts>2012-12-24T07:06:55Z</ts>
      <source>
        <name>USA Today</name>
        <ts>2020-08-09T11:33:41Z</ts>
        <createdBy>Pollyanna Ethridge</createdBy>
        <approvedBy>Brantley Ratcliffe</approvedBy>
      </source>
    </activity>
    <activity>
      <predicate>movedTo</predicate>
      <place>Flipbug</place>
      <predplace>movedTo Flipbug</predplace>
      <ts>2012-03-08T08:26:22Z</ts>
      <source>
        <name>New York Times</name>
        <ts>2022-01-02T02:10:10Z</ts>
        <createdBy>Stefano Drayson</createdBy>
        <approvedBy>Pamela Halleday</approvedBy>
      </source>
    </activity>
    <activity>
      <predicate>endedAt</predicate>
      <place>Livetube</place>
      <predplace>endedAt Livetube</predplace>
      <ts>2014-08-25T21:36:59Z</ts>
      <source>
        <name>Chicago Tribune</name>
        <ts>2020-01-07T07:26:58Z</ts>
        <createdBy>Yasmin Sinkings</createdBy>
        <approvedBy>Grace Dyment</approvedBy>
      </source>
    </activity>
    <activity>
      <predicate>endedAt</predicate>
      <place>Quinu</place>
      <predplace>endedAt Quinu</predplace>
      <ts>2019-08-19T22:02:38Z</ts>
      <source>
        <name>Los Angeles Times</name>
        <ts>2020-05-15T22:21:57Z</ts>
        <createdBy>Kate Galliver</createdBy>
        <approvedBy>Federico Brearton</approvedBy>
      </source>
    </activity>
    <activity>
      <predicate>endedAt</predicate>
      <place>Camido</place>
      <predplace>endedAt Camido</predplace>
      <ts>2015-09-04T06:31:22Z</ts>
      <source>
        <name>Wall Street Journal</name>
        <ts>2020-11-03T16:28:04Z</ts>
        <createdBy>Ardath Kender</createdBy>
        <approvedBy>Cherice Borland</approvedBy>
      </source>
    </activity>
  </activities>
  <events>
    <event>
      <predicate>visited</predicate>
      <place>Portugal</place>
      <predplace>visited Portugal</predplace>
      <end>2018-12-04T13:22:52Z</end>
      <start>2014-10-09T17:04:58Z</start>
    </event>
  </events>
  <actions>
    <action>
      <url>https://usda.gov</url>
      <icon>faCog</icon>
    </action>
    <action>
      <url>http://ovh.net</url>
      <icon>faCode</icon>
    </action>
    <action>
      <url>https://i2i.jp</url>
      <icon>faSync</icon>
    </action>
  </actions>
</person>