<?xml version="1.0" encoding="UTF-8" standalone="yes"?>
<person>
  <personId>10029</personId>
  <nameGroup>
    <givenname>
      <value>Gianna</value>
    </givenname>
    <surname>
      <value>Jozefiak</value>
    </surname>
    <fullname>
      <classification>U</classification>
      <restricted>false</restricted>
      <value>Jozefiak Gianna</value>
      <source>
        <name>Chicago Tribune</name>
        <ts>2016-08-27T20:58:01Z</ts>
      </source>
      <source>
        <name>Chicago Tribune</name>
        <ts>2010-04-06T06:21:10Z</ts>
      </source>
    </fullname>
  </nameGroup>
  <emails>
    <email>
      <value>sfranceschielli0@devhub.com</value>
      <classification>C</classification>
      <restricted>false</restricted>
    </email>
  </emails>
  <phone>666-272-2977</phone>
  <contacts>
    <contact>
      <type>email</type>
      <value>omatzkaitis0@mlb.com</value>
    </contact>
    <contact>
      <type>phone</type>
      <value>778-391-9538</value>
    </contact>
    <contact>
      <type>email</type>
      <value>kchudleigh2@goo.gl</value>
    </contact>
  </contacts>
  <ssn>
    <value>496-44-2567</value>
    <classification>(S)</classification>
  </ssn>
  <images>
    <image>
      <url>https://cdn1.marklogic.com/wp-content/uploads/2021/02/1612313387205.jpeg</url>
      <source>
        <name>Wall Street Journal</name>
        <ts>2011-06-13T17:03:02Z</ts>
        <uploadedBy>adigiacomo0</uploadedBy>
      </source>
    </image>
    <image>
      <url>https://cdn1.marklogic.com/wp-content/uploads/2018/02/trinh-lieu-profile.jpg</url>
      <source>
        <name>New York Times</name>
        <ts>2016-03-31T15:43:10Z</ts>
        <uploadedBy>aletrange0</uploadedBy>
      </source>
    </image>
  </images>
  <addresses>
    <address>
      <street>6255 Crownhardt Avenue</street>
      <city>Houston</city>
      <state>TX</state>
      <postal>77223</postal>
      <country>United States</country>
      <latitude>29.834</latitude>
      <longitude>-95.4342</longitude>
    </address>
  </addresses>
  <schools>
    <school>
      <country>Canada</country>
      <name>University of New Brunswick</name>
      <city>Two Hills</city>
      <state>AB</state>
      <postal>J9H</postal>
      <latitude>53.7131425</latitude>
      <longitude>-111.743338</longitude>
      <source>
        <name>USA Today</name>
        <ts>2018-12-02T03:48:44Z</ts>
      </source>
    </school>
    <school>
      <country>United States</country>
      <name>Northwood University, Florida Campus</name>
      <city>Springfield</city>
      <state>IL</state>
      <postal>62764</postal>
      <latitude>39.7761758</latitude>
      <longitude>-89.6051502</longitude>
      <source>
        <name>USA Today</name>
        <ts>2021-03-15T14:41:28Z</ts>
      </source>
      <source>
        <name>New York Times</name>
        <ts>2011-06-18T06:22:44Z</ts>
      </source>
    </school>
  </schools>
  <status>Inactive</status>
  <sources>
    <source>
      <name>Washington Post</name>
      <ts>2010-06-06T16:30:22Z</ts>
    </source>
  </sources>
  <sources>
    <source>
      <name>Chicago Tribune</name>
      <ts>2014-12-07T23:24:17Z</ts>
    </source>
  </sources>
  <sources>
    <source>
      <name>Wall Street Journal</name>
      <ts>2010-03-20T06:13:04Z</ts>
    </source>
  </sources>
  <relations>
    <relation>
      <id>/person/10027.xml</id>
      <predicate>worksWith</predicate>
      <imageSrc>https://cdn1.marklogic.com/wp-content/uploads/2018/01/Alicia-Saia-MarkLogic1.jpg</imageSrc>
      <fullname>Scalia Charyl</fullname>
      <city>Marietta</city>
      <state>GA</state>
    </relation>
    <relation>
      <id>/person/10093.xml</id>
      <predicate>worksWith</predicate>
      <imageSrc>https://cdn1.marklogic.com/wp-content/uploads/2018/01/Alicia-Saia-MarkLogic1.jpg</imageSrc>
      <fullname>Melarkey Marita</fullname>
      <city>Warren</city>
      <state>MI</state>
    </relation>
    <relation>
      <id>/person/10042.xml</id>
      <predicate>livesWith</predicate>
      <imageSrc>https://cdn1.marklogic.com/wp-content/uploads/2020/11/george-bloom-headshot-300x300-1.jpg</imageSrc>
      <fullname>Crinkley Guillemette</fullname>
      <city>New Orleans</city>
      <state>LA</state>
    </relation>
    <relation>
      <id>/person/10038.xml</id>
      <predicate>livesWith</predicate>
      <imageSrc>https://cdn1.marklogic.com/wp-content/uploads/2021/07/chuck-hollis.jpeg</imageSrc>
      <fullname>Pippin Shelby</fullname>
      <city>New Orleans</city>
      <state>LA</state>
    </relation>
    <relation>
      <id>/person/10059.xml</id>
      <predicate>livesWith</predicate>
      <imageSrc>https://cdn1.marklogic.com/wp-content/uploads/2018/01/headshot_square_286x286.jpg</imageSrc>
      <fullname>Minshull Gauthier</fullname>
      <city>Hartford</city>
      <state>CT</state>
    </relation>
  </relations>
  <createdOn>
    <ts>2022-01-29T08:21:49Z</ts>
    <user>gjozefiaks</user>
  </createdOn>
  <lastUpdated>
    <ts>2022-01-30T18:44:52Z</ts>
    <user>gjozefiaks</user>
  </lastUpdated>
  <socials>
    <social>
      <site>facebook</site>
      <handle>eviccary0</handle>
      <address>http://mit.edu/metus.aspx</address>
    </social>
    <social>
      <site>linkedin</site>
      <handle>jpoznan1</handle>
      <address>https://imageshack.us/morbi/ut.xml</address>
    </social>
    <social>
      <site>linkedin</site>
      <handle>gbeament2</handle>
      <address>https://skype.com/ac/lobortis/vel/dapibus/at/diam/nam.js</address>
    </social>
  </socials>
  <memberships>
    <membership>
      <list>list8</list>
      <important>true</important>
      <ts>2022-02-22</ts>
    </membership>
    <membership>
      <list>list9</list>
      <important>false</important>
      <ts>2022-01-09</ts>
    </membership>
    <membership>
      <list>list11</list>
      <important>false</important>
      <ts>2022-02-02</ts>
    </membership>
  </memberships>
  <links>
    <link>
      <label>Quick View</label>
      <url>http://slashdot.org</url>
      <icon>faEye</icon>
    </link>
    <link>
      <label>Nomination History</label>
      <url>https://etsy.com</url>
      <icon>faMedal</icon>
    </link>
    <link>
      <label>Comments</label>
      <url>https://webs.com</url>
      <icon>faComments</icon>
    </link>
  </links>
  <activities>
    <activity>
      <predicate>movedTo</predicate>
      <place>Skinte</place>
      <predplace>movedTo Skinte</predplace>
      <ts>2019-06-05T20:35:40Z</ts>
      <source>
        <name>USA Today</name>
        <ts>2021-08-17T01:24:36Z</ts>
        <createdBy>Pierson Dyers</createdBy>
        <approvedBy>Roxana Fairy</approvedBy>
      </source>
    </activity>
    <activity>
      <predicate>transferredTo</predicate>
      <place>Fivebridge</place>
      <predplace>transferredTo Fivebridge</predplace>
      <ts>2018-07-13T21:59:12Z</ts>
      <source>
        <name>New York Times</name>
        <ts>2021-02-06T07:58:47Z</ts>
        <createdBy>Thornton Sarjent</createdBy>
        <approvedBy>Osbourn Mullen</approvedBy>
      </source>
    </activity>
  </activities>
  <events>
    <event>
      <predicate>livedIn</predicate>
      <place>Malaysia</place>
      <predplace>livedIn Malaysia</predplace>
      <end>2018-02-20T11:37:02Z</end>
      <start>2014-10-04T10:50:33Z</start>
    </event>
  </events>
  <actions>
    <action>
      <url>https://odnoklassniki.ru</url>
      <icon>faCog</icon>
    </action>
    <action>
      <url>https://wikispaces.com</url>
      <icon>faCode</icon>
    </action>
    <action>
      <url>https://alibaba.com</url>
      <icon>faSync</icon>
    </action>
  </actions>
</person>