<?xml version="1.0" encoding="UTF-8" standalone="yes"?>
<person>
  <personId>10024</personId>
  <nameGroup>
    <givenname>
      <value>Hugues</value>
    </givenname>
    <surname>
      <value>Skett</value>
    </surname>
    <fullname>
      <classification>U</classification>
      <restricted>true</restricted>
      <value>Skett Hugues</value>
      <source>
        <name>Wall Street Journal</name>
        <ts>2012-01-19T10:36:44Z</ts>
      </source>
    </fullname>
  </nameGroup>
  <emails>
    <email>
      <value>gedy0@pen.io</value>
      <classification>S</classification>
      <restricted>false</restricted>
    </email>
    <email>
      <value>lmerveille1@youku.com</value>
      <classification>S</classification>
      <restricted>false</restricted>
    </email>
  </emails>
  <phone>408-931-4841</phone>
  <ssn>
    <value>468-61-8008</value>
    <classification>(S)</classification>
  </ssn>
  <images>
    <image>
      <url>https://cdn1.marklogic.com/wp-content/uploads/2020/11/george-bloom-headshot-300x300-1.jpg</url>
      <source>
        <name>Washington Post</name>
        <ts>2020-05-27T05:01:57Z</ts>
        <uploadedBy>mdenisyev0</uploadedBy>
      </source>
    </image>
    <image>
      <url>https://cdn1.marklogic.com/wp-content/uploads/2018/02/trinh-lieu-profile.jpg</url>
      <source>
        <name>Chicago Tribune</name>
        <ts>2020-09-15T00:03:19Z</ts>
        <uploadedBy>hhillborne0</uploadedBy>
      </source>
    </image>
    <image>
      <url>https://cdn1.marklogic.com/wp-content/uploads/2021/07/chuck-hollis.jpeg</url>
      <source>
        <name>USA Today</name>
        <ts>2018-03-03T04:35:17Z</ts>
        <uploadedBy>tscourge0</uploadedBy>
      </source>
    </image>
  </images>
  <addresses>
    <address>
      <street>9606 Kinsman Parkway</street>
      <city>San Diego</city>
      <state>CA</state>
      <postal>92132</postal>
      <country>United States</country>
      <latitude>32.6437</latitude>
      <longitude>-117.1384</longitude>
    </address>
    <address>
      <street>75648 Del Mar Court</street>
      <city>Huntington</city>
      <state>WV</state>
      <postal>25775</postal>
      <country>United States</country>
      <latitude>38.4134</latitude>
      <longitude>-82.2774</longitude>
    </address>
  </addresses>
  <schools>
    <school>
      <country>Mexico</country>
      <name>Universidad Regional del Sureste</name>
      <city>San Diego</city>
      <state>MEX</state>
      <postal>56700</postal>
      <latitude>19.2000657</latitude>
      <longitude>-98.8016731</longitude>
      <source>
        <name>USA Today</name>
        <ts>2013-06-06T09:59:01Z</ts>
      </source>
    </school>
  </schools>
  <status>Active</status>
  <sources>
    <source>
      <name>USA Today</name>
      <ts>2012-11-04T19:19:10Z</ts>
    </source>
  </sources>
  <sources>
    <source>
      <name>Chicago Tribune</name>
      <ts>2020-10-17T10:59:50Z</ts>
    </source>
  </sources>
  <sources>
    <source>
      <name>USA Today</name>
      <ts>2015-11-28T08:19:25Z</ts>
    </source>
  </sources>
  <relations>
    <relation>
      <id>/person/10017.xml</id>
      <predicate>livesWith</predicate>
      <imageSrc>https://cdn1.marklogic.com/wp-content/uploads/2021/05/IS-headshot.jpeg</imageSrc>
      <fullname>Copper Adiana</fullname>
      <city>Wilkes Barre</city>
      <state>PA</state>
    </relation>
    <relation>
      <id>/person/10031.xml</id>
      <predicate>livesWith</predicate>
      <imageSrc>https://cdn1.marklogic.com/wp-content/uploads/2021/05/IS-headshot.jpeg</imageSrc>
      <fullname>Crippell Nevin</fullname>
      <city>Jamaica</city>
      <state>NY</state>
    </relation>
    <relation>
      <id>/person/10065.xml</id>
      <predicate>livesWith</predicate>
      <imageSrc>https://cdn1.marklogic.com/wp-content/uploads/2018/02/trinh-lieu-profile.jpg</imageSrc>
      <fullname>Fretter Sidney</fullname>
      <city>York</city>
      <state>PA</state>
    </relation>
    <relation>
      <id>/person/10090.xml</id>
      <predicate>worksWith</predicate>
      <imageSrc>https://cdn1.marklogic.com/wp-content/uploads/2020/11/george-bloom-headshot-300x300-1.jpg</imageSrc>
      <fullname>Pavlasek Berkeley</fullname>
      <city>Sacramento</city>
      <state>CA</state>
    </relation>
  </relations>
  <createdOn>
    <ts>2022-01-02T18:28:37Z</ts>
    <user>hskettn</user>
  </createdOn>
  <lastUpdated>
    <ts>2022-01-24T09:06:12Z</ts>
    <user>hskettn</user>
  </lastUpdated>
  <socials>
    <social>
      <site>linkedin</site>
      <handle>eboord0</handle>
      <address>http://eventbrite.com/neque/libero/convallis/eget.xml</address>
    </social>
    <social>
      <site>facebook</site>
      <handle/>
      <address>https://foxnews.com/potenti/cras/in/purus/eu/magna/vulputate.png</address>
    </social>
    <social>
      <site>linkedin</site>
      <handle>bschroder2</handle>
      <address>https://privacy.gov.au/in.js</address>
    </social>
  </socials>
  <memberships>
    <membership>
      <list>list3</list>
      <important>true</important>
      <ts>2022-02-24</ts>
    </membership>
    <membership>
      <list>list3</list>
      <important>false</important>
      <ts>2022-02-13</ts>
    </membership>
    <membership>
      <list>list12</list>
      <important>true</important>
      <ts>2022-02-27</ts>
    </membership>
    <membership>
      <list>list7</list>
      <important>true</important>
      <ts>2022-02-07</ts>
    </membership>
    <membership>
      <list>list6</list>
      <important>false</important>
      <ts>2022-02-02</ts>
    </membership>
  </memberships>
  <links>
    <link>
      <label>Quick View</label>
      <url>http://nytimes.com</url>
      <icon>faEye</icon>
    </link>
    <link>
      <label>Nomination History</label>
      <url>https://opensource.org</url>
      <icon>faMedal</icon>
    </link>
    <link>
      <label>Comments</label>
      <url>http://bloglines.com</url>
      <icon>faComments</icon>
    </link>
  </links>
  <activities>
    <activity>
      <predicate>transferredTo</predicate>
      <place>Twimm</place>
      <predplace>transferredTo Twimm</predplace>
      <ts>2010-11-24T12:52:38Z</ts>
      <source>
        <name>USA Today</name>
        <ts>2018-04-26T03:05:27Z</ts>
        <createdBy>Ingaborg Pydcock</createdBy>
        <approvedBy>Angeline Brimelow</approvedBy>
      </source>
    </activity>
    <activity>
      <predicate>startedAt</predicate>
      <place>Pixoboo</place>
      <predplace>startedAt Pixoboo</predplace>
      <ts>2010-03-08T01:17:15Z</ts>
      <source>
        <name>New York Times</name>
        <ts>2020-11-22T04:46:39Z</ts>
        <createdBy>Jojo Gyde</createdBy>
        <approvedBy>Curtis Stennings</approvedBy>
      </source>
    </activity>
    <activity>
      <predicate>startedAt</predicate>
      <place>Topdrive</place>
      <predplace>startedAt Topdrive</predplace>
      <ts>2011-05-28T18:12:22Z</ts>
      <source>
        <name>Chicago Tribune</name>
        <ts>2019-09-28T21:44:47Z</ts>
        <createdBy>Doy Breadon</createdBy>
        <approvedBy>Dana Warcop</approvedBy>
      </source>
    </activity>
    <activity>
      <predicate>startedAt</predicate>
      <place>Linkbuzz</place>
      <predplace>startedAt Linkbuzz</predplace>
      <ts>2013-01-27T02:59:46Z</ts>
      <source>
        <name>Los Angeles Times</name>
        <ts>2017-04-09T14:53:07Z</ts>
        <createdBy>Harmonie Haydney</createdBy>
        <approvedBy>Aldrich Purchon</approvedBy>
      </source>
    </activity>
    <activity>
      <predicate>endedAt</predicate>
      <place>Riffpedia</place>
      <predplace>endedAt Riffpedia</predplace>
      <ts>2015-10-22T08:03:48Z</ts>
      <source>
        <name>Wall Street Journal</name>
        <ts>2021-06-12T08:50:38Z</ts>
        <createdBy>Costanza Raitt</createdBy>
        <approvedBy>Mordy Goodred</approvedBy>
      </source>
    </activity>
  </activities>
  <actions>
    <action>
      <url>http://ezinearticles.com</url>
      <icon>faCog</icon>
    </action>
    <action>
      <url>http://ow.ly</url>
      <icon>faCode</icon>
    </action>
    <action>
      <url>https://hugedomains.com</url>
      <icon>faSync</icon>
    </action>
  </actions>
</person>