<?xml version="1.0" encoding="UTF-8" standalone="yes"?>
<person>
  <personId>10023</personId>
  <nameGroup>
    <givenname>
      <value>Sada</value>
    </givenname>
    <surname>
      <value>Rigts</value>
    </surname>
    <fullname>
      <classification>U</classification>
      <restricted>false</restricted>
      <value>Rigts Sada</value>
      <source>
        <name>Chicago Tribune</name>
        <ts>2016-08-29T11:37:55Z</ts>
      </source>
      <source>
        <name>Los Angeles Times</name>
        <ts>2018-04-30T14:18:35Z</ts>
      </source>
      <source>
        <name>USA Today</name>
        <ts>2010-04-29T22:53:41Z</ts>
      </source>
    </fullname>
  </nameGroup>
  <emails>
    <email>
      <value>delnor0@dot.gov</value>
      <classification>U</classification>
      <restricted>false</restricted>
    </email>
  </emails>
  <phone>581-375-4376</phone>
  <ssn>
    <value>142-40-2330</value>
    <classification>(S)</classification>
  </ssn>
  <images>
    <image>
      <url>https://cdn1.marklogic.com/wp-content/uploads/2018/01/Diane-Burley-MarkLogic-2015.jpg</url>
      <source>
        <name>USA Today</name>
        <ts>2020-01-05T00:48:25Z</ts>
        <uploadedBy/>
      </source>
    </image>
    <image>
      <url>https://cdn1.marklogic.com/wp-content/uploads/2021/07/chuck-hollis.jpeg</url>
      <source>
        <name>Los Angeles Times</name>
        <ts>2019-11-12T15:20:21Z</ts>
        <uploadedBy>asawden0</uploadedBy>
      </source>
    </image>
    <image>
      <url>https://cdn1.marklogic.com/wp-content/uploads/2018/01/Alicia-Saia-MarkLogic1.jpg</url>
      <source>
        <name>New York Times</name>
        <ts>2018-11-09T15:47:42Z</ts>
        <uploadedBy/>
      </source>
    </image>
  </images>
  <addresses>
    <address>
      <street>28 Tennyson Way</street>
      <city>Rochester</city>
      <state>NY</state>
      <postal>14646</postal>
      <country>United States</country>
      <latitude>43.286</latitude>
      <longitude>-77.6843</longitude>
    </address>
  </addresses>
  <schools>
    <school>
      <country>United States</country>
      <name>Southern Wesleyan University</name>
      <city>Dallas</city>
      <state>TX</state>
      <postal>75205</postal>
      <latitude>32.832584</latitude>
      <longitude>-96.797592</longitude>
      <source>
        <name>USA Today</name>
        <ts>2021-04-22T13:44:15Z</ts>
      </source>
      <source>
        <name>New York Times</name>
        <ts>2018-12-22T07:52:49Z</ts>
      </source>
      <source>
        <name>Chicago Tribune</name>
        <ts>2018-08-12T00:59:55Z</ts>
      </source>
    </school>
  </schools>
  <status>Active</status>
  <sources>
    <source>
      <name>Chicago Tribune</name>
      <ts>2010-05-24T23:28:19Z</ts>
    </source>
  </sources>
  <sources>
    <source>
      <name>Wall Street Journal</name>
      <ts>2018-02-20T05:39:52Z</ts>
    </source>
  </sources>
  <relations>
    <relation>
      <id>/person/10008.xml</id>
      <predicate>worksWith</predicate>
      <imageSrc>https://cdn1.marklogic.com/wp-content/uploads/2018/01/Michael-Malgeri-MarkLogic.jpg</imageSrc>
      <fullname>Reiling Agustin</fullname>
      <city>Huntington</city>
      <state>WV</state>
    </relation>
    <relation>
      <id>/person/10073.xml</id>
      <predicate>worksWith</predicate>
      <imageSrc>https://cdn1.marklogic.com/wp-content/uploads/2018/02/trinh-lieu-profile.jpg</imageSrc>
      <fullname>Drayson Shelia</fullname>
      <city>Lexington</city>
      <state>KY</state>
    </relation>
    <relation>
      <id>/person/10022.xml</id>
      <predicate>livesWith</predicate>
      <imageSrc>https://cdn1.marklogic.com/wp-content/uploads/2020/04/JamesKenwood-headshot-600x600-1.jpg</imageSrc>
      <fullname>Vaggs Emlyn</fullname>
      <city>Vero Beach</city>
      <state>FL</state>
    </relation>
    <relation>
      <id>/person/10063.xml</id>
      <predicate>worksWith</predicate>
      <imageSrc>https://cdn1.marklogic.com/wp-content/uploads/2018/01/headshot_square_286x286.jpg</imageSrc>
      <fullname>Hamprecht Duncan</fullname>
      <city>Austin</city>
      <state>TX</state>
    </relation>
    <relation>
      <id>/person/10039.xml</id>
      <predicate>worksWith</predicate>
      <imageSrc>https://cdn1.marklogic.com/wp-content/uploads/2020/11/george-bloom-headshot-300x300-1.jpg</imageSrc>
      <fullname>Devorill Doy</fullname>
      <city>Memphis</city>
      <state>TN</state>
    </relation>
  </relations>
  <createdOn>
    <ts>2022-01-13T10:40:08Z</ts>
    <user>srigtsm</user>
  </createdOn>
  <lastUpdated>
    <ts>2022-02-06T21:46:29Z</ts>
    <user>srigtsm</user>
  </lastUpdated>
  <socials>
    <social>
      <site>twitter</site>
      <handle>sclearley0</handle>
      <address>https://latimes.com/accumsan/tellus.xml</address>
    </social>
  </socials>
  <memberships>
    <membership>
      <list>list12</list>
      <important>false</important>
      <ts>2022-02-19</ts>
    </membership>
  </memberships>
  <links>
    <link>
      <label>Quick View</label>
      <url>https://fotki.com</url>
      <icon>faEye</icon>
    </link>
    <link>
      <label>Nomination History</label>
      <url>http://businessinsider.com</url>
      <icon>faMedal</icon>
    </link>
    <link>
      <label>Comments</label>
      <url>http://behance.net</url>
      <icon>faComments</icon>
    </link>
  </links>
  <activities>
    <activity>
      <predicate>endedAt</predicate>
      <place>Photobug</place>
      <predplace>endedAt Photobug</predplace>
      <ts>2013-11-08T13:07:28Z</ts>
      <source>
        <name>USA Today</name>
        <ts>2022-03-15T14:13:32Z</ts>
        <createdBy>Daisy Meller</createdBy>
        <approvedBy>Timothy Mangion</approvedBy>
      </source>
    </activity>
    <activity>
      <predicate>transferredTo</predicate>
      <place>Brightdog</place>
      <predplace>transferredTo Brightdog</predplace>
      <ts>2010-05-09T19:08:03Z</ts>
      <source>
        <name>New York Times</name>
        <ts>2021-09-10T22:19:46Z</ts>
        <createdBy>Adelaide Aveyard</createdBy>
        <approvedBy>Romy Chelley</approvedBy>
      </source>
    </activity>
    <activity>
      <predicate>startedAt</predicate>
      <place>Meedoo</place>
      <predplace>startedAt Meedoo</predplace>
      <ts>2010-06-14T16:50:13Z</ts>
      <source>
        <name>Chicago Tribune</name>
        <ts>2018-11-26T19:16:08Z</ts>
        <createdBy>Zsazsa Vivien</createdBy>
        <approvedBy>Nada Batchan</approvedBy>
      </source>
    </activity>
    <activity>
      <predicate>transferredTo</predicate>
      <place>Topiczoom</place>
      <predplace>transferredTo Topiczoom</predplace>
      <ts>2010-09-21T23:07:24Z</ts>
      <source>
        <name>Los Angeles Times</name>
        <ts>2017-12-03T09:16:00Z</ts>
        <createdBy>Gregory Pirkis</createdBy>
        <approvedBy>Vaughan Mc Dermid</approvedBy>
      </source>
    </activity>
  </activities>
  <actions>
    <action>
      <url>http://patch.com</url>
      <icon>faCog</icon>
    </action>
    <action>
      <url>https://scientificamerican.com</url>
      <icon>faCode</icon>
    </action>
    <action>
      <url>http://mapy.cz</url>
      <icon>faSync</icon>
    </action>
  </actions>
</person>