<?xml version="1.0" encoding="UTF-8" standalone="yes"?>
<person>
  <personId>10025</personId>
  <nameGroup>
    <givenname>
      <value>Suzanna</value>
    </givenname>
    <surname>
      <value>Errol</value>
    </surname>
    <fullname>
      <classification>U</classification>
      <restricted>false</restricted>
      <value>Errol Suzanna</value>
      <source>
        <name>New York Times</name>
        <ts>2018-08-19T05:52:38Z</ts>
      </source>
      <source>
        <name>New York Times</name>
        <ts>2020-01-04T13:13:38Z</ts>
      </source>
      <source>
        <name>Los Angeles Times</name>
        <ts>2013-10-26T02:16:16Z</ts>
      </source>
    </fullname>
  </nameGroup>
  <emails>
    <email>
      <value>acreebo0@abc.net.au</value>
      <classification>C</classification>
      <restricted>false</restricted>
    </email>
    <email>
      <value>nbaudains1@weather.com</value>
      <classification>C</classification>
      <restricted>false</restricted>
    </email>
  </emails>
  <phone>780-454-6897</phone>
  <ssn>
    <value>816-41-5351</value>
    <classification>(S)</classification>
  </ssn>
  <images>
    <image>
      <url>https://cdn1.marklogic.com/wp-content/uploads/2021/05/IS-headshot.jpeg</url>
      <source>
        <name>Los Angeles Times</name>
        <ts>2014-01-12T05:19:46Z</ts>
        <uploadedBy>usambeck0</uploadedBy>
      </source>
    </image>
    <image>
      <url>https://cdn1.marklogic.com/wp-content/uploads/2018/01/Diane-Burley-MarkLogic-2015.jpg</url>
      <source>
        <name>Washington Post</name>
        <ts>2010-03-13T11:17:35Z</ts>
        <uploadedBy>preeday0</uploadedBy>
      </source>
    </image>
  </images>
  <addresses>
    <address>
      <street>8362 Green Ridge Way</street>
      <city>Akron</city>
      <state>OH</state>
      <postal>44305</postal>
      <country>United States</country>
      <latitude>41.076</latitude>
      <longitude>-81.4644</longitude>
    </address>
    <address>
      <street>5028 Thierer Plaza</street>
      <city>Santa Monica</city>
      <state>CA</state>
      <postal>90405</postal>
      <country>United States</country>
      <latitude>34.01</latitude>
      <longitude>-118.4717</longitude>
    </address>
  </addresses>
  <schools>
    <school>
      <country>United States</country>
      <name>American InterContinental University - Georgia</name>
      <city>Grand Rapids</city>
      <state>MI</state>
      <postal>49505</postal>
      <latitude>43.0043693</latitude>
      <longitude>-85.6332093</longitude>
      <source>
        <name>USA Today</name>
        <ts>2018-08-24T01:39:43Z</ts>
      </source>
      <source>
        <name>New York Times</name>
        <ts>2020-05-04T23:32:36Z</ts>
      </source>
      <source>
        <name>Chicago Tribune</name>
        <ts>2015-10-30T13:38:50Z</ts>
      </source>
    </school>
  </schools>
  <status>Active</status>
  <sources>
    <source>
      <name>USA Today</name>
      <ts>2018-04-27T07:29:55Z</ts>
    </source>
  </sources>
  <relations>
    <relation>
      <id>/person/10064.xml</id>
      <predicate>relatedTo</predicate>
      <imageSrc>https://cdn1.marklogic.com/wp-content/uploads/2018/02/trinh-lieu-profile.jpg</imageSrc>
      <fullname>Leyban Bel</fullname>
      <city>Tempe</city>
      <state>AZ</state>
    </relation>
    <relation>
      <id>/person/10017.xml</id>
      <predicate>relatedTo</predicate>
      <imageSrc>https://cdn1.marklogic.com/wp-content/uploads/2021/05/IS-headshot.jpeg</imageSrc>
      <fullname>Copper Adiana</fullname>
      <city>Wilkes Barre</city>
      <state>PA</state>
    </relation>
    <relation>
      <id>/person/10072.xml</id>
      <predicate>worksWith</predicate>
      <imageSrc>https://cdn1.marklogic.com/wp-content/uploads/2018/01/Michael-Malgeri-MarkLogic.jpg</imageSrc>
      <fullname>Scouler Kirsti</fullname>
      <city>Topeka</city>
      <state>KS</state>
    </relation>
    <relation>
      <id>/person/10019.xml</id>
      <predicate>relatedTo</predicate>
      <imageSrc>https://cdn1.marklogic.com/wp-content/uploads/2021/07/chuck-hollis.jpeg</imageSrc>
      <fullname>Brommage Hilde</fullname>
      <city>Brockton</city>
      <state>MA</state>
    </relation>
  </relations>
  <createdOn>
    <ts>2022-01-24T11:00:01Z</ts>
    <user>serrolo</user>
  </createdOn>
  <lastUpdated>
    <ts>2022-01-24T00:41:53Z</ts>
    <user>serrolo</user>
  </lastUpdated>
  <socials>
    <social>
      <site>linkedin</site>
      <handle>bescott0</handle>
      <address>http://facebook.com/tortor/quis/turpis/sed/ante/vivamus.jpg</address>
    </social>
    <social>
      <site>facebook</site>
      <handle>pelcock1</handle>
      <address>https://nps.gov/magna/vestibulum/aliquet/ultrices.json</address>
    </social>
    <social>
      <site>twitter</site>
      <handle/>
      <address>https://naver.com/vel/nisl/duis.jsp</address>
    </social>
  </socials>
  <memberships>
    <membership>
      <list>list3</list>
      <important>true</important>
      <ts>2022-01-10</ts>
    </membership>
  </memberships>
  <links>
    <link>
      <label>Quick View</label>
      <url>http://wikia.com</url>
      <icon>faEye</icon>
    </link>
    <link>
      <label>Nomination History</label>
      <url>http://who.int</url>
      <icon>faMedal</icon>
    </link>
    <link>
      <label>Comments</label>
      <url>https://mtv.com</url>
      <icon>faComments</icon>
    </link>
  </links>
  <activities>
    <activity>
      <predicate>movedTo</predicate>
      <place>Photojam</place>
      <predplace>movedTo Photojam</predplace>
      <ts>2014-12-31T04:33:40Z</ts>
      <source>
        <name>USA Today</name>
        <ts>2019-11-07T10:37:42Z</ts>
        <createdBy>Annamarie Baker</createdBy>
        <approvedBy>Vanny Esilmon</approvedBy>
      </source>
    </activity>
    <activity>
      <predicate>transferredTo</predicate>
      <place>Meezzy</place>
      <predplace>transferredTo Meezzy</predplace>
      <ts>2011-02-06T14:19:50Z</ts>
      <source>
        <name>New York Times</name>
        <ts>2018-11-16T16:53:35Z</ts>
        <createdBy>Zilvia Gallgher</createdBy>
        <approvedBy>Clarinda Estable</approvedBy>
      </source>
    </activity>
    <activity>
      <predicate>transferredTo</predicate>
      <place>Skynoodle</place>
      <predplace>transferredTo Skynoodle</predplace>
      <ts>2011-06-19T16:20:32Z</ts>
      <source>
        <name>Chicago Tribune</name>
        <ts>2016-09-17T08:36:32Z</ts>
        <createdBy>Ezequiel Boldison</createdBy>
        <approvedBy>Bren Lauritzen</approvedBy>
      </source>
    </activity>
    <activity>
      <predicate>endedAt</predicate>
      <place>Edgeblab</place>
      <predplace>endedAt Edgeblab</predplace>
      <ts>2014-03-21T06:04:32Z</ts>
      <source>
        <name>Los Angeles Times</name>
        <ts>2021-10-27T04:42:52Z</ts>
        <createdBy>Lucie Swenson</createdBy>
        <approvedBy>Lindi Jancy</approvedBy>
      </source>
    </activity>
    <activity>
      <predicate>endedAt</predicate>
      <place>Wikibox</place>
      <predplace>endedAt Wikibox</predplace>
      <ts>2014-06-20T13:38:09Z</ts>
      <source>
        <name>Wall Street Journal</name>
        <ts>2021-10-26T11:31:01Z</ts>
        <createdBy>Hazel Ayce</createdBy>
        <approvedBy>Jacquette Hynard</approvedBy>
      </source>
    </activity>
  </activities>
  <actions>
    <action>
      <url>http://census.gov</url>
      <icon>faCog</icon>
    </action>
    <action>
      <url>http://51.la</url>
      <icon>faCode</icon>
    </action>
    <action>
      <url>https://spotify.com</url>
      <icon>faSync</icon>
    </action>
  </actions>
</person>