<?xml version="1.0" encoding="UTF-8" standalone="yes"?>
<person>
  <personId>10023</personId>
  <nameGroup>
    <givenname>
      <value>Philippa</value>
    </givenname>
    <surname>
      <value>Stanfield</value>
    </surname>
    <fullname>
      <classification>C</classification>
      <restricted>false</restricted>
      <value>Stanfield Philippa</value>
      <source>
        <name>Wall Street Journal</name>
        <ts>2016-06-13T00:39:42Z</ts>
      </source>
    </fullname>
  </nameGroup>
  <emails>
    <email>
      <value>lwaddilow0@miitbeian.gov.cn</value>
      <classification>U</classification>
      <restricted>false</restricted>
    </email>
  </emails>
  <phone>902-366-6734</phone>
  <contacts>
    <contact>
      <type>phone</type>
      <value>631-195-9071</value>
    </contact>
    <contact>
      <type>phone</type>
      <value>650-462-7265</value>
    </contact>
    <contact>
      <type>phone</type>
      <value>204-199-6267</value>
    </contact>
  </contacts>
  <ssn>
    <value>876-02-4265</value>
    <classification>(S)</classification>
  </ssn>
  <images>
    <image>
      <url>https://cdn1.marklogic.com/wp-content/uploads/2021/02/1612313387205.jpeg</url>
      <source>
        <name>New York Times</name>
        <ts>2020-10-07T20:22:13Z</ts>
        <uploadedBy>hbrewett0</uploadedBy>
      </source>
    </image>
    <image>
      <url>https://cdn1.marklogic.com/wp-content/uploads/2018/01/headshot_square_286x286.jpg</url>
      <source>
        <name>Wall Street Journal</name>
        <ts>2021-02-15T08:25:43Z</ts>
        <uploadedBy>cbarthrup0</uploadedBy>
      </source>
    </image>
    <image>
      <url>https://cdn1.marklogic.com/wp-content/uploads/2018/01/Diane-Burley-MarkLogic-2015.jpg</url>
      <source>
        <name>Los Angeles Times</name>
        <ts>2015-09-25T09:19:14Z</ts>
        <uploadedBy>mblanckley0</uploadedBy>
      </source>
    </image>
    <image>
      <url>https://cdn1.marklogic.com/wp-content/uploads/2018/01/Diane-Burley-MarkLogic-2015.jpg</url>
      <source>
        <name>Wall Street Journal</name>
        <ts>2013-07-14T04:44:18Z</ts>
        <uploadedBy>pladds0</uploadedBy>
      </source>
    </image>
  </images>
  <addresses>
    <address>
      <street>54 Bobwhite Parkway</street>
      <city>Madison</city>
      <state>WI</state>
      <postal>53790</postal>
      <country>United States</country>
      <latitude>43.0696</latitude>
      <longitude>-89.4239</longitude>
    </address>
  </addresses>
  <schools>
    <school>
      <country>United States</country>
      <name>Slippery Rock University</name>
      <city>Akron</city>
      <state>OH</state>
      <postal>44310</postal>
      <latitude>41.1024492</latitude>
      <longitude>-81.4992884</longitude>
      <source>
        <name>USA Today</name>
        <ts>2015-03-09T16:09:26Z</ts>
      </source>
      <source>
        <name>New York Times</name>
        <ts>2014-09-12T06:22:24Z</ts>
      </source>
      <source>
        <name>Chicago Tribune</name>
        <ts>2010-09-23T01:01:06Z</ts>
      </source>
    </school>
    <school>
      <country>United States</country>
      <name>Taylor University</name>
      <city>Charlotte</city>
      <state>NC</state>
      <postal>28205</postal>
      <latitude>35.2037032</latitude>
      <longitude>-80.7842188</longitude>
      <source>
        <name>USA Today</name>
        <ts>2011-07-15T16:17:52Z</ts>
      </source>
      <source>
        <name>New York Times</name>
        <ts>2018-06-22T16:48:01Z</ts>
      </source>
    </school>
  </schools>
  <status>Active</status>
  <sources>
    <source>
      <name>New York Times</name>
      <ts>2017-10-08T01:50:45Z</ts>
    </source>
  </sources>
  <relations>
    <relation>
      <id>/person/10010.xml</id>
      <predicate>livesWith</predicate>
      <imageSrc>https://cdn1.marklogic.com/wp-content/uploads/2018/01/Alicia-Saia-MarkLogic1.jpg</imageSrc>
      <fullname>Comusso Ingelbert</fullname>
      <city>Johnson City</city>
      <state>TN</state>
    </relation>
    <relation>
      <id>/person/10046.xml</id>
      <predicate>livesWith</predicate>
      <imageSrc>https://cdn1.marklogic.com/wp-content/uploads/2018/01/headshot_square_286x286.jpg</imageSrc>
      <fullname>Wolseley Daron</fullname>
      <city>New York City</city>
      <state>NY</state>
    </relation>
  </relations>
  <createdOn>
    <ts>2022-01-07T10:48:31Z</ts>
    <user>pstanfieldm</user>
  </createdOn>
  <lastUpdated>
    <ts>2022-01-04T12:56:23Z</ts>
    <user>pstanfieldm</user>
  </lastUpdated>
  <socials/>
  <memberships>
    <membership>
      <list>list6</list>
      <important>true</important>
      <ts>2022-01-28</ts>
    </membership>
    <membership>
      <list>list2</list>
      <important>true</important>
      <ts>2022-01-14</ts>
    </membership>
  </memberships>
  <links>
    <link>
      <label>Quick View</label>
      <url>https://hostgator.com</url>
      <icon>faEye</icon>
    </link>
    <link>
      <label>Nomination History</label>
      <url>https://aboutads.info</url>
      <icon>faMedal</icon>
    </link>
    <link>
      <label>Comments</label>
      <url>https://howstuffworks.com</url>
      <icon>faComments</icon>
    </link>
  </links>
  <activities>
    <activity>
      <predicate>startedAt</predicate>
      <place>JumpXS</place>
      <predplace>startedAt JumpXS</predplace>
      <ts>2016-10-26T21:28:18Z</ts>
      <source>
        <name>USA Today</name>
        <ts>2021-01-23T10:24:28Z</ts>
        <createdBy>Kilian Vuittet</createdBy>
        <approvedBy>Demott Narrie</approvedBy>
      </source>
    </activity>
    <activity>
      <predicate>movedTo</predicate>
      <place>Kimia</place>
      <predplace>movedTo Kimia</predplace>
      <ts>2017-06-05T01:51:11Z</ts>
      <source>
        <name>New York Times</name>
        <ts>2021-05-22T02:47:22Z</ts>
        <createdBy>Herc Meany</createdBy>
        <approvedBy>Ludwig Olden</approvedBy>
      </source>
    </activity>
    <activity>
      <predicate>movedTo</predicate>
      <place>Babblestorm</place>
      <predplace>movedTo Babblestorm</predplace>
      <ts>2013-05-25T21:39:34Z</ts>
      <source>
        <name>Chicago Tribune</name>
        <ts>2022-02-21T06:48:30Z</ts>
        <createdBy>Grantley Delmage</createdBy>
        <approvedBy>Orelie Librey</approvedBy>
      </source>
    </activity>
    <activity>
      <predicate>movedTo</predicate>
      <place>Livetube</place>
      <predplace>movedTo Livetube</predplace>
      <ts>2017-11-19T19:08:52Z</ts>
      <source>
        <name>Los Angeles Times</name>
        <ts>2021-01-20T09:00:51Z</ts>
        <createdBy>Dexter Gumm</createdBy>
        <approvedBy>Shea Rivelin</approvedBy>
      </source>
    </activity>
    <activity>
      <predicate>movedTo</predicate>
      <place>Fivechat</place>
      <predplace>movedTo Fivechat</predplace>
      <ts>2017-03-21T19:34:37Z</ts>
      <source>
        <name>Wall Street Journal</name>
        <ts>2020-09-07T19:31:48Z</ts>
        <createdBy>Willyt Baude</createdBy>
        <approvedBy>Zarla Dumigan</approvedBy>
      </source>
    </activity>
  </activities>
  <events>
    <event>
      <predicate>visited</predicate>
      <place>Indonesia</place>
      <predplace>visited Indonesia</predplace>
      <end>2017-04-08T02:55:09Z</end>
      <start>2016-05-06T12:02:25Z</start>
    </event>
  </events>
  <actions>
    <action>
      <url>http://sohu.com</url>
      <icon>faCog</icon>
    </action>
    <action>
      <url>https://360.cn</url>
      <icon>faCode</icon>
    </action>
    <action>
      <url>https://tinyurl.com</url>
      <icon>faSync</icon>
    </action>
  </actions>
</person>