<?xml version="1.0" encoding="UTF-8" standalone="yes"?>
<person>
  <personId>10028</personId>
  <nameGroup>
    <givenname>
      <value>Antonio</value>
    </givenname>
    <surname>
      <value>Grimston</value>
    </surname>
    <fullname>
      <classification>C</classification>
      <restricted>true</restricted>
      <value>Grimston Antonio</value>
      <source>
        <name>Washington Post</name>
        <ts>2015-10-06T06:55:11Z</ts>
      </source>
    </fullname>
  </nameGroup>
  <emails>
    <email>
      <value>jnolleau0@chicagotribune.com</value>
      <classification>S</classification>
      <restricted>false</restricted>
    </email>
  </emails>
  <phone>538-336-5728</phone>
  <ssn>
    <value>351-62-4742</value>
    <classification>(S)</classification>
  </ssn>
  <images>
    <image>
      <url>https://cdn1.marklogic.com/wp-content/uploads/2021/02/1612313387205.jpeg</url>
      <source>
        <name>Washington Post</name>
        <ts>2021-11-23T21:05:14Z</ts>
        <uploadedBy>jsivess0</uploadedBy>
      </source>
    </image>
    <image>
      <url>https://cdn1.marklogic.com/wp-content/uploads/2018/01/Alicia-Saia-MarkLogic1.jpg</url>
      <source>
        <name>Washington Post</name>
        <ts>2018-03-07T23:05:22Z</ts>
        <uploadedBy>lsirman0</uploadedBy>
      </source>
    </image>
    <image>
      <url>https://cdn1.marklogic.com/wp-content/uploads/2018/01/headshot_square_286x286.jpg</url>
      <source>
        <name>New York Times</name>
        <ts>2010-07-06T16:52:30Z</ts>
        <uploadedBy>hwimbridge0</uploadedBy>
      </source>
    </image>
    <image>
      <url>https://cdn1.marklogic.com/wp-content/uploads/2020/11/george-bloom-headshot-300x300-1.jpg</url>
      <source>
        <name>Washington Post</name>
        <ts>2011-10-17T06:31:53Z</ts>
        <uploadedBy>atwaits0</uploadedBy>
      </source>
    </image>
  </images>
  <addresses>
    <address>
      <street>850 Nevada Way</street>
      <city>Salt Lake City</city>
      <state>UT</state>
      <postal>84125</postal>
      <country>United States</country>
      <latitude>40.6681</latitude>
      <longitude>-111.9083</longitude>
    </address>
    <address>
      <street>49010 Helena Drive</street>
      <city>Cincinnati</city>
      <state>OH</state>
      <postal>45271</postal>
      <country>United States</country>
      <latitude>39.1668</latitude>
      <longitude>-84.5382</longitude>
    </address>
  </addresses>
  <schools>
    <school>
      <country>United States</country>
      <name>Kennesaw State University</name>
      <city>Allentown</city>
      <state>PA</state>
      <postal>18105</postal>
      <latitude>40.6</latitude>
      <longitude>-75.47</longitude>
      <source>
        <name>USA Today</name>
        <ts>2016-11-29T12:30:47Z</ts>
      </source>
      <source>
        <name>New York Times</name>
        <ts>2017-07-17T05:25:59Z</ts>
      </source>
      <source>
        <name>Chicago Tribune</name>
        <ts>2010-12-04T04:10:18Z</ts>
      </source>
    </school>
  </schools>
  <status>Active</status>
  <sources>
    <source>
      <name>Los Angeles Times</name>
      <ts>2015-10-08T12:55:37Z</ts>
    </source>
  </sources>
  <sources>
    <source>
      <name>New York Times</name>
      <ts>2021-10-26T05:15:27Z</ts>
    </source>
  </sources>
  <relations>
    <relation>
      <id>/person/10069.xml</id>
      <predicate>relatedTo</predicate>
      <imageSrc>https://cdn1.marklogic.com/wp-content/uploads/2020/04/JamesKenwood-headshot-600x600-1.jpg</imageSrc>
      <fullname>Vaugham Paddy</fullname>
      <city>Fort Worth</city>
      <state>TX</state>
    </relation>
    <relation>
      <id>/person/10058.xml</id>
      <predicate>relatedTo</predicate>
      <imageSrc>https://cdn1.marklogic.com/wp-content/uploads/2020/11/george-bloom-headshot-300x300-1.jpg</imageSrc>
      <fullname>Stoite Letizia</fullname>
      <city>Raleigh</city>
      <state>NC</state>
    </relation>
    <relation>
      <id>/person/10056.xml</id>
      <predicate>livesWith</predicate>
      <imageSrc>https://cdn1.marklogic.com/wp-content/uploads/2020/04/JamesKenwood-headshot-600x600-1.jpg</imageSrc>
      <fullname>Sexstone Ethelyn</fullname>
      <city>Huntington</city>
      <state>WV</state>
    </relation>
    <relation>
      <id>/person/10067.xml</id>
      <predicate>livesWith</predicate>
      <imageSrc>https://cdn1.marklogic.com/wp-content/uploads/2021/05/IS-headshot.jpeg</imageSrc>
      <fullname>Brosius Atalanta</fullname>
      <city>Salt Lake City</city>
      <state>UT</state>
    </relation>
    <relation>
      <id>/person/10089.xml</id>
      <predicate>relatedTo</predicate>
      <imageSrc>https://cdn1.marklogic.com/wp-content/uploads/2018/01/Michael-Malgeri-MarkLogic.jpg</imageSrc>
      <fullname>Goolden Wilhelm</fullname>
      <city>Birmingham</city>
      <state>AL</state>
    </relation>
  </relations>
  <createdOn>
    <ts>2022-01-06T18:37:04Z</ts>
    <user>agrimstonr</user>
  </createdOn>
  <lastUpdated>
    <ts>2022-01-30T20:33:23Z</ts>
    <user>agrimstonr</user>
  </lastUpdated>
  <socials/>
  <memberships>
    <membership>
      <list>list12</list>
      <important>true</important>
      <ts>2022-01-13</ts>
    </membership>
    <membership>
      <list>list7</list>
      <important>true</important>
      <ts>2022-01-01</ts>
    </membership>
    <membership>
      <list>list3</list>
      <important>false</important>
      <ts>2022-01-03</ts>
    </membership>
    <membership>
      <list>list1</list>
      <important>false</important>
      <ts>2022-01-17</ts>
    </membership>
  </memberships>
  <links>
    <link>
      <label>Quick View</label>
      <url>https://ucoz.com</url>
      <icon>faEye</icon>
    </link>
    <link>
      <label>Nomination History</label>
      <url>https://reuters.com</url>
      <icon>faMedal</icon>
    </link>
    <link>
      <label>Comments</label>
      <url>http://discovery.com</url>
      <icon>faComments</icon>
    </link>
  </links>
  <activities>
    <activity>
      <predicate>transferredTo</predicate>
      <place>Voonder</place>
      <predplace>transferredTo Voonder</predplace>
      <ts>2011-09-09T22:55:54Z</ts>
      <source>
        <name>USA Today</name>
        <ts>2018-05-05T18:01:59Z</ts>
        <createdBy>Linnell Dirand</createdBy>
        <approvedBy>Che Pitkethly</approvedBy>
      </source>
    </activity>
    <activity>
      <predicate>transferredTo</predicate>
      <place>Skaboo</place>
      <predplace>transferredTo Skaboo</predplace>
      <ts>2011-03-30T06:53:47Z</ts>
      <source>
        <name>New York Times</name>
        <ts>2020-07-23T16:42:20Z</ts>
        <createdBy>Emmalynne Juste</createdBy>
        <approvedBy>Joya Bodicum</approvedBy>
      </source>
    </activity>
    <activity>
      <predicate>endedAt</predicate>
      <place>InnoZ</place>
      <predplace>endedAt InnoZ</predplace>
      <ts>2011-01-25T08:08:16Z</ts>
      <source>
        <name>Chicago Tribune</name>
        <ts>2020-11-18T06:59:19Z</ts>
        <createdBy>Kaye Hammerberger</createdBy>
        <approvedBy>Gennifer Gaul</approvedBy>
      </source>
    </activity>
    <activity>
      <predicate>movedTo</predicate>
      <place>Eimbee</place>
      <predplace>movedTo Eimbee</predplace>
      <ts>2011-11-10T14:18:12Z</ts>
      <source>
        <name>Los Angeles Times</name>
        <ts>2017-04-21T08:27:53Z</ts>
        <createdBy>Salli Suscens</createdBy>
        <approvedBy>Claudina Freezor</approvedBy>
      </source>
    </activity>
    <activity>
      <predicate>movedTo</predicate>
      <place>InnoZ</place>
      <predplace>movedTo InnoZ</predplace>
      <ts>2014-01-22T02:21:58Z</ts>
      <source>
        <name>Wall Street Journal</name>
        <ts>2019-02-26T22:19:10Z</ts>
        <createdBy>Ibrahim Bader</createdBy>
        <approvedBy>Shelly Lemm</approvedBy>
      </source>
    </activity>
  </activities>
  <actions>
    <action>
      <url>https://live.com</url>
      <icon>faCog</icon>
    </action>
    <action>
      <url>http://google.ru</url>
      <icon>faCode</icon>
    </action>
    <action>
      <url>https://free.fr</url>
      <icon>faSync</icon>
    </action>
  </actions>
</person>