<?xml version="1.0" encoding="UTF-8" standalone="yes"?>
<person>
  <personId>10021</personId>
  <nameGroup>
    <givenname>
      <value>Barbe</value>
    </givenname>
    <surname>
      <value>Tumbelty</value>
    </surname>
    <fullname>
      <classification>U</classification>
      <restricted>true</restricted>
      <value>Tumbelty Barbe</value>
      <source>
        <name>New York Times</name>
        <ts>2017-04-09T04:43:40Z</ts>
      </source>
      <source>
        <name>Washington Post</name>
        <ts>2017-01-23T07:58:37Z</ts>
      </source>
    </fullname>
  </nameGroup>
  <emails>
    <email>
      <value>osumsion0@eepurl.com</value>
      <classification>C</classification>
      <restricted>false</restricted>
    </email>
    <email>
      <value>kkettley1@admin.ch</value>
      <classification>C</classification>
      <restricted>false</restricted>
    </email>
    <email>
      <value>mcrowe2@barnesandnoble.com</value>
      <classification>C</classification>
      <restricted>false</restricted>
    </email>
  </emails>
  <phone>350-765-7870</phone>
  <ssn>
    <value>431-88-1811</value>
    <classification>(S)</classification>
  </ssn>
  <images>
    <image>
      <url>https://cdn1.marklogic.com/wp-content/uploads/2021/07/chuck-hollis.jpeg</url>
      <source>
        <name>USA Today</name>
        <ts>2011-04-16T05:23:14Z</ts>
        <uploadedBy/>
      </source>
    </image>
    <image>
      <url>https://cdn1.marklogic.com/wp-content/uploads/2018/02/trinh-lieu-profile.jpg</url>
      <source>
        <name>USA Today</name>
        <ts>2020-10-21T03:54:20Z</ts>
        <uploadedBy>gbrilon0</uploadedBy>
      </source>
    </image>
    <image>
      <url>https://cdn1.marklogic.com/wp-content/uploads/2021/07/chuck-hollis.jpeg</url>
      <source>
        <name>Chicago Tribune</name>
        <ts>2017-04-07T21:00:56Z</ts>
        <uploadedBy>edeferrari0</uploadedBy>
      </source>
    </image>
  </images>
  <addresses>
    <address>
      <street>026 Anzinger Trail</street>
      <city>South Bend</city>
      <state>IN</state>
      <postal>46620</postal>
      <country>United States</country>
      <latitude>41.5968</latitude>
      <longitude>-86.293</longitude>
    </address>
    <address>
      <street>7 Dorton Parkway</street>
      <city>Saint Petersburg</city>
      <state>FL</state>
      <postal>33737</postal>
      <country>United States</country>
      <latitude>27.8918</latitude>
      <longitude>-82.7248</longitude>
    </address>
    <address>
      <street>0855 Messerschmidt Crossing</street>
      <city>Hampton</city>
      <state>VA</state>
      <postal>23668</postal>
      <country>United States</country>
      <latitude>37.0206</latitude>
      <longitude>-76.3377</longitude>
    </address>
  </addresses>
  <schools>
    <school>
      <country>United States</country>
      <name>University of North Carolina at Charlotte</name>
      <city>El Paso</city>
      <state>TX</state>
      <postal>88530</postal>
      <latitude>31.77</latitude>
      <longitude>-106.43</longitude>
      <source>
        <name>USA Today</name>
        <ts>2011-06-04T10:13:38Z</ts>
      </source>
    </school>
  </schools>
  <status>Active</status>
  <sources>
    <source>
      <name>Wall Street Journal</name>
      <ts>2010-10-15T18:31:55Z</ts>
    </source>
  </sources>
  <sources>
    <source>
      <name>Los Angeles Times</name>
      <ts>2012-08-07T01:24:26Z</ts>
    </source>
  </sources>
  <relations>
    <relation>
      <id>/person/10046.xml</id>
      <predicate>worksWith</predicate>
      <imageSrc>https://cdn1.marklogic.com/wp-content/uploads/2021/05/IS-headshot.jpeg</imageSrc>
      <fullname>Ivakin Adrianna</fullname>
      <city>Houston</city>
      <state>TX</state>
    </relation>
    <relation>
      <id>/person/10035.xml</id>
      <predicate>relatedTo</predicate>
      <imageSrc>https://cdn1.marklogic.com/wp-content/uploads/2018/01/Alicia-Saia-MarkLogic1.jpg</imageSrc>
      <fullname>Van den Broek Gilda</fullname>
      <city>Buffalo</city>
      <state>NY</state>
    </relation>
    <relation>
      <id>/person/10074.xml</id>
      <predicate>worksWith</predicate>
      <imageSrc>https://cdn1.marklogic.com/wp-content/uploads/2018/02/trinh-lieu-profile.jpg</imageSrc>
      <fullname>Dadd Daniele</fullname>
      <city>Charlotte</city>
      <state>NC</state>
    </relation>
    <relation>
      <id>/person/10059.xml</id>
      <predicate>worksWith</predicate>
      <imageSrc>https://cdn1.marklogic.com/wp-content/uploads/2018/01/headshot_square_286x286.jpg</imageSrc>
      <fullname>McNabb Shantee</fullname>
      <city>Saint Petersburg</city>
      <state>FL</state>
    </relation>
  </relations>
  <createdOn>
    <ts>2022-01-12T01:33:45Z</ts>
    <user>btumbeltyk</user>
  </createdOn>
  <lastUpdated>
    <ts>2022-01-23T23:02:42Z</ts>
    <user>btumbeltyk</user>
  </lastUpdated>
  <socials>
    <social>
      <site>linkedin</site>
      <handle>dfibbit0</handle>
      <address>http://skyrock.com/sagittis/nam/congue/risus/semper/porta/volutpat.jsp</address>
    </social>
    <social>
      <site>twitter</site>
      <handle>ecattel1</handle>
      <address>http://about.com/sed/accumsan/felis/ut.jpg</address>
    </social>
    <social>
      <site>linkedin</site>
      <handle>phaggart2</handle>
      <address>https://furl.net/sociis/natoque/penatibus/et.xml</address>
    </social>
  </socials>
  <memberships>
    <membership>
      <list>list3</list>
      <important>true</important>
      <ts>2022-01-05</ts>
    </membership>
    <membership>
      <list>list3</list>
      <important>false</important>
      <ts>2022-01-03</ts>
    </membership>
    <membership>
      <list>list1</list>
      <important>true</important>
      <ts>2022-02-25</ts>
    </membership>
    <membership>
      <list>list5</list>
      <important>true</important>
      <ts>2022-02-05</ts>
    </membership>
    <membership>
      <list>list3</list>
      <important>true</important>
      <ts>2022-01-18</ts>
    </membership>
    <membership>
      <list>list6</list>
      <important>false</important>
      <ts>2022-02-08</ts>
    </membership>
  </memberships>
  <links>
    <link>
      <label>Quick View</label>
      <url>http://vinaora.com</url>
      <icon>faEye</icon>
    </link>
    <link>
      <label>Nomination History</label>
      <url>http://netlog.com</url>
      <icon>faMedal</icon>
    </link>
    <link>
      <label>Comments</label>
      <url>http://si.edu</url>
      <icon>faComments</icon>
    </link>
  </links>
  <activities>
    <activity>
      <predicate>startedAt</predicate>
      <place>Avavee</place>
      <predplace>startedAt Avavee</predplace>
      <ts>2011-07-25T13:36:12Z</ts>
      <source>
        <name>USA Today</name>
        <ts>2017-04-10T05:24:30Z</ts>
        <createdBy>Elora Huckin</createdBy>
        <approvedBy>Orsa St Louis</approvedBy>
      </source>
    </activity>
    <activity>
      <predicate>transferredTo</predicate>
      <place>Meeveo</place>
      <predplace>transferredTo Meeveo</predplace>
      <ts>2015-12-07T08:30:17Z</ts>
      <source>
        <name>New York Times</name>
        <ts>2017-08-16T06:45:44Z</ts>
        <createdBy>Fran Turbill</createdBy>
        <approvedBy>Carlye Wagnerin</approvedBy>
      </source>
    </activity>
    <activity>
      <predicate>transferredTo</predicate>
      <place>Yakijo</place>
      <predplace>transferredTo Yakijo</predplace>
      <ts>2011-01-05T23:57:12Z</ts>
      <source>
        <name>Chicago Tribune</name>
        <ts>2022-04-24T20:45:36Z</ts>
        <createdBy>Hesther Gulley</createdBy>
        <approvedBy>Goober Proom</approvedBy>
      </source>
    </activity>
    <activity>
      <predicate>endedAt</predicate>
      <place>Kamba</place>
      <predplace>endedAt Kamba</predplace>
      <ts>2014-11-23T07:00:46Z</ts>
      <source>
        <name>Los Angeles Times</name>
        <ts>2017-02-07T15:54:14Z</ts>
        <createdBy>Ramona Birk</createdBy>
        <approvedBy>Giuseppe Santora</approvedBy>
      </source>
    </activity>
    <activity>
      <predicate>endedAt</predicate>
      <place>Vimbo</place>
      <predplace>endedAt Vimbo</predplace>
      <ts>2010-11-14T09:36:47Z</ts>
      <source>
        <name>Wall Street Journal</name>
        <ts>2019-05-13T22:45:09Z</ts>
        <createdBy>Terrell Assur</createdBy>
        <approvedBy>Cris Bottelstone</approvedBy>
      </source>
    </activity>
    <activity>
      <predicate>endedAt</predicate>
      <place>Brightdog</place>
      <predplace>endedAt Brightdog</predplace>
      <ts>2013-10-04T11:28:14Z</ts>
      <source>
        <name>Washington Post</name>
        <ts>2016-10-31T10:13:29Z</ts>
        <createdBy>Kerri Trethewey</createdBy>
        <approvedBy>Drugi Wilkinson</approvedBy>
      </source>
    </activity>
  </activities>
  <actions>
    <action>
      <url>https://dell.com</url>
      <icon>faCog</icon>
    </action>
    <action>
      <url>http://walmart.com</url>
      <icon>faCode</icon>
    </action>
    <action>
      <url>http://clickbank.net</url>
      <icon>faSync</icon>
    </action>
  </actions>
</person>