<?xml version="1.0" encoding="UTF-8" standalone="yes"?>
<person>
  <personId>10029</personId>
  <nameGroup>
    <givenname>
      <value>Tersina</value>
    </givenname>
    <surname>
      <value>Bygrove</value>
    </surname>
    <fullname>
      <classification>S</classification>
      <restricted>false</restricted>
      <value>Bygrove Tersina</value>
      <source>
        <name>Washington Post</name>
        <ts>2021-07-13T03:29:56Z</ts>
      </source>
      <source>
        <name>Wall Street Journal</name>
        <ts>2017-10-26T03:00:33Z</ts>
      </source>
    </fullname>
  </nameGroup>
  <emails>
    <email>
      <value>fviegas0@icio.us</value>
      <classification>C</classification>
      <restricted>false</restricted>
    </email>
  </emails>
  <phone>192-391-7387</phone>
  <ssn>
    <value>726-14-8904</value>
    <classification>(S)</classification>
  </ssn>
  <images>
    <image>
      <url>https://cdn1.marklogic.com/wp-content/uploads/2018/01/Alicia-Saia-MarkLogic1.jpg</url>
      <source>
        <name>New York Times</name>
        <ts>2016-02-14T05:51:11Z</ts>
        <uploadedBy>talldred0</uploadedBy>
      </source>
    </image>
    <image>
      <url>https://cdn1.marklogic.com/wp-content/uploads/2020/04/JamesKenwood-headshot-600x600-1.jpg</url>
      <source>
        <name>Wall Street Journal</name>
        <ts>2020-01-14T06:12:39Z</ts>
        <uploadedBy>vvannuchi0</uploadedBy>
      </source>
    </image>
    <image>
      <url>https://cdn1.marklogic.com/wp-content/uploads/2020/04/JamesKenwood-headshot-600x600-1.jpg</url>
      <source>
        <name>New York Times</name>
        <ts>2019-10-27T08:42:32Z</ts>
        <uploadedBy>ozanassi0</uploadedBy>
      </source>
    </image>
    <image>
      <url>https://cdn1.marklogic.com/wp-content/uploads/2018/01/Diane-Burley-MarkLogic-2015.jpg</url>
      <source>
        <name>Washington Post</name>
        <ts>2018-07-01T04:50:38Z</ts>
        <uploadedBy>fcrielly0</uploadedBy>
      </source>
    </image>
  </images>
  <addresses>
    <address>
      <street>7052 Fair Oaks Center</street>
      <city>Temple</city>
      <state>TX</state>
      <postal>76505</postal>
      <country>United States</country>
      <latitude>31.0363</latitude>
      <longitude>-97.492</longitude>
    </address>
    <address>
      <street>0 Boyd Pass</street>
      <city>Norfolk</city>
      <state>VA</state>
      <postal>23520</postal>
      <country>United States</country>
      <latitude>36.9312</latitude>
      <longitude>-76.2397</longitude>
    </address>
    <address>
      <street>107 South Park</street>
      <city>North Hollywood</city>
      <state>CA</state>
      <postal>91606</postal>
      <country>United States</country>
      <latitude>34.1872</latitude>
      <longitude>-118.3865</longitude>
    </address>
  </addresses>
  <schools>
    <school>
      <country>United States</country>
      <name>University of Pittsburgh at Greensburg</name>
      <city>Boston</city>
      <state>MA</state>
      <postal>02208</postal>
      <latitude>35.9015016</latitude>
      <longitude>-81.138279</longitude>
      <source>
        <name>USA Today</name>
        <ts>2016-03-12T11:54:37Z</ts>
      </source>
      <source>
        <name>New York Times</name>
        <ts>2016-03-17T00:27:25Z</ts>
      </source>
      <source>
        <name>Chicago Tribune</name>
        <ts>2012-08-18T03:44:32Z</ts>
      </source>
    </school>
    <school>
      <country>Canada</country>
      <name>University of Calgary</name>
      <city>Smiths Falls</city>
      <state>ON</state>
      <postal>K7A</postal>
      <latitude>44.891731</latitude>
      <longitude>-76.0289414</longitude>
      <source>
        <name>USA Today</name>
        <ts>2014-06-10T22:37:29Z</ts>
      </source>
      <source>
        <name>New York Times</name>
        <ts>2018-09-05T00:56:31Z</ts>
      </source>
    </school>
  </schools>
  <status>Active</status>
  <sources>
    <source>
      <name>Chicago Tribune</name>
      <ts>2016-11-08T15:35:48Z</ts>
    </source>
  </sources>
  <sources>
    <source>
      <name>Chicago Tribune</name>
      <ts>2021-01-30T15:14:28Z</ts>
    </source>
  </sources>
  <relations>
    <relation>
      <id>/person/10012.xml</id>
      <predicate>relatedTo</predicate>
      <imageSrc>https://cdn1.marklogic.com/wp-content/uploads/2018/02/trinh-lieu-profile.jpg</imageSrc>
      <fullname>Duddle Weider</fullname>
      <city>Tulsa</city>
      <state>OK</state>
    </relation>
    <relation>
      <id>/person/10030.xml</id>
      <predicate>relatedTo</predicate>
      <imageSrc>https://cdn1.marklogic.com/wp-content/uploads/2020/04/JamesKenwood-headshot-600x600-1.jpg</imageSrc>
      <fullname>Glader Muire</fullname>
      <city>Pensacola</city>
      <state>FL</state>
    </relation>
  </relations>
  <createdOn>
    <ts>2022-01-04T14:04:12Z</ts>
    <user>tbygroves</user>
  </createdOn>
  <lastUpdated>
    <ts>2022-01-13T02:21:12Z</ts>
    <user>tbygroves</user>
  </lastUpdated>
  <socials>
    <social>
      <site>linkedin</site>
      <handle/>
      <address>https://mysql.com/sed.jsp</address>
    </social>
    <social>
      <site>linkedin</site>
      <handle>swintour1</handle>
      <address>http://mozilla.org/sodales/sed/tincidunt.js</address>
    </social>
  </socials>
  <memberships>
    <membership>
      <list>list9</list>
      <important>false</important>
      <ts>2022-02-09</ts>
    </membership>
    <membership>
      <list>list7</list>
      <important>true</important>
      <ts>2022-01-08</ts>
    </membership>
    <membership>
      <list>list1</list>
      <important>true</important>
      <ts>2022-02-04</ts>
    </membership>
    <membership>
      <list>list7</list>
      <important>false</important>
      <ts>2022-02-11</ts>
    </membership>
  </memberships>
  <links>
    <link>
      <label>Quick View</label>
      <url>https://java.com</url>
      <icon>faEye</icon>
    </link>
    <link>
      <label>Nomination History</label>
      <url>https://netlog.com</url>
      <icon>faMedal</icon>
    </link>
    <link>
      <label>Comments</label>
      <url>http://archive.org</url>
      <icon>faComments</icon>
    </link>
  </links>
  <activities>
    <activity>
      <predicate>transferredTo</predicate>
      <place>Ailane</place>
      <predplace>transferredTo Ailane</predplace>
      <ts>2014-07-16T14:07:02Z</ts>
      <source>
        <name>USA Today</name>
        <ts>2018-12-25T09:13:55Z</ts>
        <createdBy>Waring Romeril</createdBy>
        <approvedBy>Berty Blodgetts</approvedBy>
      </source>
    </activity>
    <activity>
      <predicate>startedAt</predicate>
      <place>Divanoodle</place>
      <predplace>startedAt Divanoodle</predplace>
      <ts>2015-04-20T01:58:40Z</ts>
      <source>
        <name>New York Times</name>
        <ts>2016-12-25T21:08:02Z</ts>
        <createdBy>Alvira Bellwood</createdBy>
        <approvedBy>Kasey Buffey</approvedBy>
      </source>
    </activity>
    <activity>
      <predicate>transferredTo</predicate>
      <place>Pixonyx</place>
      <predplace>transferredTo Pixonyx</predplace>
      <ts>2014-11-02T16:11:44Z</ts>
      <source>
        <name>Chicago Tribune</name>
        <ts>2018-10-09T10:05:49Z</ts>
        <createdBy>Loralee Monks</createdBy>
        <approvedBy>Lisette Hudd</approvedBy>
      </source>
    </activity>
    <activity>
      <predicate>endedAt</predicate>
      <place>Eayo</place>
      <predplace>endedAt Eayo</predplace>
      <ts>2011-02-22T18:42:31Z</ts>
      <source>
        <name>Los Angeles Times</name>
        <ts>2016-04-04T18:36:33Z</ts>
        <createdBy>Pablo Rought</createdBy>
        <approvedBy>Dionis Eatttok</approvedBy>
      </source>
    </activity>
    <activity>
      <predicate>endedAt</predicate>
      <place>Gabtype</place>
      <predplace>endedAt Gabtype</predplace>
      <ts>2012-11-01T17:49:04Z</ts>
      <source>
        <name>Wall Street Journal</name>
        <ts>2016-02-20T07:13:52Z</ts>
        <createdBy>Norry Heathorn</createdBy>
        <approvedBy>Melisande Teml</approvedBy>
      </source>
    </activity>
    <activity>
      <predicate>transferredTo</predicate>
      <place>Aimbu</place>
      <predplace>transferredTo Aimbu</predplace>
      <ts>2013-08-23T12:32:07Z</ts>
      <source>
        <name>Washington Post</name>
        <ts>2019-01-03T07:34:41Z</ts>
        <createdBy>Carlen Sorsbie</createdBy>
        <approvedBy>Arlyne Epple</approvedBy>
      </source>
    </activity>
    <activity>
      <predicate>startedAt</predicate>
      <place>Skinder</place>
      <predplace>startedAt Skinder</predplace>
      <ts>2010-09-04T21:14:27Z</ts>
      <source>
        <name>USA Today</name>
        <ts>2021-05-09T09:00:17Z</ts>
        <createdBy>Barnett Arson</createdBy>
        <approvedBy>Gunilla Worsfield</approvedBy>
      </source>
    </activity>
  </activities>
  <actions>
    <action>
      <url>https://google.ca</url>
      <icon>faCog</icon>
    </action>
    <action>
      <url>http://soup.io</url>
      <icon>faCode</icon>
    </action>
    <action>
      <url>https://zimbio.com</url>
      <icon>faSync</icon>
    </action>
  </actions>
</person>