<?xml version="1.0" encoding="UTF-8" standalone="yes"?>
<person>
  <personId>10024</personId>
  <nameGroup>
    <givenname>
      <value>Bell</value>
    </givenname>
    <surname>
      <value>Hayward</value>
    </surname>
    <fullname>
      <classification>C</classification>
      <restricted>false</restricted>
      <value>Hayward Bell</value>
      <source>
        <name>Chicago Tribune</name>
        <ts>2015-04-29T02:26:16Z</ts>
      </source>
      <source>
        <name>New York Times</name>
        <ts>2016-10-11T05:38:00Z</ts>
      </source>
    </fullname>
  </nameGroup>
  <emails>
    <email>
      <value>ltrobe0@scientificamerican.com</value>
      <classification>U</classification>
      <restricted>false</restricted>
    </email>
    <email>
      <value>rwalrond1@google.com.br</value>
      <classification>U</classification>
      <restricted>false</restricted>
    </email>
    <email>
      <value>frappaport2@ucoz.ru</value>
      <classification>U</classification>
      <restricted>false</restricted>
    </email>
  </emails>
  <phone>948-511-8170</phone>
  <contacts>
    <contact>
      <type>phone</type>
      <value>317-595-6403</value>
    </contact>
    <contact>
      <type>email</type>
      <value>abellhanger1@tripod.com</value>
    </contact>
    <contact>
      <type>email</type>
      <value>lcrosser2@ox.ac.uk</value>
    </contact>
  </contacts>
  <ssn>
    <value>799-57-1597</value>
    <classification>(S)</classification>
  </ssn>
  <images>
    <image>
      <url>https://cdn1.marklogic.com/wp-content/uploads/2018/02/trinh-lieu-profile.jpg</url>
      <source>
        <name>New York Times</name>
        <ts>2013-02-02T12:54:44Z</ts>
        <uploadedBy>dhaseman0</uploadedBy>
      </source>
    </image>
    <image>
      <url>https://cdn1.marklogic.com/wp-content/uploads/2021/05/IS-headshot.jpeg</url>
      <source>
        <name>USA Today</name>
        <ts>2019-03-31T00:21:17Z</ts>
        <uploadedBy>mrubens0</uploadedBy>
      </source>
    </image>
    <image>
      <url>https://cdn1.marklogic.com/wp-content/uploads/2020/11/george-bloom-headshot-300x300-1.jpg</url>
      <source>
        <name>New York Times</name>
        <ts>2020-11-23T21:32:55Z</ts>
        <uploadedBy>ldearing0</uploadedBy>
      </source>
    </image>
  </images>
  <addresses>
    <address>
      <street>72310 Moose Circle</street>
      <city>Dallas</city>
      <state>TX</state>
      <postal>75226</postal>
      <country>United States</country>
      <latitude>32.7887</latitude>
      <longitude>-96.7676</longitude>
    </address>
    <address>
      <street>657 Loftsgordon Alley</street>
      <city>Riverside</city>
      <state>CA</state>
      <postal>92519</postal>
      <country>United States</country>
      <latitude>33.7529</latitude>
      <longitude>-116.0556</longitude>
    </address>
    <address>
      <street>9 Shelley Place</street>
      <city>Atlanta</city>
      <state>GA</state>
      <postal>30351</postal>
      <country>United States</country>
      <latitude>33.8444</latitude>
      <longitude>-84.474</longitude>
    </address>
  </addresses>
  <schools>
    <school>
      <country>United States</country>
      <name>Harris-Stowe State University</name>
      <city>Pittsburgh</city>
      <state>PA</state>
      <postal>15274</postal>
      <latitude>40.44</latitude>
      <longitude>-79.9599999</longitude>
      <source>
        <name>USA Today</name>
        <ts>2010-10-29T15:10:09Z</ts>
      </source>
    </school>
  </schools>
  <status>Inactive</status>
  <sources>
    <source>
      <name>Washington Post</name>
      <ts>2019-12-07T13:03:54Z</ts>
    </source>
  </sources>
  <relations>
    <relation>
      <id>/person/10036.xml</id>
      <predicate>worksWith</predicate>
      <imageSrc>https://cdn1.marklogic.com/wp-content/uploads/2018/01/headshot_square_286x286.jpg</imageSrc>
      <fullname>Dunn Clement</fullname>
      <city>Stamford</city>
      <state>CT</state>
    </relation>
    <relation>
      <id>/person/10024.xml</id>
      <predicate>relatedTo</predicate>
      <imageSrc>https://cdn1.marklogic.com/wp-content/uploads/2018/02/trinh-lieu-profile.jpg</imageSrc>
      <fullname>Hayward Bell</fullname>
      <city>Dallas</city>
      <state>TX</state>
    </relation>
    <relation>
      <id>/person/10029.xml</id>
      <predicate>livesWith</predicate>
      <imageSrc>https://cdn1.marklogic.com/wp-content/uploads/2021/02/1612313387205.jpeg</imageSrc>
      <fullname>Jozefiak Gianna</fullname>
      <city>Houston</city>
      <state>TX</state>
    </relation>
    <relation>
      <id>/person/10079.xml</id>
      <predicate>worksWith</predicate>
      <imageSrc>https://cdn1.marklogic.com/wp-content/uploads/2021/02/1612313387205.jpeg</imageSrc>
      <fullname>Sumpton Ravid</fullname>
      <city>Washington</city>
      <state>DC</state>
    </relation>
    <relation>
      <id>/person/10051.xml</id>
      <predicate>livesWith</predicate>
      <imageSrc>https://cdn1.marklogic.com/wp-content/uploads/2020/04/JamesKenwood-headshot-600x600-1.jpg</imageSrc>
      <fullname>Truckell Meryl</fullname>
      <city>San Bernardino</city>
      <state>CA</state>
    </relation>
  </relations>
  <createdOn>
    <ts>2022-01-06T12:16:23Z</ts>
    <user>bhaywardn</user>
  </createdOn>
  <lastUpdated>
    <ts>2022-01-30T03:07:53Z</ts>
    <user>bhaywardn</user>
  </lastUpdated>
  <socials/>
  <memberships>
    <membership>
      <list>list12</list>
      <important>true</important>
      <ts>2022-02-10</ts>
    </membership>
    <membership>
      <list>list3</list>
      <important>false</important>
      <ts>2022-01-06</ts>
    </membership>
  </memberships>
  <links>
    <link>
      <label>Quick View</label>
      <url>http://toplist.cz</url>
      <icon>faEye</icon>
    </link>
    <link>
      <label>Nomination History</label>
      <url>https://csmonitor.com</url>
      <icon>faMedal</icon>
    </link>
    <link>
      <label>Comments</label>
      <url>https://ifeng.com</url>
      <icon>faComments</icon>
    </link>
  </links>
  <activities>
    <activity>
      <predicate>startedAt</predicate>
      <place>DabZ</place>
      <predplace>startedAt DabZ</predplace>
      <ts>2018-07-12T17:53:59Z</ts>
      <source>
        <name>USA Today</name>
        <ts>2021-06-08T02:55:24Z</ts>
        <createdBy>Lane Hankard</createdBy>
        <approvedBy>Drona Coulson</approvedBy>
      </source>
    </activity>
    <activity>
      <predicate>startedAt</predicate>
      <place>Yambee</place>
      <predplace>startedAt Yambee</predplace>
      <ts>2014-12-25T05:13:51Z</ts>
      <source>
        <name>New York Times</name>
        <ts>2020-04-15T11:21:20Z</ts>
        <createdBy>Edwina Stedell</createdBy>
        <approvedBy>Pinchas Brookwell</approvedBy>
      </source>
    </activity>
  </activities>
  <events>
    <event>
      <predicate>visited</predicate>
      <place>Costa Rica</place>
      <predplace>visited Costa Rica</predplace>
      <end>2018-06-05T03:54:27Z</end>
      <start>2014-11-27T19:18:54Z</start>
    </event>
  </events>
  <actions>
    <action>
      <url>https://w3.org</url>
      <icon>faCog</icon>
    </action>
    <action>
      <url>http://oracle.com</url>
      <icon>faCode</icon>
    </action>
    <action>
      <url>https://ning.com</url>
      <icon>faSync</icon>
    </action>
  </actions>
</person>