<?xml version="1.0" encoding="UTF-8" standalone="yes"?>
<person>
  <personId>10027</personId>
  <nameGroup>
    <givenname>
      <value>Yehudi</value>
    </givenname>
    <surname>
      <value>Hembrow</value>
    </surname>
    <fullname>
      <classification>U</classification>
      <restricted>false</restricted>
      <value>Hembrow Yehudi</value>
      <source>
        <name>New York Times</name>
        <ts>2013-04-12T06:17:12Z</ts>
      </source>
    </fullname>
  </nameGroup>
  <emails>
    <email>
      <value>mterrett0@engadget.com</value>
      <classification>S</classification>
      <restricted>false</restricted>
    </email>
    <email>
      <value>mmulleary1@artisteer.com</value>
      <classification>U</classification>
      <restricted>false</restricted>
    </email>
    <email>
      <value>censor2@merriam-webster.com</value>
      <classification>S</classification>
      <restricted>false</restricted>
    </email>
  </emails>
  <phone>459-730-9520</phone>
  <ssn>
    <value>829-25-0794</value>
    <classification>(S)</classification>
  </ssn>
  <images>
    <image>
      <url>https://cdn1.marklogic.com/wp-content/uploads/2018/02/trinh-lieu-profile.jpg</url>
      <source>
        <name>USA Today</name>
        <ts>2011-06-23T08:41:29Z</ts>
        <uploadedBy>abuten0</uploadedBy>
      </source>
    </image>
  </images>
  <addresses>
    <address>
      <street>0 Columbus Circle</street>
      <city>Toledo</city>
      <state>OH</state>
      <postal>43605</postal>
      <country>United States</country>
      <latitude>41.6525</latitude>
      <longitude>-83.5085</longitude>
    </address>
    <address>
      <street>0 Mitchell Junction</street>
      <city>Madison</city>
      <state>WI</state>
      <postal>53705</postal>
      <country>United States</country>
      <latitude>43.073</latitude>
      <longitude>-89.4528</longitude>
    </address>
  </addresses>
  <schools>
    <school>
      <country>United States</country>
      <name>Oakland University</name>
      <city>New York City</city>
      <state>NY</state>
      <postal>10125</postal>
      <latitude>40.8</latitude>
      <longitude>-73.97</longitude>
      <source>
        <name>USA Today</name>
        <ts>2010-05-30T06:51:14Z</ts>
      </source>
      <source>
        <name>New York Times</name>
        <ts>2014-06-06T07:12:46Z</ts>
      </source>
      <source>
        <name>Chicago Tribune</name>
        <ts>2016-07-13T02:26:37Z</ts>
      </source>
    </school>
  </schools>
  <status>Inactive</status>
  <sources>
    <source>
      <name>New York Times</name>
      <ts>2011-01-21T16:14:00Z</ts>
    </source>
  </sources>
  <relations>
    <relation>
      <id>/person/10075.xml</id>
      <predicate>worksWith</predicate>
      <imageSrc>https://cdn1.marklogic.com/wp-content/uploads/2021/05/IS-headshot.jpeg</imageSrc>
      <fullname>Winskill Babette</fullname>
      <city>Ogden</city>
      <state>UT</state>
    </relation>
    <relation>
      <id>/person/10023.xml</id>
      <predicate>relatedTo</predicate>
      <imageSrc>https://cdn1.marklogic.com/wp-content/uploads/2018/01/Diane-Burley-MarkLogic-2015.jpg</imageSrc>
      <fullname>Rigts Sada</fullname>
      <city>Rochester</city>
      <state>NY</state>
    </relation>
    <relation>
      <id>/person/10002.xml</id>
      <predicate>relatedTo</predicate>
      <imageSrc>https://cdn1.marklogic.com/wp-content/uploads/2021/05/IS-headshot.jpeg</imageSrc>
      <fullname>Sexten Barnaby</fullname>
      <city>Huntington</city>
      <state>WV</state>
    </relation>
  </relations>
  <createdOn>
    <ts>2022-02-05T19:08:14Z</ts>
    <user>yhembrowq</user>
  </createdOn>
  <lastUpdated>
    <ts>2022-01-09T12:00:20Z</ts>
    <user>yhembrowq</user>
  </lastUpdated>
  <socials>
    <social>
      <site>twitter</site>
      <handle>ncarvell0</handle>
      <address>http://feedburner.com/tempus/sit/amet.xml</address>
    </social>
    <social>
      <site>facebook</site>
      <handle>mswaby1</handle>
      <address>https://intel.com/rhoncus/aliquet/pulvinar/sed/nisl/nunc/rhoncus.html</address>
    </social>
  </socials>
  <memberships>
    <membership>
      <list>list2</list>
      <important>false</important>
      <ts>2022-01-10</ts>
    </membership>
  </memberships>
  <links>
    <link>
      <label>Quick View</label>
      <url>http://comsenz.com</url>
      <icon>faEye</icon>
    </link>
    <link>
      <label>Nomination History</label>
      <url>https://google.pl</url>
      <icon>faMedal</icon>
    </link>
    <link>
      <label>Comments</label>
      <url>https://de.vu</url>
      <icon>faComments</icon>
    </link>
  </links>
  <activities>
    <activity>
      <predicate>movedTo</predicate>
      <place>Fatz</place>
      <predplace>movedTo Fatz</predplace>
      <ts>2010-04-21T16:18:01Z</ts>
      <source>
        <name>USA Today</name>
        <ts>2017-06-03T10:33:24Z</ts>
        <createdBy>Horatius Ethridge</createdBy>
        <approvedBy>Chan Jeandel</approvedBy>
      </source>
    </activity>
    <activity>
      <predicate>transferredTo</predicate>
      <place>Feednation</place>
      <predplace>transferredTo Feednation</predplace>
      <ts>2013-03-26T15:11:21Z</ts>
      <source>
        <name>New York Times</name>
        <ts>2021-08-03T08:43:35Z</ts>
        <createdBy>Ethyl Russon</createdBy>
        <approvedBy>Cody Selway</approvedBy>
      </source>
    </activity>
    <activity>
      <predicate>endedAt</predicate>
      <place>Fatz</place>
      <predplace>endedAt Fatz</predplace>
      <ts>2014-12-16T01:11:05Z</ts>
      <source>
        <name>Chicago Tribune</name>
        <ts>2021-05-18T23:27:10Z</ts>
        <createdBy>Alyce Markus</createdBy>
        <approvedBy>Verge Geekin</approvedBy>
      </source>
    </activity>
    <activity>
      <predicate>endedAt</predicate>
      <place>Yakitri</place>
      <predplace>endedAt Yakitri</predplace>
      <ts>2011-03-02T08:47:25Z</ts>
      <source>
        <name>Los Angeles Times</name>
        <ts>2018-07-30T12:20:23Z</ts>
        <createdBy>Gizela Cornbill</createdBy>
        <approvedBy>Grady Kenen</approvedBy>
      </source>
    </activity>
    <activity>
      <predicate>movedTo</predicate>
      <place>Edgewire</place>
      <predplace>movedTo Edgewire</predplace>
      <ts>2011-07-07T14:02:05Z</ts>
      <source>
        <name>Wall Street Journal</name>
        <ts>2021-03-09T03:57:20Z</ts>
        <createdBy>Perry Cruwys</createdBy>
        <approvedBy>Daven Blaxland</approvedBy>
      </source>
    </activity>
    <activity>
      <predicate>movedTo</predicate>
      <place>Fivechat</place>
      <predplace>movedTo Fivechat</predplace>
      <ts>2015-06-08T17:14:49Z</ts>
      <source>
        <name>Washington Post</name>
        <ts>2017-04-25T04:44:16Z</ts>
        <createdBy>Axel Pickering</createdBy>
        <approvedBy>Horatius Crocker</approvedBy>
      </source>
    </activity>
  </activities>
  <actions>
    <action>
      <url>http://amazon.de</url>
      <icon>faCog</icon>
    </action>
    <action>
      <url>https://sogou.com</url>
      <icon>faCode</icon>
    </action>
    <action>
      <url>http://drupal.org</url>
      <icon>faSync</icon>
    </action>
  </actions>
</person>