<?xml version="1.0" encoding="UTF-8" standalone="yes"?>
<person>
  <personId>10020</personId>
  <nameGroup>
    <givenname>
      <value>Naomi</value>
    </givenname>
    <surname>
      <value>Ball</value>
    </surname>
    <fullname>
      <classification>S</classification>
      <restricted>false</restricted>
      <value>Ball Naomi</value>
      <source>
        <name>USA Today</name>
        <ts>2021-05-29T08:27:10Z</ts>
      </source>
      <source>
        <name>New York Times</name>
        <ts>2014-04-12T05:35:15Z</ts>
      </source>
      <source>
        <name>Washington Post</name>
        <ts>2012-01-01T21:23:32Z</ts>
      </source>
    </fullname>
  </nameGroup>
  <emails>
    <email>
      <value>ddrakes0@businessweek.com</value>
      <classification>S</classification>
      <restricted>false</restricted>
    </email>
  </emails>
  <phone>813-320-9702</phone>
  <ssn>
    <value>555-06-4805</value>
    <classification>(S)</classification>
  </ssn>
  <images>
    <image>
      <url>https://cdn1.marklogic.com/wp-content/uploads/2018/01/Diane-Burley-MarkLogic-2015.jpg</url>
      <source>
        <name>Chicago Tribune</name>
        <ts>2020-06-11T20:18:12Z</ts>
        <uploadedBy>seasson0</uploadedBy>
      </source>
    </image>
    <image>
      <url>https://cdn1.marklogic.com/wp-content/uploads/2018/01/headshot_square_286x286.jpg</url>
      <source>
        <name>Los Angeles Times</name>
        <ts>2019-03-29T23:07:21Z</ts>
        <uploadedBy>belcocks0</uploadedBy>
      </source>
    </image>
    <image>
      <url>https://cdn1.marklogic.com/wp-content/uploads/2018/01/Diane-Burley-MarkLogic-2015.jpg</url>
      <source>
        <name>Los Angeles Times</name>
        <ts>2018-08-26T23:15:06Z</ts>
        <uploadedBy>jcount0</uploadedBy>
      </source>
    </image>
    <image>
      <url>https://cdn1.marklogic.com/wp-content/uploads/2018/01/Alicia-Saia-MarkLogic1.jpg</url>
      <source>
        <name>Wall Street Journal</name>
        <ts>2011-04-06T07:23:44Z</ts>
        <uploadedBy>kanespie0</uploadedBy>
      </source>
    </image>
  </images>
  <addresses>
    <address>
      <street>9504 Butternut Alley</street>
      <city>Fort Collins</city>
      <state>CO</state>
      <postal>80525</postal>
      <country>United States</country>
      <latitude>40.5384</latitude>
      <longitude>-105.0547</longitude>
    </address>
  </addresses>
  <schools>
    <school>
      <country>United Kingdom</country>
      <name>School of Slavonic and East European Studies, University of London</name>
      <city>Upton</city>
      <state>ENG</state>
      <postal>WF9</postal>
      <latitude>53.6190091</latitude>
      <longitude>-1.2780726</longitude>
      <source>
        <name>USA Today</name>
        <ts>2015-03-05T17:53:51Z</ts>
      </source>
      <source>
        <name>New York Times</name>
        <ts>2011-09-22T11:57:11Z</ts>
      </source>
      <source>
        <name>Chicago Tribune</name>
        <ts>2012-11-27T05:49:45Z</ts>
      </source>
    </school>
    <school>
      <country>United States</country>
      <name>Trinity College of Vermont</name>
      <city>Joliet</city>
      <state>IL</state>
      <postal>60435</postal>
      <latitude>41.5359304</latitude>
      <longitude>-88.1193763</longitude>
      <source>
        <name>USA Today</name>
        <ts>2017-11-03T02:28:57Z</ts>
      </source>
      <source>
        <name>New York Times</name>
        <ts>2021-04-28T08:22:22Z</ts>
      </source>
      <source>
        <name>Chicago Tribune</name>
        <ts>2015-05-12T16:11:05Z</ts>
      </source>
    </school>
  </schools>
  <status>Inactive</status>
  <sources>
    <source>
      <name>Chicago Tribune</name>
      <ts>2020-11-07T23:58:55Z</ts>
    </source>
  </sources>
  <relations>
    <relation>
      <id>/person/10055.xml</id>
      <predicate>livesWith</predicate>
      <imageSrc>https://cdn1.marklogic.com/wp-content/uploads/2018/01/Michael-Malgeri-MarkLogic.jpg</imageSrc>
      <fullname>Alekhov Tasha</fullname>
      <city>Midland</city>
      <state>TX</state>
    </relation>
    <relation>
      <id>/person/10034.xml</id>
      <predicate>worksWith</predicate>
      <imageSrc>https://cdn1.marklogic.com/wp-content/uploads/2020/11/george-bloom-headshot-300x300-1.jpg</imageSrc>
      <fullname>Plewes Brett</fullname>
      <city>Detroit</city>
      <state>MI</state>
    </relation>
    <relation>
      <id>/person/10029.xml</id>
      <predicate>livesWith</predicate>
      <imageSrc>https://cdn1.marklogic.com/wp-content/uploads/2018/01/Alicia-Saia-MarkLogic1.jpg</imageSrc>
      <fullname>Bygrove Tersina</fullname>
      <city>Temple</city>
      <state>TX</state>
    </relation>
    <relation>
      <id>/person/10012.xml</id>
      <predicate>livesWith</predicate>
      <imageSrc>https://cdn1.marklogic.com/wp-content/uploads/2018/02/trinh-lieu-profile.jpg</imageSrc>
      <fullname>Duddle Weider</fullname>
      <city>Tulsa</city>
      <state>OK</state>
    </relation>
  </relations>
  <createdOn>
    <ts>2022-02-24T17:07:34Z</ts>
    <user>nballj</user>
  </createdOn>
  <lastUpdated>
    <ts>2022-02-08T00:53:16Z</ts>
    <user>nballj</user>
  </lastUpdated>
  <socials/>
  <memberships>
    <membership>
      <list>list9</list>
      <important>true</important>
      <ts>2022-02-24</ts>
    </membership>
    <membership>
      <list>list10</list>
      <important>true</important>
      <ts>2022-01-12</ts>
    </membership>
  </memberships>
  <links>
    <link>
      <label>Quick View</label>
      <url>http://ebay.co.uk</url>
      <icon>faEye</icon>
    </link>
    <link>
      <label>Nomination History</label>
      <url>http://stumbleupon.com</url>
      <icon>faMedal</icon>
    </link>
    <link>
      <label>Comments</label>
      <url>http://ustream.tv</url>
      <icon>faComments</icon>
    </link>
  </links>
  <activities>
    <activity>
      <predicate>startedAt</predicate>
      <place>Yadel</place>
      <predplace>startedAt Yadel</predplace>
      <ts>2013-05-26T05:32:08Z</ts>
      <source>
        <name>USA Today</name>
        <ts>2022-03-27T04:43:49Z</ts>
        <createdBy>Rosanna Moine</createdBy>
        <approvedBy>Dalli Boddis</approvedBy>
      </source>
    </activity>
    <activity>
      <predicate>transferredTo</predicate>
      <place>Jaxworks</place>
      <predplace>transferredTo Jaxworks</predplace>
      <ts>2015-06-20T07:00:06Z</ts>
      <source>
        <name>New York Times</name>
        <ts>2019-04-29T09:24:40Z</ts>
        <createdBy>Janene Probbin</createdBy>
        <approvedBy>Ida Alves</approvedBy>
      </source>
    </activity>
    <activity>
      <predicate>transferredTo</predicate>
      <place>Kanoodle</place>
      <predplace>transferredTo Kanoodle</predplace>
      <ts>2011-07-30T07:00:50Z</ts>
      <source>
        <name>Chicago Tribune</name>
        <ts>2017-04-10T09:36:18Z</ts>
        <createdBy>Mozelle Noonan</createdBy>
        <approvedBy>Nealy Bresnen</approvedBy>
      </source>
    </activity>
    <activity>
      <predicate>movedTo</predicate>
      <place>Pixoboo</place>
      <predplace>movedTo Pixoboo</predplace>
      <ts>2015-12-21T10:48:39Z</ts>
      <source>
        <name>Los Angeles Times</name>
        <ts>2019-06-30T00:08:07Z</ts>
        <createdBy>Dalila Margiotta</createdBy>
        <approvedBy>Giovanna Bardwell</approvedBy>
      </source>
    </activity>
  </activities>
  <actions>
    <action>
      <url>http://rediff.com</url>
      <icon>faCog</icon>
    </action>
    <action>
      <url>http://w3.org</url>
      <icon>faCode</icon>
    </action>
    <action>
      <url>https://tinypic.com</url>
      <icon>faSync</icon>
    </action>
  </actions>
</person>