<?xml version="1.0" encoding="UTF-8" standalone="yes"?>
<person>
  <personId>10022</personId>
  <nameGroup>
    <givenname>
      <value>Emlyn</value>
    </givenname>
    <surname>
      <value>Vaggs</value>
    </surname>
    <fullname>
      <classification>C</classification>
      <restricted>true</restricted>
      <value>Vaggs Emlyn</value>
      <source>
        <name>Los Angeles Times</name>
        <ts>2011-12-24T11:10:48Z</ts>
      </source>
      <source>
        <name>New York Times</name>
        <ts>2013-05-26T05:26:49Z</ts>
      </source>
    </fullname>
  </nameGroup>
  <emails>
    <email>
      <value>hgilluley0@psu.edu</value>
      <classification>S</classification>
      <restricted>false</restricted>
    </email>
  </emails>
  <phone>300-510-9852</phone>
  <ssn>
    <value>832-99-2239</value>
    <classification>(S)</classification>
  </ssn>
  <images>
    <image>
      <url>https://cdn1.marklogic.com/wp-content/uploads/2020/04/JamesKenwood-headshot-600x600-1.jpg</url>
      <source>
        <name>Chicago Tribune</name>
        <ts>2017-03-20T05:13:39Z</ts>
        <uploadedBy/>
      </source>
    </image>
    <image>
      <url>https://cdn1.marklogic.com/wp-content/uploads/2018/02/trinh-lieu-profile.jpg</url>
      <source>
        <name>Washington Post</name>
        <ts>2015-07-18T02:36:52Z</ts>
        <uploadedBy>covise0</uploadedBy>
      </source>
    </image>
    <image>
      <url>https://cdn1.marklogic.com/wp-content/uploads/2018/01/Alicia-Saia-MarkLogic1.jpg</url>
      <source>
        <name>Los Angeles Times</name>
        <ts>2014-08-04T21:37:47Z</ts>
        <uploadedBy/>
      </source>
    </image>
    <image>
      <url>https://cdn1.marklogic.com/wp-content/uploads/2018/01/headshot_square_286x286.jpg</url>
      <source>
        <name>Los Angeles Times</name>
        <ts>2011-05-01T17:50:57Z</ts>
        <uploadedBy>btheobold0</uploadedBy>
      </source>
    </image>
  </images>
  <addresses>
    <address>
      <street>81421 Nancy Plaza</street>
      <city>Vero Beach</city>
      <state>FL</state>
      <postal>32969</postal>
      <country>United States</country>
      <latitude>27.709</latitude>
      <longitude>-80.5726</longitude>
    </address>
    <address>
      <street>4148 Tennessee Alley</street>
      <city>Albany</city>
      <state>NY</state>
      <postal>12242</postal>
      <country>United States</country>
      <latitude>42.6149</latitude>
      <longitude>-73.9708</longitude>
    </address>
  </addresses>
  <schools>
    <school>
      <country>Canada</country>
      <name>École nationale d'administration publique, Université du Québec</name>
      <city>Lethbridge</city>
      <state>AB</state>
      <postal>T1K</postal>
      <latitude>49.6619465</latitude>
      <longitude>-112.8149467</longitude>
      <source>
        <name>USA Today</name>
        <ts>2016-04-30T00:52:18Z</ts>
      </source>
      <source>
        <name>New York Times</name>
        <ts>2015-10-10T08:28:35Z</ts>
      </source>
      <source>
        <name>Chicago Tribune</name>
        <ts>2020-02-23T08:38:26Z</ts>
      </source>
    </school>
  </schools>
  <status>Inactive</status>
  <sources>
    <source>
      <name>USA Today</name>
      <ts>2012-10-21T12:50:09Z</ts>
    </source>
  </sources>
  <sources>
    <source>
      <name>Washington Post</name>
      <ts>2011-04-04T12:37:54Z</ts>
    </source>
  </sources>
  <relations>
    <relation>
      <id>/person/10083.xml</id>
      <predicate>relatedTo</predicate>
      <imageSrc>https://cdn1.marklogic.com/wp-content/uploads/2021/05/IS-headshot.jpeg</imageSrc>
      <fullname>Mailes Elwyn</fullname>
      <city>Baton Rouge</city>
      <state>LA</state>
    </relation>
    <relation>
      <id>/person/10037.xml</id>
      <predicate>worksWith</predicate>
      <imageSrc>https://cdn1.marklogic.com/wp-content/uploads/2018/01/Alicia-Saia-MarkLogic1.jpg</imageSrc>
      <fullname>Dragonette Berry</fullname>
      <city>Rockville</city>
      <state>MD</state>
    </relation>
    <relation>
      <id>/person/10062.xml</id>
      <predicate>relatedTo</predicate>
      <imageSrc>https://cdn1.marklogic.com/wp-content/uploads/2020/04/JamesKenwood-headshot-600x600-1.jpg</imageSrc>
      <fullname>Greedier Yulma</fullname>
      <city>Evansville</city>
      <state>IN</state>
    </relation>
  </relations>
  <createdOn>
    <ts>2022-01-21T10:06:44Z</ts>
    <user>evaggsl</user>
  </createdOn>
  <lastUpdated>
    <ts>2022-01-17T19:01:04Z</ts>
    <user>evaggsl</user>
  </lastUpdated>
  <socials/>
  <memberships>
    <membership>
      <list>list7</list>
      <important>false</important>
      <ts>2022-02-08</ts>
    </membership>
    <membership>
      <list>list11</list>
      <important>true</important>
      <ts>2022-02-26</ts>
    </membership>
    <membership>
      <list>list8</list>
      <important>false</important>
      <ts>2022-01-02</ts>
    </membership>
    <membership>
      <list>list11</list>
      <important>true</important>
      <ts>2022-01-14</ts>
    </membership>
    <membership>
      <list>list4</list>
      <important>true</important>
      <ts>2022-02-01</ts>
    </membership>
  </memberships>
  <links>
    <link>
      <label>Quick View</label>
      <url>https://prweb.com</url>
      <icon>faEye</icon>
    </link>
    <link>
      <label>Nomination History</label>
      <url>https://pagesperso-orange.fr</url>
      <icon>faMedal</icon>
    </link>
    <link>
      <label>Comments</label>
      <url>https://mail.ru</url>
      <icon>faComments</icon>
    </link>
  </links>
  <activities>
    <activity>
      <predicate>startedAt</predicate>
      <place>Kimia</place>
      <predplace>startedAt Kimia</predplace>
      <ts>2013-12-27T19:49:37Z</ts>
      <source>
        <name>USA Today</name>
        <ts>2016-07-02T20:29:09Z</ts>
        <createdBy>Glyn Silversmidt</createdBy>
        <approvedBy>Aldus Marner</approvedBy>
      </source>
    </activity>
    <activity>
      <predicate>startedAt</predicate>
      <place>Tagfeed</place>
      <predplace>startedAt Tagfeed</predplace>
      <ts>2013-11-17T07:41:10Z</ts>
      <source>
        <name>New York Times</name>
        <ts>2017-06-25T21:42:23Z</ts>
        <createdBy>Rance Burwin</createdBy>
        <approvedBy>Sigismundo Fargher</approvedBy>
      </source>
    </activity>
    <activity>
      <predicate>startedAt</predicate>
      <place>Brainsphere</place>
      <predplace>startedAt Brainsphere</predplace>
      <ts>2012-10-21T18:56:41Z</ts>
      <source>
        <name>Chicago Tribune</name>
        <ts>2020-02-06T14:16:35Z</ts>
        <createdBy>Leonard D'Angeli</createdBy>
        <approvedBy>Stepha St Pierre</approvedBy>
      </source>
    </activity>
    <activity>
      <predicate>movedTo</predicate>
      <place>Avamm</place>
      <predplace>movedTo Avamm</predplace>
      <ts>2010-12-16T04:44:31Z</ts>
      <source>
        <name>Los Angeles Times</name>
        <ts>2017-04-09T07:14:59Z</ts>
        <createdBy>Meggi Aery</createdBy>
        <approvedBy>Pietra Tracy</approvedBy>
      </source>
    </activity>
    <activity>
      <predicate>movedTo</predicate>
      <place>Edgeblab</place>
      <predplace>movedTo Edgeblab</predplace>
      <ts>2012-11-03T02:11:15Z</ts>
      <source>
        <name>Wall Street Journal</name>
        <ts>2016-09-30T22:16:16Z</ts>
        <createdBy>Augustus Curragh</createdBy>
        <approvedBy>Addie Gulleford</approvedBy>
      </source>
    </activity>
    <activity>
      <predicate>startedAt</predicate>
      <place>Quire</place>
      <predplace>startedAt Quire</predplace>
      <ts>2015-09-29T01:58:43Z</ts>
      <source>
        <name>Washington Post</name>
        <ts>2016-09-26T00:22:52Z</ts>
        <createdBy>Indira Casserly</createdBy>
        <approvedBy>Demetria Crossingham</approvedBy>
      </source>
    </activity>
    <activity>
      <predicate>endedAt</predicate>
      <place>Skibox</place>
      <predplace>endedAt Skibox</predplace>
      <ts>2013-04-10T02:04:54Z</ts>
      <source>
        <name>USA Today</name>
        <ts>2020-09-06T06:45:30Z</ts>
        <createdBy>Broddie Stanyer</createdBy>
        <approvedBy>Lauralee Rubens</approvedBy>
      </source>
    </activity>
  </activities>
  <actions>
    <action>
      <url>http://multiply.com</url>
      <icon>faCog</icon>
    </action>
    <action>
      <url>http://blogtalkradio.com</url>
      <icon>faCode</icon>
    </action>
    <action>
      <url>http://discuz.net</url>
      <icon>faSync</icon>
    </action>
  </actions>
</person>