<?xml version="1.0" encoding="UTF-8" standalone="yes"?>
<person>
  <personId>10021</personId>
  <nameGroup>
    <givenname>
      <value>Daniele</value>
    </givenname>
    <surname>
      <value>Tapscott</value>
    </surname>
    <fullname>
      <classification>S</classification>
      <restricted>false</restricted>
      <value>Tapscott Daniele</value>
      <source>
        <name>Los Angeles Times</name>
        <ts>2015-12-28T01:21:25Z</ts>
      </source>
    </fullname>
  </nameGroup>
  <emails>
    <email>
      <value>zkoomar0@uiuc.edu</value>
      <classification>U</classification>
      <restricted>false</restricted>
    </email>
  </emails>
  <phone>357-647-1762</phone>
  <contacts>
    <contact>
      <type>email</type>
      <value>mmincher0@mysql.com</value>
    </contact>
    <contact>
      <type>email</type>
      <value>jklejna1@hhs.gov</value>
    </contact>
    <contact>
      <type>email</type>
      <value>eotierney2@wisc.edu</value>
    </contact>
  </contacts>
  <ssn>
    <value>132-93-3669</value>
    <classification>(S)</classification>
  </ssn>
  <images>
    <image>
      <url>https://cdn1.marklogic.com/wp-content/uploads/2018/01/headshot_square_286x286.jpg</url>
      <source>
        <name>Chicago Tribune</name>
        <ts>2011-10-16T10:54:54Z</ts>
        <uploadedBy>epeart0</uploadedBy>
      </source>
    </image>
    <image>
      <url>https://cdn1.marklogic.com/wp-content/uploads/2021/07/chuck-hollis.jpeg</url>
      <source>
        <name>Wall Street Journal</name>
        <ts>2018-09-13T18:35:46Z</ts>
        <uploadedBy>esworne0</uploadedBy>
      </source>
    </image>
  </images>
  <addresses>
    <address>
      <street>66 Troy Parkway</street>
      <city>Oklahoma City</city>
      <state>OK</state>
      <postal>73190</postal>
      <country>United States</country>
      <latitude>35.5514</latitude>
      <longitude>-97.4075</longitude>
    </address>
    <address>
      <street>31 Lighthouse Bay Point</street>
      <city>Pittsburgh</city>
      <state>PA</state>
      <postal>15215</postal>
      <country>United States</country>
      <latitude>40.5048</latitude>
      <longitude>-79.9138</longitude>
    </address>
    <address>
      <street>6 Burrows Point</street>
      <city>Memphis</city>
      <state>TN</state>
      <postal>38150</postal>
      <country>United States</country>
      <latitude>35.2017</latitude>
      <longitude>-89.9715</longitude>
    </address>
  </addresses>
  <schools>
    <school>
      <country>Canada</country>
      <name>St. Paul University</name>
      <city>Atikokan</city>
      <state>ON</state>
      <postal>K1Y</postal>
      <latitude>48.75667</latitude>
      <longitude>-91.62409</longitude>
      <source>
        <name>USA Today</name>
        <ts>2010-06-09T18:28:05Z</ts>
      </source>
      <source>
        <name>New York Times</name>
        <ts>2017-07-06T08:49:13Z</ts>
      </source>
    </school>
  </schools>
  <status>Active</status>
  <sources>
    <source>
      <name>Los Angeles Times</name>
      <ts>2014-07-29T10:45:21Z</ts>
    </source>
  </sources>
  <relations>
    <relation>
      <id>/person/10023.xml</id>
      <predicate>worksWith</predicate>
      <imageSrc>https://cdn1.marklogic.com/wp-content/uploads/2021/02/1612313387205.jpeg</imageSrc>
      <fullname>Stanfield Philippa</fullname>
      <city>Madison</city>
      <state>WI</state>
    </relation>
    <relation>
      <id>/person/10038.xml</id>
      <predicate>worksWith</predicate>
      <imageSrc>https://cdn1.marklogic.com/wp-content/uploads/2021/07/chuck-hollis.jpeg</imageSrc>
      <fullname>Pippin Shelby</fullname>
      <city>New Orleans</city>
      <state>LA</state>
    </relation>
    <relation>
      <id>/person/10086.xml</id>
      <predicate>worksWith</predicate>
      <imageSrc>https://cdn1.marklogic.com/wp-content/uploads/2018/01/Diane-Burley-MarkLogic-2015.jpg</imageSrc>
      <fullname>Noulton Ema</fullname>
      <city>Colorado Springs</city>
      <state>CO</state>
    </relation>
    <relation>
      <id>/person/10085.xml</id>
      <predicate>relatedTo</predicate>
      <imageSrc>https://cdn1.marklogic.com/wp-content/uploads/2021/07/chuck-hollis.jpeg</imageSrc>
      <fullname>Tunnicliffe Donna</fullname>
      <city>Sioux City</city>
      <state>IA</state>
    </relation>
    <relation>
      <id>/person/10065.xml</id>
      <predicate>livesWith</predicate>
      <imageSrc>https://cdn1.marklogic.com/wp-content/uploads/2020/04/JamesKenwood-headshot-600x600-1.jpg</imageSrc>
      <fullname>Tembridge Brock</fullname>
      <city>San Jose</city>
      <state>CA</state>
    </relation>
  </relations>
  <createdOn>
    <ts>2022-01-19T02:04:46Z</ts>
    <user>dtapscottk</user>
  </createdOn>
  <lastUpdated>
    <ts>2022-02-01T15:59:24Z</ts>
    <user>dtapscottk</user>
  </lastUpdated>
  <socials>
    <social>
      <site>linkedin</site>
      <handle>vpruce0</handle>
      <address>http://cpanel.net/mattis/odio/donec/vitae/nisi.jpg</address>
    </social>
    <social>
      <site>linkedin</site>
      <handle>dmedcalfe1</handle>
      <address>https://blinklist.com/tempus/sit/amet/sem/fusce.json</address>
    </social>
  </socials>
  <memberships/>
  <links>
    <link>
      <label>Quick View</label>
      <url>https://indiatimes.com</url>
      <icon>faEye</icon>
    </link>
    <link>
      <label>Nomination History</label>
      <url>http://miitbeian.gov.cn</url>
      <icon>faMedal</icon>
    </link>
    <link>
      <label>Comments</label>
      <url>http://altervista.org</url>
      <icon>faComments</icon>
    </link>
  </links>
  <activities>
    <activity>
      <predicate>startedAt</predicate>
      <place>Jaxnation</place>
      <predplace>startedAt Jaxnation</predplace>
      <ts>2013-09-22T18:24:19Z</ts>
      <source>
        <name>USA Today</name>
        <ts>2021-11-16T08:37:41Z</ts>
        <createdBy>Florida Sambidge</createdBy>
        <approvedBy>Renard Sidden</approvedBy>
      </source>
    </activity>
    <activity>
      <predicate>movedTo</predicate>
      <place>Mynte</place>
      <predplace>movedTo Mynte</predplace>
      <ts>2015-10-24T11:45:10Z</ts>
      <source>
        <name>New York Times</name>
        <ts>2021-07-29T22:32:42Z</ts>
        <createdBy>Debby Kausche</createdBy>
        <approvedBy>Sheffie Parcall</approvedBy>
      </source>
    </activity>
    <activity>
      <predicate>endedAt</predicate>
      <place>Tazz</place>
      <predplace>endedAt Tazz</predplace>
      <ts>2017-06-02T17:09:21Z</ts>
      <source>
        <name>Chicago Tribune</name>
        <ts>2020-12-18T08:47:13Z</ts>
        <createdBy>Lion Broome</createdBy>
        <approvedBy>Drusie McGairl</approvedBy>
      </source>
    </activity>
    <activity>
      <predicate>movedTo</predicate>
      <place>Jabbersphere</place>
      <predplace>movedTo Jabbersphere</predplace>
      <ts>2020-02-02T21:20:43Z</ts>
      <source>
        <name>Los Angeles Times</name>
        <ts>2022-02-15T14:12:35Z</ts>
        <createdBy>Kessia Stonard</createdBy>
        <approvedBy>Lazare Wrankling</approvedBy>
      </source>
    </activity>
    <activity>
      <predicate>startedAt</predicate>
      <place>Skajo</place>
      <predplace>startedAt Skajo</predplace>
      <ts>2017-09-14T22:19:54Z</ts>
      <source>
        <name>Wall Street Journal</name>
        <ts>2020-08-19T10:55:14Z</ts>
        <createdBy>Fernandina Wallington</createdBy>
        <approvedBy>Glennie Edgett</approvedBy>
      </source>
    </activity>
  </activities>
  <events>
    <event>
      <predicate>livedIn</predicate>
      <place>Japan</place>
      <predplace>livedIn Japan</predplace>
      <end>2018-06-18T21:47:47Z</end>
      <start>2015-02-14T05:05:13Z</start>
    </event>
  </events>
  <actions>
    <action>
      <url>https://adobe.com</url>
      <icon>faCog</icon>
    </action>
    <action>
      <url>http://cocolog-nifty.com</url>
      <icon>faCode</icon>
    </action>
    <action>
      <url>https://indiegogo.com</url>
      <icon>faSync</icon>
    </action>
  </actions>
</person>