<?xml version="1.0" encoding="UTF-8" standalone="yes"?>
<person>
  <personId>10026</personId>
  <nameGroup>
    <givenname>
      <value>Bary</value>
    </givenname>
    <surname>
      <value>Lepoidevin</value>
    </surname>
    <fullname>
      <classification>U</classification>
      <restricted>true</restricted>
      <value>Lepoidevin Bary</value>
      <source>
        <name>Chicago Tribune</name>
        <ts>2010-02-20T14:29:49Z</ts>
      </source>
    </fullname>
  </nameGroup>
  <emails>
    <email>
      <value>ccomolli0@webnode.com</value>
      <classification>U</classification>
      <restricted>false</restricted>
    </email>
    <email>
      <value>rmcconigal1@marketwatch.com</value>
      <classification>C</classification>
      <restricted>false</restricted>
    </email>
  </emails>
  <phone>585-646-6359</phone>
  <ssn>
    <value>571-37-0195</value>
    <classification>(S)</classification>
  </ssn>
  <images>
    <image>
      <url>https://cdn1.marklogic.com/wp-content/uploads/2018/01/Diane-Burley-MarkLogic-2015.jpg</url>
      <source>
        <name>Los Angeles Times</name>
        <ts>2016-01-07T05:33:40Z</ts>
        <uploadedBy>cmcrobert0</uploadedBy>
      </source>
    </image>
    <image>
      <url>https://cdn1.marklogic.com/wp-content/uploads/2020/11/george-bloom-headshot-300x300-1.jpg</url>
      <source>
        <name>Washington Post</name>
        <ts>2010-12-03T20:45:10Z</ts>
        <uploadedBy>echalliss0</uploadedBy>
      </source>
    </image>
    <image>
      <url>https://cdn1.marklogic.com/wp-content/uploads/2021/02/1612313387205.jpeg</url>
      <source>
        <name>USA Today</name>
        <ts>2020-11-01T07:47:16Z</ts>
        <uploadedBy>telsworth0</uploadedBy>
      </source>
    </image>
    <image>
      <url>https://cdn1.marklogic.com/wp-content/uploads/2018/01/Michael-Malgeri-MarkLogic.jpg</url>
      <source>
        <name>Wall Street Journal</name>
        <ts>2015-02-03T04:28:47Z</ts>
        <uploadedBy>mibbetson0</uploadedBy>
      </source>
    </image>
  </images>
  <addresses>
    <address>
      <street>20 Gulseth Hill</street>
      <city>San Diego</city>
      <state>CA</state>
      <postal>92121</postal>
      <country>United States</country>
      <latitude>32.8919</latitude>
      <longitude>-117.2035</longitude>
    </address>
  </addresses>
  <schools>
    <school>
      <country>Mexico</country>
      <name>Universidad Anáhuac</name>
      <city>San Rafael</city>
      <state>MIC</state>
      <postal>58910</postal>
      <latitude>19.4392516</latitude>
      <longitude>-99.1636051</longitude>
      <source>
        <name>USA Today</name>
        <ts>2017-10-18T03:15:22Z</ts>
      </source>
      <source>
        <name>New York Times</name>
        <ts>2016-01-18T09:03:12Z</ts>
      </source>
      <source>
        <name>Chicago Tribune</name>
        <ts>2015-02-06T02:33:23Z</ts>
      </source>
    </school>
    <school>
      <country>United States</country>
      <name>Western Michigan University</name>
      <city>Washington</city>
      <state>DC</state>
      <postal>20337</postal>
      <latitude>42.5420213</latitude>
      <longitude>-91.1118075</longitude>
      <source>
        <name>USA Today</name>
        <ts>2013-11-24T01:20:28Z</ts>
      </source>
      <source>
        <name>New York Times</name>
        <ts>2014-09-12T22:48:54Z</ts>
      </source>
    </school>
  </schools>
  <status>Inactive</status>
  <sources>
    <source>
      <name>Chicago Tribune</name>
      <ts>2013-07-13T05:35:22Z</ts>
    </source>
  </sources>
  <sources>
    <source>
      <name>Washington Post</name>
      <ts>2017-03-28T11:10:32Z</ts>
    </source>
  </sources>
  <relations>
    <relation>
      <id>/person/10035.xml</id>
      <predicate>relatedTo</predicate>
      <imageSrc>https://cdn1.marklogic.com/wp-content/uploads/2018/01/Alicia-Saia-MarkLogic1.jpg</imageSrc>
      <fullname>Van den Broek Gilda</fullname>
      <city>Buffalo</city>
      <state>NY</state>
    </relation>
    <relation>
      <id>/person/10013.xml</id>
      <predicate>worksWith</predicate>
      <imageSrc>https://cdn1.marklogic.com/wp-content/uploads/2020/11/george-bloom-headshot-300x300-1.jpg</imageSrc>
      <fullname>Goulding Gerry</fullname>
      <city>West Palm Beach</city>
      <state>FL</state>
    </relation>
    <relation>
      <id>/person/10095.xml</id>
      <predicate>worksWith</predicate>
      <imageSrc>https://cdn1.marklogic.com/wp-content/uploads/2020/04/JamesKenwood-headshot-600x600-1.jpg</imageSrc>
      <fullname>Dumini Lisle</fullname>
      <city>Bakersfield</city>
      <state>CA</state>
    </relation>
    <relation>
      <id>/person/10085.xml</id>
      <predicate>worksWith</predicate>
      <imageSrc>https://cdn1.marklogic.com/wp-content/uploads/2018/01/Diane-Burley-MarkLogic-2015.jpg</imageSrc>
      <fullname>Chadband Jamal</fullname>
      <city>Mobile</city>
      <state>AL</state>
    </relation>
    <relation>
      <id>/person/10028.xml</id>
      <predicate>relatedTo</predicate>
      <imageSrc>https://cdn1.marklogic.com/wp-content/uploads/2021/02/1612313387205.jpeg</imageSrc>
      <fullname>Grimston Antonio</fullname>
      <city>Salt Lake City</city>
      <state>UT</state>
    </relation>
  </relations>
  <createdOn>
    <ts>2022-02-25T13:40:35Z</ts>
    <user>blepoidevinp</user>
  </createdOn>
  <lastUpdated>
    <ts>2022-01-26T23:18:55Z</ts>
    <user>blepoidevinp</user>
  </lastUpdated>
  <socials/>
  <memberships>
    <membership>
      <list>list12</list>
      <important>true</important>
      <ts>2022-01-22</ts>
    </membership>
    <membership>
      <list>list6</list>
      <important>false</important>
      <ts>2022-01-18</ts>
    </membership>
    <membership>
      <list>list9</list>
      <important>true</important>
      <ts>2022-01-29</ts>
    </membership>
  </memberships>
  <links>
    <link>
      <label>Quick View</label>
      <url>http://blogspot.com</url>
      <icon>faEye</icon>
    </link>
    <link>
      <label>Nomination History</label>
      <url>http://whitehouse.gov</url>
      <icon>faMedal</icon>
    </link>
    <link>
      <label>Comments</label>
      <url>http://paginegialle.it</url>
      <icon>faComments</icon>
    </link>
  </links>
  <activities>
    <activity>
      <predicate>startedAt</predicate>
      <place>Yodoo</place>
      <predplace>startedAt Yodoo</predplace>
      <ts>2014-04-23T05:09:40Z</ts>
      <source>
        <name>USA Today</name>
        <ts>2016-02-02T10:58:35Z</ts>
        <createdBy>Erena Guye</createdBy>
        <approvedBy>Minnie Jedrychowski</approvedBy>
      </source>
    </activity>
    <activity>
      <predicate>transferredTo</predicate>
      <place>Jamia</place>
      <predplace>transferredTo Jamia</predplace>
      <ts>2014-12-19T04:39:27Z</ts>
      <source>
        <name>New York Times</name>
        <ts>2017-12-25T13:06:18Z</ts>
        <createdBy>Erhard MacElroy</createdBy>
        <approvedBy>Fae Studeart</approvedBy>
      </source>
    </activity>
    <activity>
      <predicate>movedTo</predicate>
      <place>Blogtag</place>
      <predplace>movedTo Blogtag</predplace>
      <ts>2015-05-21T17:27:39Z</ts>
      <source>
        <name>Chicago Tribune</name>
        <ts>2022-02-02T22:39:21Z</ts>
        <createdBy>Frankie Stocking</createdBy>
        <approvedBy>Estrellita Chatwood</approvedBy>
      </source>
    </activity>
  </activities>
  <actions>
    <action>
      <url>http://devhub.com</url>
      <icon>faCog</icon>
    </action>
    <action>
      <url>http://nps.gov</url>
      <icon>faCode</icon>
    </action>
    <action>
      <url>https://hubpages.com</url>
      <icon>faSync</icon>
    </action>
  </actions>
</person>