<?xml version="1.0" encoding="UTF-8" standalone="yes"?>
<person>
  <personId>10020</personId>
  <nameGroup>
    <givenname>
      <value>Karalee</value>
    </givenname>
    <surname>
      <value>Lande</value>
    </surname>
    <fullname>
      <classification>U</classification>
      <restricted>false</restricted>
      <value>Lande Karalee</value>
      <source>
        <name>Los Angeles Times</name>
        <ts>2010-04-09T20:57:29Z</ts>
      </source>
      <source>
        <name>Wall Street Journal</name>
        <ts>2012-03-25T23:46:45Z</ts>
      </source>
    </fullname>
  </nameGroup>
  <emails>
    <email>
      <value>kmattinson0@europa.eu</value>
      <classification>S</classification>
      <restricted>false</restricted>
    </email>
  </emails>
  <phone>249-553-2749</phone>
  <contacts>
    <contact>
      <type>email</type>
      <value>ecrumb0@opera.com</value>
    </contact>
    <contact>
      <type>email</type>
      <value>mbeahan1@jimdo.com</value>
    </contact>
    <contact>
      <type>email</type>
      <value>kducker2@hubpages.com</value>
    </contact>
  </contacts>
  <ssn>
    <value>696-25-6748</value>
    <classification>(S)</classification>
  </ssn>
  <images>
    <image>
      <url>https://cdn1.marklogic.com/wp-content/uploads/2020/11/george-bloom-headshot-300x300-1.jpg</url>
      <source>
        <name>Wall Street Journal</name>
        <ts>2014-09-30T09:46:44Z</ts>
        <uploadedBy>hwigg0</uploadedBy>
      </source>
    </image>
    <image>
      <url>https://cdn1.marklogic.com/wp-content/uploads/2018/01/headshot_square_286x286.jpg</url>
      <source>
        <name>Chicago Tribune</name>
        <ts>2020-08-29T09:20:02Z</ts>
        <uploadedBy/>
      </source>
    </image>
    <image>
      <url>https://cdn1.marklogic.com/wp-content/uploads/2020/04/JamesKenwood-headshot-600x600-1.jpg</url>
      <source>
        <name>Los Angeles Times</name>
        <ts>2016-12-18T18:50:04Z</ts>
        <uploadedBy>delstone0</uploadedBy>
      </source>
    </image>
  </images>
  <addresses>
    <address>
      <street>419 Rigney Trail</street>
      <city>Nashville</city>
      <state>TN</state>
      <postal>37215</postal>
      <country>United States</country>
      <latitude>36.0986</latitude>
      <longitude>-86.8219</longitude>
    </address>
  </addresses>
  <schools>
    <school>
      <country>United States</country>
      <name>Albertus Magnus College</name>
      <city>New Brunswick</city>
      <state>NJ</state>
      <postal>08922</postal>
      <latitude>40.496654</latitude>
      <longitude>-74.446092</longitude>
      <source>
        <name>USA Today</name>
        <ts>2019-09-13T10:43:00Z</ts>
      </source>
    </school>
  </schools>
  <status>Inactive</status>
  <sources>
    <source>
      <name>Chicago Tribune</name>
      <ts>2016-10-20T18:33:43Z</ts>
    </source>
  </sources>
  <sources>
    <source>
      <name>Washington Post</name>
      <ts>2014-02-27T04:22:25Z</ts>
    </source>
  </sources>
  <relations>
    <relation>
      <id>/person/10048.xml</id>
      <predicate>relatedTo</predicate>
      <imageSrc>https://cdn1.marklogic.com/wp-content/uploads/2018/02/trinh-lieu-profile.jpg</imageSrc>
      <fullname>Schwerin Salomone</fullname>
      <city>Alhambra</city>
      <state>CA</state>
    </relation>
    <relation>
      <id>/person/10053.xml</id>
      <predicate>relatedTo</predicate>
      <imageSrc>https://cdn1.marklogic.com/wp-content/uploads/2020/04/JamesKenwood-headshot-600x600-1.jpg</imageSrc>
      <fullname>Coase Yelena</fullname>
      <city>Madison</city>
      <state>WI</state>
    </relation>
    <relation>
      <id>/person/10094.xml</id>
      <predicate>livesWith</predicate>
      <imageSrc>https://cdn1.marklogic.com/wp-content/uploads/2020/11/george-bloom-headshot-300x300-1.jpg</imageSrc>
      <fullname>Beltzner Zerk</fullname>
      <city>Albany</city>
      <state>NY</state>
    </relation>
    <relation>
      <id>/person/10069.xml</id>
      <predicate>relatedTo</predicate>
      <imageSrc>https://cdn1.marklogic.com/wp-content/uploads/2021/05/IS-headshot.jpeg</imageSrc>
      <fullname>Rowcastle Livy</fullname>
      <city>Chicago</city>
      <state>IL</state>
    </relation>
  </relations>
  <createdOn>
    <ts>2022-02-17T12:02:18Z</ts>
    <user>klandej</user>
  </createdOn>
  <lastUpdated>
    <ts>2022-02-19T11:30:28Z</ts>
    <user>klandej</user>
  </lastUpdated>
  <socials>
    <social>
      <site>twitter</site>
      <handle>sjoddens0</handle>
      <address>http://china.com.cn/ante/ipsum/primis/in/faucibus/orci/luctus.jpg</address>
    </social>
    <social>
      <site>linkedin</site>
      <handle>bduxbarry1</handle>
      <address>https://nymag.com/odio.jpg</address>
    </social>
  </socials>
  <memberships>
    <membership>
      <list>list2</list>
      <important>true</important>
      <ts>2022-02-15</ts>
    </membership>
    <membership>
      <list>list9</list>
      <important>true</important>
      <ts>2022-02-03</ts>
    </membership>
    <membership>
      <list>list9</list>
      <important>true</important>
      <ts>2022-01-10</ts>
    </membership>
  </memberships>
  <links>
    <link>
      <label>Quick View</label>
      <url>http://vistaprint.com</url>
      <icon>faEye</icon>
    </link>
    <link>
      <label>Nomination History</label>
      <url>https://edublogs.org</url>
      <icon>faMedal</icon>
    </link>
    <link>
      <label>Comments</label>
      <url>http://princeton.edu</url>
      <icon>faComments</icon>
    </link>
  </links>
  <activities>
    <activity>
      <predicate>transferredTo</predicate>
      <place>Bluezoom</place>
      <predplace>transferredTo Bluezoom</predplace>
      <ts>2017-03-01T00:09:37Z</ts>
      <source>
        <name>USA Today</name>
        <ts>2020-12-07T10:53:41Z</ts>
        <createdBy>Corrie Goutcher</createdBy>
        <approvedBy>Lance Neale</approvedBy>
      </source>
    </activity>
    <activity>
      <predicate>endedAt</predicate>
      <place>Edgewire</place>
      <predplace>endedAt Edgewire</predplace>
      <ts>2014-12-11T13:43:53Z</ts>
      <source>
        <name>New York Times</name>
        <ts>2022-01-03T07:44:32Z</ts>
        <createdBy>Malvina Viste</createdBy>
        <approvedBy>Annmarie Gudgin</approvedBy>
      </source>
    </activity>
    <activity>
      <predicate>endedAt</predicate>
      <place>Rhynoodle</place>
      <predplace>endedAt Rhynoodle</predplace>
      <ts>2018-01-11T10:46:30Z</ts>
      <source>
        <name>Chicago Tribune</name>
        <ts>2020-03-19T02:00:46Z</ts>
        <createdBy>Rosemarie Cottel</createdBy>
        <approvedBy>Jana MacAlester</approvedBy>
      </source>
    </activity>
    <activity>
      <predicate>endedAt</predicate>
      <place>Realbridge</place>
      <predplace>endedAt Realbridge</predplace>
      <ts>2012-02-22T21:23:39Z</ts>
      <source>
        <name>Los Angeles Times</name>
        <ts>2020-03-20T09:42:49Z</ts>
        <createdBy>Oriana Taaffe</createdBy>
        <approvedBy>Amalle Dog</approvedBy>
      </source>
    </activity>
    <activity>
      <predicate>startedAt</predicate>
      <place>Photobug</place>
      <predplace>startedAt Photobug</predplace>
      <ts>2013-06-06T00:45:14Z</ts>
      <source>
        <name>Wall Street Journal</name>
        <ts>2022-01-27T12:32:36Z</ts>
        <createdBy>Pincas Chasmoor</createdBy>
        <approvedBy>Tommy Eagleton</approvedBy>
      </source>
    </activity>
  </activities>
  <events>
    <event>
      <predicate>visited</predicate>
      <place>Colombia</place>
      <predplace>visited Colombia</predplace>
      <end>2018-12-03T07:53:25Z</end>
      <start>2014-11-24T09:56:48Z</start>
    </event>
  </events>
  <actions>
    <action>
      <url>http://blogs.com</url>
      <icon>faCog</icon>
    </action>
    <action>
      <url>http://alibaba.com</url>
      <icon>faCode</icon>
    </action>
    <action>
      <url>https://phpbb.com</url>
      <icon>faSync</icon>
    </action>
  </actions>
</person>