<?xml version="1.0" encoding="UTF-8" standalone="yes"?>
<person>
  <personId>10022</personId>
  <nameGroup>
    <givenname>
      <value>Orelle</value>
    </givenname>
    <surname>
      <value>Easby</value>
    </surname>
    <fullname>
      <classification>C</classification>
      <restricted>false</restricted>
      <value>Easby Orelle</value>
      <source>
        <name>New York Times</name>
        <ts>2016-01-18T13:43:04Z</ts>
      </source>
    </fullname>
  </nameGroup>
  <emails>
    <email>
      <value>akerin0@elegantthemes.com</value>
      <classification>C</classification>
      <restricted>false</restricted>
    </email>
  </emails>
  <phone>881-680-8130</phone>
  <contacts>
    <contact>
      <type>email</type>
      <value>glevy0@theatlantic.com</value>
    </contact>
    <contact>
      <type>email</type>
      <value>vkinnar1@google.fr</value>
    </contact>
    <contact>
      <type>email</type>
      <value>kclancy2@imageshack.us</value>
    </contact>
  </contacts>
  <ssn>
    <value>385-90-1607</value>
    <classification>(S)</classification>
  </ssn>
  <images>
    <image>
      <url>https://cdn1.marklogic.com/wp-content/uploads/2018/01/Diane-Burley-MarkLogic-2015.jpg</url>
      <source>
        <name>Wall Street Journal</name>
        <ts>2011-01-15T20:21:17Z</ts>
        <uploadedBy>scalow0</uploadedBy>
      </source>
    </image>
    <image>
      <url>https://cdn1.marklogic.com/wp-content/uploads/2018/01/Michael-Malgeri-MarkLogic.jpg</url>
      <source>
        <name>Los Angeles Times</name>
        <ts>2019-09-14T23:30:22Z</ts>
        <uploadedBy>gaverall0</uploadedBy>
      </source>
    </image>
    <image>
      <url>https://cdn1.marklogic.com/wp-content/uploads/2020/04/JamesKenwood-headshot-600x600-1.jpg</url>
      <source>
        <name>USA Today</name>
        <ts>2015-05-02T17:09:04Z</ts>
        <uploadedBy>gwaskett0</uploadedBy>
      </source>
    </image>
  </images>
  <addresses>
    <address>
      <street>271 Clarendon Way</street>
      <city>Dallas</city>
      <state>TX</state>
      <postal>75205</postal>
      <country>United States</country>
      <latitude>32.826</latitude>
      <longitude>-96.7843</longitude>
    </address>
    <address>
      <street>5135 Dayton Crossing</street>
      <city>Louisville</city>
      <state>KY</state>
      <postal>40280</postal>
      <country>United States</country>
      <latitude>38.2467</latitude>
      <longitude>-85.6853</longitude>
    </address>
    <address>
      <street>1632 Mccormick Center</street>
      <city>Atlanta</city>
      <state>GA</state>
      <postal>31190</postal>
      <country>United States</country>
      <latitude>33.7629</latitude>
      <longitude>-84.4226</longitude>
    </address>
  </addresses>
  <schools>
    <school>
      <country>Mexico</country>
      <name>Universidad del Valle de Atemajac</name>
      <city>La Esperanza</city>
      <state>GUA</state>
      <postal>37900</postal>
      <latitude>27.5800122</latitude>
      <longitude>-109.9297789</longitude>
      <source>
        <name>USA Today</name>
        <ts>2013-10-15T04:49:11Z</ts>
      </source>
    </school>
  </schools>
  <status>Active</status>
  <sources>
    <source>
      <name>USA Today</name>
      <ts>2012-07-01T03:10:37Z</ts>
    </source>
  </sources>
  <relations>
    <relation>
      <id>/person/10084.xml</id>
      <predicate>relatedTo</predicate>
      <imageSrc>https://cdn1.marklogic.com/wp-content/uploads/2021/05/IS-headshot.jpeg</imageSrc>
      <fullname>Stienham Rora</fullname>
      <city>Fresno</city>
      <state>CA</state>
    </relation>
    <relation>
      <id>/person/10055.xml</id>
      <predicate>relatedTo</predicate>
      <imageSrc>https://cdn1.marklogic.com/wp-content/uploads/2018/01/headshot_square_286x286.jpg</imageSrc>
      <fullname>Bresman Yancey</fullname>
      <city>Baltimore</city>
      <state>MD</state>
    </relation>
    <relation>
      <id>/person/10092.xml</id>
      <predicate>worksWith</predicate>
      <imageSrc>https://cdn1.marklogic.com/wp-content/uploads/2020/04/JamesKenwood-headshot-600x600-1.jpg</imageSrc>
      <fullname>Troughton Sterne</fullname>
      <city>Houston</city>
      <state>TX</state>
    </relation>
    <relation>
      <id>/person/10050.xml</id>
      <predicate>livesWith</predicate>
      <imageSrc>https://cdn1.marklogic.com/wp-content/uploads/2020/04/JamesKenwood-headshot-600x600-1.jpg</imageSrc>
      <fullname>Millar Devi</fullname>
      <city>Portland</city>
      <state>OR</state>
    </relation>
  </relations>
  <createdOn>
    <ts>2022-02-27T18:57:05Z</ts>
    <user>oeasbyl</user>
  </createdOn>
  <lastUpdated>
    <ts>2022-01-16T13:02:55Z</ts>
    <user>oeasbyl</user>
  </lastUpdated>
  <socials/>
  <memberships>
    <membership>
      <list>list11</list>
      <important>true</important>
      <ts>2022-01-16</ts>
    </membership>
    <membership>
      <list>list5</list>
      <important>true</important>
      <ts>2022-02-05</ts>
    </membership>
    <membership>
      <list>list4</list>
      <important>false</important>
      <ts>2022-02-16</ts>
    </membership>
    <membership>
      <list>list6</list>
      <important>false</important>
      <ts>2022-02-04</ts>
    </membership>
    <membership>
      <list>list4</list>
      <important>true</important>
      <ts>2022-01-15</ts>
    </membership>
  </memberships>
  <links>
    <link>
      <label>Quick View</label>
      <url>https://dagondesign.com</url>
      <icon>faEye</icon>
    </link>
    <link>
      <label>Nomination History</label>
      <url>https://spiegel.de</url>
      <icon>faMedal</icon>
    </link>
    <link>
      <label>Comments</label>
      <url>http://de.vu</url>
      <icon>faComments</icon>
    </link>
  </links>
  <activities>
    <activity>
      <predicate>transferredTo</predicate>
      <place>Rhynoodle</place>
      <predplace>transferredTo Rhynoodle</predplace>
      <ts>2019-07-06T02:04:18Z</ts>
      <source>
        <name>USA Today</name>
        <ts>2020-06-17T13:59:51Z</ts>
        <createdBy>Nickolaus Alf</createdBy>
        <approvedBy>Vernor Beckenham</approvedBy>
      </source>
    </activity>
    <activity>
      <predicate>endedAt</predicate>
      <place>Podcat</place>
      <predplace>endedAt Podcat</predplace>
      <ts>2012-03-25T02:18:40Z</ts>
      <source>
        <name>New York Times</name>
        <ts>2020-10-08T02:37:16Z</ts>
        <createdBy>Ellene Fulford</createdBy>
        <approvedBy>Modestia Molineaux</approvedBy>
      </source>
    </activity>
    <activity>
      <predicate>movedTo</predicate>
      <place>Skinder</place>
      <predplace>movedTo Skinder</predplace>
      <ts>2019-05-08T09:05:08Z</ts>
      <source>
        <name>Chicago Tribune</name>
        <ts>2021-06-11T05:04:21Z</ts>
        <createdBy>Stanislas Farris</createdBy>
        <approvedBy>Dugald Lauritzen</approvedBy>
      </source>
    </activity>
    <activity>
      <predicate>movedTo</predicate>
      <place>Layo</place>
      <predplace>movedTo Layo</predplace>
      <ts>2018-05-15T15:47:40Z</ts>
      <source>
        <name>Los Angeles Times</name>
        <ts>2021-06-11T15:19:15Z</ts>
        <createdBy>Annelise Houldey</createdBy>
        <approvedBy>Florette Skym</approvedBy>
      </source>
    </activity>
  </activities>
  <events>
    <event>
      <predicate>visited</predicate>
      <place>France</place>
      <predplace>visited France</predplace>
      <end>2017-09-18T21:43:45Z</end>
      <start>2016-01-19T03:54:38Z</start>
    </event>
  </events>
  <actions>
    <action>
      <url>https://fastcompany.com</url>
      <icon>faCog</icon>
    </action>
    <action>
      <url>https://theglobeandmail.com</url>
      <icon>faCode</icon>
    </action>
    <action>
      <url>http://hugedomains.com</url>
      <icon>faSync</icon>
    </action>
  </actions>
</person>