<?xml version="1.0" encoding="UTF-8" standalone="yes"?>
<person>
  <personId>10026</personId>
  <nameGroup>
    <givenname>
      <value>Jens</value>
    </givenname>
    <surname>
      <value>Trippack</value>
    </surname>
    <fullname>
      <classification>C</classification>
      <restricted>true</restricted>
      <value>Trippack Jens</value>
      <source>
        <name>Wall Street Journal</name>
        <ts>2011-07-29T11:14:28Z</ts>
      </source>
      <source>
        <name>Washington Post</name>
        <ts>2019-11-02T04:46:56Z</ts>
      </source>
      <source>
        <name>Wall Street Journal</name>
        <ts>2015-10-27T18:54:33Z</ts>
      </source>
    </fullname>
  </nameGroup>
  <emails>
    <email>
      <value>lgreim0@vistaprint.com</value>
      <classification>S</classification>
      <restricted>false</restricted>
    </email>
    <email>
      <value>cbrafield1@google.nl</value>
      <classification>U</classification>
      <restricted>false</restricted>
    </email>
  </emails>
  <phone>505-624-5889</phone>
  <contacts>
    <contact>
      <type>phone</type>
      <value>249-849-8437</value>
    </contact>
    <contact>
      <type>phone</type>
      <value>829-752-3061</value>
    </contact>
    <contact>
      <type>phone</type>
      <value>386-626-1966</value>
    </contact>
  </contacts>
  <ssn>
    <value>773-49-7416</value>
    <classification>(S)</classification>
  </ssn>
  <images>
    <image>
      <url>https://cdn1.marklogic.com/wp-content/uploads/2021/02/1612313387205.jpeg</url>
      <source>
        <name>USA Today</name>
        <ts>2015-10-30T11:17:19Z</ts>
        <uploadedBy>mstollery0</uploadedBy>
      </source>
    </image>
    <image>
      <url>https://cdn1.marklogic.com/wp-content/uploads/2020/04/JamesKenwood-headshot-600x600-1.jpg</url>
      <source>
        <name>Wall Street Journal</name>
        <ts>2015-06-17T09:12:31Z</ts>
        <uploadedBy>rlitherborough0</uploadedBy>
      </source>
    </image>
  </images>
  <addresses>
    <address>
      <street>434 Tony Point</street>
      <city>Lees Summit</city>
      <state>MO</state>
      <postal>64082</postal>
      <country>United States</country>
      <latitude>38.8518</latitude>
      <longitude>-94.3944</longitude>
    </address>
  </addresses>
  <schools>
    <school>
      <country>United States</country>
      <name>O'More College of Design</name>
      <city>Omaha</city>
      <state>NE</state>
      <postal>68110</postal>
      <latitude>41.3009263</latitude>
      <longitude>-95.8881542</longitude>
      <source>
        <name>USA Today</name>
        <ts>2017-05-23T12:09:48Z</ts>
      </source>
      <source>
        <name>New York Times</name>
        <ts>2021-05-23T14:48:09Z</ts>
      </source>
    </school>
  </schools>
  <status>Active</status>
  <sources>
    <source>
      <name>Wall Street Journal</name>
      <ts>2017-02-12T02:37:40Z</ts>
    </source>
  </sources>
  <relations>
    <relation>
      <id>/person/10049.xml</id>
      <predicate>worksWith</predicate>
      <imageSrc>https://cdn1.marklogic.com/wp-content/uploads/2018/01/Alicia-Saia-MarkLogic1.jpg</imageSrc>
      <fullname>Gatheridge Chip</fullname>
      <city>Washington</city>
      <state>DC</state>
    </relation>
    <relation>
      <id>/person/10054.xml</id>
      <predicate>worksWith</predicate>
      <imageSrc>https://cdn1.marklogic.com/wp-content/uploads/2020/11/george-bloom-headshot-300x300-1.jpg</imageSrc>
      <fullname>Evamy Odelia</fullname>
      <city>Lansing</city>
      <state>MI</state>
    </relation>
    <relation>
      <id>/person/10029.xml</id>
      <predicate>livesWith</predicate>
      <imageSrc>https://cdn1.marklogic.com/wp-content/uploads/2021/02/1612313387205.jpeg</imageSrc>
      <fullname>Jozefiak Gianna</fullname>
      <city>Houston</city>
      <state>TX</state>
    </relation>
    <relation>
      <id>/person/10046.xml</id>
      <predicate>livesWith</predicate>
      <imageSrc>https://cdn1.marklogic.com/wp-content/uploads/2018/01/headshot_square_286x286.jpg</imageSrc>
      <fullname>Wolseley Daron</fullname>
      <city>New York City</city>
      <state>NY</state>
    </relation>
    <relation>
      <id>/person/10075.xml</id>
      <predicate>relatedTo</predicate>
      <imageSrc>https://cdn1.marklogic.com/wp-content/uploads/2020/04/JamesKenwood-headshot-600x600-1.jpg</imageSrc>
      <fullname>Wortt Jillayne</fullname>
      <city>Denver</city>
      <state>CO</state>
    </relation>
  </relations>
  <createdOn>
    <ts>2022-01-15T04:37:49Z</ts>
    <user>jtrippackp</user>
  </createdOn>
  <lastUpdated>
    <ts>2022-01-01T22:06:15Z</ts>
    <user>jtrippackp</user>
  </lastUpdated>
  <socials/>
  <memberships>
    <membership>
      <list>list5</list>
      <important>true</important>
      <ts>2022-02-15</ts>
    </membership>
    <membership>
      <list>list8</list>
      <important>false</important>
      <ts>2022-01-24</ts>
    </membership>
    <membership>
      <list>list4</list>
      <important>true</important>
      <ts>2022-02-18</ts>
    </membership>
    <membership>
      <list>list6</list>
      <important>false</important>
      <ts>2022-01-05</ts>
    </membership>
    <membership>
      <list>list10</list>
      <important>true</important>
      <ts>2022-01-06</ts>
    </membership>
    <membership>
      <list>list1</list>
      <important>true</important>
      <ts>2022-01-03</ts>
    </membership>
  </memberships>
  <links>
    <link>
      <label>Quick View</label>
      <url>https://hostgator.com</url>
      <icon>faEye</icon>
    </link>
    <link>
      <label>Nomination History</label>
      <url>https://cornell.edu</url>
      <icon>faMedal</icon>
    </link>
    <link>
      <label>Comments</label>
      <url>http://foxnews.com</url>
      <icon>faComments</icon>
    </link>
  </links>
  <activities>
    <activity>
      <predicate>movedTo</predicate>
      <place>Linktype</place>
      <predplace>movedTo Linktype</predplace>
      <ts>2015-09-24T00:38:57Z</ts>
      <source>
        <name>USA Today</name>
        <ts>2021-03-17T14:18:01Z</ts>
        <createdBy>Ronnie Couronne</createdBy>
        <approvedBy>Niko Samwell</approvedBy>
      </source>
    </activity>
    <activity>
      <predicate>transferredTo</predicate>
      <place>Agivu</place>
      <predplace>transferredTo Agivu</predplace>
      <ts>2017-03-31T02:30:08Z</ts>
      <source>
        <name>New York Times</name>
        <ts>2020-09-28T09:25:50Z</ts>
        <createdBy>Ari Oslar</createdBy>
        <approvedBy>Birgit Cornwall</approvedBy>
      </source>
    </activity>
    <activity>
      <predicate>transferredTo</predicate>
      <place>Myworks</place>
      <predplace>transferredTo Myworks</predplace>
      <ts>2018-10-26T07:49:28Z</ts>
      <source>
        <name>Chicago Tribune</name>
        <ts>2020-09-28T04:56:50Z</ts>
        <createdBy>Edmon Fursland</createdBy>
        <approvedBy>Vidovic Kubecka</approvedBy>
      </source>
    </activity>
    <activity>
      <predicate>startedAt</predicate>
      <place>Skibox</place>
      <predplace>startedAt Skibox</predplace>
      <ts>2017-05-04T19:47:32Z</ts>
      <source>
        <name>Los Angeles Times</name>
        <ts>2021-05-31T14:53:59Z</ts>
        <createdBy>Alexandre Glusby</createdBy>
        <approvedBy>Pietro Rickaert</approvedBy>
      </source>
    </activity>
    <activity>
      <predicate>endedAt</predicate>
      <place>Trilia</place>
      <predplace>endedAt Trilia</predplace>
      <ts>2012-09-01T13:38:39Z</ts>
      <source>
        <name>Wall Street Journal</name>
        <ts>2021-12-31T07:24:49Z</ts>
        <createdBy>Delcine Wellings</createdBy>
        <approvedBy>Archaimbaud Meese</approvedBy>
      </source>
    </activity>
  </activities>
  <events>
    <event>
      <predicate>livedIn</predicate>
      <place>Austria</place>
      <predplace>livedIn Austria</predplace>
      <end>2018-02-19T13:29:29Z</end>
      <start>2014-01-09T23:53:07Z</start>
    </event>
  </events>
  <actions>
    <action>
      <url>http://dagondesign.com</url>
      <icon>faCog</icon>
    </action>
    <action>
      <url>http://pcworld.com</url>
      <icon>faCode</icon>
    </action>
    <action>
      <url>http://chron.com</url>
      <icon>faSync</icon>
    </action>
  </actions>
</person>