<?xml version="1.0" encoding="UTF-8" standalone="yes"?>
<person>
  <personId>10031</personId>
  <nameGroup>
    <givenname>
      <value>Nevin</value>
    </givenname>
    <surname>
      <value>Crippell</value>
    </surname>
    <fullname>
      <classification>S</classification>
      <restricted>false</restricted>
      <value>Crippell Nevin</value>
      <source>
        <name>Los Angeles Times</name>
        <ts>2013-02-27T13:34:51Z</ts>
      </source>
    </fullname>
  </nameGroup>
  <emails>
    <email>
      <value>arye0@simplemachines.org</value>
      <classification>U</classification>
      <restricted>false</restricted>
    </email>
    <email>
      <value>flathleiff1@weebly.com</value>
      <classification>C</classification>
      <restricted>false</restricted>
    </email>
    <email>
      <value>ileist2@bbb.org</value>
      <classification>U</classification>
      <restricted>false</restricted>
    </email>
  </emails>
  <phone>580-738-6861</phone>
  <ssn>
    <value>756-17-4509</value>
    <classification>(S)</classification>
  </ssn>
  <images>
    <image>
      <url>https://cdn1.marklogic.com/wp-content/uploads/2021/05/IS-headshot.jpeg</url>
      <source>
        <name>USA Today</name>
        <ts>2016-02-27T19:13:24Z</ts>
        <uploadedBy/>
      </source>
    </image>
    <image>
      <url>https://cdn1.marklogic.com/wp-content/uploads/2021/07/chuck-hollis.jpeg</url>
      <source>
        <name>Washington Post</name>
        <ts>2011-06-18T10:57:05Z</ts>
        <uploadedBy>scranstoun0</uploadedBy>
      </source>
    </image>
    <image>
      <url>https://cdn1.marklogic.com/wp-content/uploads/2018/01/Diane-Burley-MarkLogic-2015.jpg</url>
      <source>
        <name>Los Angeles Times</name>
        <ts>2016-06-29T19:11:59Z</ts>
        <uploadedBy>rtully0</uploadedBy>
      </source>
    </image>
    <image>
      <url>https://cdn1.marklogic.com/wp-content/uploads/2018/01/Diane-Burley-MarkLogic-2015.jpg</url>
      <source>
        <name>Los Angeles Times</name>
        <ts>2011-12-09T20:59:50Z</ts>
        <uploadedBy/>
      </source>
    </image>
  </images>
  <addresses>
    <address>
      <street>9704 Shoshone Street</street>
      <city>Jamaica</city>
      <state>NY</state>
      <postal>11480</postal>
      <country>United States</country>
      <latitude>40.6914</latitude>
      <longitude>-73.8061</longitude>
    </address>
  </addresses>
  <schools>
    <school>
      <country>United States</country>
      <name>Fisk University</name>
      <city>Amarillo</city>
      <state>TX</state>
      <postal>79176</postal>
      <latitude>32.9578909</latitude>
      <longitude>-102.8518139</longitude>
      <source>
        <name>USA Today</name>
        <ts>2011-09-19T23:56:10Z</ts>
      </source>
    </school>
    <school>
      <country>Canada</country>
      <name>Université du Québec en Abitibi-Témiscamingue</name>
      <city>White City</city>
      <state>SK</state>
      <postal>P0W</postal>
      <latitude>50.444953</latitude>
      <longitude>-104.3624353</longitude>
      <source>
        <name>USA Today</name>
        <ts>2018-04-02T10:18:01Z</ts>
      </source>
      <source>
        <name>New York Times</name>
        <ts>2016-11-22T09:29:57Z</ts>
      </source>
    </school>
  </schools>
  <status>Inactive</status>
  <sources>
    <source>
      <name>Wall Street Journal</name>
      <ts>2011-07-25T21:16:06Z</ts>
    </source>
  </sources>
  <sources>
    <source>
      <name>Washington Post</name>
      <ts>2014-01-25T21:52:23Z</ts>
    </source>
  </sources>
  <relations>
    <relation>
      <id>/person/10090.xml</id>
      <predicate>relatedTo</predicate>
      <imageSrc>https://cdn1.marklogic.com/wp-content/uploads/2020/11/george-bloom-headshot-300x300-1.jpg</imageSrc>
      <fullname>Pavlasek Berkeley</fullname>
      <city>Sacramento</city>
      <state>CA</state>
    </relation>
    <relation>
      <id>/person/10003.xml</id>
      <predicate>worksWith</predicate>
      <imageSrc>https://cdn1.marklogic.com/wp-content/uploads/2018/01/headshot_square_286x286.jpg</imageSrc>
      <fullname>Dayment Leesa</fullname>
      <city>Macon</city>
      <state>GA</state>
    </relation>
    <relation>
      <id>/person/10089.xml</id>
      <predicate>livesWith</predicate>
      <imageSrc>https://cdn1.marklogic.com/wp-content/uploads/2018/01/Michael-Malgeri-MarkLogic.jpg</imageSrc>
      <fullname>Goolden Wilhelm</fullname>
      <city>Birmingham</city>
      <state>AL</state>
    </relation>
  </relations>
  <createdOn>
    <ts>2022-01-08T21:53:24Z</ts>
    <user>ncrippellu</user>
  </createdOn>
  <lastUpdated>
    <ts>2022-02-12T11:31:34Z</ts>
    <user>ncrippellu</user>
  </lastUpdated>
  <socials>
    <social>
      <site>twitter</site>
      <handle>bwotton0</handle>
      <address>http://ustream.tv/orci/luctus/et.aspx</address>
    </social>
    <social>
      <site>twitter</site>
      <handle/>
      <address>https://businessweek.com/quam.xml</address>
    </social>
  </socials>
  <memberships/>
  <links>
    <link>
      <label>Quick View</label>
      <url>http://elpais.com</url>
      <icon>faEye</icon>
    </link>
    <link>
      <label>Nomination History</label>
      <url>https://yellowbook.com</url>
      <icon>faMedal</icon>
    </link>
    <link>
      <label>Comments</label>
      <url>https://princeton.edu</url>
      <icon>faComments</icon>
    </link>
  </links>
  <activities>
    <activity>
      <predicate>transferredTo</predicate>
      <place>Twitternation</place>
      <predplace>transferredTo Twitternation</predplace>
      <ts>2014-07-10T02:22:24Z</ts>
      <source>
        <name>USA Today</name>
        <ts>2021-11-04T23:47:33Z</ts>
        <createdBy>Colleen Luc</createdBy>
        <approvedBy>Amalee Wilsey</approvedBy>
      </source>
    </activity>
    <activity>
      <predicate>endedAt</predicate>
      <place>Jetwire</place>
      <predplace>endedAt Jetwire</predplace>
      <ts>2014-03-26T23:12:12Z</ts>
      <source>
        <name>New York Times</name>
        <ts>2020-09-25T04:36:46Z</ts>
        <createdBy>Carey Mc Comb</createdBy>
        <approvedBy>Samuele Zupone</approvedBy>
      </source>
    </activity>
    <activity>
      <predicate>startedAt</predicate>
      <place>Twitterworks</place>
      <predplace>startedAt Twitterworks</predplace>
      <ts>2010-01-19T19:23:10Z</ts>
      <source>
        <name>Chicago Tribune</name>
        <ts>2021-11-05T08:44:40Z</ts>
        <createdBy>Mona Wareham</createdBy>
        <approvedBy>Walker Levesque</approvedBy>
      </source>
    </activity>
    <activity>
      <predicate>transferredTo</predicate>
      <place>Kaymbo</place>
      <predplace>transferredTo Kaymbo</predplace>
      <ts>2012-03-03T14:50:24Z</ts>
      <source>
        <name>Los Angeles Times</name>
        <ts>2020-02-24T11:05:30Z</ts>
        <createdBy>Hymie Collingdon</createdBy>
        <approvedBy>Hillard Spada</approvedBy>
      </source>
    </activity>
    <activity>
      <predicate>transferredTo</predicate>
      <place>Ooba</place>
      <predplace>transferredTo Ooba</predplace>
      <ts>2013-05-11T16:38:33Z</ts>
      <source>
        <name>Wall Street Journal</name>
        <ts>2016-11-29T12:18:38Z</ts>
        <createdBy>Wini Escala</createdBy>
        <approvedBy>Clair Lowrance</approvedBy>
      </source>
    </activity>
    <activity>
      <predicate>movedTo</predicate>
      <place>Eadel</place>
      <predplace>movedTo Eadel</predplace>
      <ts>2013-11-21T07:22:02Z</ts>
      <source>
        <name>Washington Post</name>
        <ts>2017-04-20T21:21:28Z</ts>
        <createdBy>Caryl Tessington</createdBy>
        <approvedBy>Nye Cruickshank</approvedBy>
      </source>
    </activity>
    <activity>
      <predicate>transferredTo</predicate>
      <place>Cogilith</place>
      <predplace>transferredTo Cogilith</predplace>
      <ts>2014-07-10T06:35:17Z</ts>
      <source>
        <name>USA Today</name>
        <ts>2018-08-31T22:30:13Z</ts>
        <createdBy>Oona Pawlyn</createdBy>
        <approvedBy>Erl Frostdicke</approvedBy>
      </source>
    </activity>
  </activities>
  <actions>
    <action>
      <url>https://qq.com</url>
      <icon>faCog</icon>
    </action>
    <action>
      <url>https://businessweek.com</url>
      <icon>faCode</icon>
    </action>
    <action>
      <url>https://who.int</url>
      <icon>faSync</icon>
    </action>
  </actions>
</person>