<?xml version="1.0" encoding="UTF-8" standalone="yes"?>
<person>
  <personId>10032</personId>
  <nameGroup>
    <givenname>
      <value>Jedidiah</value>
    </givenname>
    <surname>
      <value>Pantone</value>
    </surname>
    <fullname>
      <classification>S</classification>
      <restricted>true</restricted>
      <value>Pantone Jedidiah</value>
      <source>
        <name>Wall Street Journal</name>
        <ts>2016-11-23T03:52:48Z</ts>
      </source>
      <source>
        <name>Chicago Tribune</name>
        <ts>2017-06-01T07:11:10Z</ts>
      </source>
    </fullname>
  </nameGroup>
  <emails>
    <email>
      <value>abreche0@berkeley.edu</value>
      <classification>S</classification>
      <restricted>false</restricted>
    </email>
    <email>
      <value>lfolan1@canalblog.com</value>
      <classification>C</classification>
      <restricted>false</restricted>
    </email>
    <email>
      <value>cgoulstone2@bing.com</value>
      <classification>C</classification>
      <restricted>false</restricted>
    </email>
  </emails>
  <phone>464-971-6885</phone>
  <contacts>
    <contact>
      <type>email</type>
      <value>dstook0@imgur.com</value>
    </contact>
    <contact>
      <type>email</type>
      <value>btaleworth1@hostgator.com</value>
    </contact>
    <contact>
      <type>email</type>
      <value>lselley2@1688.com</value>
    </contact>
  </contacts>
  <ssn>
    <value>374-75-0150</value>
    <classification>(S)</classification>
  </ssn>
  <images>
    <image>
      <url>https://cdn1.marklogic.com/wp-content/uploads/2021/02/1612313387205.jpeg</url>
      <source>
        <name>Chicago Tribune</name>
        <ts>2010-09-16T10:29:17Z</ts>
        <uploadedBy>msammons0</uploadedBy>
      </source>
    </image>
  </images>
  <addresses>
    <address>
      <street>3 Twin Pines Street</street>
      <city>Brooklyn</city>
      <state>NY</state>
      <postal>11220</postal>
      <country>United States</country>
      <latitude>40.6412</latitude>
      <longitude>-74.0133</longitude>
    </address>
  </addresses>
  <schools>
    <school>
      <country>Canada</country>
      <name>Trent University</name>
      <city>La Tuque</city>
      <state>QC</state>
      <postal>G9X</postal>
      <latitude>47.4175416</latitude>
      <longitude>-72.7840882</longitude>
      <source>
        <name>USA Today</name>
        <ts>2019-10-23T16:58:41Z</ts>
      </source>
      <source>
        <name>New York Times</name>
        <ts>2019-08-25T00:41:53Z</ts>
      </source>
      <source>
        <name>Chicago Tribune</name>
        <ts>2018-01-06T03:58:08Z</ts>
      </source>
    </school>
    <school>
      <country>Mexico</country>
      <name>Universidad Autónoma de Baja California</name>
      <city>San Juan</city>
      <state>COA</state>
      <postal>30540</postal>
      <latitude>19.3785056</latitude>
      <longitude>-99.1850598</longitude>
      <source>
        <name>USA Today</name>
        <ts>2017-04-02T20:03:27Z</ts>
      </source>
    </school>
  </schools>
  <status>Active</status>
  <sources>
    <source>
      <name>Chicago Tribune</name>
      <ts>2014-07-06T07:27:28Z</ts>
    </source>
  </sources>
  <relations>
    <relation>
      <id>/person/10009.xml</id>
      <predicate>worksWith</predicate>
      <imageSrc>https://cdn1.marklogic.com/wp-content/uploads/2020/11/george-bloom-headshot-300x300-1.jpg</imageSrc>
      <fullname>Jedrachowicz Vincent</fullname>
      <city>Midland</city>
      <state>TX</state>
    </relation>
    <relation>
      <id>/person/10037.xml</id>
      <predicate>relatedTo</predicate>
      <imageSrc>https://cdn1.marklogic.com/wp-content/uploads/2018/01/Diane-Burley-MarkLogic-2015.jpg</imageSrc>
      <fullname>MacGillivray Mano</fullname>
      <city>Boise</city>
      <state>ID</state>
    </relation>
    <relation>
      <id>/person/10007.xml</id>
      <predicate>relatedTo</predicate>
      <imageSrc>https://cdn1.marklogic.com/wp-content/uploads/2018/01/Michael-Malgeri-MarkLogic.jpg</imageSrc>
      <fullname>Heims Riccardo</fullname>
      <city>Saginaw</city>
      <state>MI</state>
    </relation>
  </relations>
  <createdOn>
    <ts>2022-02-11T06:43:03Z</ts>
    <user>jpantonev</user>
  </createdOn>
  <lastUpdated>
    <ts>2022-02-06T02:39:47Z</ts>
    <user>jpantonev</user>
  </lastUpdated>
  <socials>
    <social>
      <site>twitter</site>
      <handle>tgathercoal0</handle>
      <address>https://e-recht24.de/a/libero/nam/dui/proin/leo/odio.json</address>
    </social>
  </socials>
  <memberships>
    <membership>
      <list>list9</list>
      <important>false</important>
      <ts>2022-02-20</ts>
    </membership>
    <membership>
      <list>list12</list>
      <important>false</important>
      <ts>2022-02-06</ts>
    </membership>
    <membership>
      <list>list1</list>
      <important>false</important>
      <ts>2022-02-09</ts>
    </membership>
    <membership>
      <list>list12</list>
      <important>true</important>
      <ts>2022-02-19</ts>
    </membership>
  </memberships>
  <links>
    <link>
      <label>Quick View</label>
      <url>https://networkadvertising.org</url>
      <icon>faEye</icon>
    </link>
    <link>
      <label>Nomination History</label>
      <url>https://fema.gov</url>
      <icon>faMedal</icon>
    </link>
    <link>
      <label>Comments</label>
      <url>https://aboutads.info</url>
      <icon>faComments</icon>
    </link>
  </links>
  <activities>
    <activity>
      <predicate>startedAt</predicate>
      <place>Realfire</place>
      <predplace>startedAt Realfire</predplace>
      <ts>2018-05-01T19:34:25Z</ts>
      <source>
        <name>USA Today</name>
        <ts>2020-12-11T07:00:40Z</ts>
        <createdBy>Becca Howcroft</createdBy>
        <approvedBy>Kare Pidgen</approvedBy>
      </source>
    </activity>
    <activity>
      <predicate>transferredTo</predicate>
      <place>Blogpad</place>
      <predplace>transferredTo Blogpad</predplace>
      <ts>2015-09-05T17:18:18Z</ts>
      <source>
        <name>New York Times</name>
        <ts>2021-01-12T08:16:57Z</ts>
        <createdBy>Damiano Shird</createdBy>
        <approvedBy>Nicol Emps</approvedBy>
      </source>
    </activity>
  </activities>
  <events>
    <event>
      <predicate>livedIn</predicate>
      <place>Senegal</place>
      <predplace>livedIn Senegal</predplace>
      <end>2018-03-24T00:46:51Z</end>
      <start>2014-04-23T11:15:16Z</start>
    </event>
  </events>
  <actions>
    <action>
      <url>https://mapy.cz</url>
      <icon>faCog</icon>
    </action>
    <action>
      <url>https://xinhuanet.com</url>
      <icon>faCode</icon>
    </action>
    <action>
      <url>http://yelp.com</url>
      <icon>faSync</icon>
    </action>
  </actions>
</person>