<?xml version="1.0" encoding="UTF-8" standalone="yes"?>
<person>
  <personId>10036</personId>
  <nameGroup>
    <givenname>
      <value>Clement</value>
    </givenname>
    <surname>
      <value>Dunn</value>
    </surname>
    <fullname>
      <classification>C</classification>
      <restricted>true</restricted>
      <value>Dunn Clement</value>
      <source>
        <name>USA Today</name>
        <ts>2016-12-13T02:18:59Z</ts>
      </source>
      <source>
        <name>New York Times</name>
        <ts>2014-09-03T10:44:01Z</ts>
      </source>
    </fullname>
  </nameGroup>
  <emails>
    <email>
      <value>dlasslett0@geocities.jp</value>
      <classification>U</classification>
      <restricted>false</restricted>
    </email>
    <email>
      <value>wstalley1@indiatimes.com</value>
      <classification>U</classification>
      <restricted>false</restricted>
    </email>
  </emails>
  <phone>380-857-9051</phone>
  <contacts>
    <contact>
      <type>phone</type>
      <value>555-935-4857</value>
    </contact>
    <contact>
      <type>email</type>
      <value>cmclucas1@latimes.com</value>
    </contact>
    <contact>
      <type>email</type>
      <value>tkleinplac2@oaic.gov.au</value>
    </contact>
  </contacts>
  <ssn>
    <value>367-19-4105</value>
    <classification>(S)</classification>
  </ssn>
  <images>
    <image>
      <url>https://cdn1.marklogic.com/wp-content/uploads/2018/01/headshot_square_286x286.jpg</url>
      <source>
        <name>Washington Post</name>
        <ts>2016-09-27T02:28:49Z</ts>
        <uploadedBy>agimert0</uploadedBy>
      </source>
    </image>
    <image>
      <url>https://cdn1.marklogic.com/wp-content/uploads/2018/01/Diane-Burley-MarkLogic-2015.jpg</url>
      <source>
        <name>USA Today</name>
        <ts>2015-07-28T14:14:38Z</ts>
        <uploadedBy>eurlin0</uploadedBy>
      </source>
    </image>
    <image>
      <url>https://cdn1.marklogic.com/wp-content/uploads/2018/01/Diane-Burley-MarkLogic-2015.jpg</url>
      <source>
        <name>New York Times</name>
        <ts>2013-09-28T20:56:39Z</ts>
        <uploadedBy>kwainscot0</uploadedBy>
      </source>
    </image>
  </images>
  <addresses>
    <address>
      <street>628 Karstens Trail</street>
      <city>Stamford</city>
      <state>CT</state>
      <postal>06912</postal>
      <country>United States</country>
      <latitude>41.3089</latitude>
      <longitude>-73.3637</longitude>
    </address>
  </addresses>
  <schools>
    <school>
      <country>United States</country>
      <name>State University of New York at Stony Brook</name>
      <city>Philadelphia</city>
      <state>PA</state>
      <postal>19125</postal>
      <latitude>39.9793657</latitude>
      <longitude>-75.1253492</longitude>
      <source>
        <name>USA Today</name>
        <ts>2012-06-17T05:42:46Z</ts>
      </source>
      <source>
        <name>New York Times</name>
        <ts>2016-12-08T15:33:50Z</ts>
      </source>
      <source>
        <name>Chicago Tribune</name>
        <ts>2019-10-19T20:27:34Z</ts>
      </source>
    </school>
    <school>
      <country>Mexico</country>
      <name>Universidad Franciscana de México</name>
      <city>Morelos</city>
      <state>VER</state>
      <postal>93820</postal>
      <latitude>18.6813049</latitude>
      <longitude>-99.1013498</longitude>
      <source>
        <name>USA Today</name>
        <ts>2020-12-09T11:05:29Z</ts>
      </source>
    </school>
  </schools>
  <status>Active</status>
  <sources>
    <source>
      <name>Los Angeles Times</name>
      <ts>2013-03-11T01:53:21Z</ts>
    </source>
  </sources>
  <sources>
    <source>
      <name>USA Today</name>
      <ts>2021-02-04T23:14:47Z</ts>
    </source>
  </sources>
  <sources>
    <source>
      <name>Wall Street Journal</name>
      <ts>2021-12-27T18:20:02Z</ts>
    </source>
  </sources>
  <relations>
    <relation>
      <id>/person/10042.xml</id>
      <predicate>relatedTo</predicate>
      <imageSrc>https://cdn1.marklogic.com/wp-content/uploads/2020/11/george-bloom-headshot-300x300-1.jpg</imageSrc>
      <fullname>Crinkley Guillemette</fullname>
      <city>New Orleans</city>
      <state>LA</state>
    </relation>
    <relation>
      <id>/person/10034.xml</id>
      <predicate>relatedTo</predicate>
      <imageSrc>https://cdn1.marklogic.com/wp-content/uploads/2018/01/Diane-Burley-MarkLogic-2015.jpg</imageSrc>
      <fullname>Hatto Zorine</fullname>
      <city>Newport News</city>
      <state>VA</state>
    </relation>
    <relation>
      <id>/person/10077.xml</id>
      <predicate>relatedTo</predicate>
      <imageSrc>https://cdn1.marklogic.com/wp-content/uploads/2021/07/chuck-hollis.jpeg</imageSrc>
      <fullname>Paike Ambur</fullname>
      <city>Hagerstown</city>
      <state>MD</state>
    </relation>
    <relation>
      <id>/person/10069.xml</id>
      <predicate>relatedTo</predicate>
      <imageSrc>https://cdn1.marklogic.com/wp-content/uploads/2021/05/IS-headshot.jpeg</imageSrc>
      <fullname>Rowcastle Livy</fullname>
      <city>Chicago</city>
      <state>IL</state>
    </relation>
    <relation>
      <id>/person/10062.xml</id>
      <predicate>relatedTo</predicate>
      <imageSrc>https://cdn1.marklogic.com/wp-content/uploads/2018/01/Diane-Burley-MarkLogic-2015.jpg</imageSrc>
      <fullname>Drust Fayette</fullname>
      <city>Miami</city>
      <state>FL</state>
    </relation>
  </relations>
  <createdOn>
    <ts>2022-01-08T01:43:19Z</ts>
    <user>cdunnz</user>
  </createdOn>
  <lastUpdated>
    <ts>2022-02-09T16:56:52Z</ts>
    <user>cdunnz</user>
  </lastUpdated>
  <socials>
    <social>
      <site>twitter</site>
      <handle>ffynan0</handle>
      <address>https://flickr.com/tempor.json</address>
    </social>
  </socials>
  <memberships>
    <membership>
      <list>list1</list>
      <important>false</important>
      <ts>2022-01-23</ts>
    </membership>
    <membership>
      <list>list5</list>
      <important>true</important>
      <ts>2022-02-27</ts>
    </membership>
    <membership>
      <list>list7</list>
      <important>true</important>
      <ts>2022-02-01</ts>
    </membership>
    <membership>
      <list>list9</list>
      <important>false</important>
      <ts>2022-02-20</ts>
    </membership>
  </memberships>
  <links>
    <link>
      <label>Quick View</label>
      <url>https://ted.com</url>
      <icon>faEye</icon>
    </link>
    <link>
      <label>Nomination History</label>
      <url>https://geocities.com</url>
      <icon>faMedal</icon>
    </link>
    <link>
      <label>Comments</label>
      <url>https://epa.gov</url>
      <icon>faComments</icon>
    </link>
  </links>
  <activities>
    <activity>
      <predicate>startedAt</predicate>
      <place>Edgepulse</place>
      <predplace>startedAt Edgepulse</predplace>
      <ts>2015-09-09T07:45:11Z</ts>
      <source>
        <name>USA Today</name>
        <ts>2021-04-14T05:25:57Z</ts>
        <createdBy>Cati Obey</createdBy>
        <approvedBy>Christiano Kleiser</approvedBy>
      </source>
    </activity>
    <activity>
      <predicate>endedAt</predicate>
      <place>Innojam</place>
      <predplace>endedAt Innojam</predplace>
      <ts>2018-04-15T11:37:55Z</ts>
      <source>
        <name>New York Times</name>
        <ts>2021-11-19T03:29:31Z</ts>
        <createdBy>Leigha Brawson</createdBy>
        <approvedBy>Ford Swine</approvedBy>
      </source>
    </activity>
  </activities>
  <events>
    <event>
      <predicate>livedIn</predicate>
      <place>Indonesia</place>
      <predplace>livedIn Indonesia</predplace>
      <end>2017-08-02T23:42:55Z</end>
      <start>2015-04-18T20:04:17Z</start>
    </event>
  </events>
  <actions>
    <action>
      <url>https://instagram.com</url>
      <icon>faCog</icon>
    </action>
    <action>
      <url>http://tripadvisor.com</url>
      <icon>faCode</icon>
    </action>
    <action>
      <url>http://nba.com</url>
      <icon>faSync</icon>
    </action>
  </actions>
</person>