<?xml version="1.0" encoding="UTF-8" standalone="yes"?>
<person>
  <personId>10034</personId>
  <nameGroup>
    <givenname>
      <value>Zorine</value>
    </givenname>
    <surname>
      <value>Hatto</value>
    </surname>
    <fullname>
      <classification>U</classification>
      <restricted>true</restricted>
      <value>Hatto Zorine</value>
      <source>
        <name>New York Times</name>
        <ts>2021-07-21T14:20:12Z</ts>
      </source>
    </fullname>
  </nameGroup>
  <emails>
    <email>
      <value>hleonardi0@tripod.com</value>
      <classification>S</classification>
      <restricted>false</restricted>
    </email>
    <email>
      <value>dpenelli1@shareasale.com</value>
      <classification>U</classification>
      <restricted>false</restricted>
    </email>
    <email>
      <value>malban2@foxnews.com</value>
      <classification>C</classification>
      <restricted>false</restricted>
    </email>
  </emails>
  <phone>879-653-9528</phone>
  <contacts>
    <contact>
      <type>phone</type>
      <value>801-986-7994</value>
    </contact>
    <contact>
      <type>email</type>
      <value>mspringell1@usda.gov</value>
    </contact>
    <contact>
      <type>phone</type>
      <value>941-835-2320</value>
    </contact>
  </contacts>
  <ssn>
    <value>466-05-8172</value>
    <classification>(S)</classification>
  </ssn>
  <images>
    <image>
      <url>https://cdn1.marklogic.com/wp-content/uploads/2018/01/Diane-Burley-MarkLogic-2015.jpg</url>
      <source>
        <name>Los Angeles Times</name>
        <ts>2016-05-22T12:58:26Z</ts>
        <uploadedBy>mdunbobin0</uploadedBy>
      </source>
    </image>
    <image>
      <url>https://cdn1.marklogic.com/wp-content/uploads/2021/02/1612313387205.jpeg</url>
      <source>
        <name>New York Times</name>
        <ts>2012-07-21T04:53:01Z</ts>
        <uploadedBy>clatliff0</uploadedBy>
      </source>
    </image>
    <image>
      <url>https://cdn1.marklogic.com/wp-content/uploads/2018/01/Michael-Malgeri-MarkLogic.jpg</url>
      <source>
        <name>Los Angeles Times</name>
        <ts>2019-07-06T14:22:09Z</ts>
        <uploadedBy>cnye0</uploadedBy>
      </source>
    </image>
  </images>
  <addresses>
    <address>
      <street>287 Beilfuss Drive</street>
      <city>Newport News</city>
      <state>VA</state>
      <postal>23612</postal>
      <country>United States</country>
      <latitude>37.1959</latitude>
      <longitude>-76.5248</longitude>
    </address>
  </addresses>
  <schools>
    <school>
      <country>Mexico</country>
      <name>Universidad Motolinía del Pedegral</name>
      <city>Buenos Aires</city>
      <state>SON</state>
      <postal>83344</postal>
      <latitude>19.4052965</latitude>
      <longitude>-99.1504583</longitude>
      <source>
        <name>USA Today</name>
        <ts>2020-10-11T11:01:02Z</ts>
      </source>
    </school>
    <school>
      <country>Mexico</country>
      <name>Universidad Autónoma de Nayarit</name>
      <city>Loma Alta</city>
      <state>TAM</state>
      <postal>87605</postal>
      <latitude>24.8550705</latitude>
      <longitude>-98.1386351</longitude>
      <source>
        <name>USA Today</name>
        <ts>2020-04-21T10:57:36Z</ts>
      </source>
    </school>
  </schools>
  <status>Inactive</status>
  <sources>
    <source>
      <name>New York Times</name>
      <ts>2014-03-02T10:49:54Z</ts>
    </source>
  </sources>
  <relations>
    <relation>
      <id>/person/10069.xml</id>
      <predicate>livesWith</predicate>
      <imageSrc>https://cdn1.marklogic.com/wp-content/uploads/2021/05/IS-headshot.jpeg</imageSrc>
      <fullname>Rowcastle Livy</fullname>
      <city>Chicago</city>
      <state>IL</state>
    </relation>
    <relation>
      <id>/person/10063.xml</id>
      <predicate>livesWith</predicate>
      <imageSrc>https://cdn1.marklogic.com/wp-content/uploads/2021/02/1612313387205.jpeg</imageSrc>
      <fullname>Raiment Tiler</fullname>
      <city>Nashville</city>
      <state>TN</state>
    </relation>
    <relation>
      <id>/person/10042.xml</id>
      <predicate>worksWith</predicate>
      <imageSrc>https://cdn1.marklogic.com/wp-content/uploads/2020/11/george-bloom-headshot-300x300-1.jpg</imageSrc>
      <fullname>Crinkley Guillemette</fullname>
      <city>New Orleans</city>
      <state>LA</state>
    </relation>
  </relations>
  <createdOn>
    <ts>2022-02-19T04:02:55Z</ts>
    <user>zhattox</user>
  </createdOn>
  <lastUpdated>
    <ts>2022-02-08T08:54:49Z</ts>
    <user>zhattox</user>
  </lastUpdated>
  <socials/>
  <memberships>
    <membership>
      <list>list11</list>
      <important>true</important>
      <ts>2022-02-15</ts>
    </membership>
    <membership>
      <list>list8</list>
      <important>false</important>
      <ts>2022-01-27</ts>
    </membership>
    <membership>
      <list>list5</list>
      <important>false</important>
      <ts>2022-01-08</ts>
    </membership>
    <membership>
      <list>list10</list>
      <important>false</important>
      <ts>2022-01-08</ts>
    </membership>
    <membership>
      <list>list8</list>
      <important>false</important>
      <ts>2022-02-14</ts>
    </membership>
    <membership>
      <list>list10</list>
      <important>false</important>
      <ts>2022-02-01</ts>
    </membership>
  </memberships>
  <links>
    <link>
      <label>Quick View</label>
      <url>https://oracle.com</url>
      <icon>faEye</icon>
    </link>
    <link>
      <label>Nomination History</label>
      <url>http://skype.com</url>
      <icon>faMedal</icon>
    </link>
    <link>
      <label>Comments</label>
      <url>http://indiegogo.com</url>
      <icon>faComments</icon>
    </link>
  </links>
  <activities>
    <activity>
      <predicate>startedAt</predicate>
      <place>Podcat</place>
      <predplace>startedAt Podcat</predplace>
      <ts>2013-02-05T09:44:28Z</ts>
      <source>
        <name>USA Today</name>
        <ts>2021-08-25T22:42:48Z</ts>
        <createdBy>Charlotta Knoton</createdBy>
        <approvedBy>Sorcha Wallworke</approvedBy>
      </source>
    </activity>
    <activity>
      <predicate>startedAt</predicate>
      <place>Zoomlounge</place>
      <predplace>startedAt Zoomlounge</predplace>
      <ts>2015-02-19T09:16:44Z</ts>
      <source>
        <name>New York Times</name>
        <ts>2020-07-07T03:00:06Z</ts>
        <createdBy>Carly Kopf</createdBy>
        <approvedBy>Kennie Dabel</approvedBy>
      </source>
    </activity>
  </activities>
  <events>
    <event>
      <predicate>livedIn</predicate>
      <place>Canada</place>
      <predplace>livedIn Canada</predplace>
      <end>2017-04-07T14:15:06Z</end>
      <start>2015-02-28T07:04:09Z</start>
    </event>
  </events>
  <actions>
    <action>
      <url>http://qq.com</url>
      <icon>faCog</icon>
    </action>
    <action>
      <url>https://salon.com</url>
      <icon>faCode</icon>
    </action>
    <action>
      <url>http://scribd.com</url>
      <icon>faSync</icon>
    </action>
  </actions>
</person>