<?xml version="1.0" encoding="UTF-8" standalone="yes"?>
<person>
  <personId>10038</personId>
  <nameGroup>
    <givenname>
      <value>Juliane</value>
    </givenname>
    <surname>
      <value>Eyes</value>
    </surname>
    <fullname>
      <classification>S</classification>
      <restricted>false</restricted>
      <value>Eyes Juliane</value>
      <source>
        <name>Chicago Tribune</name>
        <ts>2021-10-26T05:32:58Z</ts>
      </source>
    </fullname>
  </nameGroup>
  <emails>
    <email>
      <value>akingh0@tuttocitta.it</value>
      <classification>U</classification>
      <restricted>false</restricted>
    </email>
    <email>
      <value>ifulmen1@nhs.uk</value>
      <classification>S</classification>
      <restricted>false</restricted>
    </email>
  </emails>
  <phone>535-843-0767</phone>
  <ssn>
    <value>208-04-4426</value>
    <classification>(S)</classification>
  </ssn>
  <images>
    <image>
      <url>https://cdn1.marklogic.com/wp-content/uploads/2020/04/JamesKenwood-headshot-600x600-1.jpg</url>
      <source>
        <name>Los Angeles Times</name>
        <ts>2020-12-24T19:20:15Z</ts>
        <uploadedBy>eedelheid0</uploadedBy>
      </source>
    </image>
    <image>
      <url>https://cdn1.marklogic.com/wp-content/uploads/2018/01/Michael-Malgeri-MarkLogic.jpg</url>
      <source>
        <name>USA Today</name>
        <ts>2013-03-15T09:40:54Z</ts>
        <uploadedBy>cgrutchfield0</uploadedBy>
      </source>
    </image>
    <image>
      <url>https://cdn1.marklogic.com/wp-content/uploads/2021/07/chuck-hollis.jpeg</url>
      <source>
        <name>New York Times</name>
        <ts>2019-12-01T03:25:54Z</ts>
        <uploadedBy>gbrainsby0</uploadedBy>
      </source>
    </image>
  </images>
  <addresses>
    <address>
      <street>6495 Del Sol Lane</street>
      <city>Richmond</city>
      <state>VA</state>
      <postal>23237</postal>
      <country>United States</country>
      <latitude>37.4011</latitude>
      <longitude>-77.4615</longitude>
    </address>
    <address>
      <street>21 Dahle Drive</street>
      <city>Erie</city>
      <state>PA</state>
      <postal>16510</postal>
      <country>United States</country>
      <latitude>42.1087</latitude>
      <longitude>-79.9535</longitude>
    </address>
    <address>
      <street>96 Westerfield Terrace</street>
      <city>Lakewood</city>
      <state>WA</state>
      <postal>98498</postal>
      <country>United States</country>
      <latitude>47.1591</latitude>
      <longitude>-122.5485</longitude>
    </address>
  </addresses>
  <schools>
    <school>
      <country>Mexico</country>
      <name>Universidad Autónoma de Aguascalientes</name>
      <city>Buenos Aires</city>
      <state>VER</state>
      <postal>93380</postal>
      <latitude>19.4052965</latitude>
      <longitude>-99.1504583</longitude>
      <source>
        <name>USA Today</name>
        <ts>2014-01-08T23:21:30Z</ts>
      </source>
      <source>
        <name>New York Times</name>
        <ts>2013-03-28T19:58:50Z</ts>
      </source>
    </school>
  </schools>
  <status>Inactive</status>
  <sources>
    <source>
      <name>New York Times</name>
      <ts>2012-10-16T01:21:59Z</ts>
    </source>
  </sources>
  <sources>
    <source>
      <name>Washington Post</name>
      <ts>2021-06-22T17:55:38Z</ts>
    </source>
  </sources>
  <relations>
    <relation>
      <id>/person/10094.xml</id>
      <predicate>worksWith</predicate>
      <imageSrc>https://cdn1.marklogic.com/wp-content/uploads/2021/05/IS-headshot.jpeg</imageSrc>
      <fullname>Brierley Koren</fullname>
      <city>Miami</city>
      <state>FL</state>
    </relation>
    <relation>
      <id>/person/10093.xml</id>
      <predicate>livesWith</predicate>
      <imageSrc>https://cdn1.marklogic.com/wp-content/uploads/2021/02/1612313387205.jpeg</imageSrc>
      <fullname>Glassman Nikki</fullname>
      <city>Marietta</city>
      <state>GA</state>
    </relation>
    <relation>
      <id>/person/10017.xml</id>
      <predicate>livesWith</predicate>
      <imageSrc>https://cdn1.marklogic.com/wp-content/uploads/2021/05/IS-headshot.jpeg</imageSrc>
      <fullname>Copper Adiana</fullname>
      <city>Wilkes Barre</city>
      <state>PA</state>
    </relation>
    <relation>
      <id>/person/10061.xml</id>
      <predicate>relatedTo</predicate>
      <imageSrc>https://cdn1.marklogic.com/wp-content/uploads/2018/01/Michael-Malgeri-MarkLogic.jpg</imageSrc>
      <fullname>Spellesy Ileane</fullname>
      <city>Washington</city>
      <state>DC</state>
    </relation>
  </relations>
  <createdOn>
    <ts>2022-01-13T08:46:52Z</ts>
    <user>jeyes11</user>
  </createdOn>
  <lastUpdated>
    <ts>2022-01-08T12:56:49Z</ts>
    <user>jeyes11</user>
  </lastUpdated>
  <socials>
    <social>
      <site>facebook</site>
      <handle>acrumpe0</handle>
      <address>https://usgs.gov/tempus/sit/amet/sem/fusce.xml</address>
    </social>
    <social>
      <site>linkedin</site>
      <handle>lwilcher1</handle>
      <address>https://geocities.jp/in/consequat.xml</address>
    </social>
  </socials>
  <memberships>
    <membership>
      <list>list3</list>
      <important>true</important>
      <ts>2022-01-18</ts>
    </membership>
    <membership>
      <list>list10</list>
      <important>false</important>
      <ts>2022-01-05</ts>
    </membership>
    <membership>
      <list>list12</list>
      <important>false</important>
      <ts>2022-01-16</ts>
    </membership>
  </memberships>
  <links>
    <link>
      <label>Quick View</label>
      <url>https://blogspot.com</url>
      <icon>faEye</icon>
    </link>
    <link>
      <label>Nomination History</label>
      <url>https://meetup.com</url>
      <icon>faMedal</icon>
    </link>
    <link>
      <label>Comments</label>
      <url>https://joomla.org</url>
      <icon>faComments</icon>
    </link>
  </links>
  <activities>
    <activity>
      <predicate>movedTo</predicate>
      <place>Quire</place>
      <predplace>movedTo Quire</predplace>
      <ts>2012-11-06T23:33:34Z</ts>
      <source>
        <name>USA Today</name>
        <ts>2021-04-07T20:46:59Z</ts>
        <createdBy>Augustine Lidbetter</createdBy>
        <approvedBy>Brantley Hotchkin</approvedBy>
      </source>
    </activity>
    <activity>
      <predicate>transferredTo</predicate>
      <place>Babbleblab</place>
      <predplace>transferredTo Babbleblab</predplace>
      <ts>2013-12-15T04:02:15Z</ts>
      <source>
        <name>New York Times</name>
        <ts>2017-04-01T05:36:11Z</ts>
        <createdBy>Byrle Lude</createdBy>
        <approvedBy>Tomas Bilton</approvedBy>
      </source>
    </activity>
    <activity>
      <predicate>endedAt</predicate>
      <place>Quatz</place>
      <predplace>endedAt Quatz</predplace>
      <ts>2015-12-12T13:17:51Z</ts>
      <source>
        <name>Chicago Tribune</name>
        <ts>2016-08-04T07:04:58Z</ts>
        <createdBy>Guillemette Senogles</createdBy>
        <approvedBy>Arthur Kohen</approvedBy>
      </source>
    </activity>
    <activity>
      <predicate>transferredTo</predicate>
      <place>Zoozzy</place>
      <predplace>transferredTo Zoozzy</predplace>
      <ts>2011-04-06T08:25:40Z</ts>
      <source>
        <name>Los Angeles Times</name>
        <ts>2020-02-07T12:36:23Z</ts>
        <createdBy>Donella Pringell</createdBy>
        <approvedBy>Bekki Paulet</approvedBy>
      </source>
    </activity>
    <activity>
      <predicate>transferredTo</predicate>
      <place>Quimba</place>
      <predplace>transferredTo Quimba</predplace>
      <ts>2012-05-21T18:53:17Z</ts>
      <source>
        <name>Wall Street Journal</name>
        <ts>2016-09-22T06:14:30Z</ts>
        <createdBy>Ivett Benbrick</createdBy>
        <approvedBy>Hayyim Versey</approvedBy>
      </source>
    </activity>
    <activity>
      <predicate>movedTo</predicate>
      <place>Browsezoom</place>
      <predplace>movedTo Browsezoom</predplace>
      <ts>2013-07-20T11:56:38Z</ts>
      <source>
        <name>Washington Post</name>
        <ts>2018-05-09T03:04:56Z</ts>
        <createdBy>Elmer Fernez</createdBy>
        <approvedBy>Donovan Dantesia</approvedBy>
      </source>
    </activity>
    <activity>
      <predicate>startedAt</predicate>
      <place>Snaptags</place>
      <predplace>startedAt Snaptags</predplace>
      <ts>2013-09-17T11:50:38Z</ts>
      <source>
        <name>USA Today</name>
        <ts>2022-04-14T10:50:29Z</ts>
        <createdBy>Kiah Wodeland</createdBy>
        <approvedBy>Emelda Eliff</approvedBy>
      </source>
    </activity>
  </activities>
  <actions>
    <action>
      <url>http://ox.ac.uk</url>
      <icon>faCog</icon>
    </action>
    <action>
      <url>https://1688.com</url>
      <icon>faCode</icon>
    </action>
    <action>
      <url>https://cornell.edu</url>
      <icon>faSync</icon>
    </action>
  </actions>
</person>