<?xml version="1.0" encoding="UTF-8" standalone="yes"?>
<person>
  <personId>10030</personId>
  <nameGroup>
    <givenname>
      <value>Muire</value>
    </givenname>
    <surname>
      <value>Glader</value>
    </surname>
    <fullname>
      <classification>S</classification>
      <restricted>false</restricted>
      <value>Glader Muire</value>
      <source>
        <name>Wall Street Journal</name>
        <ts>2020-06-14T02:10:13Z</ts>
      </source>
      <source>
        <name>Chicago Tribune</name>
        <ts>2021-03-01T08:26:56Z</ts>
      </source>
      <source>
        <name>New York Times</name>
        <ts>2017-04-05T01:59:02Z</ts>
      </source>
    </fullname>
  </nameGroup>
  <emails>
    <email>
      <value>scorderoy0@virginia.edu</value>
      <classification>S</classification>
      <restricted>false</restricted>
    </email>
    <email>
      <value>emarquis1@wp.com</value>
      <classification>S</classification>
      <restricted>false</restricted>
    </email>
    <email>
      <value>thavenhand2@imageshack.us</value>
      <classification>U</classification>
      <restricted>false</restricted>
    </email>
  </emails>
  <phone>228-293-0981</phone>
  <ssn>
    <value>560-24-3611</value>
    <classification>(S)</classification>
  </ssn>
  <images>
    <image>
      <url>https://cdn1.marklogic.com/wp-content/uploads/2020/04/JamesKenwood-headshot-600x600-1.jpg</url>
      <source>
        <name>New York Times</name>
        <ts>2014-01-15T03:04:42Z</ts>
        <uploadedBy>jsalzburger0</uploadedBy>
      </source>
    </image>
    <image>
      <url>https://cdn1.marklogic.com/wp-content/uploads/2018/01/Michael-Malgeri-MarkLogic.jpg</url>
      <source>
        <name>Wall Street Journal</name>
        <ts>2019-04-05T07:09:40Z</ts>
        <uploadedBy>tdrinkall0</uploadedBy>
      </source>
    </image>
    <image>
      <url>https://cdn1.marklogic.com/wp-content/uploads/2018/01/headshot_square_286x286.jpg</url>
      <source>
        <name>Los Angeles Times</name>
        <ts>2014-05-23T22:49:55Z</ts>
        <uploadedBy>eharland0</uploadedBy>
      </source>
    </image>
    <image>
      <url>https://cdn1.marklogic.com/wp-content/uploads/2021/05/IS-headshot.jpeg</url>
      <source>
        <name>Los Angeles Times</name>
        <ts>2015-09-18T21:12:15Z</ts>
        <uploadedBy>ddouthwaite0</uploadedBy>
      </source>
    </image>
  </images>
  <addresses>
    <address>
      <street>95 Morning Park</street>
      <city>Pensacola</city>
      <state>FL</state>
      <postal>32505</postal>
      <country>United States</country>
      <latitude>30.4481</latitude>
      <longitude>-87.2589</longitude>
    </address>
    <address>
      <street>8681 Grasskamp Lane</street>
      <city>Charlotte</city>
      <state>NC</state>
      <postal>28225</postal>
      <country>United States</country>
      <latitude>35.26</latitude>
      <longitude>-80.8042</longitude>
    </address>
  </addresses>
  <schools>
    <school>
      <country>Mexico</country>
      <name>Universidad Tecnologica de Nezahualcoyotl</name>
      <city>San Rafael</city>
      <state>MIC</state>
      <postal>58910</postal>
      <latitude>19.4392516</latitude>
      <longitude>-99.1636051</longitude>
      <source>
        <name>USA Today</name>
        <ts>2017-06-05T21:33:28Z</ts>
      </source>
      <source>
        <name>New York Times</name>
        <ts>2010-04-18T16:56:13Z</ts>
      </source>
    </school>
    <school>
      <country>United Kingdom</country>
      <name>University of Greenwich</name>
      <city>Wootton</city>
      <state>ENG</state>
      <postal>NN4</postal>
      <latitude>52.2063851</latitude>
      <longitude>-0.9009942</longitude>
      <source>
        <name>USA Today</name>
        <ts>2017-03-27T09:33:13Z</ts>
      </source>
      <source>
        <name>New York Times</name>
        <ts>2020-02-24T05:36:40Z</ts>
      </source>
      <source>
        <name>Chicago Tribune</name>
        <ts>2019-12-17T12:36:26Z</ts>
      </source>
    </school>
  </schools>
  <status>Active</status>
  <sources>
    <source>
      <name>Wall Street Journal</name>
      <ts>2019-02-03T05:42:48Z</ts>
    </source>
  </sources>
  <relations>
    <relation>
      <id>/person/10075.xml</id>
      <predicate>relatedTo</predicate>
      <imageSrc>https://cdn1.marklogic.com/wp-content/uploads/2021/05/IS-headshot.jpeg</imageSrc>
      <fullname>Winskill Babette</fullname>
      <city>Ogden</city>
      <state>UT</state>
    </relation>
    <relation>
      <id>/person/10081.xml</id>
      <predicate>livesWith</predicate>
      <imageSrc>https://cdn1.marklogic.com/wp-content/uploads/2018/01/Michael-Malgeri-MarkLogic.jpg</imageSrc>
      <fullname>Bootman Dukey</fullname>
      <city>Phoenix</city>
      <state>AZ</state>
    </relation>
    <relation>
      <id>/person/10096.xml</id>
      <predicate>worksWith</predicate>
      <imageSrc>https://cdn1.marklogic.com/wp-content/uploads/2021/02/1612313387205.jpeg</imageSrc>
      <fullname>Rowden Franny</fullname>
      <city>Cincinnati</city>
      <state>OH</state>
    </relation>
    <relation>
      <id>/person/10047.xml</id>
      <predicate>livesWith</predicate>
      <imageSrc>https://cdn1.marklogic.com/wp-content/uploads/2020/04/JamesKenwood-headshot-600x600-1.jpg</imageSrc>
      <fullname>Mountford Todd</fullname>
      <city>Waco</city>
      <state>TX</state>
    </relation>
  </relations>
  <createdOn>
    <ts>2022-01-22T03:18:23Z</ts>
    <user>mgladert</user>
  </createdOn>
  <lastUpdated>
    <ts>2022-02-23T01:21:27Z</ts>
    <user>mgladert</user>
  </lastUpdated>
  <socials>
    <social>
      <site>linkedin</site>
      <handle>rallabush0</handle>
      <address>https://soup.io/consequat.html</address>
    </social>
  </socials>
  <memberships>
    <membership>
      <list>list2</list>
      <important>false</important>
      <ts>2022-01-30</ts>
    </membership>
    <membership>
      <list>list3</list>
      <important>true</important>
      <ts>2022-02-17</ts>
    </membership>
  </memberships>
  <links>
    <link>
      <label>Quick View</label>
      <url>http://home.pl</url>
      <icon>faEye</icon>
    </link>
    <link>
      <label>Nomination History</label>
      <url>https://people.com.cn</url>
      <icon>faMedal</icon>
    </link>
    <link>
      <label>Comments</label>
      <url>http://yahoo.co.jp</url>
      <icon>faComments</icon>
    </link>
  </links>
  <activities>
    <activity>
      <predicate>startedAt</predicate>
      <place>Yodel</place>
      <predplace>startedAt Yodel</predplace>
      <ts>2013-03-26T09:50:10Z</ts>
      <source>
        <name>USA Today</name>
        <ts>2016-10-05T20:07:53Z</ts>
        <createdBy>Ferrell Glover</createdBy>
        <approvedBy>Loralee Rosenau</approvedBy>
      </source>
    </activity>
    <activity>
      <predicate>endedAt</predicate>
      <place>Tazz</place>
      <predplace>endedAt Tazz</predplace>
      <ts>2012-07-30T05:39:19Z</ts>
      <source>
        <name>New York Times</name>
        <ts>2017-04-09T14:28:18Z</ts>
        <createdBy>Laney Gatherell</createdBy>
        <approvedBy>Niall Kernaghan</approvedBy>
      </source>
    </activity>
    <activity>
      <predicate>startedAt</predicate>
      <place>Realcube</place>
      <predplace>startedAt Realcube</predplace>
      <ts>2012-11-17T11:27:57Z</ts>
      <source>
        <name>Chicago Tribune</name>
        <ts>2019-02-08T04:23:03Z</ts>
        <createdBy>Bertie Shelmardine</createdBy>
        <approvedBy>Charlton Lyngsted</approvedBy>
      </source>
    </activity>
    <activity>
      <predicate>endedAt</predicate>
      <place>Quatz</place>
      <predplace>endedAt Quatz</predplace>
      <ts>2014-10-18T04:15:05Z</ts>
      <source>
        <name>Los Angeles Times</name>
        <ts>2018-05-13T07:05:41Z</ts>
        <createdBy>Quint Skettles</createdBy>
        <approvedBy>Elisabetta Ivankin</approvedBy>
      </source>
    </activity>
    <activity>
      <predicate>transferredTo</predicate>
      <place>Shuffledrive</place>
      <predplace>transferredTo Shuffledrive</predplace>
      <ts>2012-01-13T13:09:55Z</ts>
      <source>
        <name>Wall Street Journal</name>
        <ts>2021-02-04T04:19:07Z</ts>
        <createdBy>Ardelle Voak</createdBy>
        <approvedBy>Naomi Dytham</approvedBy>
      </source>
    </activity>
    <activity>
      <predicate>endedAt</predicate>
      <place>Trunyx</place>
      <predplace>endedAt Trunyx</predplace>
      <ts>2012-12-18T23:27:46Z</ts>
      <source>
        <name>Washington Post</name>
        <ts>2017-03-19T12:05:47Z</ts>
        <createdBy>Savina Cortez</createdBy>
        <approvedBy>Ganny Rusling</approvedBy>
      </source>
    </activity>
    <activity>
      <predicate>startedAt</predicate>
      <place>Jamia</place>
      <predplace>startedAt Jamia</predplace>
      <ts>2010-04-28T16:51:09Z</ts>
      <source>
        <name>USA Today</name>
        <ts>2020-06-28T20:54:05Z</ts>
        <createdBy>Jorge Kelmere</createdBy>
        <approvedBy>Bastien Cordle</approvedBy>
      </source>
    </activity>
  </activities>
  <actions>
    <action>
      <url>http://slashdot.org</url>
      <icon>faCog</icon>
    </action>
    <action>
      <url>https://nbcnews.com</url>
      <icon>faCode</icon>
    </action>
    <action>
      <url>https://cafepress.com</url>
      <icon>faSync</icon>
    </action>
  </actions>
</person>