<?xml version="1.0" encoding="UTF-8" standalone="yes"?>
<person>
  <personId>10035</personId>
  <nameGroup>
    <givenname>
      <value>Gilda</value>
    </givenname>
    <surname>
      <value>Van den Broek</value>
    </surname>
    <fullname>
      <classification>S</classification>
      <restricted>false</restricted>
      <value>Van den Broek Gilda</value>
      <source>
        <name>Washington Post</name>
        <ts>2010-10-01T06:58:26Z</ts>
      </source>
      <source>
        <name>Washington Post</name>
        <ts>2020-04-21T15:24:07Z</ts>
      </source>
      <source>
        <name>USA Today</name>
        <ts>2021-06-16T13:21:04Z</ts>
      </source>
    </fullname>
  </nameGroup>
  <emails>
    <email>
      <value>fpaulus0@fc2.com</value>
      <classification>C</classification>
      <restricted>false</restricted>
    </email>
    <email>
      <value>vcowhig1@tumblr.com</value>
      <classification>S</classification>
      <restricted>false</restricted>
    </email>
    <email>
      <value>jdrissell2@linkedin.com</value>
      <classification>U</classification>
      <restricted>false</restricted>
    </email>
  </emails>
  <phone>558-951-5678</phone>
  <ssn>
    <value>172-72-1789</value>
    <classification>(S)</classification>
  </ssn>
  <images>
    <image>
      <url>https://cdn1.marklogic.com/wp-content/uploads/2018/01/Alicia-Saia-MarkLogic1.jpg</url>
      <source>
        <name>Wall Street Journal</name>
        <ts>2010-01-24T06:54:23Z</ts>
        <uploadedBy>gpuddicombe0</uploadedBy>
      </source>
    </image>
    <image>
      <url>https://cdn1.marklogic.com/wp-content/uploads/2018/01/Alicia-Saia-MarkLogic1.jpg</url>
      <source>
        <name>New York Times</name>
        <ts>2014-01-31T23:15:51Z</ts>
        <uploadedBy>obroadbent0</uploadedBy>
      </source>
    </image>
    <image>
      <url>https://cdn1.marklogic.com/wp-content/uploads/2018/01/headshot_square_286x286.jpg</url>
      <source>
        <name>New York Times</name>
        <ts>2013-12-28T20:37:43Z</ts>
        <uploadedBy>lmaginot0</uploadedBy>
      </source>
    </image>
  </images>
  <addresses>
    <address>
      <street>8625 Messerschmidt Road</street>
      <city>Buffalo</city>
      <state>NY</state>
      <postal>14215</postal>
      <country>United States</country>
      <latitude>42.9335</latitude>
      <longitude>-78.8115</longitude>
    </address>
    <address>
      <street>572 Weeping Birch Place</street>
      <city>Topeka</city>
      <state>KS</state>
      <postal>66617</postal>
      <country>United States</country>
      <latitude>39.1271</latitude>
      <longitude>-95.6384</longitude>
    </address>
    <address>
      <street>718 Mitchell Trail</street>
      <city>Kansas City</city>
      <state>KS</state>
      <postal>66160</postal>
      <country>United States</country>
      <latitude>39.0966</latitude>
      <longitude>-94.7495</longitude>
    </address>
  </addresses>
  <schools>
    <school>
      <country>Canada</country>
      <name>Ryerson Polytechnic University</name>
      <city>Parksville</city>
      <state>BC</state>
      <postal>V9P</postal>
      <latitude>49.3193375</latitude>
      <longitude>-124.3136411</longitude>
      <source>
        <name>USA Today</name>
        <ts>2014-12-21T05:51:26Z</ts>
      </source>
      <source>
        <name>New York Times</name>
        <ts>2019-10-25T13:52:50Z</ts>
      </source>
      <source>
        <name>Chicago Tribune</name>
        <ts>2017-04-11T03:41:29Z</ts>
      </source>
    </school>
    <school>
      <country>Canada</country>
      <name>Dalhousie University</name>
      <city>L'Île-Perrot</city>
      <state>QC</state>
      <postal>H9X</postal>
      <latitude>45.4235609</latitude>
      <longitude>-73.9319061</longitude>
      <source>
        <name>USA Today</name>
        <ts>2012-11-01T06:33:11Z</ts>
      </source>
      <source>
        <name>New York Times</name>
        <ts>2013-03-22T13:14:51Z</ts>
      </source>
      <source>
        <name>Chicago Tribune</name>
        <ts>2015-03-26T10:08:43Z</ts>
      </source>
    </school>
  </schools>
  <status>Inactive</status>
  <sources>
    <source>
      <name>Los Angeles Times</name>
      <ts>2014-04-26T21:07:07Z</ts>
    </source>
  </sources>
  <sources>
    <source>
      <name>USA Today</name>
      <ts>2020-07-06T05:49:15Z</ts>
    </source>
  </sources>
  <sources>
    <source>
      <name>Wall Street Journal</name>
      <ts>2011-08-27T19:01:55Z</ts>
    </source>
  </sources>
  <relations>
    <relation>
      <id>/person/10006.xml</id>
      <predicate>worksWith</predicate>
      <imageSrc>https://cdn1.marklogic.com/wp-content/uploads/2018/01/Michael-Malgeri-MarkLogic.jpg</imageSrc>
      <fullname>Skrzynski Yehudit</fullname>
      <city>Dallas</city>
      <state>TX</state>
    </relation>
    <relation>
      <id>/person/10085.xml</id>
      <predicate>relatedTo</predicate>
      <imageSrc>https://cdn1.marklogic.com/wp-content/uploads/2018/01/Diane-Burley-MarkLogic-2015.jpg</imageSrc>
      <fullname>Chadband Jamal</fullname>
      <city>Mobile</city>
      <state>AL</state>
    </relation>
  </relations>
  <createdOn>
    <ts>2022-02-23T10:42:32Z</ts>
    <user>gvandenbroeky</user>
  </createdOn>
  <lastUpdated>
    <ts>2022-02-13T10:13:03Z</ts>
    <user>gvandenbroeky</user>
  </lastUpdated>
  <socials>
    <social>
      <site>facebook</site>
      <handle>adury0</handle>
      <address>https://marketwatch.com/ipsum/praesent/blandit/lacinia.png</address>
    </social>
  </socials>
  <memberships>
    <membership>
      <list>list9</list>
      <important>true</important>
      <ts>2022-02-19</ts>
    </membership>
    <membership>
      <list>list4</list>
      <important>false</important>
      <ts>2022-02-20</ts>
    </membership>
    <membership>
      <list>list7</list>
      <important>false</important>
      <ts>2022-01-02</ts>
    </membership>
    <membership>
      <list>list10</list>
      <important>true</important>
      <ts>2022-02-10</ts>
    </membership>
    <membership>
      <list>list3</list>
      <important>true</important>
      <ts>2022-01-30</ts>
    </membership>
  </memberships>
  <links>
    <link>
      <label>Quick View</label>
      <url>http://canalblog.com</url>
      <icon>faEye</icon>
    </link>
    <link>
      <label>Nomination History</label>
      <url>https://theglobeandmail.com</url>
      <icon>faMedal</icon>
    </link>
    <link>
      <label>Comments</label>
      <url>https://mail.ru</url>
      <icon>faComments</icon>
    </link>
  </links>
  <activities>
    <activity>
      <predicate>endedAt</predicate>
      <place>Avaveo</place>
      <predplace>endedAt Avaveo</predplace>
      <ts>2015-07-21T07:55:55Z</ts>
      <source>
        <name>USA Today</name>
        <ts>2019-04-06T06:11:10Z</ts>
        <createdBy>Donielle Curness</createdBy>
        <approvedBy>Becka Laidler</approvedBy>
      </source>
    </activity>
    <activity>
      <predicate>transferredTo</predicate>
      <place>Browsezoom</place>
      <predplace>transferredTo Browsezoom</predplace>
      <ts>2015-03-26T19:00:59Z</ts>
      <source>
        <name>New York Times</name>
        <ts>2017-01-14T07:49:09Z</ts>
        <createdBy>Teodoor Aitcheson</createdBy>
        <approvedBy>Anitra Beccles</approvedBy>
      </source>
    </activity>
    <activity>
      <predicate>transferredTo</predicate>
      <place>Skyvu</place>
      <predplace>transferredTo Skyvu</predplace>
      <ts>2010-05-13T13:52:35Z</ts>
      <source>
        <name>Chicago Tribune</name>
        <ts>2019-01-14T07:42:32Z</ts>
        <createdBy>Asher Keetch</createdBy>
        <approvedBy>Ashley Albertson</approvedBy>
      </source>
    </activity>
    <activity>
      <predicate>startedAt</predicate>
      <place>Rhyzio</place>
      <predplace>startedAt Rhyzio</predplace>
      <ts>2014-12-08T03:39:54Z</ts>
      <source>
        <name>Los Angeles Times</name>
        <ts>2021-08-21T21:55:59Z</ts>
        <createdBy>Abbott Lanigan</createdBy>
        <approvedBy>Gottfried Arends</approvedBy>
      </source>
    </activity>
    <activity>
      <predicate>startedAt</predicate>
      <place>Flipbug</place>
      <predplace>startedAt Flipbug</predplace>
      <ts>2012-05-15T01:50:49Z</ts>
      <source>
        <name>Wall Street Journal</name>
        <ts>2016-10-15T19:46:24Z</ts>
        <createdBy>Rivkah Guillet</createdBy>
        <approvedBy>Guido Jedrachowicz</approvedBy>
      </source>
    </activity>
    <activity>
      <predicate>endedAt</predicate>
      <place>Innojam</place>
      <predplace>endedAt Innojam</predplace>
      <ts>2014-01-09T05:07:25Z</ts>
      <source>
        <name>Washington Post</name>
        <ts>2019-08-01T02:52:29Z</ts>
        <createdBy>Davida Cubbon</createdBy>
        <approvedBy>Jermayne Sunderland</approvedBy>
      </source>
    </activity>
    <activity>
      <predicate>endedAt</predicate>
      <place>Feedbug</place>
      <predplace>endedAt Feedbug</predplace>
      <ts>2011-12-18T21:50:01Z</ts>
      <source>
        <name>USA Today</name>
        <ts>2020-03-26T02:37:20Z</ts>
        <createdBy>Orland Mityukov</createdBy>
        <approvedBy>Konrad Brownlee</approvedBy>
      </source>
    </activity>
  </activities>
  <actions>
    <action>
      <url>https://soup.io</url>
      <icon>faCog</icon>
    </action>
    <action>
      <url>https://canalblog.com</url>
      <icon>faCode</icon>
    </action>
    <action>
      <url>http://discuz.net</url>
      <icon>faSync</icon>
    </action>
  </actions>
</person>