<?xml version="1.0" encoding="UTF-8" standalone="yes"?>
<person>
  <personId>10039</personId>
  <nameGroup>
    <givenname>
      <value>Doy</value>
    </givenname>
    <surname>
      <value>Devorill</value>
    </surname>
    <fullname>
      <classification>C</classification>
      <restricted>true</restricted>
      <value>Devorill Doy</value>
      <source>
        <name>Los Angeles Times</name>
        <ts>2012-03-21T18:39:44Z</ts>
      </source>
      <source>
        <name>USA Today</name>
        <ts>2018-10-04T05:26:14Z</ts>
      </source>
      <source>
        <name>Washington Post</name>
        <ts>2019-06-25T01:33:28Z</ts>
      </source>
    </fullname>
  </nameGroup>
  <emails>
    <email>
      <value>eneate0@ted.com</value>
      <classification>C</classification>
      <restricted>false</restricted>
    </email>
    <email>
      <value>ebryning1@whitehouse.gov</value>
      <classification>C</classification>
      <restricted>false</restricted>
    </email>
  </emails>
  <phone>963-562-0459</phone>
  <ssn>
    <value>668-16-4542</value>
    <classification>(S)</classification>
  </ssn>
  <images>
    <image>
      <url>https://cdn1.marklogic.com/wp-content/uploads/2020/11/george-bloom-headshot-300x300-1.jpg</url>
      <source>
        <name>Wall Street Journal</name>
        <ts>2011-03-15T09:59:29Z</ts>
        <uploadedBy>ldibb0</uploadedBy>
      </source>
    </image>
    <image>
      <url>https://cdn1.marklogic.com/wp-content/uploads/2018/01/Diane-Burley-MarkLogic-2015.jpg</url>
      <source>
        <name>Washington Post</name>
        <ts>2016-04-18T18:49:42Z</ts>
        <uploadedBy>ldanilyuk0</uploadedBy>
      </source>
    </image>
    <image>
      <url>https://cdn1.marklogic.com/wp-content/uploads/2021/05/IS-headshot.jpeg</url>
      <source>
        <name>Washington Post</name>
        <ts>2017-09-11T16:01:40Z</ts>
        <uploadedBy>ejarrard0</uploadedBy>
      </source>
    </image>
  </images>
  <addresses>
    <address>
      <street>03 Lunder Parkway</street>
      <city>Memphis</city>
      <state>TN</state>
      <postal>38168</postal>
      <country>United States</country>
      <latitude>35.2017</latitude>
      <longitude>-89.9715</longitude>
    </address>
  </addresses>
  <schools>
    <school>
      <country>Canada</country>
      <name>École de technologie supérieure, Université du Québec</name>
      <city>Bonnyville</city>
      <state>AB</state>
      <postal>T9N</postal>
      <latitude>54.2681766</latitude>
      <longitude>-110.7200371</longitude>
      <source>
        <name>USA Today</name>
        <ts>2011-07-11T03:14:24Z</ts>
      </source>
    </school>
    <school>
      <country>United States</country>
      <name>Seattle University</name>
      <city>Houston</city>
      <state>TX</state>
      <postal>77240</postal>
      <latitude>29.8743418</latitude>
      <longitude>-95.5485295</longitude>
      <source>
        <name>USA Today</name>
        <ts>2018-07-26T08:21:08Z</ts>
      </source>
      <source>
        <name>New York Times</name>
        <ts>2021-01-30T04:55:13Z</ts>
      </source>
    </school>
  </schools>
  <status>Inactive</status>
  <sources>
    <source>
      <name>New York Times</name>
      <ts>2014-03-22T08:50:14Z</ts>
    </source>
  </sources>
  <sources>
    <source>
      <name>Los Angeles Times</name>
      <ts>2012-12-12T07:57:31Z</ts>
    </source>
  </sources>
  <relations>
    <relation>
      <id>/person/10088.xml</id>
      <predicate>livesWith</predicate>
      <imageSrc>https://cdn1.marklogic.com/wp-content/uploads/2018/02/trinh-lieu-profile.jpg</imageSrc>
      <fullname>Endersby Cariotta</fullname>
      <city>Long Beach</city>
      <state>CA</state>
    </relation>
    <relation>
      <id>/person/10028.xml</id>
      <predicate>relatedTo</predicate>
      <imageSrc>https://cdn1.marklogic.com/wp-content/uploads/2021/02/1612313387205.jpeg</imageSrc>
      <fullname>Grimston Antonio</fullname>
      <city>Salt Lake City</city>
      <state>UT</state>
    </relation>
    <relation>
      <id>/person/10068.xml</id>
      <predicate>worksWith</predicate>
      <imageSrc>https://cdn1.marklogic.com/wp-content/uploads/2018/01/headshot_square_286x286.jpg</imageSrc>
      <fullname>Mycock Norris</fullname>
      <city>Lansing</city>
      <state>MI</state>
    </relation>
    <relation>
      <id>/person/10072.xml</id>
      <predicate>livesWith</predicate>
      <imageSrc>https://cdn1.marklogic.com/wp-content/uploads/2018/01/Michael-Malgeri-MarkLogic.jpg</imageSrc>
      <fullname>Scouler Kirsti</fullname>
      <city>Topeka</city>
      <state>KS</state>
    </relation>
    <relation>
      <id>/person/10094.xml</id>
      <predicate>worksWith</predicate>
      <imageSrc>https://cdn1.marklogic.com/wp-content/uploads/2021/05/IS-headshot.jpeg</imageSrc>
      <fullname>Brierley Koren</fullname>
      <city>Miami</city>
      <state>FL</state>
    </relation>
  </relations>
  <createdOn>
    <ts>2022-01-16T08:55:56Z</ts>
    <user>ddevorill12</user>
  </createdOn>
  <lastUpdated>
    <ts>2022-01-21T18:27:14Z</ts>
    <user>ddevorill12</user>
  </lastUpdated>
  <socials>
    <social>
      <site>linkedin</site>
      <handle>okynnd0</handle>
      <address>http://blogspot.com/leo/rhoncus/sed/vestibulum/sit/amet.jsp</address>
    </social>
    <social>
      <site>twitter</site>
      <handle>rhansman1</handle>
      <address>http://youtube.com/orci/luctus/et.png</address>
    </social>
    <social>
      <site>linkedin</site>
      <handle>dtyndall2</handle>
      <address>http://istockphoto.com/cubilia.jsp</address>
    </social>
  </socials>
  <memberships>
    <membership>
      <list>list4</list>
      <important>true</important>
      <ts>2022-01-31</ts>
    </membership>
    <membership>
      <list>list7</list>
      <important>true</important>
      <ts>2022-01-14</ts>
    </membership>
    <membership>
      <list>list1</list>
      <important>true</important>
      <ts>2022-02-12</ts>
    </membership>
  </memberships>
  <links>
    <link>
      <label>Quick View</label>
      <url>http://tiny.cc</url>
      <icon>faEye</icon>
    </link>
    <link>
      <label>Nomination History</label>
      <url>https://bandcamp.com</url>
      <icon>faMedal</icon>
    </link>
    <link>
      <label>Comments</label>
      <url>http://ca.gov</url>
      <icon>faComments</icon>
    </link>
  </links>
  <activities>
    <activity>
      <predicate>transferredTo</predicate>
      <place>Jabbercube</place>
      <predplace>transferredTo Jabbercube</predplace>
      <ts>2015-05-05T01:27:48Z</ts>
      <source>
        <name>USA Today</name>
        <ts>2020-01-23T00:23:20Z</ts>
        <createdBy>Riobard Darthe</createdBy>
        <approvedBy>Chadwick Stancer</approvedBy>
      </source>
    </activity>
    <activity>
      <predicate>startedAt</predicate>
      <place>Edgewire</place>
      <predplace>startedAt Edgewire</predplace>
      <ts>2010-01-15T12:34:02Z</ts>
      <source>
        <name>New York Times</name>
        <ts>2020-03-11T14:51:42Z</ts>
        <createdBy>Joline Frisch</createdBy>
        <approvedBy>Hersh Bonelle</approvedBy>
      </source>
    </activity>
    <activity>
      <predicate>endedAt</predicate>
      <place>Feedfish</place>
      <predplace>endedAt Feedfish</predplace>
      <ts>2012-03-26T20:27:38Z</ts>
      <source>
        <name>Chicago Tribune</name>
        <ts>2020-02-21T09:34:16Z</ts>
        <createdBy>Rhona Cowern</createdBy>
        <approvedBy>Cesya Corryer</approvedBy>
      </source>
    </activity>
    <activity>
      <predicate>startedAt</predicate>
      <place>Meejo</place>
      <predplace>startedAt Meejo</predplace>
      <ts>2011-12-08T02:05:46Z</ts>
      <source>
        <name>Los Angeles Times</name>
        <ts>2020-08-01T13:22:20Z</ts>
        <createdBy>Christa Broadnicke</createdBy>
        <approvedBy>Adriaens Flode</approvedBy>
      </source>
    </activity>
    <activity>
      <predicate>transferredTo</predicate>
      <place>Twitterbeat</place>
      <predplace>transferredTo Twitterbeat</predplace>
      <ts>2013-09-04T23:45:50Z</ts>
      <source>
        <name>Wall Street Journal</name>
        <ts>2021-08-13T15:14:10Z</ts>
        <createdBy>Levy Tokell</createdBy>
        <approvedBy>Aime Wagge</approvedBy>
      </source>
    </activity>
  </activities>
  <actions>
    <action>
      <url>http://yelp.com</url>
      <icon>faCog</icon>
    </action>
    <action>
      <url>http://imdb.com</url>
      <icon>faCode</icon>
    </action>
    <action>
      <url>https://joomla.org</url>
      <icon>faSync</icon>
    </action>
  </actions>
</person>