<?xml version="1.0" encoding="UTF-8" standalone="yes"?>
<person>
  <personId>10033</personId>
  <nameGroup>
    <givenname>
      <value>Ainslie</value>
    </givenname>
    <surname>
      <value>Boal</value>
    </surname>
    <fullname>
      <classification>C</classification>
      <restricted>true</restricted>
      <value>Boal Ainslie</value>
      <source>
        <name>Washington Post</name>
        <ts>2021-12-14T20:46:57Z</ts>
      </source>
      <source>
        <name>Los Angeles Times</name>
        <ts>2011-07-12T20:59:58Z</ts>
      </source>
    </fullname>
  </nameGroup>
  <emails>
    <email>
      <value>ckerwood0@google.ru</value>
      <classification>U</classification>
      <restricted>false</restricted>
    </email>
  </emails>
  <phone>612-841-0242</phone>
  <contacts>
    <contact>
      <type>email</type>
      <value>cjans0@oakley.com</value>
    </contact>
    <contact>
      <type>email</type>
      <value>hairton1@cdc.gov</value>
    </contact>
    <contact>
      <type>phone</type>
      <value>219-171-9853</value>
    </contact>
  </contacts>
  <ssn>
    <value>412-49-8423</value>
    <classification>(S)</classification>
  </ssn>
  <images>
    <image>
      <url>https://cdn1.marklogic.com/wp-content/uploads/2020/11/george-bloom-headshot-300x300-1.jpg</url>
      <source>
        <name>Washington Post</name>
        <ts>2018-03-09T07:51:37Z</ts>
        <uploadedBy>ftrumpeter0</uploadedBy>
      </source>
    </image>
    <image>
      <url>https://cdn1.marklogic.com/wp-content/uploads/2021/07/chuck-hollis.jpeg</url>
      <source>
        <name>Wall Street Journal</name>
        <ts>2021-07-23T16:29:20Z</ts>
        <uploadedBy/>
      </source>
    </image>
    <image>
      <url>https://cdn1.marklogic.com/wp-content/uploads/2021/07/chuck-hollis.jpeg</url>
      <source>
        <name>Washington Post</name>
        <ts>2013-05-15T18:02:06Z</ts>
        <uploadedBy>dseemmonds0</uploadedBy>
      </source>
    </image>
    <image>
      <url>https://cdn1.marklogic.com/wp-content/uploads/2018/01/Michael-Malgeri-MarkLogic.jpg</url>
      <source>
        <name>Chicago Tribune</name>
        <ts>2019-08-15T06:14:36Z</ts>
        <uploadedBy/>
      </source>
    </image>
  </images>
  <addresses>
    <address>
      <street>78 Oak Road</street>
      <city>Winston Salem</city>
      <state>NC</state>
      <postal>27110</postal>
      <country>United States</country>
      <latitude>36.0275</latitude>
      <longitude>-80.2073</longitude>
    </address>
  </addresses>
  <schools>
    <school>
      <country>Canada</country>
      <name>University of St. Michael's College</name>
      <city>Lewisporte</city>
      <state>NL</state>
      <postal>M2K</postal>
      <latitude>49.24993</latitude>
      <longitude>-55.04816</longitude>
      <source>
        <name>USA Today</name>
        <ts>2017-04-15T11:48:51Z</ts>
      </source>
      <source>
        <name>New York Times</name>
        <ts>2016-08-14T01:21:06Z</ts>
      </source>
    </school>
  </schools>
  <status>Active</status>
  <sources>
    <source>
      <name>Wall Street Journal</name>
      <ts>2019-12-03T00:22:15Z</ts>
    </source>
  </sources>
  <sources>
    <source>
      <name>Wall Street Journal</name>
      <ts>2010-07-03T04:58:10Z</ts>
    </source>
  </sources>
  <relations>
    <relation>
      <id>/person/10010.xml</id>
      <predicate>worksWith</predicate>
      <imageSrc>https://cdn1.marklogic.com/wp-content/uploads/2018/01/Alicia-Saia-MarkLogic1.jpg</imageSrc>
      <fullname>Comusso Ingelbert</fullname>
      <city>Johnson City</city>
      <state>TN</state>
    </relation>
    <relation>
      <id>/person/10037.xml</id>
      <predicate>worksWith</predicate>
      <imageSrc>https://cdn1.marklogic.com/wp-content/uploads/2018/01/Diane-Burley-MarkLogic-2015.jpg</imageSrc>
      <fullname>MacGillivray Mano</fullname>
      <city>Boise</city>
      <state>ID</state>
    </relation>
    <relation>
      <id>/person/10068.xml</id>
      <predicate>relatedTo</predicate>
      <imageSrc>https://cdn1.marklogic.com/wp-content/uploads/2018/01/Diane-Burley-MarkLogic-2015.jpg</imageSrc>
      <fullname>Mil Loren</fullname>
      <city>Charleston</city>
      <state>SC</state>
    </relation>
    <relation>
      <id>/person/10061.xml</id>
      <predicate>livesWith</predicate>
      <imageSrc>https://cdn1.marklogic.com/wp-content/uploads/2018/01/Michael-Malgeri-MarkLogic.jpg</imageSrc>
      <fullname>Yves Josepha</fullname>
      <city>Minneapolis</city>
      <state>MN</state>
    </relation>
  </relations>
  <createdOn>
    <ts>2022-01-22T10:20:01Z</ts>
    <user>aboalw</user>
  </createdOn>
  <lastUpdated>
    <ts>2022-01-09T10:05:12Z</ts>
    <user>aboalw</user>
  </lastUpdated>
  <socials/>
  <memberships>
    <membership>
      <list>list2</list>
      <important>true</important>
      <ts>2022-01-24</ts>
    </membership>
    <membership>
      <list>list3</list>
      <important>true</important>
      <ts>2022-02-09</ts>
    </membership>
    <membership>
      <list>list1</list>
      <important>true</important>
      <ts>2022-01-24</ts>
    </membership>
  </memberships>
  <links>
    <link>
      <label>Quick View</label>
      <url>https://wunderground.com</url>
      <icon>faEye</icon>
    </link>
    <link>
      <label>Nomination History</label>
      <url>http://tuttocitta.it</url>
      <icon>faMedal</icon>
    </link>
    <link>
      <label>Comments</label>
      <url>https://sakura.ne.jp</url>
      <icon>faComments</icon>
    </link>
  </links>
  <activities>
    <activity>
      <predicate>endedAt</predicate>
      <place>Einti</place>
      <predplace>endedAt Einti</predplace>
      <ts>2015-07-09T10:42:14Z</ts>
      <source>
        <name>USA Today</name>
        <ts>2020-10-26T08:18:22Z</ts>
        <createdBy>Adlai Andre</createdBy>
        <approvedBy>Karney Ballefant</approvedBy>
      </source>
    </activity>
    <activity>
      <predicate>endedAt</predicate>
      <place>Devpoint</place>
      <predplace>endedAt Devpoint</predplace>
      <ts>2012-04-06T15:25:44Z</ts>
      <source>
        <name>New York Times</name>
        <ts>2021-08-03T03:00:50Z</ts>
        <createdBy>Bernadene Bristo</createdBy>
        <approvedBy>Miquela Cristofanini</approvedBy>
      </source>
    </activity>
    <activity>
      <predicate>endedAt</predicate>
      <place>Bluezoom</place>
      <predplace>endedAt Bluezoom</predplace>
      <ts>2019-07-11T22:39:51Z</ts>
      <source>
        <name>Chicago Tribune</name>
        <ts>2020-12-10T16:10:29Z</ts>
        <createdBy>Magdalen Voas</createdBy>
        <approvedBy>Kerby Twiddle</approvedBy>
      </source>
    </activity>
    <activity>
      <predicate>startedAt</predicate>
      <place>Eazzy</place>
      <predplace>startedAt Eazzy</predplace>
      <ts>2016-04-10T14:45:19Z</ts>
      <source>
        <name>Los Angeles Times</name>
        <ts>2020-01-30T17:38:17Z</ts>
        <createdBy>Arlee Malyon</createdBy>
        <approvedBy>Goddard Kornyshev</approvedBy>
      </source>
    </activity>
  </activities>
  <events>
    <event>
      <predicate>visited</predicate>
      <place>China</place>
      <predplace>visited China</predplace>
      <end>2018-03-24T21:53:14Z</end>
      <start>2015-07-17T02:15:03Z</start>
    </event>
  </events>
  <actions>
    <action>
      <url>http://walmart.com</url>
      <icon>faCog</icon>
    </action>
    <action>
      <url>http://feedburner.com</url>
      <icon>faCode</icon>
    </action>
    <action>
      <url>http://t.co</url>
      <icon>faSync</icon>
    </action>
  </actions>
</person>