<?xml version="1.0" encoding="UTF-8" standalone="yes"?>
<person>
  <personId>10037</personId>
  <nameGroup>
    <givenname>
      <value>Berry</value>
    </givenname>
    <surname>
      <value>Dragonette</value>
    </surname>
    <fullname>
      <classification>S</classification>
      <restricted>true</restricted>
      <value>Dragonette Berry</value>
      <source>
        <name>USA Today</name>
        <ts>2010-04-14T16:24:20Z</ts>
      </source>
      <source>
        <name>USA Today</name>
        <ts>2014-02-16T19:57:00Z</ts>
      </source>
      <source>
        <name>USA Today</name>
        <ts>2014-03-06T02:58:26Z</ts>
      </source>
    </fullname>
  </nameGroup>
  <emails>
    <email>
      <value>aveschi0@symantec.com</value>
      <classification>C</classification>
      <restricted>false</restricted>
    </email>
    <email>
      <value>rjarville1@freewebs.com</value>
      <classification>C</classification>
      <restricted>false</restricted>
    </email>
  </emails>
  <phone>690-751-9675</phone>
  <ssn>
    <value>418-73-0974</value>
    <classification>(S)</classification>
  </ssn>
  <images>
    <image>
      <url>https://cdn1.marklogic.com/wp-content/uploads/2018/01/Alicia-Saia-MarkLogic1.jpg</url>
      <source>
        <name>Wall Street Journal</name>
        <ts>2016-02-24T18:23:35Z</ts>
        <uploadedBy>cmurrey0</uploadedBy>
      </source>
    </image>
    <image>
      <url>https://cdn1.marklogic.com/wp-content/uploads/2021/02/1612313387205.jpeg</url>
      <source>
        <name>Los Angeles Times</name>
        <ts>2015-04-14T01:24:06Z</ts>
        <uploadedBy>mburnep0</uploadedBy>
      </source>
    </image>
  </images>
  <addresses>
    <address>
      <street>43525 Miller Parkway</street>
      <city>Rockville</city>
      <state>MD</state>
      <postal>20851</postal>
      <country>United States</country>
      <latitude>39.0763</latitude>
      <longitude>-77.1234</longitude>
    </address>
  </addresses>
  <schools>
    <school>
      <country>United States</country>
      <name>University of West Florida</name>
      <city>Orlando</city>
      <state>FL</state>
      <postal>32835</postal>
      <latitude>28.5107872</latitude>
      <longitude>-81.4828198</longitude>
      <source>
        <name>USA Today</name>
        <ts>2010-05-02T18:23:00Z</ts>
      </source>
      <source>
        <name>New York Times</name>
        <ts>2013-02-19T03:32:09Z</ts>
      </source>
      <source>
        <name>Chicago Tribune</name>
        <ts>2013-12-26T09:38:53Z</ts>
      </source>
    </school>
  </schools>
  <status>Inactive</status>
  <sources>
    <source>
      <name>Wall Street Journal</name>
      <ts>2014-10-22T03:58:09Z</ts>
    </source>
  </sources>
  <sources>
    <source>
      <name>Washington Post</name>
      <ts>2017-12-10T11:00:11Z</ts>
    </source>
  </sources>
  <sources>
    <source>
      <name>New York Times</name>
      <ts>2021-06-27T13:32:19Z</ts>
    </source>
  </sources>
  <relations>
    <relation>
      <id>/person/10056.xml</id>
      <predicate>worksWith</predicate>
      <imageSrc>https://cdn1.marklogic.com/wp-content/uploads/2020/04/JamesKenwood-headshot-600x600-1.jpg</imageSrc>
      <fullname>Sexstone Ethelyn</fullname>
      <city>Huntington</city>
      <state>WV</state>
    </relation>
    <relation>
      <id>/person/10032.xml</id>
      <predicate>livesWith</predicate>
      <imageSrc>https://cdn1.marklogic.com/wp-content/uploads/2020/11/george-bloom-headshot-300x300-1.jpg</imageSrc>
      <fullname>Straine Barbi</fullname>
      <city>Little Rock</city>
      <state>AR</state>
    </relation>
    <relation>
      <id>/person/10022.xml</id>
      <predicate>relatedTo</predicate>
      <imageSrc>https://cdn1.marklogic.com/wp-content/uploads/2020/04/JamesKenwood-headshot-600x600-1.jpg</imageSrc>
      <fullname>Vaggs Emlyn</fullname>
      <city>Vero Beach</city>
      <state>FL</state>
    </relation>
    <relation>
      <id>/person/10059.xml</id>
      <predicate>livesWith</predicate>
      <imageSrc>https://cdn1.marklogic.com/wp-content/uploads/2018/01/headshot_square_286x286.jpg</imageSrc>
      <fullname>McNabb Shantee</fullname>
      <city>Saint Petersburg</city>
      <state>FL</state>
    </relation>
    <relation>
      <id>/person/10064.xml</id>
      <predicate>relatedTo</predicate>
      <imageSrc>https://cdn1.marklogic.com/wp-content/uploads/2018/02/trinh-lieu-profile.jpg</imageSrc>
      <fullname>Leyban Bel</fullname>
      <city>Tempe</city>
      <state>AZ</state>
    </relation>
  </relations>
  <createdOn>
    <ts>2022-01-23T14:57:48Z</ts>
    <user>bdragonette10</user>
  </createdOn>
  <lastUpdated>
    <ts>2022-01-05T08:33:12Z</ts>
    <user>bdragonette10</user>
  </lastUpdated>
  <socials>
    <social>
      <site>linkedin</site>
      <handle>akilsby0</handle>
      <address>http://theglobeandmail.com/maecenas/ut.html</address>
    </social>
    <social>
      <site>facebook</site>
      <handle>ljosilevich1</handle>
      <address>http://npr.org/dolor.js</address>
    </social>
  </socials>
  <memberships>
    <membership>
      <list>list12</list>
      <important>true</important>
      <ts>2022-01-09</ts>
    </membership>
    <membership>
      <list>list6</list>
      <important>false</important>
      <ts>2022-01-18</ts>
    </membership>
    <membership>
      <list>list9</list>
      <important>true</important>
      <ts>2022-01-02</ts>
    </membership>
    <membership>
      <list>list6</list>
      <important>false</important>
      <ts>2022-02-12</ts>
    </membership>
    <membership>
      <list>list4</list>
      <important>true</important>
      <ts>2022-01-02</ts>
    </membership>
  </memberships>
  <links>
    <link>
      <label>Quick View</label>
      <url>https://tripod.com</url>
      <icon>faEye</icon>
    </link>
    <link>
      <label>Nomination History</label>
      <url>http://nature.com</url>
      <icon>faMedal</icon>
    </link>
    <link>
      <label>Comments</label>
      <url>http://va.gov</url>
      <icon>faComments</icon>
    </link>
  </links>
  <activities>
    <activity>
      <predicate>movedTo</predicate>
      <place>Katz</place>
      <predplace>movedTo Katz</predplace>
      <ts>2013-10-19T19:32:03Z</ts>
      <source>
        <name>USA Today</name>
        <ts>2016-03-13T07:24:08Z</ts>
        <createdBy>Bethany Berriman</createdBy>
        <approvedBy>Drew Revett</approvedBy>
      </source>
    </activity>
    <activity>
      <predicate>endedAt</predicate>
      <place>Realpoint</place>
      <predplace>endedAt Realpoint</predplace>
      <ts>2010-05-08T09:08:18Z</ts>
      <source>
        <name>New York Times</name>
        <ts>2022-04-05T17:39:32Z</ts>
        <createdBy>Zebedee Koubek</createdBy>
        <approvedBy>Joli Poxon</approvedBy>
      </source>
    </activity>
    <activity>
      <predicate>movedTo</predicate>
      <place>Flashpoint</place>
      <predplace>movedTo Flashpoint</predplace>
      <ts>2010-02-22T09:20:34Z</ts>
      <source>
        <name>Chicago Tribune</name>
        <ts>2022-01-03T07:43:59Z</ts>
        <createdBy>Anallese Kittley</createdBy>
        <approvedBy>Ainslie Fehely</approvedBy>
      </source>
    </activity>
    <activity>
      <predicate>startedAt</predicate>
      <place>Digitube</place>
      <predplace>startedAt Digitube</predplace>
      <ts>2013-11-03T01:49:42Z</ts>
      <source>
        <name>Los Angeles Times</name>
        <ts>2020-11-11T05:33:21Z</ts>
        <createdBy>Dane Shephard</createdBy>
        <approvedBy>Perrine Kennler</approvedBy>
      </source>
    </activity>
    <activity>
      <predicate>startedAt</predicate>
      <place>Realpoint</place>
      <predplace>startedAt Realpoint</predplace>
      <ts>2015-03-23T06:56:27Z</ts>
      <source>
        <name>Wall Street Journal</name>
        <ts>2017-05-03T03:29:40Z</ts>
        <createdBy>Piggy Glossop</createdBy>
        <approvedBy>Russell Frail</approvedBy>
      </source>
    </activity>
    <activity>
      <predicate>endedAt</predicate>
      <place>Feedfire</place>
      <predplace>endedAt Feedfire</predplace>
      <ts>2013-09-30T05:56:38Z</ts>
      <source>
        <name>Washington Post</name>
        <ts>2018-06-08T17:44:24Z</ts>
        <createdBy>Gerianna Lazarus</createdBy>
        <approvedBy>Blondell Guildford</approvedBy>
      </source>
    </activity>
    <activity>
      <predicate>endedAt</predicate>
      <place>Meevee</place>
      <predplace>endedAt Meevee</predplace>
      <ts>2014-09-16T10:39:14Z</ts>
      <source>
        <name>USA Today</name>
        <ts>2021-06-03T18:37:03Z</ts>
        <createdBy>Hewet Copestick</createdBy>
        <approvedBy>Annis Pask</approvedBy>
      </source>
    </activity>
  </activities>
  <actions>
    <action>
      <url>https://theguardian.com</url>
      <icon>faCog</icon>
    </action>
    <action>
      <url>http://statcounter.com</url>
      <icon>faCode</icon>
    </action>
    <action>
      <url>http://squarespace.com</url>
      <icon>faSync</icon>
    </action>
  </actions>
</person>