<?xml version="1.0" encoding="UTF-8" standalone="yes"?>
<person>
  <personId>10031</personId>
  <nameGroup>
    <givenname>
      <value>Issi</value>
    </givenname>
    <surname>
      <value>Abbey</value>
    </surname>
    <fullname>
      <classification>C</classification>
      <restricted>false</restricted>
      <value>Abbey Issi</value>
      <source>
        <name>USA Today</name>
        <ts>2016-01-29T00:01:23Z</ts>
      </source>
    </fullname>
  </nameGroup>
  <emails>
    <email>
      <value>idondon0@oaic.gov.au</value>
      <classification>C</classification>
      <restricted>false</restricted>
    </email>
    <email>
      <value>ailyinski1@dion.ne.jp</value>
      <classification>C</classification>
      <restricted>false</restricted>
    </email>
    <email>
      <value>cnotley2@digg.com</value>
      <classification>U</classification>
      <restricted>false</restricted>
    </email>
  </emails>
  <phone>243-896-2009</phone>
  <contacts>
    <contact>
      <type>email</type>
      <value>nflecknell0@jiathis.com</value>
    </contact>
    <contact>
      <type>phone</type>
      <value>412-839-8205</value>
    </contact>
    <contact>
      <type>email</type>
      <value>stytcomb2@addtoany.com</value>
    </contact>
  </contacts>
  <ssn>
    <value>534-57-9412</value>
    <classification>(S)</classification>
  </ssn>
  <images>
    <image>
      <url>https://cdn1.marklogic.com/wp-content/uploads/2020/04/JamesKenwood-headshot-600x600-1.jpg</url>
      <source>
        <name>New York Times</name>
        <ts>2021-04-28T05:31:49Z</ts>
        <uploadedBy>ngrigorescu0</uploadedBy>
      </source>
    </image>
  </images>
  <addresses>
    <address>
      <street>11310 Sloan Way</street>
      <city>Rochester</city>
      <state>NY</state>
      <postal>14614</postal>
      <country>United States</country>
      <latitude>43.1558</latitude>
      <longitude>-77.6142</longitude>
    </address>
    <address>
      <street>19 Londonderry Way</street>
      <city>Van Nuys</city>
      <state>CA</state>
      <postal>91499</postal>
      <country>United States</country>
      <latitude>33.7866</latitude>
      <longitude>-118.2987</longitude>
    </address>
  </addresses>
  <schools>
    <school>
      <country>United States</country>
      <name>Post University of Waterbury</name>
      <city>Wilkes Barre</city>
      <state>PA</state>
      <postal>18763</postal>
      <latitude>41.2505888</latitude>
      <longitude>-75.8520879</longitude>
      <source>
        <name>USA Today</name>
        <ts>2017-10-27T10:20:05Z</ts>
      </source>
    </school>
    <school>
      <country>United States</country>
      <name>University of Tennessee - Knoxville</name>
      <city>Seattle</city>
      <state>WA</state>
      <postal>98195</postal>
      <latitude>47.6508882</latitude>
      <longitude>-122.3084023</longitude>
      <source>
        <name>USA Today</name>
        <ts>2011-09-30T12:55:39Z</ts>
      </source>
    </school>
  </schools>
  <status>Inactive</status>
  <sources>
    <source>
      <name>Los Angeles Times</name>
      <ts>2013-12-04T20:10:04Z</ts>
    </source>
  </sources>
  <sources>
    <source>
      <name>Chicago Tribune</name>
      <ts>2014-07-09T05:09:17Z</ts>
    </source>
  </sources>
  <sources>
    <source>
      <name>USA Today</name>
      <ts>2011-12-30T01:24:11Z</ts>
    </source>
  </sources>
  <relations>
    <relation>
      <id>/person/10058.xml</id>
      <predicate>worksWith</predicate>
      <imageSrc>https://cdn1.marklogic.com/wp-content/uploads/2018/01/Michael-Malgeri-MarkLogic.jpg</imageSrc>
      <fullname>Domonkos Caresa</fullname>
      <city>Louisville</city>
      <state>KY</state>
    </relation>
    <relation>
      <id>/person/10044.xml</id>
      <predicate>relatedTo</predicate>
      <imageSrc>https://cdn1.marklogic.com/wp-content/uploads/2018/01/headshot_square_286x286.jpg</imageSrc>
      <fullname>Robbey Gardener</fullname>
      <city>Milwaukee</city>
      <state>WI</state>
    </relation>
    <relation>
      <id>/person/10073.xml</id>
      <predicate>relatedTo</predicate>
      <imageSrc>https://cdn1.marklogic.com/wp-content/uploads/2020/11/george-bloom-headshot-300x300-1.jpg</imageSrc>
      <fullname>Iori Emiline</fullname>
      <city>Montgomery</city>
      <state>AL</state>
    </relation>
    <relation>
      <id>/person/10007.xml</id>
      <predicate>relatedTo</predicate>
      <imageSrc>https://cdn1.marklogic.com/wp-content/uploads/2018/01/Michael-Malgeri-MarkLogic.jpg</imageSrc>
      <fullname>Heims Riccardo</fullname>
      <city>Saginaw</city>
      <state>MI</state>
    </relation>
  </relations>
  <createdOn>
    <ts>2022-01-29T11:04:38Z</ts>
    <user>iabbeyu</user>
  </createdOn>
  <lastUpdated>
    <ts>2022-01-09T04:53:36Z</ts>
    <user>iabbeyu</user>
  </lastUpdated>
  <socials/>
  <memberships/>
  <links>
    <link>
      <label>Quick View</label>
      <url>https://vinaora.com</url>
      <icon>faEye</icon>
    </link>
    <link>
      <label>Nomination History</label>
      <url>https://hp.com</url>
      <icon>faMedal</icon>
    </link>
    <link>
      <label>Comments</label>
      <url>https://marketwatch.com</url>
      <icon>faComments</icon>
    </link>
  </links>
  <activities>
    <activity>
      <predicate>movedTo</predicate>
      <place>Shuffledrive</place>
      <predplace>movedTo Shuffledrive</predplace>
      <ts>2014-05-22T20:22:22Z</ts>
      <source>
        <name>USA Today</name>
        <ts>2020-10-12T17:36:34Z</ts>
        <createdBy>Maddy Ahrendsen</createdBy>
        <approvedBy>Leanor Conechie</approvedBy>
      </source>
    </activity>
    <activity>
      <predicate>transferredTo</predicate>
      <place>Buzzshare</place>
      <predplace>transferredTo Buzzshare</predplace>
      <ts>2017-07-11T16:05:42Z</ts>
      <source>
        <name>New York Times</name>
        <ts>2020-09-28T14:54:12Z</ts>
        <createdBy>Alicea Fayerman</createdBy>
        <approvedBy>Gail Pitsall</approvedBy>
      </source>
    </activity>
    <activity>
      <predicate>endedAt</predicate>
      <place>Bubblemix</place>
      <predplace>endedAt Bubblemix</predplace>
      <ts>2015-05-22T15:53:40Z</ts>
      <source>
        <name>Chicago Tribune</name>
        <ts>2022-02-07T20:32:25Z</ts>
        <createdBy>Cleopatra Ochterlony</createdBy>
        <approvedBy>Loraine Andreutti</approvedBy>
      </source>
    </activity>
    <activity>
      <predicate>transferredTo</predicate>
      <place>Roodel</place>
      <predplace>transferredTo Roodel</predplace>
      <ts>2016-04-14T22:10:04Z</ts>
      <source>
        <name>Los Angeles Times</name>
        <ts>2021-08-28T21:26:02Z</ts>
        <createdBy>Hilliard Paulich</createdBy>
        <approvedBy>Ketti Batcock</approvedBy>
      </source>
    </activity>
    <activity>
      <predicate>movedTo</predicate>
      <place>Talane</place>
      <predplace>movedTo Talane</predplace>
      <ts>2015-03-05T13:37:46Z</ts>
      <source>
        <name>Wall Street Journal</name>
        <ts>2020-02-02T11:23:22Z</ts>
        <createdBy>Luz Ibbison</createdBy>
        <approvedBy>Sibyl Foot</approvedBy>
      </source>
    </activity>
  </activities>
  <events>
    <event>
      <predicate>servedIn</predicate>
      <place>China</place>
      <predplace>servedIn China</predplace>
      <end>2017-07-04T07:25:48Z</end>
      <start>2015-09-27T10:00:03Z</start>
    </event>
  </events>
  <actions>
    <action>
      <url>https://live.com</url>
      <icon>faCog</icon>
    </action>
    <action>
      <url>https://sakura.ne.jp</url>
      <icon>faCode</icon>
    </action>
    <action>
      <url>https://fema.gov</url>
      <icon>faSync</icon>
    </action>
  </actions>
</person>