<?xml version="1.0" encoding="UTF-8" standalone="yes"?>
<person>
  <personId>10034</personId>
  <nameGroup>
    <givenname>
      <value>Brett</value>
    </givenname>
    <surname>
      <value>Plewes</value>
    </surname>
    <fullname>
      <classification>U</classification>
      <restricted>false</restricted>
      <value>Plewes Brett</value>
      <source>
        <name>Chicago Tribune</name>
        <ts>2019-05-28T08:01:00Z</ts>
      </source>
    </fullname>
  </nameGroup>
  <emails>
    <email>
      <value>ecansdill0@yahoo.com</value>
      <classification>U</classification>
      <restricted>false</restricted>
    </email>
    <email>
      <value>gboseley1@reddit.com</value>
      <classification>C</classification>
      <restricted>false</restricted>
    </email>
  </emails>
  <phone>527-794-2033</phone>
  <ssn>
    <value>440-37-4143</value>
    <classification>(S)</classification>
  </ssn>
  <images>
    <image>
      <url>https://cdn1.marklogic.com/wp-content/uploads/2020/11/george-bloom-headshot-300x300-1.jpg</url>
      <source>
        <name>Los Angeles Times</name>
        <ts>2014-02-04T15:34:50Z</ts>
        <uploadedBy>ehyrons0</uploadedBy>
      </source>
    </image>
  </images>
  <addresses>
    <address>
      <street>6 Laurel Parkway</street>
      <city>Detroit</city>
      <state>MI</state>
      <postal>48295</postal>
      <country>United States</country>
      <latitude>42.2399</latitude>
      <longitude>-83.1508</longitude>
    </address>
  </addresses>
  <schools>
    <school>
      <country>Canada</country>
      <name>University of St. Jerome's College</name>
      <city>Logan Lake</city>
      <state>BC</state>
      <postal>T3S</postal>
      <latitude>50.49976</latitude>
      <longitude>-120.80253</longitude>
      <source>
        <name>USA Today</name>
        <ts>2010-05-07T12:33:40Z</ts>
      </source>
    </school>
  </schools>
  <status>Active</status>
  <sources>
    <source>
      <name>Los Angeles Times</name>
      <ts>2015-02-13T06:04:51Z</ts>
    </source>
  </sources>
  <relations>
    <relation>
      <id>/person/10026.xml</id>
      <predicate>worksWith</predicate>
      <imageSrc>https://cdn1.marklogic.com/wp-content/uploads/2018/01/Diane-Burley-MarkLogic-2015.jpg</imageSrc>
      <fullname>Lepoidevin Bary</fullname>
      <city>San Diego</city>
      <state>CA</state>
    </relation>
    <relation>
      <id>/person/10086.xml</id>
      <predicate>worksWith</predicate>
      <imageSrc>https://cdn1.marklogic.com/wp-content/uploads/2021/07/chuck-hollis.jpeg</imageSrc>
      <fullname>Mycroft Ronni</fullname>
      <city>Reno</city>
      <state>NV</state>
    </relation>
  </relations>
  <createdOn>
    <ts>2022-01-26T14:46:13Z</ts>
    <user>bplewesx</user>
  </createdOn>
  <lastUpdated>
    <ts>2022-01-11T04:12:28Z</ts>
    <user>bplewesx</user>
  </lastUpdated>
  <socials>
    <social>
      <site>linkedin</site>
      <handle>gdotson0</handle>
      <address>http://bluehost.com/nisi/volutpat/eleifend.js</address>
    </social>
    <social>
      <site>facebook</site>
      <handle>dferriman1</handle>
      <address>https://bandcamp.com/vitae/ipsum/aliquam/non.js</address>
    </social>
    <social>
      <site>twitter</site>
      <handle>cmelson2</handle>
      <address>https://biblegateway.com/pulvinar.aspx</address>
    </social>
  </socials>
  <memberships>
    <membership>
      <list>list4</list>
      <important>true</important>
      <ts>2022-02-11</ts>
    </membership>
    <membership>
      <list>list10</list>
      <important>true</important>
      <ts>2022-01-12</ts>
    </membership>
    <membership>
      <list>list2</list>
      <important>false</important>
      <ts>2022-01-28</ts>
    </membership>
  </memberships>
  <links>
    <link>
      <label>Quick View</label>
      <url>https://ucoz.com</url>
      <icon>faEye</icon>
    </link>
    <link>
      <label>Nomination History</label>
      <url>https://devhub.com</url>
      <icon>faMedal</icon>
    </link>
    <link>
      <label>Comments</label>
      <url>https://reuters.com</url>
      <icon>faComments</icon>
    </link>
  </links>
  <activities>
    <activity>
      <predicate>transferredTo</predicate>
      <place>Eamia</place>
      <predplace>transferredTo Eamia</predplace>
      <ts>2010-09-13T05:15:51Z</ts>
      <source>
        <name>USA Today</name>
        <ts>2017-01-20T06:20:27Z</ts>
        <createdBy>Maude Koppens</createdBy>
        <approvedBy>Roarke Durber</approvedBy>
      </source>
    </activity>
    <activity>
      <predicate>startedAt</predicate>
      <place>Youspan</place>
      <predplace>startedAt Youspan</predplace>
      <ts>2010-10-23T12:15:27Z</ts>
      <source>
        <name>New York Times</name>
        <ts>2020-10-25T01:57:58Z</ts>
        <createdBy>Hamilton Gritland</createdBy>
        <approvedBy>Keane Ricciardo</approvedBy>
      </source>
    </activity>
    <activity>
      <predicate>movedTo</predicate>
      <place>Minyx</place>
      <predplace>movedTo Minyx</predplace>
      <ts>2014-07-02T00:16:58Z</ts>
      <source>
        <name>Chicago Tribune</name>
        <ts>2016-11-10T03:47:01Z</ts>
        <createdBy>Ally Brothers</createdBy>
        <approvedBy>Willow Andraud</approvedBy>
      </source>
    </activity>
    <activity>
      <predicate>startedAt</predicate>
      <place>Skipstorm</place>
      <predplace>startedAt Skipstorm</predplace>
      <ts>2013-10-17T18:30:44Z</ts>
      <source>
        <name>Los Angeles Times</name>
        <ts>2019-02-01T10:13:18Z</ts>
        <createdBy>Jenn Pedrick</createdBy>
        <approvedBy>Alie Premble</approvedBy>
      </source>
    </activity>
    <activity>
      <predicate>endedAt</predicate>
      <place>Wordtune</place>
      <predplace>endedAt Wordtune</predplace>
      <ts>2010-03-01T04:21:54Z</ts>
      <source>
        <name>Wall Street Journal</name>
        <ts>2016-08-28T21:42:41Z</ts>
        <createdBy>Kennan Mavin</createdBy>
        <approvedBy>Marquita Carlick</approvedBy>
      </source>
    </activity>
    <activity>
      <predicate>startedAt</predicate>
      <place>Vinte</place>
      <predplace>startedAt Vinte</predplace>
      <ts>2013-03-20T03:35:45Z</ts>
      <source>
        <name>Washington Post</name>
        <ts>2018-06-08T17:23:39Z</ts>
        <createdBy>Angelita Syrett</createdBy>
        <approvedBy>Cathryn Crilley</approvedBy>
      </source>
    </activity>
  </activities>
  <actions>
    <action>
      <url>https://devhub.com</url>
      <icon>faCog</icon>
    </action>
    <action>
      <url>https://dailymail.co.uk</url>
      <icon>faCode</icon>
    </action>
    <action>
      <url>https://meetup.com</url>
      <icon>faSync</icon>
    </action>
  </actions>
</person>