<?xml version="1.0" encoding="UTF-8" standalone="yes"?>
<person>
  <personId>10030</personId>
  <nameGroup>
    <givenname>
      <value>Knox</value>
    </givenname>
    <surname>
      <value>Shann</value>
    </surname>
    <fullname>
      <classification>U</classification>
      <restricted>true</restricted>
      <value>Shann Knox</value>
      <source>
        <name>Wall Street Journal</name>
        <ts>2016-02-13T21:52:47Z</ts>
      </source>
      <source>
        <name>Wall Street Journal</name>
        <ts>2017-05-04T04:02:05Z</ts>
      </source>
    </fullname>
  </nameGroup>
  <emails>
    <email>
      <value>bbenitti0@networksolutions.com</value>
      <classification>U</classification>
      <restricted>false</restricted>
    </email>
    <email>
      <value>lwarstall1@si.edu</value>
      <classification>S</classification>
      <restricted>false</restricted>
    </email>
  </emails>
  <phone>355-824-5214</phone>
  <contacts>
    <contact>
      <type>email</type>
      <value>aclewett0@woothemes.com</value>
    </contact>
    <contact>
      <type>phone</type>
      <value>475-132-3241</value>
    </contact>
    <contact>
      <type>email</type>
      <value>cargabrite2@ask.com</value>
    </contact>
  </contacts>
  <ssn>
    <value>795-47-8844</value>
    <classification>(S)</classification>
  </ssn>
  <images>
    <image>
      <url>https://cdn1.marklogic.com/wp-content/uploads/2018/01/Michael-Malgeri-MarkLogic.jpg</url>
      <source>
        <name>Chicago Tribune</name>
        <ts>2010-08-31T23:37:32Z</ts>
        <uploadedBy>criteley0</uploadedBy>
      </source>
    </image>
  </images>
  <addresses>
    <address>
      <street>4 Milwaukee Lane</street>
      <city>El Paso</city>
      <state>TX</state>
      <postal>79999</postal>
      <country>United States</country>
      <latitude>31.6948</latitude>
      <longitude>-106.3</longitude>
    </address>
    <address>
      <street>519 Westerfield Crossing</street>
      <city>Brooklyn</city>
      <state>NY</state>
      <postal>11220</postal>
      <country>United States</country>
      <latitude>40.6412</latitude>
      <longitude>-74.0133</longitude>
    </address>
    <address>
      <street>7012 Meadow Vale Crossing</street>
      <city>Peoria</city>
      <state>IL</state>
      <postal>61614</postal>
      <country>United States</country>
      <latitude>40.7681</latitude>
      <longitude>-89.6026</longitude>
    </address>
  </addresses>
  <schools>
    <school>
      <country>United States</country>
      <name>Davenport College of Business, Kalamazoo</name>
      <city>Charleston</city>
      <state>WV</state>
      <postal>25331</postal>
      <latitude>38.35</latitude>
      <longitude>-81.63</longitude>
      <source>
        <name>USA Today</name>
        <ts>2019-09-02T11:00:43Z</ts>
      </source>
      <source>
        <name>New York Times</name>
        <ts>2012-03-14T07:44:42Z</ts>
      </source>
      <source>
        <name>Chicago Tribune</name>
        <ts>2017-10-08T21:16:34Z</ts>
      </source>
    </school>
    <school>
      <country>United States</country>
      <name>Missouri Baptist College</name>
      <city>Springfield</city>
      <state>MO</state>
      <postal>65898</postal>
      <latitude>37.235499</latitude>
      <longitude>-93.2478638</longitude>
      <source>
        <name>USA Today</name>
        <ts>2019-06-09T11:15:46Z</ts>
      </source>
      <source>
        <name>New York Times</name>
        <ts>2019-05-09T15:11:39Z</ts>
      </source>
      <source>
        <name>Chicago Tribune</name>
        <ts>2011-04-06T23:31:14Z</ts>
      </source>
    </school>
  </schools>
  <status>Active</status>
  <sources>
    <source>
      <name>Washington Post</name>
      <ts>2020-09-07T04:19:08Z</ts>
    </source>
  </sources>
  <sources>
    <source>
      <name>Washington Post</name>
      <ts>2015-10-30T14:54:23Z</ts>
    </source>
  </sources>
  <relations>
    <relation>
      <id>/person/10043.xml</id>
      <predicate>livesWith</predicate>
      <imageSrc>https://cdn1.marklogic.com/wp-content/uploads/2018/02/trinh-lieu-profile.jpg</imageSrc>
      <fullname>Brodbin Maitilde</fullname>
      <city>Bradenton</city>
      <state>FL</state>
    </relation>
    <relation>
      <id>/person/10095.xml</id>
      <predicate>worksWith</predicate>
      <imageSrc>https://cdn1.marklogic.com/wp-content/uploads/2021/05/IS-headshot.jpeg</imageSrc>
      <fullname>Goffe Franny</fullname>
      <city>Phoenix</city>
      <state>AZ</state>
    </relation>
    <relation>
      <id>/person/10067.xml</id>
      <predicate>livesWith</predicate>
      <imageSrc>https://cdn1.marklogic.com/wp-content/uploads/2018/01/Michael-Malgeri-MarkLogic.jpg</imageSrc>
      <fullname>Wolfers Maritsa</fullname>
      <city>Little Rock</city>
      <state>AR</state>
    </relation>
    <relation>
      <id>/person/10093.xml</id>
      <predicate>relatedTo</predicate>
      <imageSrc>https://cdn1.marklogic.com/wp-content/uploads/2018/01/Alicia-Saia-MarkLogic1.jpg</imageSrc>
      <fullname>Melarkey Marita</fullname>
      <city>Warren</city>
      <state>MI</state>
    </relation>
    <relation>
      <id>/person/10069.xml</id>
      <predicate>relatedTo</predicate>
      <imageSrc>https://cdn1.marklogic.com/wp-content/uploads/2021/05/IS-headshot.jpeg</imageSrc>
      <fullname>Rowcastle Livy</fullname>
      <city>Chicago</city>
      <state>IL</state>
    </relation>
  </relations>
  <createdOn>
    <ts>2022-02-26T17:53:59Z</ts>
    <user>kshannt</user>
  </createdOn>
  <lastUpdated>
    <ts>2022-01-26T20:36:09Z</ts>
    <user>kshannt</user>
  </lastUpdated>
  <socials>
    <social>
      <site>facebook</site>
      <handle>gluckwell0</handle>
      <address>https://time.com/vivamus.xml</address>
    </social>
  </socials>
  <memberships>
    <membership>
      <list>list11</list>
      <important>false</important>
      <ts>2022-02-14</ts>
    </membership>
    <membership>
      <list>list4</list>
      <important>false</important>
      <ts>2022-02-15</ts>
    </membership>
    <membership>
      <list>list5</list>
      <important>false</important>
      <ts>2022-02-20</ts>
    </membership>
  </memberships>
  <links>
    <link>
      <label>Quick View</label>
      <url>https://usgs.gov</url>
      <icon>faEye</icon>
    </link>
    <link>
      <label>Nomination History</label>
      <url>http://cam.ac.uk</url>
      <icon>faMedal</icon>
    </link>
    <link>
      <label>Comments</label>
      <url>https://cpanel.net</url>
      <icon>faComments</icon>
    </link>
  </links>
  <activities>
    <activity>
      <predicate>movedTo</predicate>
      <place>Mybuzz</place>
      <predplace>movedTo Mybuzz</predplace>
      <ts>2014-12-09T09:42:24Z</ts>
      <source>
        <name>USA Today</name>
        <ts>2020-01-28T04:00:33Z</ts>
        <createdBy>Hilde Klich</createdBy>
        <approvedBy>Leopold Clipston</approvedBy>
      </source>
    </activity>
    <activity>
      <predicate>endedAt</predicate>
      <place>Babbleblab</place>
      <predplace>endedAt Babbleblab</predplace>
      <ts>2016-07-02T17:10:59Z</ts>
      <source>
        <name>New York Times</name>
        <ts>2020-01-19T05:23:00Z</ts>
        <createdBy>Goldi Howler</createdBy>
        <approvedBy>Berny Crankshaw</approvedBy>
      </source>
    </activity>
    <activity>
      <predicate>endedAt</predicate>
      <place>Trilia</place>
      <predplace>endedAt Trilia</predplace>
      <ts>2012-04-26T12:40:43Z</ts>
      <source>
        <name>Chicago Tribune</name>
        <ts>2020-06-18T21:36:36Z</ts>
        <createdBy>Alard Larose</createdBy>
        <approvedBy>Buffy Congram</approvedBy>
      </source>
    </activity>
  </activities>
  <events>
    <event>
      <predicate>servedIn</predicate>
      <place>Brazil</place>
      <predplace>servedIn Brazil</predplace>
      <end>2017-04-06T06:45:42Z</end>
      <start>2016-05-29T00:45:29Z</start>
    </event>
  </events>
  <actions>
    <action>
      <url>https://gnu.org</url>
      <icon>faCog</icon>
    </action>
    <action>
      <url>https://prweb.com</url>
      <icon>faCode</icon>
    </action>
    <action>
      <url>http://prnewswire.com</url>
      <icon>faSync</icon>
    </action>
  </actions>
</person>