<?xml version="1.0" encoding="UTF-8" standalone="yes"?>
<person>
  <personId>10036</personId>
  <nameGroup>
    <givenname>
      <value>Dominica</value>
    </givenname>
    <surname>
      <value>Scud</value>
    </surname>
    <fullname>
      <classification>U</classification>
      <restricted>true</restricted>
      <value>Scud Dominica</value>
      <source>
        <name>Los Angeles Times</name>
        <ts>2015-03-29T07:13:48Z</ts>
      </source>
      <source>
        <name>New York Times</name>
        <ts>2021-11-12T07:59:12Z</ts>
      </source>
      <source>
        <name>Los Angeles Times</name>
        <ts>2013-10-18T23:12:59Z</ts>
      </source>
    </fullname>
  </nameGroup>
  <emails>
    <email>
      <value>kibarra0@slideshare.net</value>
      <classification>U</classification>
      <restricted>false</restricted>
    </email>
    <email>
      <value>tshepperd1@reference.com</value>
      <classification>S</classification>
      <restricted>false</restricted>
    </email>
    <email>
      <value>jstubbes2@ucla.edu</value>
      <classification>U</classification>
      <restricted>false</restricted>
    </email>
  </emails>
  <phone>489-126-2583</phone>
  <ssn>
    <value>703-64-5028</value>
    <classification>(S)</classification>
  </ssn>
  <images>
    <image>
      <url>https://cdn1.marklogic.com/wp-content/uploads/2021/02/1612313387205.jpeg</url>
      <source>
        <name>Wall Street Journal</name>
        <ts>2020-02-08T11:30:17Z</ts>
        <uploadedBy>lfarbrother0</uploadedBy>
      </source>
    </image>
    <image>
      <url>https://cdn1.marklogic.com/wp-content/uploads/2020/11/george-bloom-headshot-300x300-1.jpg</url>
      <source>
        <name>Wall Street Journal</name>
        <ts>2010-05-18T22:52:38Z</ts>
        <uploadedBy>mortes0</uploadedBy>
      </source>
    </image>
    <image>
      <url>https://cdn1.marklogic.com/wp-content/uploads/2020/04/JamesKenwood-headshot-600x600-1.jpg</url>
      <source>
        <name>Chicago Tribune</name>
        <ts>2014-05-03T12:12:24Z</ts>
        <uploadedBy>ldunbar0</uploadedBy>
      </source>
    </image>
  </images>
  <addresses>
    <address>
      <street>0044 John Wall Avenue</street>
      <city>Vancouver</city>
      <state>WA</state>
      <postal>98682</postal>
      <country>United States</country>
      <latitude>45.6644</latitude>
      <longitude>-122.5212</longitude>
    </address>
    <address>
      <street>6076 Summer Ridge Plaza</street>
      <city>Fullerton</city>
      <state>CA</state>
      <postal>92640</postal>
      <country>United States</country>
      <latitude>33.7862</latitude>
      <longitude>-117.9309</longitude>
    </address>
    <address>
      <street>9 Victoria Place</street>
      <city>Washington</city>
      <state>DC</state>
      <postal>20591</postal>
      <country>United States</country>
      <latitude>38.8933</latitude>
      <longitude>-77.0146</longitude>
    </address>
  </addresses>
  <schools>
    <school>
      <country>Canada</country>
      <name>St. Francis Xavier University</name>
      <city>Sainte-Agathe-des-Monts</city>
      <state>QC</state>
      <postal>J8C</postal>
      <latitude>46.0474907</latitude>
      <longitude>-74.2739552</longitude>
      <source>
        <name>USA Today</name>
        <ts>2013-12-17T15:04:24Z</ts>
      </source>
      <source>
        <name>New York Times</name>
        <ts>2012-12-30T16:12:18Z</ts>
      </source>
    </school>
  </schools>
  <status>Inactive</status>
  <sources>
    <source>
      <name>Chicago Tribune</name>
      <ts>2015-02-26T06:09:00Z</ts>
    </source>
  </sources>
  <relations>
    <relation>
      <id>/person/10057.xml</id>
      <predicate>worksWith</predicate>
      <imageSrc>https://cdn1.marklogic.com/wp-content/uploads/2018/01/Michael-Malgeri-MarkLogic.jpg</imageSrc>
      <fullname>Haycock Kristyn</fullname>
      <city>Silver Spring</city>
      <state>MD</state>
    </relation>
    <relation>
      <id>/person/10045.xml</id>
      <predicate>livesWith</predicate>
      <imageSrc>https://cdn1.marklogic.com/wp-content/uploads/2018/02/trinh-lieu-profile.jpg</imageSrc>
      <fullname>Lathwood Ricki</fullname>
      <city>Beaufort</city>
      <state>SC</state>
    </relation>
    <relation>
      <id>/person/10029.xml</id>
      <predicate>relatedTo</predicate>
      <imageSrc>https://cdn1.marklogic.com/wp-content/uploads/2018/01/Alicia-Saia-MarkLogic1.jpg</imageSrc>
      <fullname>Bygrove Tersina</fullname>
      <city>Temple</city>
      <state>TX</state>
    </relation>
    <relation>
      <id>/person/10099.xml</id>
      <predicate>livesWith</predicate>
      <imageSrc>https://cdn1.marklogic.com/wp-content/uploads/2020/04/JamesKenwood-headshot-600x600-1.jpg</imageSrc>
      <fullname>Hallatt Glad</fullname>
      <city>Raleigh</city>
      <state>NC</state>
    </relation>
  </relations>
  <createdOn>
    <ts>2022-01-17T05:40:46Z</ts>
    <user>dscudz</user>
  </createdOn>
  <lastUpdated>
    <ts>2022-02-14T12:48:59Z</ts>
    <user>dscudz</user>
  </lastUpdated>
  <socials>
    <social>
      <site>twitter</site>
      <handle>vkordas0</handle>
      <address>http://csmonitor.com/fermentum/donec/ut/mauris/eget.json</address>
    </social>
    <social>
      <site>twitter</site>
      <handle>oarden1</handle>
      <address>http://delicious.com/sit/amet/nunc/viverra/dapibus/nulla/suscipit.html</address>
    </social>
    <social>
      <site>twitter</site>
      <handle>hsecretan2</handle>
      <address>http://newyorker.com/risus/dapibus.png</address>
    </social>
  </socials>
  <memberships/>
  <links>
    <link>
      <label>Quick View</label>
      <url>https://webeden.co.uk</url>
      <icon>faEye</icon>
    </link>
    <link>
      <label>Nomination History</label>
      <url>https://wp.com</url>
      <icon>faMedal</icon>
    </link>
    <link>
      <label>Comments</label>
      <url>http://gnu.org</url>
      <icon>faComments</icon>
    </link>
  </links>
  <activities>
    <activity>
      <predicate>startedAt</predicate>
      <place>Talane</place>
      <predplace>startedAt Talane</predplace>
      <ts>2014-05-16T02:42:27Z</ts>
      <source>
        <name>USA Today</name>
        <ts>2021-02-05T01:05:39Z</ts>
        <createdBy>Yulma Ffrench</createdBy>
        <approvedBy>Agneta Yeend</approvedBy>
      </source>
    </activity>
    <activity>
      <predicate>endedAt</predicate>
      <place>Flipbug</place>
      <predplace>endedAt Flipbug</predplace>
      <ts>2013-06-10T06:49:15Z</ts>
      <source>
        <name>New York Times</name>
        <ts>2016-08-12T22:10:56Z</ts>
        <createdBy>Averyl De la Feld</createdBy>
        <approvedBy>Heather Whitfeld</approvedBy>
      </source>
    </activity>
    <activity>
      <predicate>startedAt</predicate>
      <place>Tagtune</place>
      <predplace>startedAt Tagtune</predplace>
      <ts>2012-07-29T23:54:10Z</ts>
      <source>
        <name>Chicago Tribune</name>
        <ts>2018-12-07T12:58:11Z</ts>
        <createdBy>Brady Kunat</createdBy>
        <approvedBy>Batholomew Shilton</approvedBy>
      </source>
    </activity>
    <activity>
      <predicate>endedAt</predicate>
      <place>Zoombeat</place>
      <predplace>endedAt Zoombeat</predplace>
      <ts>2013-01-30T13:34:59Z</ts>
      <source>
        <name>Los Angeles Times</name>
        <ts>2017-01-29T05:18:52Z</ts>
        <createdBy>Christos Greenin</createdBy>
        <approvedBy>Damien Borzoni</approvedBy>
      </source>
    </activity>
    <activity>
      <predicate>startedAt</predicate>
      <place>Thoughtworks</place>
      <predplace>startedAt Thoughtworks</predplace>
      <ts>2011-05-19T10:20:23Z</ts>
      <source>
        <name>Wall Street Journal</name>
        <ts>2019-10-28T22:48:30Z</ts>
        <createdBy>Clevey Shea</createdBy>
        <approvedBy>Itch Januszewski</approvedBy>
      </source>
    </activity>
    <activity>
      <predicate>startedAt</predicate>
      <place>Mydeo</place>
      <predplace>startedAt Mydeo</predplace>
      <ts>2015-06-14T15:38:38Z</ts>
      <source>
        <name>Washington Post</name>
        <ts>2020-10-15T23:17:56Z</ts>
        <createdBy>Avivah Gostall</createdBy>
        <approvedBy>Eberhard Patridge</approvedBy>
      </source>
    </activity>
  </activities>
  <actions>
    <action>
      <url>http://census.gov</url>
      <icon>faCog</icon>
    </action>
    <action>
      <url>http://behance.net</url>
      <icon>faCode</icon>
    </action>
    <action>
      <url>http://360.cn</url>
      <icon>faSync</icon>
    </action>
  </actions>
</person>