<?xml version="1.0" encoding="UTF-8" standalone="yes"?>
<person>
  <personId>10032</personId>
  <nameGroup>
    <givenname>
      <value>Barbi</value>
    </givenname>
    <surname>
      <value>Straine</value>
    </surname>
    <fullname>
      <classification>S</classification>
      <restricted>false</restricted>
      <value>Straine Barbi</value>
      <source>
        <name>Chicago Tribune</name>
        <ts>2020-09-14T18:29:15Z</ts>
      </source>
      <source>
        <name>Wall Street Journal</name>
        <ts>2016-02-26T16:06:45Z</ts>
      </source>
      <source>
        <name>USA Today</name>
        <ts>2019-07-23T17:26:04Z</ts>
      </source>
    </fullname>
  </nameGroup>
  <emails>
    <email>
      <value>redmonstone0@livejournal.com</value>
      <classification>C</classification>
      <restricted>false</restricted>
    </email>
    <email>
      <value>lcallaway1@ucoz.com</value>
      <classification>U</classification>
      <restricted>false</restricted>
    </email>
    <email>
      <value>gkuhwald2@weibo.com</value>
      <classification>S</classification>
      <restricted>false</restricted>
    </email>
  </emails>
  <phone>658-680-8676</phone>
  <ssn>
    <value>366-92-5291</value>
    <classification>(S)</classification>
  </ssn>
  <images>
    <image>
      <url>https://cdn1.marklogic.com/wp-content/uploads/2020/11/george-bloom-headshot-300x300-1.jpg</url>
      <source>
        <name>Wall Street Journal</name>
        <ts>2019-07-05T05:05:11Z</ts>
        <uploadedBy>agoodley0</uploadedBy>
      </source>
    </image>
    <image>
      <url>https://cdn1.marklogic.com/wp-content/uploads/2020/04/JamesKenwood-headshot-600x600-1.jpg</url>
      <source>
        <name>Wall Street Journal</name>
        <ts>2016-09-18T06:04:57Z</ts>
        <uploadedBy>livashinnikov0</uploadedBy>
      </source>
    </image>
    <image>
      <url>https://cdn1.marklogic.com/wp-content/uploads/2018/01/Diane-Burley-MarkLogic-2015.jpg</url>
      <source>
        <name>Wall Street Journal</name>
        <ts>2010-10-25T10:05:50Z</ts>
        <uploadedBy>jilbert0</uploadedBy>
      </source>
    </image>
  </images>
  <addresses>
    <address>
      <street>920 Sunbrook Plaza</street>
      <city>Little Rock</city>
      <state>AR</state>
      <postal>72222</postal>
      <country>United States</country>
      <latitude>34.7519</latitude>
      <longitude>-92.3925</longitude>
    </address>
    <address>
      <street>7 Dapin Point</street>
      <city>San Antonio</city>
      <state>TX</state>
      <postal>78215</postal>
      <country>United States</country>
      <latitude>29.4413</latitude>
      <longitude>-98.4793</longitude>
    </address>
  </addresses>
  <schools>
    <school>
      <country>Mexico</country>
      <name>Universidad de Monterrey</name>
      <city>Francisco I Madero</city>
      <state>CHP</state>
      <postal>26010</postal>
      <latitude>25.7784224</latitude>
      <longitude>-103.2605763</longitude>
      <source>
        <name>USA Today</name>
        <ts>2020-04-13T10:43:49Z</ts>
      </source>
    </school>
    <school>
      <country>United States</country>
      <name>University of North Carolina at Greensboro</name>
      <city>Chicago</city>
      <state>IL</state>
      <postal>60674</postal>
      <latitude>41.88</latitude>
      <longitude>-87.63</longitude>
      <source>
        <name>USA Today</name>
        <ts>2011-07-10T12:45:07Z</ts>
      </source>
    </school>
  </schools>
  <status>Active</status>
  <sources>
    <source>
      <name>New York Times</name>
      <ts>2020-03-30T14:13:04Z</ts>
    </source>
  </sources>
  <relations>
    <relation>
      <id>/person/10027.xml</id>
      <predicate>livesWith</predicate>
      <imageSrc>https://cdn1.marklogic.com/wp-content/uploads/2018/02/trinh-lieu-profile.jpg</imageSrc>
      <fullname>Hembrow Yehudi</fullname>
      <city>Toledo</city>
      <state>OH</state>
    </relation>
    <relation>
      <id>/person/10083.xml</id>
      <predicate>relatedTo</predicate>
      <imageSrc>https://cdn1.marklogic.com/wp-content/uploads/2021/05/IS-headshot.jpeg</imageSrc>
      <fullname>Mailes Elwyn</fullname>
      <city>Baton Rouge</city>
      <state>LA</state>
    </relation>
    <relation>
      <id>/person/10081.xml</id>
      <predicate>worksWith</predicate>
      <imageSrc>https://cdn1.marklogic.com/wp-content/uploads/2018/01/Michael-Malgeri-MarkLogic.jpg</imageSrc>
      <fullname>Bootman Dukey</fullname>
      <city>Phoenix</city>
      <state>AZ</state>
    </relation>
  </relations>
  <createdOn>
    <ts>2022-02-08T19:00:29Z</ts>
    <user>bstrainev</user>
  </createdOn>
  <lastUpdated>
    <ts>2022-02-09T22:47:25Z</ts>
    <user>bstrainev</user>
  </lastUpdated>
  <socials/>
  <memberships>
    <membership>
      <list>list8</list>
      <important>true</important>
      <ts>2022-01-18</ts>
    </membership>
    <membership>
      <list>list6</list>
      <important>true</important>
      <ts>2022-02-09</ts>
    </membership>
    <membership>
      <list>list11</list>
      <important>false</important>
      <ts>2022-01-06</ts>
    </membership>
    <membership>
      <list>list6</list>
      <important>false</important>
      <ts>2022-01-11</ts>
    </membership>
    <membership>
      <list>list12</list>
      <important>false</important>
      <ts>2022-01-07</ts>
    </membership>
    <membership>
      <list>list9</list>
      <important>false</important>
      <ts>2022-02-25</ts>
    </membership>
  </memberships>
  <links>
    <link>
      <label>Quick View</label>
      <url>https://photobucket.com</url>
      <icon>faEye</icon>
    </link>
    <link>
      <label>Nomination History</label>
      <url>https://skype.com</url>
      <icon>faMedal</icon>
    </link>
    <link>
      <label>Comments</label>
      <url>http://soup.io</url>
      <icon>faComments</icon>
    </link>
  </links>
  <activities>
    <activity>
      <predicate>endedAt</predicate>
      <place>Mydeo</place>
      <predplace>endedAt Mydeo</predplace>
      <ts>2015-11-15T16:31:40Z</ts>
      <source>
        <name>USA Today</name>
        <ts>2020-12-05T02:32:39Z</ts>
        <createdBy>Bab Bedells</createdBy>
        <approvedBy>Frankie Mourant</approvedBy>
      </source>
    </activity>
    <activity>
      <predicate>transferredTo</predicate>
      <place>Blogpad</place>
      <predplace>transferredTo Blogpad</predplace>
      <ts>2013-01-28T11:50:24Z</ts>
      <source>
        <name>New York Times</name>
        <ts>2020-11-26T06:45:37Z</ts>
        <createdBy>Ferdinanda Blagburn</createdBy>
        <approvedBy>Tuckie Baudic</approvedBy>
      </source>
    </activity>
    <activity>
      <predicate>endedAt</predicate>
      <place>Yodel</place>
      <predplace>endedAt Yodel</predplace>
      <ts>2013-06-27T18:36:03Z</ts>
      <source>
        <name>Chicago Tribune</name>
        <ts>2021-03-23T18:08:04Z</ts>
        <createdBy>Wilmar Osman</createdBy>
        <approvedBy>Evangelia Lampkin</approvedBy>
      </source>
    </activity>
    <activity>
      <predicate>movedTo</predicate>
      <place>Jabbersphere</place>
      <predplace>movedTo Jabbersphere</predplace>
      <ts>2012-05-18T12:48:48Z</ts>
      <source>
        <name>Los Angeles Times</name>
        <ts>2020-12-10T11:08:39Z</ts>
        <createdBy>Phillip Sigmund</createdBy>
        <approvedBy>Ruperta Castagneri</approvedBy>
      </source>
    </activity>
    <activity>
      <predicate>endedAt</predicate>
      <place>Realcube</place>
      <predplace>endedAt Realcube</predplace>
      <ts>2011-10-10T14:22:15Z</ts>
      <source>
        <name>Wall Street Journal</name>
        <ts>2018-10-25T13:46:54Z</ts>
        <createdBy>Baldwin Kassidy</createdBy>
        <approvedBy>Lennie Arnecke</approvedBy>
      </source>
    </activity>
  </activities>
  <actions>
    <action>
      <url>https://google.ru</url>
      <icon>faCog</icon>
    </action>
    <action>
      <url>https://sakura.ne.jp</url>
      <icon>faCode</icon>
    </action>
    <action>
      <url>http://slideshare.net</url>
      <icon>faSync</icon>
    </action>
  </actions>
</person>