<?xml version="1.0" encoding="UTF-8" standalone="yes"?>
<person>
  <personId>10033</personId>
  <nameGroup>
    <givenname>
      <value>Gilbertine</value>
    </givenname>
    <surname>
      <value>Saw</value>
    </surname>
    <fullname>
      <classification>U</classification>
      <restricted>false</restricted>
      <value>Saw Gilbertine</value>
      <source>
        <name>USA Today</name>
        <ts>2020-09-22T07:32:03Z</ts>
      </source>
    </fullname>
  </nameGroup>
  <emails>
    <email>
      <value>ditzkowicz0@yellowpages.com</value>
      <classification>C</classification>
      <restricted>false</restricted>
    </email>
  </emails>
  <phone>119-903-6252</phone>
  <ssn>
    <value>188-98-8451</value>
    <classification>(S)</classification>
  </ssn>
  <images>
    <image>
      <url>https://cdn1.marklogic.com/wp-content/uploads/2020/04/JamesKenwood-headshot-600x600-1.jpg</url>
      <source>
        <name>Wall Street Journal</name>
        <ts>2020-03-24T10:19:16Z</ts>
        <uploadedBy>apalley0</uploadedBy>
      </source>
    </image>
    <image>
      <url>https://cdn1.marklogic.com/wp-content/uploads/2018/01/Alicia-Saia-MarkLogic1.jpg</url>
      <source>
        <name>Wall Street Journal</name>
        <ts>2021-09-06T16:26:51Z</ts>
        <uploadedBy>aclemmens0</uploadedBy>
      </source>
    </image>
    <image>
      <url>https://cdn1.marklogic.com/wp-content/uploads/2020/04/JamesKenwood-headshot-600x600-1.jpg</url>
      <source>
        <name>New York Times</name>
        <ts>2010-03-22T01:08:03Z</ts>
        <uploadedBy>dmeddows0</uploadedBy>
      </source>
    </image>
    <image>
      <url>https://cdn1.marklogic.com/wp-content/uploads/2020/04/JamesKenwood-headshot-600x600-1.jpg</url>
      <source>
        <name>USA Today</name>
        <ts>2011-10-27T19:09:34Z</ts>
        <uploadedBy>lskehens0</uploadedBy>
      </source>
    </image>
  </images>
  <addresses>
    <address>
      <street>1327 Sugar Street</street>
      <city>Harrisburg</city>
      <state>PA</state>
      <postal>17110</postal>
      <country>United States</country>
      <latitude>40.303</latitude>
      <longitude>-76.8862</longitude>
    </address>
  </addresses>
  <schools>
    <school>
      <country>United States</country>
      <name>Bryant University</name>
      <city>New York City</city>
      <state>NY</state>
      <postal>10184</postal>
      <latitude>30.1921004</latitude>
      <longitude>-81.6975206</longitude>
      <source>
        <name>USA Today</name>
        <ts>2014-06-28T11:59:49Z</ts>
      </source>
      <source>
        <name>New York Times</name>
        <ts>2011-08-07T06:29:10Z</ts>
      </source>
      <source>
        <name>Chicago Tribune</name>
        <ts>2019-10-25T13:08:05Z</ts>
      </source>
    </school>
  </schools>
  <status>Inactive</status>
  <sources>
    <source>
      <name>Chicago Tribune</name>
      <ts>2021-03-20T10:08:40Z</ts>
    </source>
  </sources>
  <sources>
    <source>
      <name>Washington Post</name>
      <ts>2016-05-01T15:51:52Z</ts>
    </source>
  </sources>
  <relations>
    <relation>
      <id>/person/10029.xml</id>
      <predicate>livesWith</predicate>
      <imageSrc>https://cdn1.marklogic.com/wp-content/uploads/2018/01/Alicia-Saia-MarkLogic1.jpg</imageSrc>
      <fullname>Bygrove Tersina</fullname>
      <city>Temple</city>
      <state>TX</state>
    </relation>
    <relation>
      <id>/person/10088.xml</id>
      <predicate>livesWith</predicate>
      <imageSrc>https://cdn1.marklogic.com/wp-content/uploads/2018/02/trinh-lieu-profile.jpg</imageSrc>
      <fullname>Endersby Cariotta</fullname>
      <city>Long Beach</city>
      <state>CA</state>
    </relation>
    <relation>
      <id>/person/10044.xml</id>
      <predicate>relatedTo</predicate>
      <imageSrc>https://cdn1.marklogic.com/wp-content/uploads/2021/07/chuck-hollis.jpeg</imageSrc>
      <fullname>Scottesmoor Giffer</fullname>
      <city>San Francisco</city>
      <state>CA</state>
    </relation>
  </relations>
  <createdOn>
    <ts>2022-01-19T14:12:37Z</ts>
    <user>gsaww</user>
  </createdOn>
  <lastUpdated>
    <ts>2022-01-01T12:45:54Z</ts>
    <user>gsaww</user>
  </lastUpdated>
  <socials>
    <social>
      <site>twitter</site>
      <handle>cchinn0</handle>
      <address>http://google.com.hk/convallis/nulla/neque/libero.js</address>
    </social>
    <social>
      <site>facebook</site>
      <handle>blamplugh1</handle>
      <address>http://cnbc.com/sapien.jpg</address>
    </social>
  </socials>
  <memberships>
    <membership>
      <list>list5</list>
      <important>true</important>
      <ts>2022-01-23</ts>
    </membership>
    <membership>
      <list>list11</list>
      <important>true</important>
      <ts>2022-02-08</ts>
    </membership>
    <membership>
      <list>list12</list>
      <important>true</important>
      <ts>2022-01-26</ts>
    </membership>
  </memberships>
  <links>
    <link>
      <label>Quick View</label>
      <url>https://weebly.com</url>
      <icon>faEye</icon>
    </link>
    <link>
      <label>Nomination History</label>
      <url>https://tripadvisor.com</url>
      <icon>faMedal</icon>
    </link>
    <link>
      <label>Comments</label>
      <url>http://reverbnation.com</url>
      <icon>faComments</icon>
    </link>
  </links>
  <activities>
    <activity>
      <predicate>endedAt</predicate>
      <place>Gabcube</place>
      <predplace>endedAt Gabcube</predplace>
      <ts>2011-10-10T09:53:44Z</ts>
      <source>
        <name>USA Today</name>
        <ts>2016-09-13T02:58:58Z</ts>
        <createdBy>Sherwin Faas</createdBy>
        <approvedBy>Gaby Edgson</approvedBy>
      </source>
    </activity>
    <activity>
      <predicate>startedAt</predicate>
      <place>Realcube</place>
      <predplace>startedAt Realcube</predplace>
      <ts>2014-07-28T21:21:27Z</ts>
      <source>
        <name>New York Times</name>
        <ts>2020-03-10T20:25:17Z</ts>
        <createdBy>Tomasine Perree</createdBy>
        <approvedBy>Burke Tremonte</approvedBy>
      </source>
    </activity>
    <activity>
      <predicate>endedAt</predicate>
      <place>Photolist</place>
      <predplace>endedAt Photolist</predplace>
      <ts>2013-11-04T14:05:30Z</ts>
      <source>
        <name>Chicago Tribune</name>
        <ts>2020-03-01T15:51:32Z</ts>
        <createdBy>Chico Borleace</createdBy>
        <approvedBy>Tailor Dunbobbin</approvedBy>
      </source>
    </activity>
    <activity>
      <predicate>endedAt</predicate>
      <place>Fliptune</place>
      <predplace>endedAt Fliptune</predplace>
      <ts>2012-10-16T23:06:27Z</ts>
      <source>
        <name>Los Angeles Times</name>
        <ts>2020-11-27T11:27:34Z</ts>
        <createdBy>Dorine Rowston</createdBy>
        <approvedBy>Caresse Benditt</approvedBy>
      </source>
    </activity>
    <activity>
      <predicate>endedAt</predicate>
      <place>Tagchat</place>
      <predplace>endedAt Tagchat</predplace>
      <ts>2012-12-05T08:30:09Z</ts>
      <source>
        <name>Wall Street Journal</name>
        <ts>2016-10-06T12:03:00Z</ts>
        <createdBy>Corine Darville</createdBy>
        <approvedBy>Jonas Catlette</approvedBy>
      </source>
    </activity>
    <activity>
      <predicate>startedAt</predicate>
      <place>Jabbersphere</place>
      <predplace>startedAt Jabbersphere</predplace>
      <ts>2010-11-13T16:06:33Z</ts>
      <source>
        <name>Washington Post</name>
        <ts>2018-02-28T15:07:16Z</ts>
        <createdBy>Jedidiah Devall</createdBy>
        <approvedBy>Lanny Le Houx</approvedBy>
      </source>
    </activity>
  </activities>
  <actions>
    <action>
      <url>https://nbcnews.com</url>
      <icon>faCog</icon>
    </action>
    <action>
      <url>https://angelfire.com</url>
      <icon>faCode</icon>
    </action>
    <action>
      <url>http://state.gov</url>
      <icon>faSync</icon>
    </action>
  </actions>
</person>