<?xml version="1.0" encoding="UTF-8" standalone="yes"?>
<person>
  <personId>10049</personId>
  <nameGroup>
    <givenname>
      <value>Chip</value>
    </givenname>
    <surname>
      <value>Gatheridge</value>
    </surname>
    <fullname>
      <classification>C</classification>
      <restricted>true</restricted>
      <value>Gatheridge Chip</value>
      <source>
        <name>New York Times</name>
        <ts>2017-01-08T20:29:17Z</ts>
      </source>
    </fullname>
  </nameGroup>
  <emails>
    <email>
      <value>mrubenov0@elegantthemes.com</value>
      <classification>C</classification>
      <restricted>false</restricted>
    </email>
    <email>
      <value>cjeannin1@umich.edu</value>
      <classification>C</classification>
      <restricted>false</restricted>
    </email>
  </emails>
  <phone>526-164-8658</phone>
  <contacts>
    <contact>
      <type>email</type>
      <value>spretsell0@illinois.edu</value>
    </contact>
    <contact>
      <type>email</type>
      <value>ovallack1@ustream.tv</value>
    </contact>
    <contact>
      <type>email</type>
      <value>ccorneliussen2@phoca.cz</value>
    </contact>
  </contacts>
  <ssn>
    <value>190-73-5729</value>
    <classification>(S)</classification>
  </ssn>
  <images>
    <image>
      <url>https://cdn1.marklogic.com/wp-content/uploads/2018/01/Alicia-Saia-MarkLogic1.jpg</url>
      <source>
        <name>Washington Post</name>
        <ts>2016-12-02T22:37:50Z</ts>
        <uploadedBy>nmonard0</uploadedBy>
      </source>
    </image>
  </images>
  <addresses>
    <address>
      <street>718 Bobwhite Avenue</street>
      <city>Washington</city>
      <state>DC</state>
      <postal>20244</postal>
      <country>United States</country>
      <latitude>38.8933</latitude>
      <longitude>-77.0146</longitude>
    </address>
    <address>
      <street>99 Luster Circle</street>
      <city>Washington</city>
      <state>DC</state>
      <postal>20503</postal>
      <country>United States</country>
      <latitude>38.9007</latitude>
      <longitude>-77.0431</longitude>
    </address>
  </addresses>
  <schools>
    <school>
      <country>United States</country>
      <name>Humboldt State University</name>
      <city>Maple Plain</city>
      <state>MN</state>
      <postal>55579</postal>
      <latitude>45.01</latitude>
      <longitude>-93.65</longitude>
      <source>
        <name>USA Today</name>
        <ts>2018-08-25T12:13:19Z</ts>
      </source>
    </school>
    <school>
      <country>Mexico</country>
      <name>Universidad Veracruzana</name>
      <city>San Antonio</city>
      <state>JAL</state>
      <postal>47336</postal>
      <latitude>19.3851705</latitude>
      <longitude>-99.1837453</longitude>
      <source>
        <name>USA Today</name>
        <ts>2011-02-09T13:02:39Z</ts>
      </source>
    </school>
  </schools>
  <status>Inactive</status>
  <sources>
    <source>
      <name>Los Angeles Times</name>
      <ts>2019-08-15T07:33:43Z</ts>
    </source>
  </sources>
  <sources>
    <source>
      <name>Washington Post</name>
      <ts>2020-05-13T14:16:13Z</ts>
    </source>
  </sources>
  <relations>
    <relation>
      <id>/person/10023.xml</id>
      <predicate>livesWith</predicate>
      <imageSrc>https://cdn1.marklogic.com/wp-content/uploads/2021/02/1612313387205.jpeg</imageSrc>
      <fullname>Stanfield Philippa</fullname>
      <city>Madison</city>
      <state>WI</state>
    </relation>
    <relation>
      <id>/person/10012.xml</id>
      <predicate>worksWith</predicate>
      <imageSrc>https://cdn1.marklogic.com/wp-content/uploads/2018/01/Alicia-Saia-MarkLogic1.jpg</imageSrc>
      <fullname>Kenny Angel</fullname>
      <city>Saint Paul</city>
      <state>MN</state>
    </relation>
  </relations>
  <createdOn>
    <ts>2022-01-14T11:20:30Z</ts>
    <user>cgatheridge1c</user>
  </createdOn>
  <lastUpdated>
    <ts>2022-01-05T04:44:31Z</ts>
    <user>cgatheridge1c</user>
  </lastUpdated>
  <socials>
    <social>
      <site>linkedin</site>
      <handle>vneising0</handle>
      <address>http://army.mil/eu/magna/vulputate/luctus/cum.aspx</address>
    </social>
    <social>
      <site>linkedin</site>
      <handle>fbrigg1</handle>
      <address>http://fotki.com/diam/erat/fermentum/justo/nec.png</address>
    </social>
  </socials>
  <memberships>
    <membership>
      <list>list10</list>
      <important>true</important>
      <ts>2022-01-05</ts>
    </membership>
  </memberships>
  <links>
    <link>
      <label>Quick View</label>
      <url>http://theatlantic.com</url>
      <icon>faEye</icon>
    </link>
    <link>
      <label>Nomination History</label>
      <url>http://delicious.com</url>
      <icon>faMedal</icon>
    </link>
    <link>
      <label>Comments</label>
      <url>https://hatena.ne.jp</url>
      <icon>faComments</icon>
    </link>
  </links>
  <activities>
    <activity>
      <predicate>endedAt</predicate>
      <place>Twinte</place>
      <predplace>endedAt Twinte</predplace>
      <ts>2012-12-14T03:59:31Z</ts>
      <source>
        <name>USA Today</name>
        <ts>2020-05-06T20:38:21Z</ts>
        <createdBy>Sibyl Larham</createdBy>
        <approvedBy>Francis Diggell</approvedBy>
      </source>
    </activity>
    <activity>
      <predicate>transferredTo</predicate>
      <place>Tambee</place>
      <predplace>transferredTo Tambee</predplace>
      <ts>2019-04-30T20:28:27Z</ts>
      <source>
        <name>New York Times</name>
        <ts>2020-12-11T17:50:19Z</ts>
        <createdBy>Julissa Gonneau</createdBy>
        <approvedBy>Helenelizabeth Karus</approvedBy>
      </source>
    </activity>
    <activity>
      <predicate>movedTo</predicate>
      <place>Shufflebeat</place>
      <predplace>movedTo Shufflebeat</predplace>
      <ts>2016-05-31T16:34:11Z</ts>
      <source>
        <name>Chicago Tribune</name>
        <ts>2020-08-22T04:39:29Z</ts>
        <createdBy>Dorrie Riseborough</createdBy>
        <approvedBy>Janith Farrell</approvedBy>
      </source>
    </activity>
  </activities>
  <events>
    <event>
      <predicate>servedIn</predicate>
      <place>Poland</place>
      <predplace>servedIn Poland</predplace>
      <end>2017-10-15T09:47:53Z</end>
      <start>2014-12-24T08:51:13Z</start>
    </event>
  </events>
  <actions>
    <action>
      <url>https://amazonaws.com</url>
      <icon>faCog</icon>
    </action>
    <action>
      <url>https://sbwire.com</url>
      <icon>faCode</icon>
    </action>
    <action>
      <url>https://buzzfeed.com</url>
      <icon>faSync</icon>
    </action>
  </actions>
</person>