<?xml version="1.0" encoding="UTF-8" standalone="yes"?>
<person>
  <personId>10046</personId>
  <nameGroup>
    <givenname>
      <value>Adrianna</value>
    </givenname>
    <surname>
      <value>Ivakin</value>
    </surname>
    <fullname>
      <classification>U</classification>
      <restricted>false</restricted>
      <value>Ivakin Adrianna</value>
      <source>
        <name>Chicago Tribune</name>
        <ts>2018-06-06T09:48:02Z</ts>
      </source>
      <source>
        <name>Los Angeles Times</name>
        <ts>2018-08-27T20:46:49Z</ts>
      </source>
    </fullname>
  </nameGroup>
  <emails>
    <email>
      <value>hklejna0@cbslocal.com</value>
      <classification>S</classification>
      <restricted>false</restricted>
    </email>
    <email>
      <value>zmildenhall1@google.com.hk</value>
      <classification>U</classification>
      <restricted>false</restricted>
    </email>
    <email>
      <value>bwrittle2@dedecms.com</value>
      <classification>S</classification>
      <restricted>false</restricted>
    </email>
  </emails>
  <phone>858-115-6373</phone>
  <ssn>
    <value>545-30-4493</value>
    <classification>(S)</classification>
  </ssn>
  <images>
    <image>
      <url>https://cdn1.marklogic.com/wp-content/uploads/2021/05/IS-headshot.jpeg</url>
      <source>
        <name>New York Times</name>
        <ts>2018-07-28T00:35:54Z</ts>
        <uploadedBy>lhourihan0</uploadedBy>
      </source>
    </image>
    <image>
      <url>https://cdn1.marklogic.com/wp-content/uploads/2018/01/headshot_square_286x286.jpg</url>
      <source>
        <name>New York Times</name>
        <ts>2016-07-30T01:07:15Z</ts>
        <uploadedBy>darmiger0</uploadedBy>
      </source>
    </image>
    <image>
      <url>https://cdn1.marklogic.com/wp-content/uploads/2020/11/george-bloom-headshot-300x300-1.jpg</url>
      <source>
        <name>Washington Post</name>
        <ts>2011-01-10T04:41:25Z</ts>
        <uploadedBy>cmeegin0</uploadedBy>
      </source>
    </image>
    <image>
      <url>https://cdn1.marklogic.com/wp-content/uploads/2018/01/Michael-Malgeri-MarkLogic.jpg</url>
      <source>
        <name>Los Angeles Times</name>
        <ts>2017-06-09T23:59:00Z</ts>
        <uploadedBy>mendrighi0</uploadedBy>
      </source>
    </image>
  </images>
  <addresses>
    <address>
      <street>08677 Thierer Avenue</street>
      <city>Houston</city>
      <state>TX</state>
      <postal>77271</postal>
      <country>United States</country>
      <latitude>29.834</latitude>
      <longitude>-95.4342</longitude>
    </address>
    <address>
      <street>0 Manufacturers Place</street>
      <city>Fort Worth</city>
      <state>TX</state>
      <postal>76162</postal>
      <country>United States</country>
      <latitude>32.7714</latitude>
      <longitude>-97.2915</longitude>
    </address>
  </addresses>
  <schools>
    <school>
      <country>Canada</country>
      <name>Athabasca University</name>
      <city>Sainte-Sophie</city>
      <state>QC</state>
      <postal>J5J</postal>
      <latitude>45.8206187</latitude>
      <longitude>-73.9300943</longitude>
      <source>
        <name>USA Today</name>
        <ts>2021-02-18T00:42:25Z</ts>
      </source>
    </school>
  </schools>
  <status>Inactive</status>
  <sources>
    <source>
      <name>Washington Post</name>
      <ts>2017-11-17T06:19:38Z</ts>
    </source>
  </sources>
  <sources>
    <source>
      <name>USA Today</name>
      <ts>2018-08-08T13:15:52Z</ts>
    </source>
  </sources>
  <sources>
    <source>
      <name>Los Angeles Times</name>
      <ts>2015-07-08T16:06:12Z</ts>
    </source>
  </sources>
  <relations>
    <relation>
      <id>/person/10086.xml</id>
      <predicate>worksWith</predicate>
      <imageSrc>https://cdn1.marklogic.com/wp-content/uploads/2021/07/chuck-hollis.jpeg</imageSrc>
      <fullname>Mycroft Ronni</fullname>
      <city>Reno</city>
      <state>NV</state>
    </relation>
    <relation>
      <id>/person/10009.xml</id>
      <predicate>relatedTo</predicate>
      <imageSrc>https://cdn1.marklogic.com/wp-content/uploads/2020/11/george-bloom-headshot-300x300-1.jpg</imageSrc>
      <fullname>McGilmartin Cathrin</fullname>
      <city>Montgomery</city>
      <state>AL</state>
    </relation>
    <relation>
      <id>/person/10062.xml</id>
      <predicate>relatedTo</predicate>
      <imageSrc>https://cdn1.marklogic.com/wp-content/uploads/2020/04/JamesKenwood-headshot-600x600-1.jpg</imageSrc>
      <fullname>Greedier Yulma</fullname>
      <city>Evansville</city>
      <state>IN</state>
    </relation>
    <relation>
      <id>/person/10094.xml</id>
      <predicate>worksWith</predicate>
      <imageSrc>https://cdn1.marklogic.com/wp-content/uploads/2021/05/IS-headshot.jpeg</imageSrc>
      <fullname>Brierley Koren</fullname>
      <city>Miami</city>
      <state>FL</state>
    </relation>
  </relations>
  <createdOn>
    <ts>2022-01-22T04:41:56Z</ts>
    <user>aivakin19</user>
  </createdOn>
  <lastUpdated>
    <ts>2022-02-06T11:24:37Z</ts>
    <user>aivakin19</user>
  </lastUpdated>
  <socials>
    <social>
      <site>linkedin</site>
      <handle>wrandalston0</handle>
      <address>https://reverbnation.com/ac/est.js</address>
    </social>
    <social>
      <site>linkedin</site>
      <handle/>
      <address>https://google.com.br/nunc/purus/phasellus/in.aspx</address>
    </social>
    <social>
      <site>twitter</site>
      <handle>llymbourne2</handle>
      <address>https://irs.gov/eget/eros/elementum/pellentesque/quisque/porta.json</address>
    </social>
  </socials>
  <memberships>
    <membership>
      <list>list6</list>
      <important>false</important>
      <ts>2022-02-08</ts>
    </membership>
    <membership>
      <list>list1</list>
      <important>true</important>
      <ts>2022-02-07</ts>
    </membership>
    <membership>
      <list>list3</list>
      <important>true</important>
      <ts>2022-01-31</ts>
    </membership>
    <membership>
      <list>list7</list>
      <important>false</important>
      <ts>2022-01-25</ts>
    </membership>
    <membership>
      <list>list10</list>
      <important>true</important>
      <ts>2022-02-22</ts>
    </membership>
    <membership>
      <list>list9</list>
      <important>false</important>
      <ts>2022-01-01</ts>
    </membership>
  </memberships>
  <links>
    <link>
      <label>Quick View</label>
      <url>http://indiegogo.com</url>
      <icon>faEye</icon>
    </link>
    <link>
      <label>Nomination History</label>
      <url>http://vinaora.com</url>
      <icon>faMedal</icon>
    </link>
    <link>
      <label>Comments</label>
      <url>http://istockphoto.com</url>
      <icon>faComments</icon>
    </link>
  </links>
  <activities>
    <activity>
      <predicate>startedAt</predicate>
      <place>Eayo</place>
      <predplace>startedAt Eayo</predplace>
      <ts>2010-11-09T21:34:33Z</ts>
      <source>
        <name>USA Today</name>
        <ts>2018-07-18T19:38:44Z</ts>
        <createdBy>Anette Rowantree</createdBy>
        <approvedBy>Devin Clayal</approvedBy>
      </source>
    </activity>
    <activity>
      <predicate>movedTo</predicate>
      <place>Shufflester</place>
      <predplace>movedTo Shufflester</predplace>
      <ts>2012-05-04T04:46:27Z</ts>
      <source>
        <name>New York Times</name>
        <ts>2021-03-06T07:25:58Z</ts>
        <createdBy>Penelope Allchorn</createdBy>
        <approvedBy>Violante Skoate</approvedBy>
      </source>
    </activity>
    <activity>
      <predicate>transferredTo</predicate>
      <place>Muxo</place>
      <predplace>transferredTo Muxo</predplace>
      <ts>2010-07-18T03:51:15Z</ts>
      <source>
        <name>Chicago Tribune</name>
        <ts>2017-04-07T10:51:53Z</ts>
        <createdBy>Dixie Goudge</createdBy>
        <approvedBy>Todd Scrase</approvedBy>
      </source>
    </activity>
    <activity>
      <predicate>transferredTo</predicate>
      <place>Brainbox</place>
      <predplace>transferredTo Brainbox</predplace>
      <ts>2012-04-08T18:44:44Z</ts>
      <source>
        <name>Los Angeles Times</name>
        <ts>2019-08-10T18:27:31Z</ts>
        <createdBy>Aime Dalziell</createdBy>
        <approvedBy>Alfie Carillo</approvedBy>
      </source>
    </activity>
  </activities>
  <actions>
    <action>
      <url>https://scribd.com</url>
      <icon>faCog</icon>
    </action>
    <action>
      <url>http://cbslocal.com</url>
      <icon>faCode</icon>
    </action>
    <action>
      <url>https://senate.gov</url>
      <icon>faSync</icon>
    </action>
  </actions>
</person>