<?xml version="1.0" encoding="UTF-8" standalone="yes"?>
<person>
  <personId>10040</personId>
  <nameGroup>
    <givenname>
      <value>Seth</value>
    </givenname>
    <surname>
      <value>Bushaway</value>
    </surname>
    <fullname>
      <classification>U</classification>
      <restricted>false</restricted>
      <value>Bushaway Seth</value>
      <source>
        <name>Washington Post</name>
        <ts>2010-04-16T09:21:11Z</ts>
      </source>
    </fullname>
  </nameGroup>
  <emails>
    <email>
      <value>evandenhof0@youku.com</value>
      <classification>C</classification>
      <restricted>false</restricted>
    </email>
    <email>
      <value>stocknell1@quantcast.com</value>
      <classification>S</classification>
      <restricted>false</restricted>
    </email>
    <email>
      <value>gscandrett2@biglobe.ne.jp</value>
      <classification>C</classification>
      <restricted>false</restricted>
    </email>
  </emails>
  <phone>637-663-6718</phone>
  <ssn>
    <value>368-35-5816</value>
    <classification>(S)</classification>
  </ssn>
  <images>
    <image>
      <url>https://cdn1.marklogic.com/wp-content/uploads/2020/04/JamesKenwood-headshot-600x600-1.jpg</url>
      <source>
        <name>Chicago Tribune</name>
        <ts>2017-03-09T10:58:23Z</ts>
        <uploadedBy/>
      </source>
    </image>
    <image>
      <url>https://cdn1.marklogic.com/wp-content/uploads/2018/01/Diane-Burley-MarkLogic-2015.jpg</url>
      <source>
        <name>Los Angeles Times</name>
        <ts>2017-02-11T04:48:02Z</ts>
        <uploadedBy>hmannix0</uploadedBy>
      </source>
    </image>
    <image>
      <url>https://cdn1.marklogic.com/wp-content/uploads/2018/01/Alicia-Saia-MarkLogic1.jpg</url>
      <source>
        <name>Washington Post</name>
        <ts>2010-05-31T08:42:59Z</ts>
        <uploadedBy>btwaits0</uploadedBy>
      </source>
    </image>
  </images>
  <addresses>
    <address>
      <street>3 Clarendon Crossing</street>
      <city>Odessa</city>
      <state>TX</state>
      <postal>79764</postal>
      <country>United States</country>
      <latitude>31.8767</latitude>
      <longitude>-102.4375</longitude>
    </address>
  </addresses>
  <schools>
    <school>
      <country>United Kingdom</country>
      <name>University of Surrey</name>
      <city>London</city>
      <state>ENG</state>
      <postal>EC1V</postal>
      <latitude>51.5267946</latitude>
      <longitude>-0.0983812</longitude>
      <source>
        <name>USA Today</name>
        <ts>2020-01-22T07:05:16Z</ts>
      </source>
      <source>
        <name>New York Times</name>
        <ts>2013-01-02T06:31:22Z</ts>
      </source>
      <source>
        <name>Chicago Tribune</name>
        <ts>2019-04-26T03:17:19Z</ts>
      </source>
    </school>
  </schools>
  <status>Inactive</status>
  <sources>
    <source>
      <name>Chicago Tribune</name>
      <ts>2010-03-20T19:46:34Z</ts>
    </source>
  </sources>
  <sources>
    <source>
      <name>Wall Street Journal</name>
      <ts>2019-12-09T04:21:25Z</ts>
    </source>
  </sources>
  <sources>
    <source>
      <name>Washington Post</name>
      <ts>2012-07-18T20:53:47Z</ts>
    </source>
  </sources>
  <relations>
    <relation>
      <id>/person/10056.xml</id>
      <predicate>livesWith</predicate>
      <imageSrc>https://cdn1.marklogic.com/wp-content/uploads/2020/04/JamesKenwood-headshot-600x600-1.jpg</imageSrc>
      <fullname>Sexstone Ethelyn</fullname>
      <city>Huntington</city>
      <state>WV</state>
    </relation>
    <relation>
      <id>/person/10097.xml</id>
      <predicate>worksWith</predicate>
      <imageSrc>https://cdn1.marklogic.com/wp-content/uploads/2018/01/Michael-Malgeri-MarkLogic.jpg</imageSrc>
      <fullname>Danielou Pammy</fullname>
      <city>Edmond</city>
      <state>OK</state>
    </relation>
  </relations>
  <createdOn>
    <ts>2022-01-08T15:05:24Z</ts>
    <user>sbushaway13</user>
  </createdOn>
  <lastUpdated>
    <ts>2022-02-16T12:26:37Z</ts>
    <user>sbushaway13</user>
  </lastUpdated>
  <socials/>
  <memberships>
    <membership>
      <list>list6</list>
      <important>false</important>
      <ts>2022-01-25</ts>
    </membership>
  </memberships>
  <links>
    <link>
      <label>Quick View</label>
      <url>https://npr.org</url>
      <icon>faEye</icon>
    </link>
    <link>
      <label>Nomination History</label>
      <url>http://deliciousdays.com</url>
      <icon>faMedal</icon>
    </link>
    <link>
      <label>Comments</label>
      <url>http://icio.us</url>
      <icon>faComments</icon>
    </link>
  </links>
  <activities>
    <activity>
      <predicate>transferredTo</predicate>
      <place>Gigaclub</place>
      <predplace>transferredTo Gigaclub</predplace>
      <ts>2010-08-30T15:56:04Z</ts>
      <source>
        <name>USA Today</name>
        <ts>2021-05-23T16:25:05Z</ts>
        <createdBy>Clevey Ferrucci</createdBy>
        <approvedBy>Xever Moffett</approvedBy>
      </source>
    </activity>
    <activity>
      <predicate>endedAt</predicate>
      <place>Browseblab</place>
      <predplace>endedAt Browseblab</predplace>
      <ts>2013-05-09T18:47:12Z</ts>
      <source>
        <name>New York Times</name>
        <ts>2022-02-19T11:01:22Z</ts>
        <createdBy>Yetta Doucette</createdBy>
        <approvedBy>Tanney Clewlowe</approvedBy>
      </source>
    </activity>
    <activity>
      <predicate>transferredTo</predicate>
      <place>Voomm</place>
      <predplace>transferredTo Voomm</predplace>
      <ts>2012-10-06T10:13:58Z</ts>
      <source>
        <name>Chicago Tribune</name>
        <ts>2016-10-13T10:25:41Z</ts>
        <createdBy>Port By</createdBy>
        <approvedBy>Ely Muslim</approvedBy>
      </source>
    </activity>
    <activity>
      <predicate>endedAt</predicate>
      <place>Tagpad</place>
      <predplace>endedAt Tagpad</predplace>
      <ts>2015-07-18T12:07:24Z</ts>
      <source>
        <name>Los Angeles Times</name>
        <ts>2020-11-19T04:25:16Z</ts>
        <createdBy>Austine Lerwill</createdBy>
        <approvedBy>Arne Antonsson</approvedBy>
      </source>
    </activity>
    <activity>
      <predicate>movedTo</predicate>
      <place>Bluejam</place>
      <predplace>movedTo Bluejam</predplace>
      <ts>2014-04-29T03:49:58Z</ts>
      <source>
        <name>Wall Street Journal</name>
        <ts>2017-11-09T06:48:57Z</ts>
        <createdBy>Norbie Bumby</createdBy>
        <approvedBy>Ernestine Marrable</approvedBy>
      </source>
    </activity>
    <activity>
      <predicate>startedAt</predicate>
      <place>Jayo</place>
      <predplace>startedAt Jayo</predplace>
      <ts>2010-07-05T02:20:29Z</ts>
      <source>
        <name>Washington Post</name>
        <ts>2018-02-22T02:49:25Z</ts>
        <createdBy>Dalston Plaskitt</createdBy>
        <approvedBy>Anjela Nesby</approvedBy>
      </source>
    </activity>
    <activity>
      <predicate>startedAt</predicate>
      <place>Bubbletube</place>
      <predplace>startedAt Bubbletube</predplace>
      <ts>2015-03-12T15:06:53Z</ts>
      <source>
        <name>USA Today</name>
        <ts>2022-02-20T16:27:55Z</ts>
        <createdBy>Gonzales Ridhole</createdBy>
        <approvedBy>Nonah MacKellar</approvedBy>
      </source>
    </activity>
  </activities>
  <actions>
    <action>
      <url>http://miitbeian.gov.cn</url>
      <icon>faCog</icon>
    </action>
    <action>
      <url>https://jalbum.net</url>
      <icon>faCode</icon>
    </action>
    <action>
      <url>https://canalblog.com</url>
      <icon>faSync</icon>
    </action>
  </actions>
</person>