<?xml version="1.0" encoding="UTF-8" standalone="yes"?>
<person>
  <personId>10043</personId>
  <nameGroup>
    <givenname>
      <value>Maitilde</value>
    </givenname>
    <surname>
      <value>Brodbin</value>
    </surname>
    <fullname>
      <classification>S</classification>
      <restricted>true</restricted>
      <value>Brodbin Maitilde</value>
      <source>
        <name>Los Angeles Times</name>
        <ts>2015-03-18T15:55:28Z</ts>
      </source>
      <source>
        <name>USA Today</name>
        <ts>2021-11-26T03:15:11Z</ts>
      </source>
    </fullname>
  </nameGroup>
  <emails>
    <email>
      <value>eellin0@nifty.com</value>
      <classification>U</classification>
      <restricted>false</restricted>
    </email>
    <email>
      <value>tscranny1@posterous.com</value>
      <classification>C</classification>
      <restricted>false</restricted>
    </email>
    <email>
      <value>ocalken2@hexun.com</value>
      <classification>U</classification>
      <restricted>false</restricted>
    </email>
  </emails>
  <phone>807-365-5247</phone>
  <contacts>
    <contact>
      <type>phone</type>
      <value>241-269-0713</value>
    </contact>
    <contact>
      <type>phone</type>
      <value>393-388-7454</value>
    </contact>
    <contact>
      <type>phone</type>
      <value>515-541-5787</value>
    </contact>
  </contacts>
  <ssn>
    <value>284-93-9254</value>
    <classification>(S)</classification>
  </ssn>
  <images>
    <image>
      <url>https://cdn1.marklogic.com/wp-content/uploads/2018/02/trinh-lieu-profile.jpg</url>
      <source>
        <name>Chicago Tribune</name>
        <ts>2013-04-22T06:50:33Z</ts>
        <uploadedBy>kdallin0</uploadedBy>
      </source>
    </image>
    <image>
      <url>https://cdn1.marklogic.com/wp-content/uploads/2018/01/Alicia-Saia-MarkLogic1.jpg</url>
      <source>
        <name>New York Times</name>
        <ts>2012-04-16T15:08:08Z</ts>
        <uploadedBy>bpolleye0</uploadedBy>
      </source>
    </image>
    <image>
      <url>https://cdn1.marklogic.com/wp-content/uploads/2021/05/IS-headshot.jpeg</url>
      <source>
        <name>Washington Post</name>
        <ts>2019-12-23T20:03:28Z</ts>
        <uploadedBy>noffen0</uploadedBy>
      </source>
    </image>
  </images>
  <addresses>
    <address>
      <street>41573 Crownhardt Terrace</street>
      <city>Bradenton</city>
      <state>FL</state>
      <postal>34210</postal>
      <country>United States</country>
      <latitude>27.4544</latitude>
      <longitude>-82.6358</longitude>
    </address>
    <address>
      <street>54877 Upham Junction</street>
      <city>Saint Louis</city>
      <state>MO</state>
      <postal>63150</postal>
      <country>United States</country>
      <latitude>38.6531</latitude>
      <longitude>-90.2435</longitude>
    </address>
    <address>
      <street>708 Michigan Parkway</street>
      <city>Honolulu</city>
      <state>HI</state>
      <postal>96820</postal>
      <country>United States</country>
      <latitude>21.351</latitude>
      <longitude>-157.8795</longitude>
    </address>
  </addresses>
  <schools>
    <school>
      <country>Canada</country>
      <name>University of Calgary</name>
      <city>Morinville</city>
      <state>AB</state>
      <postal>T8R</postal>
      <latitude>53.7925065</latitude>
      <longitude>-113.6463436</longitude>
      <source>
        <name>USA Today</name>
        <ts>2015-04-11T12:45:14Z</ts>
      </source>
      <source>
        <name>New York Times</name>
        <ts>2011-09-28T13:25:29Z</ts>
      </source>
    </school>
  </schools>
  <status>Inactive</status>
  <sources>
    <source>
      <name>Washington Post</name>
      <ts>2021-11-15T16:57:23Z</ts>
    </source>
  </sources>
  <relations>
    <relation>
      <id>/person/10065.xml</id>
      <predicate>livesWith</predicate>
      <imageSrc>https://cdn1.marklogic.com/wp-content/uploads/2020/04/JamesKenwood-headshot-600x600-1.jpg</imageSrc>
      <fullname>Tembridge Brock</fullname>
      <city>San Jose</city>
      <state>CA</state>
    </relation>
    <relation>
      <id>/person/10085.xml</id>
      <predicate>livesWith</predicate>
      <imageSrc>https://cdn1.marklogic.com/wp-content/uploads/2021/07/chuck-hollis.jpeg</imageSrc>
      <fullname>Tunnicliffe Donna</fullname>
      <city>Sioux City</city>
      <state>IA</state>
    </relation>
    <relation>
      <id>/person/10080.xml</id>
      <predicate>relatedTo</predicate>
      <imageSrc>https://cdn1.marklogic.com/wp-content/uploads/2020/11/george-bloom-headshot-300x300-1.jpg</imageSrc>
      <fullname>Chesterman Adriane</fullname>
      <city>Helena</city>
      <state>MT</state>
    </relation>
    <relation>
      <id>/person/10036.xml</id>
      <predicate>relatedTo</predicate>
      <imageSrc>https://cdn1.marklogic.com/wp-content/uploads/2018/01/headshot_square_286x286.jpg</imageSrc>
      <fullname>Dunn Clement</fullname>
      <city>Stamford</city>
      <state>CT</state>
    </relation>
  </relations>
  <createdOn>
    <ts>2022-02-20T19:06:36Z</ts>
    <user>mbrodbin16</user>
  </createdOn>
  <lastUpdated>
    <ts>2022-01-21T19:34:25Z</ts>
    <user>mbrodbin16</user>
  </lastUpdated>
  <socials>
    <social>
      <site>facebook</site>
      <handle>vmayne0</handle>
      <address>https://bandcamp.com/pede/ullamcorper/augue/a/suscipit.png</address>
    </social>
    <social>
      <site>linkedin</site>
      <handle>lkadar1</handle>
      <address>http://scientificamerican.com/amet/consectetuer/adipiscing/elit/proin.html</address>
    </social>
  </socials>
  <memberships>
    <membership>
      <list>list9</list>
      <important>true</important>
      <ts>2022-02-06</ts>
    </membership>
    <membership>
      <list>list1</list>
      <important>false</important>
      <ts>2022-01-20</ts>
    </membership>
  </memberships>
  <links>
    <link>
      <label>Quick View</label>
      <url>https://youku.com</url>
      <icon>faEye</icon>
    </link>
    <link>
      <label>Nomination History</label>
      <url>https://pen.io</url>
      <icon>faMedal</icon>
    </link>
    <link>
      <label>Comments</label>
      <url>https://berkeley.edu</url>
      <icon>faComments</icon>
    </link>
  </links>
  <activities>
    <activity>
      <predicate>transferredTo</predicate>
      <place>Dynabox</place>
      <predplace>transferredTo Dynabox</predplace>
      <ts>2016-07-21T22:35:36Z</ts>
      <source>
        <name>USA Today</name>
        <ts>2022-02-22T06:54:29Z</ts>
        <createdBy>Trev Feragh</createdBy>
        <approvedBy>Cory Geraudy</approvedBy>
      </source>
    </activity>
    <activity>
      <predicate>transferredTo</predicate>
      <place>Yotz</place>
      <predplace>transferredTo Yotz</predplace>
      <ts>2013-06-08T22:23:20Z</ts>
      <source>
        <name>New York Times</name>
        <ts>2022-01-10T06:28:45Z</ts>
        <createdBy>Simon Zohrer</createdBy>
        <approvedBy>Merry Vanni</approvedBy>
      </source>
    </activity>
  </activities>
  <events>
    <event>
      <predicate>servedIn</predicate>
      <place>Indonesia</place>
      <predplace>servedIn Indonesia</predplace>
      <end>2018-06-29T17:20:13Z</end>
      <start>2015-02-13T00:54:52Z</start>
    </event>
  </events>
  <actions>
    <action>
      <url>http://deviantart.com</url>
      <icon>faCog</icon>
    </action>
    <action>
      <url>https://macromedia.com</url>
      <icon>faCode</icon>
    </action>
    <action>
      <url>http://umn.edu</url>
      <icon>faSync</icon>
    </action>
  </actions>
</person>