<?xml version="1.0" encoding="UTF-8" standalone="yes"?>
<person>
  <personId>10049</personId>
  <nameGroup>
    <givenname>
      <value>Vin</value>
    </givenname>
    <surname>
      <value>Cahey</value>
    </surname>
    <fullname>
      <classification>S</classification>
      <restricted>false</restricted>
      <value>Cahey Vin</value>
      <source>
        <name>Washington Post</name>
        <ts>2012-12-14T17:29:19Z</ts>
      </source>
      <source>
        <name>Washington Post</name>
        <ts>2011-08-08T06:02:27Z</ts>
      </source>
      <source>
        <name>Los Angeles Times</name>
        <ts>2013-07-21T23:26:41Z</ts>
      </source>
    </fullname>
  </nameGroup>
  <emails>
    <email>
      <value>mbolitho0@usda.gov</value>
      <classification>C</classification>
      <restricted>false</restricted>
    </email>
    <email>
      <value>mprofit1@cbc.ca</value>
      <classification>U</classification>
      <restricted>false</restricted>
    </email>
  </emails>
  <phone>558-433-0219</phone>
  <ssn>
    <value>584-08-2217</value>
    <classification>(S)</classification>
  </ssn>
  <images>
    <image>
      <url>https://cdn1.marklogic.com/wp-content/uploads/2020/04/JamesKenwood-headshot-600x600-1.jpg</url>
      <source>
        <name>Los Angeles Times</name>
        <ts>2018-02-12T18:03:06Z</ts>
        <uploadedBy>wfowlie0</uploadedBy>
      </source>
    </image>
  </images>
  <addresses>
    <address>
      <street>781 School Lane</street>
      <city>Columbus</city>
      <state>OH</state>
      <postal>43210</postal>
      <country>United States</country>
      <latitude>40.0028</latitude>
      <longitude>-83.0164</longitude>
    </address>
    <address>
      <street>61486 Shoshone Trail</street>
      <city>Toledo</city>
      <state>OH</state>
      <postal>43610</postal>
      <country>United States</country>
      <latitude>41.6767</latitude>
      <longitude>-83.5573</longitude>
    </address>
  </addresses>
  <schools>
    <school>
      <country>Canada</country>
      <name>St. Paul University</name>
      <city>Killam</city>
      <state>AB</state>
      <postal>A0A</postal>
      <latitude>47.5860611</latitude>
      <longitude>-52.6912126</longitude>
      <source>
        <name>USA Today</name>
        <ts>2017-09-10T06:02:03Z</ts>
      </source>
      <source>
        <name>New York Times</name>
        <ts>2019-04-29T04:50:44Z</ts>
      </source>
      <source>
        <name>Chicago Tribune</name>
        <ts>2015-06-05T01:16:34Z</ts>
      </source>
    </school>
    <school>
      <country>United States</country>
      <name>Oregon Health Sciences University</name>
      <city>Jacksonville</city>
      <state>FL</state>
      <postal>32204</postal>
      <latitude>30.3152434</latitude>
      <longitude>-81.6856808</longitude>
      <source>
        <name>USA Today</name>
        <ts>2010-08-24T22:33:32Z</ts>
      </source>
      <source>
        <name>New York Times</name>
        <ts>2015-03-13T10:30:23Z</ts>
      </source>
    </school>
  </schools>
  <status>Active</status>
  <sources>
    <source>
      <name>USA Today</name>
      <ts>2012-01-15T20:25:50Z</ts>
    </source>
  </sources>
  <sources>
    <source>
      <name>Wall Street Journal</name>
      <ts>2013-01-18T04:45:39Z</ts>
    </source>
  </sources>
  <sources>
    <source>
      <name>Wall Street Journal</name>
      <ts>2019-05-22T14:21:39Z</ts>
    </source>
  </sources>
  <relations>
    <relation>
      <id>/person/10018.xml</id>
      <predicate>worksWith</predicate>
      <imageSrc>https://cdn1.marklogic.com/wp-content/uploads/2018/01/headshot_square_286x286.jpg</imageSrc>
      <fullname>Klaes Aubree</fullname>
      <city>Knoxville</city>
      <state>TN</state>
    </relation>
    <relation>
      <id>/person/10089.xml</id>
      <predicate>livesWith</predicate>
      <imageSrc>https://cdn1.marklogic.com/wp-content/uploads/2018/01/Michael-Malgeri-MarkLogic.jpg</imageSrc>
      <fullname>Goolden Wilhelm</fullname>
      <city>Birmingham</city>
      <state>AL</state>
    </relation>
    <relation>
      <id>/person/10031.xml</id>
      <predicate>relatedTo</predicate>
      <imageSrc>https://cdn1.marklogic.com/wp-content/uploads/2021/05/IS-headshot.jpeg</imageSrc>
      <fullname>Crippell Nevin</fullname>
      <city>Jamaica</city>
      <state>NY</state>
    </relation>
  </relations>
  <createdOn>
    <ts>2022-02-27T18:49:31Z</ts>
    <user>vcahey1c</user>
  </createdOn>
  <lastUpdated>
    <ts>2022-02-20T16:14:02Z</ts>
    <user>vcahey1c</user>
  </lastUpdated>
  <socials>
    <social>
      <site>facebook</site>
      <handle>hhawton0</handle>
      <address>http://bloglovin.com/consequat.xml</address>
    </social>
  </socials>
  <memberships>
    <membership>
      <list>list12</list>
      <important>true</important>
      <ts>2022-01-21</ts>
    </membership>
    <membership>
      <list>list5</list>
      <important>true</important>
      <ts>2022-01-21</ts>
    </membership>
  </memberships>
  <links>
    <link>
      <label>Quick View</label>
      <url>http://t-online.de</url>
      <icon>faEye</icon>
    </link>
    <link>
      <label>Nomination History</label>
      <url>https://paginegialle.it</url>
      <icon>faMedal</icon>
    </link>
    <link>
      <label>Comments</label>
      <url>https://hao123.com</url>
      <icon>faComments</icon>
    </link>
  </links>
  <activities>
    <activity>
      <predicate>movedTo</predicate>
      <place>Dablist</place>
      <predplace>movedTo Dablist</predplace>
      <ts>2015-04-21T22:04:59Z</ts>
      <source>
        <name>USA Today</name>
        <ts>2017-12-15T02:38:55Z</ts>
        <createdBy>Brett Hendrikse</createdBy>
        <approvedBy>Nanny Kitteringham</approvedBy>
      </source>
    </activity>
    <activity>
      <predicate>transferredTo</predicate>
      <place>Geba</place>
      <predplace>transferredTo Geba</predplace>
      <ts>2011-03-06T02:17:29Z</ts>
      <source>
        <name>New York Times</name>
        <ts>2017-11-14T07:52:15Z</ts>
        <createdBy>Daryl Maile</createdBy>
        <approvedBy>Jody Joslin</approvedBy>
      </source>
    </activity>
    <activity>
      <predicate>transferredTo</predicate>
      <place>Geba</place>
      <predplace>transferredTo Geba</predplace>
      <ts>2011-01-12T05:37:44Z</ts>
      <source>
        <name>Chicago Tribune</name>
        <ts>2018-04-12T19:28:34Z</ts>
        <createdBy>Cristi Gilbanks</createdBy>
        <approvedBy>Ronni MacCheyne</approvedBy>
      </source>
    </activity>
  </activities>
  <actions>
    <action>
      <url>http://goo.ne.jp</url>
      <icon>faCog</icon>
    </action>
    <action>
      <url>https://dmoz.org</url>
      <icon>faCode</icon>
    </action>
    <action>
      <url>https://phoca.cz</url>
      <icon>faSync</icon>
    </action>
  </actions>
</person>