<?xml version="1.0" encoding="UTF-8" standalone="yes"?>
<person>
  <personId>10048</personId>
  <nameGroup>
    <givenname>
      <value>Karmen</value>
    </givenname>
    <surname>
      <value>Pile</value>
    </surname>
    <fullname>
      <classification>U</classification>
      <restricted>false</restricted>
      <value>Pile Karmen</value>
      <source>
        <name>Los Angeles Times</name>
        <ts>2017-06-17T16:36:11Z</ts>
      </source>
      <source>
        <name>Wall Street Journal</name>
        <ts>2020-10-29T17:36:58Z</ts>
      </source>
    </fullname>
  </nameGroup>
  <emails>
    <email>
      <value>sapted0@vimeo.com</value>
      <classification>U</classification>
      <restricted>false</restricted>
    </email>
    <email>
      <value>lerett1@constantcontact.com</value>
      <classification>S</classification>
      <restricted>false</restricted>
    </email>
  </emails>
  <phone>637-460-5015</phone>
  <ssn>
    <value>805-43-0620</value>
    <classification>(S)</classification>
  </ssn>
  <images>
    <image>
      <url>https://cdn1.marklogic.com/wp-content/uploads/2018/01/Diane-Burley-MarkLogic-2015.jpg</url>
      <source>
        <name>Washington Post</name>
        <ts>2016-06-16T01:48:10Z</ts>
        <uploadedBy>amcdyer0</uploadedBy>
      </source>
    </image>
    <image>
      <url>https://cdn1.marklogic.com/wp-content/uploads/2020/04/JamesKenwood-headshot-600x600-1.jpg</url>
      <source>
        <name>Los Angeles Times</name>
        <ts>2017-06-28T01:03:42Z</ts>
        <uploadedBy>aortiga0</uploadedBy>
      </source>
    </image>
  </images>
  <addresses>
    <address>
      <street>3 Cordelia Street</street>
      <city>Omaha</city>
      <state>NE</state>
      <postal>68179</postal>
      <country>United States</country>
      <latitude>41.2917</latitude>
      <longitude>-96.1711</longitude>
    </address>
    <address>
      <street>0528 Schmedeman Lane</street>
      <city>Saginaw</city>
      <state>MI</state>
      <postal>48604</postal>
      <country>United States</country>
      <latitude>43.4732</latitude>
      <longitude>-83.9514</longitude>
    </address>
  </addresses>
  <schools>
    <school>
      <country>United States</country>
      <name>Mississippi University for Women</name>
      <city>Richmond</city>
      <state>VA</state>
      <postal>23237</postal>
      <latitude>37.4040147</latitude>
      <longitude>-77.4587239</longitude>
      <source>
        <name>USA Today</name>
        <ts>2011-03-01T02:25:11Z</ts>
      </source>
    </school>
    <school>
      <country>Canada</country>
      <name>St. Clair College</name>
      <city>Beauceville</city>
      <state>QC</state>
      <postal>G5X</postal>
      <latitude>46.2051265</latitude>
      <longitude>-70.7720325</longitude>
      <source>
        <name>USA Today</name>
        <ts>2013-03-30T18:44:12Z</ts>
      </source>
      <source>
        <name>New York Times</name>
        <ts>2016-02-01T07:28:41Z</ts>
      </source>
    </school>
  </schools>
  <status>Active</status>
  <sources>
    <source>
      <name>New York Times</name>
      <ts>2012-07-23T09:52:02Z</ts>
    </source>
  </sources>
  <sources>
    <source>
      <name>USA Today</name>
      <ts>2016-03-21T06:39:13Z</ts>
    </source>
  </sources>
  <sources>
    <source>
      <name>New York Times</name>
      <ts>2020-09-06T17:37:59Z</ts>
    </source>
  </sources>
  <relations>
    <relation>
      <id>/person/10096.xml</id>
      <predicate>relatedTo</predicate>
      <imageSrc>https://cdn1.marklogic.com/wp-content/uploads/2021/02/1612313387205.jpeg</imageSrc>
      <fullname>Rowden Franny</fullname>
      <city>Cincinnati</city>
      <state>OH</state>
    </relation>
    <relation>
      <id>/person/10071.xml</id>
      <predicate>livesWith</predicate>
      <imageSrc>https://cdn1.marklogic.com/wp-content/uploads/2018/02/trinh-lieu-profile.jpg</imageSrc>
      <fullname>D'Ugo Ellynn</fullname>
      <city>Reno</city>
      <state>NV</state>
    </relation>
  </relations>
  <createdOn>
    <ts>2022-01-25T14:21:02Z</ts>
    <user>kpile1b</user>
  </createdOn>
  <lastUpdated>
    <ts>2022-01-17T09:19:28Z</ts>
    <user>kpile1b</user>
  </lastUpdated>
  <socials>
    <social>
      <site>twitter</site>
      <handle>phearty0</handle>
      <address>http://theguardian.com/phasellus/in/felis/donec/semper.xml</address>
    </social>
    <social>
      <site>twitter</site>
      <handle>ctremlett1</handle>
      <address>http://mysql.com/platea.png</address>
    </social>
  </socials>
  <memberships/>
  <links>
    <link>
      <label>Quick View</label>
      <url>http://weather.com</url>
      <icon>faEye</icon>
    </link>
    <link>
      <label>Nomination History</label>
      <url>https://google.nl</url>
      <icon>faMedal</icon>
    </link>
    <link>
      <label>Comments</label>
      <url>https://bravesites.com</url>
      <icon>faComments</icon>
    </link>
  </links>
  <activities>
    <activity>
      <predicate>transferredTo</predicate>
      <place>Eamia</place>
      <predplace>transferredTo Eamia</predplace>
      <ts>2011-04-13T18:10:32Z</ts>
      <source>
        <name>USA Today</name>
        <ts>2018-09-11T18:55:02Z</ts>
        <createdBy>Fidole Whiteside</createdBy>
        <approvedBy>Toma Krolman</approvedBy>
      </source>
    </activity>
    <activity>
      <predicate>movedTo</predicate>
      <place>Ailane</place>
      <predplace>movedTo Ailane</predplace>
      <ts>2011-04-03T23:08:35Z</ts>
      <source>
        <name>New York Times</name>
        <ts>2018-02-13T00:28:00Z</ts>
        <createdBy>Marcello Glave</createdBy>
        <approvedBy>Goober Chadwyck</approvedBy>
      </source>
    </activity>
    <activity>
      <predicate>endedAt</predicate>
      <place>Aibox</place>
      <predplace>endedAt Aibox</predplace>
      <ts>2012-07-23T10:09:18Z</ts>
      <source>
        <name>Chicago Tribune</name>
        <ts>2019-06-12T16:14:03Z</ts>
        <createdBy>Raynor Pavlenkov</createdBy>
        <approvedBy>Sam Delle</approvedBy>
      </source>
    </activity>
    <activity>
      <predicate>movedTo</predicate>
      <place>Meeveo</place>
      <predplace>movedTo Meeveo</predplace>
      <ts>2015-11-03T04:21:33Z</ts>
      <source>
        <name>Los Angeles Times</name>
        <ts>2021-04-09T06:08:06Z</ts>
        <createdBy>Bibi Halson</createdBy>
        <approvedBy>Falito Snooks</approvedBy>
      </source>
    </activity>
    <activity>
      <predicate>endedAt</predicate>
      <place>Meetz</place>
      <predplace>endedAt Meetz</predplace>
      <ts>2013-03-10T15:36:29Z</ts>
      <source>
        <name>Wall Street Journal</name>
        <ts>2020-03-16T17:56:36Z</ts>
        <createdBy>Jamey Wickstead</createdBy>
        <approvedBy>Mona Hungerford</approvedBy>
      </source>
    </activity>
  </activities>
  <actions>
    <action>
      <url>https://twitter.com</url>
      <icon>faCog</icon>
    </action>
    <action>
      <url>http://squarespace.com</url>
      <icon>faCode</icon>
    </action>
    <action>
      <url>http://unicef.org</url>
      <icon>faSync</icon>
    </action>
  </actions>
</person>