<?xml version="1.0" encoding="UTF-8" standalone="yes"?>
<person>
  <personId>10043</personId>
  <nameGroup>
    <givenname>
      <value>Del</value>
    </givenname>
    <surname>
      <value>Littledike</value>
    </surname>
    <fullname>
      <classification>S</classification>
      <restricted>true</restricted>
      <value>Littledike Del</value>
      <source>
        <name>Washington Post</name>
        <ts>2021-03-21T06:20:18Z</ts>
      </source>
      <source>
        <name>Wall Street Journal</name>
        <ts>2011-09-15T22:45:27Z</ts>
      </source>
      <source>
        <name>Washington Post</name>
        <ts>2016-06-01T16:37:12Z</ts>
      </source>
    </fullname>
  </nameGroup>
  <emails>
    <email>
      <value>mreihill0@taobao.com</value>
      <classification>S</classification>
      <restricted>false</restricted>
    </email>
    <email>
      <value>renrico1@angelfire.com</value>
      <classification>S</classification>
      <restricted>false</restricted>
    </email>
    <email>
      <value>aalder2@blogger.com</value>
      <classification>C</classification>
      <restricted>false</restricted>
    </email>
  </emails>
  <phone>615-423-3822</phone>
  <ssn>
    <value>507-39-8465</value>
    <classification>(S)</classification>
  </ssn>
  <images>
    <image>
      <url>https://cdn1.marklogic.com/wp-content/uploads/2018/01/headshot_square_286x286.jpg</url>
      <source>
        <name>Washington Post</name>
        <ts>2018-08-02T00:15:26Z</ts>
        <uploadedBy>rkenion0</uploadedBy>
      </source>
    </image>
    <image>
      <url>https://cdn1.marklogic.com/wp-content/uploads/2020/04/JamesKenwood-headshot-600x600-1.jpg</url>
      <source>
        <name>Wall Street Journal</name>
        <ts>2021-02-23T06:57:55Z</ts>
        <uploadedBy>lveltmann0</uploadedBy>
      </source>
    </image>
    <image>
      <url>https://cdn1.marklogic.com/wp-content/uploads/2021/07/chuck-hollis.jpeg</url>
      <source>
        <name>Chicago Tribune</name>
        <ts>2017-04-23T07:21:39Z</ts>
        <uploadedBy>sdavie0</uploadedBy>
      </source>
    </image>
    <image>
      <url>https://cdn1.marklogic.com/wp-content/uploads/2018/02/trinh-lieu-profile.jpg</url>
      <source>
        <name>Wall Street Journal</name>
        <ts>2020-09-21T00:20:21Z</ts>
        <uploadedBy>wloidl0</uploadedBy>
      </source>
    </image>
  </images>
  <addresses>
    <address>
      <street>8 Delladonna Alley</street>
      <city>Anaheim</city>
      <state>CA</state>
      <postal>92825</postal>
      <country>United States</country>
      <latitude>33.8356</latitude>
      <longitude>-117.9132</longitude>
    </address>
  </addresses>
  <schools>
    <school>
      <country>United States</country>
      <name>Arkansas State University, Newport</name>
      <city>Kansas City</city>
      <state>KS</state>
      <postal>66112</postal>
      <latitude>39.1140535</latitude>
      <longitude>-94.7743365</longitude>
      <source>
        <name>USA Today</name>
        <ts>2012-07-31T09:58:38Z</ts>
      </source>
      <source>
        <name>New York Times</name>
        <ts>2017-06-26T13:39:07Z</ts>
      </source>
      <source>
        <name>Chicago Tribune</name>
        <ts>2014-09-24T23:50:09Z</ts>
      </source>
    </school>
  </schools>
  <status>Active</status>
  <sources>
    <source>
      <name>Los Angeles Times</name>
      <ts>2019-10-27T05:55:30Z</ts>
    </source>
  </sources>
  <relations>
    <relation>
      <id>/person/10078.xml</id>
      <predicate>livesWith</predicate>
      <imageSrc>https://cdn1.marklogic.com/wp-content/uploads/2020/11/george-bloom-headshot-300x300-1.jpg</imageSrc>
      <fullname>Iacovozzo Brandie</fullname>
      <city>Mobile</city>
      <state>AL</state>
    </relation>
    <relation>
      <id>/person/10013.xml</id>
      <predicate>relatedTo</predicate>
      <imageSrc>https://cdn1.marklogic.com/wp-content/uploads/2020/11/george-bloom-headshot-300x300-1.jpg</imageSrc>
      <fullname>Goulding Gerry</fullname>
      <city>West Palm Beach</city>
      <state>FL</state>
    </relation>
    <relation>
      <id>/person/10004.xml</id>
      <predicate>relatedTo</predicate>
      <imageSrc>https://cdn1.marklogic.com/wp-content/uploads/2018/01/Michael-Malgeri-MarkLogic.jpg</imageSrc>
      <fullname>Siege Freeland</fullname>
      <city>Huntington</city>
      <state>WV</state>
    </relation>
  </relations>
  <createdOn>
    <ts>2022-01-21T16:17:43Z</ts>
    <user>dlittledike16</user>
  </createdOn>
  <lastUpdated>
    <ts>2022-01-09T23:52:12Z</ts>
    <user>dlittledike16</user>
  </lastUpdated>
  <socials>
    <social>
      <site>twitter</site>
      <handle>bcaulton0</handle>
      <address>https://taobao.com/placerat/ante.jsp</address>
    </social>
    <social>
      <site>facebook</site>
      <handle>bjeffers1</handle>
      <address>https://livejournal.com/lacinia/eget/tincidunt.html</address>
    </social>
    <social>
      <site>twitter</site>
      <handle>esimak2</handle>
      <address>http://google.de/vitae/mattis/nibh/ligula.xml</address>
    </social>
  </socials>
  <memberships>
    <membership>
      <list>list11</list>
      <important>true</important>
      <ts>2022-02-04</ts>
    </membership>
  </memberships>
  <links>
    <link>
      <label>Quick View</label>
      <url>https://cbc.ca</url>
      <icon>faEye</icon>
    </link>
    <link>
      <label>Nomination History</label>
      <url>https://bigcartel.com</url>
      <icon>faMedal</icon>
    </link>
    <link>
      <label>Comments</label>
      <url>http://wsj.com</url>
      <icon>faComments</icon>
    </link>
  </links>
  <activities>
    <activity>
      <predicate>endedAt</predicate>
      <place>LiveZ</place>
      <predplace>endedAt LiveZ</predplace>
      <ts>2012-07-06T18:55:14Z</ts>
      <source>
        <name>USA Today</name>
        <ts>2018-10-02T21:42:50Z</ts>
        <createdBy>Estrellita Allward</createdBy>
        <approvedBy>Ally Gianiello</approvedBy>
      </source>
    </activity>
    <activity>
      <predicate>transferredTo</predicate>
      <place>Buzzshare</place>
      <predplace>transferredTo Buzzshare</predplace>
      <ts>2012-11-11T09:09:31Z</ts>
      <source>
        <name>New York Times</name>
        <ts>2020-09-09T05:54:08Z</ts>
        <createdBy>Lockwood Vanderson</createdBy>
        <approvedBy>Lil Welburn</approvedBy>
      </source>
    </activity>
    <activity>
      <predicate>transferredTo</predicate>
      <place>Blogtags</place>
      <predplace>transferredTo Blogtags</predplace>
      <ts>2013-08-02T16:01:26Z</ts>
      <source>
        <name>Chicago Tribune</name>
        <ts>2017-02-08T17:38:27Z</ts>
        <createdBy>Zena Gutcher</createdBy>
        <approvedBy>Hilda Yurlov</approvedBy>
      </source>
    </activity>
    <activity>
      <predicate>movedTo</predicate>
      <place>Skyndu</place>
      <predplace>movedTo Skyndu</predplace>
      <ts>2010-02-02T09:49:51Z</ts>
      <source>
        <name>Los Angeles Times</name>
        <ts>2017-09-23T09:42:50Z</ts>
        <createdBy>Emmalynn Maidment</createdBy>
        <approvedBy>Asa Figgess</approvedBy>
      </source>
    </activity>
  </activities>
  <actions>
    <action>
      <url>http://economist.com</url>
      <icon>faCog</icon>
    </action>
    <action>
      <url>http://arizona.edu</url>
      <icon>faCode</icon>
    </action>
    <action>
      <url>http://blinklist.com</url>
      <icon>faSync</icon>
    </action>
  </actions>
</person>