<?xml version="1.0" encoding="UTF-8" standalone="yes"?>
<person>
  <personId>10045</personId>
  <nameGroup>
    <givenname>
      <value>Ricki</value>
    </givenname>
    <surname>
      <value>Lathwood</value>
    </surname>
    <fullname>
      <classification>U</classification>
      <restricted>false</restricted>
      <value>Lathwood Ricki</value>
      <source>
        <name>Washington Post</name>
        <ts>2016-12-16T17:43:29Z</ts>
      </source>
      <source>
        <name>Washington Post</name>
        <ts>2015-02-06T11:36:53Z</ts>
      </source>
    </fullname>
  </nameGroup>
  <emails>
    <email>
      <value>rhalbord0@oracle.com</value>
      <classification>S</classification>
      <restricted>false</restricted>
    </email>
  </emails>
  <phone>539-351-1947</phone>
  <ssn>
    <value>873-84-5732</value>
    <classification>(S)</classification>
  </ssn>
  <images>
    <image>
      <url>https://cdn1.marklogic.com/wp-content/uploads/2018/02/trinh-lieu-profile.jpg</url>
      <source>
        <name>Chicago Tribune</name>
        <ts>2019-12-10T00:55:19Z</ts>
        <uploadedBy>edobbison0</uploadedBy>
      </source>
    </image>
    <image>
      <url>https://cdn1.marklogic.com/wp-content/uploads/2018/01/Alicia-Saia-MarkLogic1.jpg</url>
      <source>
        <name>Wall Street Journal</name>
        <ts>2013-04-16T23:23:20Z</ts>
        <uploadedBy>egyngell0</uploadedBy>
      </source>
    </image>
    <image>
      <url>https://cdn1.marklogic.com/wp-content/uploads/2021/02/1612313387205.jpeg</url>
      <source>
        <name>Chicago Tribune</name>
        <ts>2011-02-17T07:45:12Z</ts>
        <uploadedBy>otenaunt0</uploadedBy>
      </source>
    </image>
    <image>
      <url>https://cdn1.marklogic.com/wp-content/uploads/2018/01/Michael-Malgeri-MarkLogic.jpg</url>
      <source>
        <name>USA Today</name>
        <ts>2014-05-27T06:17:54Z</ts>
        <uploadedBy>cpetzolt0</uploadedBy>
      </source>
    </image>
  </images>
  <addresses>
    <address>
      <street>69 Pierstorff Crossing</street>
      <city>Beaufort</city>
      <state>SC</state>
      <postal>29905</postal>
      <country>United States</country>
      <latitude>32.3401</latitude>
      <longitude>-80.689</longitude>
    </address>
    <address>
      <street>4 Anniversary Plaza</street>
      <city>Columbus</city>
      <state>OH</state>
      <postal>43215</postal>
      <country>United States</country>
      <latitude>39.9671</latitude>
      <longitude>-83.0044</longitude>
    </address>
    <address>
      <street>91 Debs Court</street>
      <city>Bradenton</city>
      <state>FL</state>
      <postal>34205</postal>
      <country>United States</country>
      <latitude>27.4841</latitude>
      <longitude>-82.5834</longitude>
    </address>
  </addresses>
  <schools>
    <school>
      <country>Canada</country>
      <name>Queen's University</name>
      <city>Wingham</city>
      <state>ON</state>
      <postal>T5K</postal>
      <latitude>43.88793</latitude>
      <longitude>-81.31145</longitude>
      <source>
        <name>USA Today</name>
        <ts>2021-01-31T17:01:44Z</ts>
      </source>
      <source>
        <name>New York Times</name>
        <ts>2020-12-07T16:05:02Z</ts>
      </source>
    </school>
  </schools>
  <status>Active</status>
  <sources>
    <source>
      <name>New York Times</name>
      <ts>2021-01-26T03:45:40Z</ts>
    </source>
  </sources>
  <sources>
    <source>
      <name>Los Angeles Times</name>
      <ts>2010-02-03T02:37:05Z</ts>
    </source>
  </sources>
  <relations>
    <relation>
      <id>/person/10099.xml</id>
      <predicate>livesWith</predicate>
      <imageSrc>https://cdn1.marklogic.com/wp-content/uploads/2020/04/JamesKenwood-headshot-600x600-1.jpg</imageSrc>
      <fullname>Hallatt Glad</fullname>
      <city>Raleigh</city>
      <state>NC</state>
    </relation>
    <relation>
      <id>/person/10058.xml</id>
      <predicate>livesWith</predicate>
      <imageSrc>https://cdn1.marklogic.com/wp-content/uploads/2020/11/george-bloom-headshot-300x300-1.jpg</imageSrc>
      <fullname>Stoite Letizia</fullname>
      <city>Raleigh</city>
      <state>NC</state>
    </relation>
    <relation>
      <id>/person/10091.xml</id>
      <predicate>relatedTo</predicate>
      <imageSrc>https://cdn1.marklogic.com/wp-content/uploads/2021/05/IS-headshot.jpeg</imageSrc>
      <fullname>Burditt Miner</fullname>
      <city>El Paso</city>
      <state>TX</state>
    </relation>
  </relations>
  <createdOn>
    <ts>2022-02-21T19:09:34Z</ts>
    <user>rlathwood18</user>
  </createdOn>
  <lastUpdated>
    <ts>2022-01-18T10:26:57Z</ts>
    <user>rlathwood18</user>
  </lastUpdated>
  <socials>
    <social>
      <site>linkedin</site>
      <handle>kleebetter0</handle>
      <address>http://reference.com/duis/faucibus/accumsan/odio/curabitur/convallis/duis.jpg</address>
    </social>
    <social>
      <site>twitter</site>
      <handle/>
      <address>http://pinterest.com/volutpat/quam/pede.js</address>
    </social>
    <social>
      <site>twitter</site>
      <handle>fchillistone2</handle>
      <address>http://howstuffworks.com/sapien/quis.json</address>
    </social>
  </socials>
  <memberships/>
  <links>
    <link>
      <label>Quick View</label>
      <url>https://xing.com</url>
      <icon>faEye</icon>
    </link>
    <link>
      <label>Nomination History</label>
      <url>http://redcross.org</url>
      <icon>faMedal</icon>
    </link>
    <link>
      <label>Comments</label>
      <url>https://ameblo.jp</url>
      <icon>faComments</icon>
    </link>
  </links>
  <activities>
    <activity>
      <predicate>startedAt</predicate>
      <place>Ailane</place>
      <predplace>startedAt Ailane</predplace>
      <ts>2010-08-11T03:59:26Z</ts>
      <source>
        <name>USA Today</name>
        <ts>2021-01-24T17:16:31Z</ts>
        <createdBy>Oliviero Leuren</createdBy>
        <approvedBy>Anne-marie Sarch</approvedBy>
      </source>
    </activity>
    <activity>
      <predicate>startedAt</predicate>
      <place>Thoughtworks</place>
      <predplace>startedAt Thoughtworks</predplace>
      <ts>2015-06-18T03:16:00Z</ts>
      <source>
        <name>New York Times</name>
        <ts>2020-11-02T18:23:21Z</ts>
        <createdBy>Hallsy Mantle</createdBy>
        <approvedBy>Johnathan Greensmith</approvedBy>
      </source>
    </activity>
    <activity>
      <predicate>endedAt</predicate>
      <place>Agivu</place>
      <predplace>endedAt Agivu</predplace>
      <ts>2014-08-02T10:59:40Z</ts>
      <source>
        <name>Chicago Tribune</name>
        <ts>2019-08-01T11:10:45Z</ts>
        <createdBy>Nina Bernth</createdBy>
        <approvedBy>Alexia Simeone</approvedBy>
      </source>
    </activity>
  </activities>
  <actions>
    <action>
      <url>https://live.com</url>
      <icon>faCog</icon>
    </action>
    <action>
      <url>http://berkeley.edu</url>
      <icon>faCode</icon>
    </action>
    <action>
      <url>http://pbs.org</url>
      <icon>faSync</icon>
    </action>
  </actions>
</person>