<?xml version="1.0" encoding="UTF-8" standalone="yes"?>
<person>
  <personId>10042</personId>
  <nameGroup>
    <givenname>
      <value>Camile</value>
    </givenname>
    <surname>
      <value>Harken</value>
    </surname>
    <fullname>
      <classification>S</classification>
      <restricted>false</restricted>
      <value>Harken Camile</value>
      <source>
        <name>USA Today</name>
        <ts>2018-12-29T16:11:03Z</ts>
      </source>
    </fullname>
  </nameGroup>
  <emails>
    <email>
      <value>liannuzzelli0@salon.com</value>
      <classification>S</classification>
      <restricted>false</restricted>
    </email>
    <email>
      <value>ssommerton1@tiny.cc</value>
      <classification>C</classification>
      <restricted>false</restricted>
    </email>
    <email>
      <value>brusse2@delicious.com</value>
      <classification>U</classification>
      <restricted>false</restricted>
    </email>
  </emails>
  <phone>492-207-4770</phone>
  <ssn>
    <value>352-06-4774</value>
    <classification>(S)</classification>
  </ssn>
  <images>
    <image>
      <url>https://cdn1.marklogic.com/wp-content/uploads/2020/04/JamesKenwood-headshot-600x600-1.jpg</url>
      <source>
        <name>Chicago Tribune</name>
        <ts>2015-01-20T00:52:05Z</ts>
        <uploadedBy>ariddington0</uploadedBy>
      </source>
    </image>
    <image>
      <url>https://cdn1.marklogic.com/wp-content/uploads/2020/04/JamesKenwood-headshot-600x600-1.jpg</url>
      <source>
        <name>USA Today</name>
        <ts>2019-03-06T10:14:03Z</ts>
        <uploadedBy>bmaseyk0</uploadedBy>
      </source>
    </image>
    <image>
      <url>https://cdn1.marklogic.com/wp-content/uploads/2021/07/chuck-hollis.jpeg</url>
      <source>
        <name>USA Today</name>
        <ts>2020-09-16T17:12:16Z</ts>
        <uploadedBy>rduggan0</uploadedBy>
      </source>
    </image>
    <image>
      <url>https://cdn1.marklogic.com/wp-content/uploads/2018/02/trinh-lieu-profile.jpg</url>
      <source>
        <name>Chicago Tribune</name>
        <ts>2013-06-06T13:50:10Z</ts>
        <uploadedBy>alaffin0</uploadedBy>
      </source>
    </image>
  </images>
  <addresses>
    <address>
      <street>50113 Main Drive</street>
      <city>Springfield</city>
      <state>MO</state>
      <postal>65810</postal>
      <country>United States</country>
      <latitude>37.1136</latitude>
      <longitude>-93.2896</longitude>
    </address>
    <address>
      <street>657 Michigan Crossing</street>
      <city>Sacramento</city>
      <state>CA</state>
      <postal>95813</postal>
      <country>United States</country>
      <latitude>38.6026</latitude>
      <longitude>-121.4475</longitude>
    </address>
    <address>
      <street>6392 Forest Dale Road</street>
      <city>Fullerton</city>
      <state>CA</state>
      <postal>92835</postal>
      <country>United States</country>
      <latitude>33.8994</latitude>
      <longitude>-117.9063</longitude>
    </address>
  </addresses>
  <schools>
    <school>
      <country>United States</country>
      <name>Northwood University</name>
      <city>London</city>
      <state>KY</state>
      <postal>40745</postal>
      <latitude>37.13</latitude>
      <longitude>-84.08</longitude>
      <source>
        <name>USA Today</name>
        <ts>2012-01-25T09:18:41Z</ts>
      </source>
      <source>
        <name>New York Times</name>
        <ts>2015-01-26T10:14:58Z</ts>
      </source>
      <source>
        <name>Chicago Tribune</name>
        <ts>2018-06-28T14:44:49Z</ts>
      </source>
    </school>
  </schools>
  <status>Inactive</status>
  <sources>
    <source>
      <name>Los Angeles Times</name>
      <ts>2019-11-19T20:47:32Z</ts>
    </source>
  </sources>
  <relations>
    <relation>
      <id>/person/10055.xml</id>
      <predicate>relatedTo</predicate>
      <imageSrc>https://cdn1.marklogic.com/wp-content/uploads/2018/01/Michael-Malgeri-MarkLogic.jpg</imageSrc>
      <fullname>Alekhov Tasha</fullname>
      <city>Midland</city>
      <state>TX</state>
    </relation>
    <relation>
      <id>/person/10030.xml</id>
      <predicate>relatedTo</predicate>
      <imageSrc>https://cdn1.marklogic.com/wp-content/uploads/2020/04/JamesKenwood-headshot-600x600-1.jpg</imageSrc>
      <fullname>Glader Muire</fullname>
      <city>Pensacola</city>
      <state>FL</state>
    </relation>
    <relation>
      <id>/person/10049.xml</id>
      <predicate>worksWith</predicate>
      <imageSrc>https://cdn1.marklogic.com/wp-content/uploads/2020/04/JamesKenwood-headshot-600x600-1.jpg</imageSrc>
      <fullname>Cahey Vin</fullname>
      <city>Columbus</city>
      <state>OH</state>
    </relation>
    <relation>
      <id>/person/10022.xml</id>
      <predicate>relatedTo</predicate>
      <imageSrc>https://cdn1.marklogic.com/wp-content/uploads/2020/04/JamesKenwood-headshot-600x600-1.jpg</imageSrc>
      <fullname>Vaggs Emlyn</fullname>
      <city>Vero Beach</city>
      <state>FL</state>
    </relation>
    <relation>
      <id>/person/10084.xml</id>
      <predicate>livesWith</predicate>
      <imageSrc>https://cdn1.marklogic.com/wp-content/uploads/2021/02/1612313387205.jpeg</imageSrc>
      <fullname>Jager Olivette</fullname>
      <city>Sioux City</city>
      <state>IA</state>
    </relation>
  </relations>
  <createdOn>
    <ts>2022-02-01T15:46:41Z</ts>
    <user>charken15</user>
  </createdOn>
  <lastUpdated>
    <ts>2022-01-06T13:25:06Z</ts>
    <user>charken15</user>
  </lastUpdated>
  <socials>
    <social>
      <site>facebook</site>
      <handle>mwornham0</handle>
      <address>https://people.com.cn/nam/nulla.png</address>
    </social>
  </socials>
  <memberships>
    <membership>
      <list>list7</list>
      <important>false</important>
      <ts>2022-01-07</ts>
    </membership>
    <membership>
      <list>list10</list>
      <important>true</important>
      <ts>2022-02-06</ts>
    </membership>
    <membership>
      <list>list2</list>
      <important>false</important>
      <ts>2022-01-09</ts>
    </membership>
    <membership>
      <list>list1</list>
      <important>true</important>
      <ts>2022-02-12</ts>
    </membership>
  </memberships>
  <links>
    <link>
      <label>Quick View</label>
      <url>https://deliciousdays.com</url>
      <icon>faEye</icon>
    </link>
    <link>
      <label>Nomination History</label>
      <url>http://lycos.com</url>
      <icon>faMedal</icon>
    </link>
    <link>
      <label>Comments</label>
      <url>http://about.me</url>
      <icon>faComments</icon>
    </link>
  </links>
  <activities>
    <activity>
      <predicate>endedAt</predicate>
      <place>Lazzy</place>
      <predplace>endedAt Lazzy</predplace>
      <ts>2012-05-10T11:47:37Z</ts>
      <source>
        <name>USA Today</name>
        <ts>2018-02-06T02:25:05Z</ts>
        <createdBy>Micheil Annice</createdBy>
        <approvedBy>Sophia Baus</approvedBy>
      </source>
    </activity>
    <activity>
      <predicate>transferredTo</predicate>
      <place>Skipfire</place>
      <predplace>transferredTo Skipfire</predplace>
      <ts>2010-12-25T05:05:57Z</ts>
      <source>
        <name>New York Times</name>
        <ts>2018-12-23T00:55:01Z</ts>
        <createdBy>Chadwick Lapidus</createdBy>
        <approvedBy>Dedra Cutler</approvedBy>
      </source>
    </activity>
    <activity>
      <predicate>movedTo</predicate>
      <place>Yozio</place>
      <predplace>movedTo Yozio</predplace>
      <ts>2012-12-19T14:01:05Z</ts>
      <source>
        <name>Chicago Tribune</name>
        <ts>2016-09-21T21:09:01Z</ts>
        <createdBy>Yankee Benediktovich</createdBy>
        <approvedBy>Nadine Lesly</approvedBy>
      </source>
    </activity>
    <activity>
      <predicate>endedAt</predicate>
      <place>Twimm</place>
      <predplace>endedAt Twimm</predplace>
      <ts>2013-07-03T03:27:26Z</ts>
      <source>
        <name>Los Angeles Times</name>
        <ts>2017-06-14T16:13:00Z</ts>
        <createdBy>Romona Volk</createdBy>
        <approvedBy>Inger Bezants</approvedBy>
      </source>
    </activity>
  </activities>
  <actions>
    <action>
      <url>https://engadget.com</url>
      <icon>faCog</icon>
    </action>
    <action>
      <url>https://fotki.com</url>
      <icon>faCode</icon>
    </action>
    <action>
      <url>https://google.es</url>
      <icon>faSync</icon>
    </action>
  </actions>
</person>