<?xml version="1.0" encoding="UTF-8" standalone="yes"?>
<person>
  <personId>10047</personId>
  <nameGroup>
    <givenname>
      <value>Todd</value>
    </givenname>
    <surname>
      <value>Mountford</value>
    </surname>
    <fullname>
      <classification>S</classification>
      <restricted>true</restricted>
      <value>Mountford Todd</value>
      <source>
        <name>Wall Street Journal</name>
        <ts>2019-12-27T07:32:21Z</ts>
      </source>
      <source>
        <name>Los Angeles Times</name>
        <ts>2014-01-09T01:16:27Z</ts>
      </source>
    </fullname>
  </nameGroup>
  <emails>
    <email>
      <value>lcuniam0@pbs.org</value>
      <classification>C</classification>
      <restricted>false</restricted>
    </email>
    <email>
      <value>molagen1@bigcartel.com</value>
      <classification>S</classification>
      <restricted>false</restricted>
    </email>
  </emails>
  <phone>449-539-7808</phone>
  <ssn>
    <value>777-02-3319</value>
    <classification>(S)</classification>
  </ssn>
  <images>
    <image>
      <url>https://cdn1.marklogic.com/wp-content/uploads/2020/04/JamesKenwood-headshot-600x600-1.jpg</url>
      <source>
        <name>New York Times</name>
        <ts>2019-07-18T18:33:54Z</ts>
        <uploadedBy>dbrik0</uploadedBy>
      </source>
    </image>
    <image>
      <url>https://cdn1.marklogic.com/wp-content/uploads/2018/02/trinh-lieu-profile.jpg</url>
      <source>
        <name>Washington Post</name>
        <ts>2020-05-18T21:56:58Z</ts>
        <uploadedBy>eeastup0</uploadedBy>
      </source>
    </image>
    <image>
      <url>https://cdn1.marklogic.com/wp-content/uploads/2020/11/george-bloom-headshot-300x300-1.jpg</url>
      <source>
        <name>New York Times</name>
        <ts>2016-09-16T03:28:24Z</ts>
        <uploadedBy>vchetwin0</uploadedBy>
      </source>
    </image>
    <image>
      <url>https://cdn1.marklogic.com/wp-content/uploads/2021/02/1612313387205.jpeg</url>
      <source>
        <name>Chicago Tribune</name>
        <ts>2010-08-02T05:06:18Z</ts>
        <uploadedBy>baire0</uploadedBy>
      </source>
    </image>
  </images>
  <addresses>
    <address>
      <street>69 Dahle Trail</street>
      <city>Waco</city>
      <state>TX</state>
      <postal>76796</postal>
      <country>United States</country>
      <latitude>31.5915</latitude>
      <longitude>-97.0823</longitude>
    </address>
  </addresses>
  <schools>
    <school>
      <country>United States</country>
      <name>Carnegie Mellon University</name>
      <city>Miami</city>
      <state>FL</state>
      <postal>33169</postal>
      <latitude>25.9400585</latitude>
      <longitude>-80.2153998</longitude>
      <source>
        <name>USA Today</name>
        <ts>2011-10-30T21:32:48Z</ts>
      </source>
    </school>
    <school>
      <country>United States</country>
      <name>Wofford College</name>
      <city>Reston</city>
      <state>VA</state>
      <postal>22096</postal>
      <latitude>38.93</latitude>
      <longitude>-77.4</longitude>
      <source>
        <name>USA Today</name>
        <ts>2013-12-27T14:50:03Z</ts>
      </source>
    </school>
  </schools>
  <status>Active</status>
  <sources>
    <source>
      <name>Wall Street Journal</name>
      <ts>2019-03-02T02:57:55Z</ts>
    </source>
  </sources>
  <sources>
    <source>
      <name>Los Angeles Times</name>
      <ts>2011-06-12T09:28:51Z</ts>
    </source>
  </sources>
  <sources>
    <source>
      <name>Los Angeles Times</name>
      <ts>2011-02-05T18:34:40Z</ts>
    </source>
  </sources>
  <relations>
    <relation>
      <id>/person/10071.xml</id>
      <predicate>livesWith</predicate>
      <imageSrc>https://cdn1.marklogic.com/wp-content/uploads/2018/02/trinh-lieu-profile.jpg</imageSrc>
      <fullname>D'Ugo Ellynn</fullname>
      <city>Reno</city>
      <state>NV</state>
    </relation>
    <relation>
      <id>/person/10036.xml</id>
      <predicate>worksWith</predicate>
      <imageSrc>https://cdn1.marklogic.com/wp-content/uploads/2021/02/1612313387205.jpeg</imageSrc>
      <fullname>Scud Dominica</fullname>
      <city>Vancouver</city>
      <state>WA</state>
    </relation>
    <relation>
      <id>/person/10042.xml</id>
      <predicate>livesWith</predicate>
      <imageSrc>https://cdn1.marklogic.com/wp-content/uploads/2020/04/JamesKenwood-headshot-600x600-1.jpg</imageSrc>
      <fullname>Harken Camile</fullname>
      <city>Springfield</city>
      <state>MO</state>
    </relation>
    <relation>
      <id>/person/10058.xml</id>
      <predicate>worksWith</predicate>
      <imageSrc>https://cdn1.marklogic.com/wp-content/uploads/2020/11/george-bloom-headshot-300x300-1.jpg</imageSrc>
      <fullname>Stoite Letizia</fullname>
      <city>Raleigh</city>
      <state>NC</state>
    </relation>
  </relations>
  <createdOn>
    <ts>2022-01-24T21:39:45Z</ts>
    <user>tmountford1a</user>
  </createdOn>
  <lastUpdated>
    <ts>2022-02-10T06:38:41Z</ts>
    <user>tmountford1a</user>
  </lastUpdated>
  <socials/>
  <memberships>
    <membership>
      <list>list9</list>
      <important>true</important>
      <ts>2022-02-14</ts>
    </membership>
    <membership>
      <list>list6</list>
      <important>true</important>
      <ts>2022-01-14</ts>
    </membership>
    <membership>
      <list>list7</list>
      <important>true</important>
      <ts>2022-01-13</ts>
    </membership>
  </memberships>
  <links>
    <link>
      <label>Quick View</label>
      <url>http://bbc.co.uk</url>
      <icon>faEye</icon>
    </link>
    <link>
      <label>Nomination History</label>
      <url>https://icio.us</url>
      <icon>faMedal</icon>
    </link>
    <link>
      <label>Comments</label>
      <url>https://sciencedirect.com</url>
      <icon>faComments</icon>
    </link>
  </links>
  <activities>
    <activity>
      <predicate>transferredTo</predicate>
      <place>Jamia</place>
      <predplace>transferredTo Jamia</predplace>
      <ts>2014-09-14T23:57:31Z</ts>
      <source>
        <name>USA Today</name>
        <ts>2020-07-26T07:21:41Z</ts>
        <createdBy>Lorita Baxandall</createdBy>
        <approvedBy>Kate Ikins</approvedBy>
      </source>
    </activity>
    <activity>
      <predicate>movedTo</predicate>
      <place>Jaxworks</place>
      <predplace>movedTo Jaxworks</predplace>
      <ts>2010-04-29T17:54:58Z</ts>
      <source>
        <name>New York Times</name>
        <ts>2021-01-09T03:10:21Z</ts>
        <createdBy>Henriette Sizey</createdBy>
        <approvedBy>Mycah Pedreschi</approvedBy>
      </source>
    </activity>
    <activity>
      <predicate>startedAt</predicate>
      <place>Kamba</place>
      <predplace>startedAt Kamba</predplace>
      <ts>2015-01-17T21:45:19Z</ts>
      <source>
        <name>Chicago Tribune</name>
        <ts>2019-07-05T23:53:33Z</ts>
        <createdBy>Elysia Bolstridge</createdBy>
        <approvedBy>Stepha Rushby</approvedBy>
      </source>
    </activity>
    <activity>
      <predicate>transferredTo</predicate>
      <place>Blogspan</place>
      <predplace>transferredTo Blogspan</predplace>
      <ts>2014-08-26T23:36:40Z</ts>
      <source>
        <name>Los Angeles Times</name>
        <ts>2019-06-22T18:52:22Z</ts>
        <createdBy>Michael Seller</createdBy>
        <approvedBy>Cacilia Balog</approvedBy>
      </source>
    </activity>
    <activity>
      <predicate>startedAt</predicate>
      <place>Fivespan</place>
      <predplace>startedAt Fivespan</predplace>
      <ts>2014-04-09T09:44:11Z</ts>
      <source>
        <name>Wall Street Journal</name>
        <ts>2018-04-06T19:33:20Z</ts>
        <createdBy>Ive Scoular</createdBy>
        <approvedBy>Eugine Barwood</approvedBy>
      </source>
    </activity>
    <activity>
      <predicate>endedAt</predicate>
      <place>Wordpedia</place>
      <predplace>endedAt Wordpedia</predplace>
      <ts>2012-09-23T06:45:48Z</ts>
      <source>
        <name>Washington Post</name>
        <ts>2021-01-09T08:55:48Z</ts>
        <createdBy>Jenny Thake</createdBy>
        <approvedBy>Cairistiona Dummigan</approvedBy>
      </source>
    </activity>
    <activity>
      <predicate>startedAt</predicate>
      <place>Ainyx</place>
      <predplace>startedAt Ainyx</predplace>
      <ts>2014-12-11T07:25:22Z</ts>
      <source>
        <name>USA Today</name>
        <ts>2020-08-16T04:11:37Z</ts>
        <createdBy>Nicky Greatreax</createdBy>
        <approvedBy>Terra Kivlehan</approvedBy>
      </source>
    </activity>
  </activities>
  <actions>
    <action>
      <url>http://tmall.com</url>
      <icon>faCog</icon>
    </action>
    <action>
      <url>http://hc360.com</url>
      <icon>faCode</icon>
    </action>
    <action>
      <url>https://sina.com.cn</url>
      <icon>faSync</icon>
    </action>
  </actions>
</person>