<?xml version="1.0" encoding="UTF-8" standalone="yes"?>
<person>
  <personId>10050</personId>
  <nameGroup>
    <givenname>
      <value>Sharity</value>
    </givenname>
    <surname>
      <value>Khotler</value>
    </surname>
    <fullname>
      <classification>S</classification>
      <restricted>true</restricted>
      <value>Khotler Sharity</value>
      <source>
        <name>Chicago Tribune</name>
        <ts>2017-02-24T18:37:35Z</ts>
      </source>
      <source>
        <name>New York Times</name>
        <ts>2018-07-20T18:32:00Z</ts>
      </source>
      <source>
        <name>Washington Post</name>
        <ts>2012-06-05T13:49:02Z</ts>
      </source>
    </fullname>
  </nameGroup>
  <emails>
    <email>
      <value>tfarlow0@omniture.com</value>
      <classification>C</classification>
      <restricted>false</restricted>
    </email>
  </emails>
  <phone>144-308-1057</phone>
  <ssn>
    <value>851-60-2495</value>
    <classification>(S)</classification>
  </ssn>
  <images>
    <image>
      <url>https://cdn1.marklogic.com/wp-content/uploads/2018/01/Diane-Burley-MarkLogic-2015.jpg</url>
      <source>
        <name>Los Angeles Times</name>
        <ts>2011-12-25T10:21:39Z</ts>
        <uploadedBy>sorniz0</uploadedBy>
      </source>
    </image>
    <image>
      <url>https://cdn1.marklogic.com/wp-content/uploads/2021/07/chuck-hollis.jpeg</url>
      <source>
        <name>Wall Street Journal</name>
        <ts>2012-08-23T02:29:17Z</ts>
        <uploadedBy>apolotti0</uploadedBy>
      </source>
    </image>
    <image>
      <url>https://cdn1.marklogic.com/wp-content/uploads/2020/04/JamesKenwood-headshot-600x600-1.jpg</url>
      <source>
        <name>New York Times</name>
        <ts>2017-07-29T14:21:42Z</ts>
        <uploadedBy>amityakov0</uploadedBy>
      </source>
    </image>
  </images>
  <addresses>
    <address>
      <street>60 Luster Hill</street>
      <city>Saint Paul</city>
      <state>MN</state>
      <postal>55114</postal>
      <country>United States</country>
      <latitude>44.968</latitude>
      <longitude>-93.1981</longitude>
    </address>
  </addresses>
  <schools>
    <school>
      <country>United States</country>
      <name>Earlham College</name>
      <city>San Diego</city>
      <state>CA</state>
      <postal>92165</postal>
      <latitude>32.7495898</latitude>
      <longitude>-117.1046198</longitude>
      <source>
        <name>USA Today</name>
        <ts>2010-06-29T04:55:47Z</ts>
      </source>
      <source>
        <name>New York Times</name>
        <ts>2012-11-16T17:54:35Z</ts>
      </source>
    </school>
  </schools>
  <status>Active</status>
  <sources>
    <source>
      <name>Los Angeles Times</name>
      <ts>2019-09-12T13:21:49Z</ts>
    </source>
  </sources>
  <sources>
    <source>
      <name>Chicago Tribune</name>
      <ts>2021-12-06T21:36:26Z</ts>
    </source>
  </sources>
  <sources>
    <source>
      <name>New York Times</name>
      <ts>2014-02-04T06:27:14Z</ts>
    </source>
  </sources>
  <relations>
    <relation>
      <id>/person/10085.xml</id>
      <predicate>relatedTo</predicate>
      <imageSrc>https://cdn1.marklogic.com/wp-content/uploads/2018/01/Diane-Burley-MarkLogic-2015.jpg</imageSrc>
      <fullname>Chadband Jamal</fullname>
      <city>Mobile</city>
      <state>AL</state>
    </relation>
    <relation>
      <id>/person/10032.xml</id>
      <predicate>relatedTo</predicate>
      <imageSrc>https://cdn1.marklogic.com/wp-content/uploads/2020/11/george-bloom-headshot-300x300-1.jpg</imageSrc>
      <fullname>Straine Barbi</fullname>
      <city>Little Rock</city>
      <state>AR</state>
    </relation>
    <relation>
      <id>/person/10077.xml</id>
      <predicate>worksWith</predicate>
      <imageSrc>https://cdn1.marklogic.com/wp-content/uploads/2021/02/1612313387205.jpeg</imageSrc>
      <fullname>Oliff Trudy</fullname>
      <city>Helena</city>
      <state>MT</state>
    </relation>
    <relation>
      <id>/person/10047.xml</id>
      <predicate>livesWith</predicate>
      <imageSrc>https://cdn1.marklogic.com/wp-content/uploads/2020/04/JamesKenwood-headshot-600x600-1.jpg</imageSrc>
      <fullname>Mountford Todd</fullname>
      <city>Waco</city>
      <state>TX</state>
    </relation>
    <relation>
      <id>/person/10089.xml</id>
      <predicate>worksWith</predicate>
      <imageSrc>https://cdn1.marklogic.com/wp-content/uploads/2018/01/Michael-Malgeri-MarkLogic.jpg</imageSrc>
      <fullname>Goolden Wilhelm</fullname>
      <city>Birmingham</city>
      <state>AL</state>
    </relation>
  </relations>
  <createdOn>
    <ts>2022-02-11T04:14:59Z</ts>
    <user>skhotler1d</user>
  </createdOn>
  <lastUpdated>
    <ts>2022-02-05T07:39:42Z</ts>
    <user>skhotler1d</user>
  </lastUpdated>
  <socials/>
  <memberships>
    <membership>
      <list>list3</list>
      <important>true</important>
      <ts>2022-02-24</ts>
    </membership>
    <membership>
      <list>list1</list>
      <important>false</important>
      <ts>2022-01-27</ts>
    </membership>
  </memberships>
  <links>
    <link>
      <label>Quick View</label>
      <url>http://utexas.edu</url>
      <icon>faEye</icon>
    </link>
    <link>
      <label>Nomination History</label>
      <url>http://histats.com</url>
      <icon>faMedal</icon>
    </link>
    <link>
      <label>Comments</label>
      <url>http://pen.io</url>
      <icon>faComments</icon>
    </link>
  </links>
  <activities>
    <activity>
      <predicate>startedAt</predicate>
      <place>Jabbersphere</place>
      <predplace>startedAt Jabbersphere</predplace>
      <ts>2013-02-10T12:36:23Z</ts>
      <source>
        <name>USA Today</name>
        <ts>2016-05-26T00:13:28Z</ts>
        <createdBy>Vanya Carbonell</createdBy>
        <approvedBy>Elfrieda Flecknoe</approvedBy>
      </source>
    </activity>
    <activity>
      <predicate>startedAt</predicate>
      <place>Tagopia</place>
      <predplace>startedAt Tagopia</predplace>
      <ts>2015-01-13T16:49:18Z</ts>
      <source>
        <name>New York Times</name>
        <ts>2019-10-12T19:03:55Z</ts>
        <createdBy>Cherianne Jeaves</createdBy>
        <approvedBy>Myrlene Fellon</approvedBy>
      </source>
    </activity>
    <activity>
      <predicate>endedAt</predicate>
      <place>Jamia</place>
      <predplace>endedAt Jamia</predplace>
      <ts>2012-08-07T16:25:31Z</ts>
      <source>
        <name>Chicago Tribune</name>
        <ts>2019-05-13T08:49:06Z</ts>
        <createdBy>Win Matovic</createdBy>
        <approvedBy>Sarah McKew</approvedBy>
      </source>
    </activity>
    <activity>
      <predicate>movedTo</predicate>
      <place>Yakitri</place>
      <predplace>movedTo Yakitri</predplace>
      <ts>2013-06-28T02:36:15Z</ts>
      <source>
        <name>Los Angeles Times</name>
        <ts>2021-07-26T13:43:32Z</ts>
        <createdBy>Morly Clemo</createdBy>
        <approvedBy>Giraud Gauler</approvedBy>
      </source>
    </activity>
    <activity>
      <predicate>endedAt</predicate>
      <place>Oloo</place>
      <predplace>endedAt Oloo</predplace>
      <ts>2015-07-22T05:23:10Z</ts>
      <source>
        <name>Wall Street Journal</name>
        <ts>2017-04-10T13:43:19Z</ts>
        <createdBy>Bev Gregoratti</createdBy>
        <approvedBy>Rabbi Braunds</approvedBy>
      </source>
    </activity>
    <activity>
      <predicate>transferredTo</predicate>
      <place>Tagpad</place>
      <predplace>transferredTo Tagpad</predplace>
      <ts>2012-02-12T05:55:52Z</ts>
      <source>
        <name>Washington Post</name>
        <ts>2017-09-11T22:50:14Z</ts>
        <createdBy>Duffy Sillito</createdBy>
        <approvedBy>Jaynell Rival</approvedBy>
      </source>
    </activity>
  </activities>
  <actions>
    <action>
      <url>https://tmall.com</url>
      <icon>faCog</icon>
    </action>
    <action>
      <url>https://trellian.com</url>
      <icon>faCode</icon>
    </action>
    <action>
      <url>https://cbc.ca</url>
      <icon>faSync</icon>
    </action>
  </actions>
</person>