<?xml version="1.0" encoding="UTF-8" standalone="yes"?>
<person>
  <personId>10052</personId>
  <nameGroup>
    <givenname>
      <value>Guillemette</value>
    </givenname>
    <surname>
      <value>Hunton</value>
    </surname>
    <fullname>
      <classification>S</classification>
      <restricted>false</restricted>
      <value>Hunton Guillemette</value>
      <source>
        <name>USA Today</name>
        <ts>2010-06-11T08:39:50Z</ts>
      </source>
      <source>
        <name>Los Angeles Times</name>
        <ts>2013-08-17T06:57:25Z</ts>
      </source>
      <source>
        <name>Washington Post</name>
        <ts>2015-01-09T01:09:19Z</ts>
      </source>
    </fullname>
  </nameGroup>
  <emails>
    <email>
      <value>klouisot0@va.gov</value>
      <classification>S</classification>
      <restricted>false</restricted>
    </email>
    <email>
      <value>spollastro1@list-manage.com</value>
      <classification>S</classification>
      <restricted>false</restricted>
    </email>
    <email>
      <value>zmashal2@webnode.com</value>
      <classification>U</classification>
      <restricted>false</restricted>
    </email>
  </emails>
  <phone>833-294-8945</phone>
  <contacts>
    <contact>
      <type>email</type>
      <value>ubryer0@wordpress.org</value>
    </contact>
    <contact>
      <type>email</type>
      <value>dduddan1@pbs.org</value>
    </contact>
    <contact>
      <type>email</type>
      <value>clenoire2@blinklist.com</value>
    </contact>
  </contacts>
  <ssn>
    <value>499-10-5027</value>
    <classification>(S)</classification>
  </ssn>
  <images>
    <image>
      <url>https://cdn1.marklogic.com/wp-content/uploads/2021/05/IS-headshot.jpeg</url>
      <source>
        <name>Washington Post</name>
        <ts>2011-02-13T03:18:47Z</ts>
        <uploadedBy/>
      </source>
    </image>
    <image>
      <url>https://cdn1.marklogic.com/wp-content/uploads/2020/04/JamesKenwood-headshot-600x600-1.jpg</url>
      <source>
        <name>USA Today</name>
        <ts>2010-02-06T13:02:48Z</ts>
        <uploadedBy>hbenedit0</uploadedBy>
      </source>
    </image>
    <image>
      <url>https://cdn1.marklogic.com/wp-content/uploads/2021/07/chuck-hollis.jpeg</url>
      <source>
        <name>USA Today</name>
        <ts>2017-03-05T22:10:10Z</ts>
        <uploadedBy/>
      </source>
    </image>
  </images>
  <addresses>
    <address>
      <street>7145 Forest Run Way</street>
      <city>Nashville</city>
      <state>TN</state>
      <postal>37215</postal>
      <country>United States</country>
      <latitude>36.0986</latitude>
      <longitude>-86.8219</longitude>
    </address>
    <address>
      <street>76 Ridge Oak Street</street>
      <city>New York City</city>
      <state>NY</state>
      <postal>10125</postal>
      <country>United States</country>
      <latitude>40.7808</latitude>
      <longitude>-73.9772</longitude>
    </address>
    <address>
      <street>473 Debs Point</street>
      <city>El Paso</city>
      <state>TX</state>
      <postal>79905</postal>
      <country>United States</country>
      <latitude>31.7674</latitude>
      <longitude>-106.4304</longitude>
    </address>
  </addresses>
  <schools>
    <school>
      <country>Canada</country>
      <name>University of Lethbridge</name>
      <city>Watrous</city>
      <state>SK</state>
      <postal>L9T</postal>
      <latitude>51.66677</latitude>
      <longitude>-105.46788</longitude>
      <source>
        <name>USA Today</name>
        <ts>2016-09-19T13:56:42Z</ts>
      </source>
    </school>
  </schools>
  <status>Inactive</status>
  <sources>
    <source>
      <name>Wall Street Journal</name>
      <ts>2014-12-27T10:22:58Z</ts>
    </source>
  </sources>
  <relations>
    <relation>
      <id>/person/10049.xml</id>
      <predicate>relatedTo</predicate>
      <imageSrc>https://cdn1.marklogic.com/wp-content/uploads/2018/01/Alicia-Saia-MarkLogic1.jpg</imageSrc>
      <fullname>Gatheridge Chip</fullname>
      <city>Washington</city>
      <state>DC</state>
    </relation>
    <relation>
      <id>/person/10001.xml</id>
      <predicate>livesWith</predicate>
      <imageSrc>https://cdn1.marklogic.com/wp-content/uploads/2018/02/trinh-lieu-profile.jpg</imageSrc>
      <fullname>Jarrell Homere</fullname>
      <city>Waterbury</city>
      <state>CT</state>
    </relation>
  </relations>
  <createdOn>
    <ts>2022-01-27T01:16:37Z</ts>
    <user>ghunton1f</user>
  </createdOn>
  <lastUpdated>
    <ts>2022-02-21T02:19:40Z</ts>
    <user>ghunton1f</user>
  </lastUpdated>
  <socials>
    <social>
      <site>facebook</site>
      <handle>agater0</handle>
      <address>http://studiopress.com/arcu/sed/augue.xml</address>
    </social>
    <social>
      <site>facebook</site>
      <handle/>
      <address>https://statcounter.com/in/consequat/ut/nulla.json</address>
    </social>
  </socials>
  <memberships>
    <membership>
      <list>list4</list>
      <important>false</important>
      <ts>2022-01-28</ts>
    </membership>
    <membership>
      <list>list8</list>
      <important>false</important>
      <ts>2022-02-25</ts>
    </membership>
    <membership>
      <list>list12</list>
      <important>false</important>
      <ts>2022-01-13</ts>
    </membership>
    <membership>
      <list>list7</list>
      <important>true</important>
      <ts>2022-02-15</ts>
    </membership>
    <membership>
      <list>list10</list>
      <important>true</important>
      <ts>2022-01-05</ts>
    </membership>
  </memberships>
  <links>
    <link>
      <label>Quick View</label>
      <url>http://live.com</url>
      <icon>faEye</icon>
    </link>
    <link>
      <label>Nomination History</label>
      <url>http://weibo.com</url>
      <icon>faMedal</icon>
    </link>
    <link>
      <label>Comments</label>
      <url>https://fda.gov</url>
      <icon>faComments</icon>
    </link>
  </links>
  <activities>
    <activity>
      <predicate>movedTo</predicate>
      <place>Skaboo</place>
      <predplace>movedTo Skaboo</predplace>
      <ts>2014-06-23T07:43:30Z</ts>
      <source>
        <name>USA Today</name>
        <ts>2020-12-17T22:14:50Z</ts>
        <createdBy>Mohammed Blakeden</createdBy>
        <approvedBy>Stacy Hiland</approvedBy>
      </source>
    </activity>
    <activity>
      <predicate>startedAt</predicate>
      <place>Dynabox</place>
      <predplace>startedAt Dynabox</predplace>
      <ts>2014-02-04T08:17:46Z</ts>
      <source>
        <name>New York Times</name>
        <ts>2021-05-25T00:46:11Z</ts>
        <createdBy>Heather Basketfield</createdBy>
        <approvedBy>Cello Byfford</approvedBy>
      </source>
    </activity>
    <activity>
      <predicate>endedAt</predicate>
      <place>Skajo</place>
      <predplace>endedAt Skajo</predplace>
      <ts>2013-05-08T06:31:41Z</ts>
      <source>
        <name>Chicago Tribune</name>
        <ts>2021-05-11T19:42:41Z</ts>
        <createdBy>Ruprecht Auchterlonie</createdBy>
        <approvedBy>Dulce Hamper</approvedBy>
      </source>
    </activity>
  </activities>
  <events>
    <event>
      <predicate>servedIn</predicate>
      <place>Tanzania</place>
      <predplace>servedIn Tanzania</predplace>
      <end>2018-03-31T08:12:13Z</end>
      <start>2015-11-30T02:33:33Z</start>
    </event>
  </events>
  <actions>
    <action>
      <url>https://answers.com</url>
      <icon>faCog</icon>
    </action>
    <action>
      <url>https://deviantart.com</url>
      <icon>faCode</icon>
    </action>
    <action>
      <url>https://scribd.com</url>
      <icon>faSync</icon>
    </action>
  </actions>
</person>