<?xml version="1.0" encoding="UTF-8" standalone="yes"?>
<person>
  <personId>10057</personId>
  <nameGroup>
    <givenname>
      <value>Thomasin</value>
    </givenname>
    <surname>
      <value>Yarmouth</value>
    </surname>
    <fullname>
      <classification>C</classification>
      <restricted>true</restricted>
      <value>Yarmouth Thomasin</value>
      <source>
        <name>Washington Post</name>
        <ts>2021-10-25T18:39:59Z</ts>
      </source>
      <source>
        <name>New York Times</name>
        <ts>2018-03-21T00:23:35Z</ts>
      </source>
      <source>
        <name>Wall Street Journal</name>
        <ts>2016-05-03T06:40:29Z</ts>
      </source>
    </fullname>
  </nameGroup>
  <emails>
    <email>
      <value>fslidders0@homestead.com</value>
      <classification>C</classification>
      <restricted>false</restricted>
    </email>
    <email>
      <value>hwareham1@redcross.org</value>
      <classification>U</classification>
      <restricted>false</restricted>
    </email>
    <email>
      <value>svalenssmith2@irs.gov</value>
      <classification>C</classification>
      <restricted>false</restricted>
    </email>
  </emails>
  <phone>913-831-1242</phone>
  <contacts>
    <contact>
      <type>phone</type>
      <value>423-904-3546</value>
    </contact>
    <contact>
      <type>email</type>
      <value>pwillbraham1@google.de</value>
    </contact>
    <contact>
      <type>phone</type>
      <value>330-506-0755</value>
    </contact>
  </contacts>
  <ssn>
    <value>791-98-7440</value>
    <classification>(S)</classification>
  </ssn>
  <images>
    <image>
      <url>https://cdn1.marklogic.com/wp-content/uploads/2020/04/JamesKenwood-headshot-600x600-1.jpg</url>
      <source>
        <name>New York Times</name>
        <ts>2015-10-07T20:56:01Z</ts>
        <uploadedBy>fphittiplace0</uploadedBy>
      </source>
    </image>
    <image>
      <url>https://cdn1.marklogic.com/wp-content/uploads/2018/01/headshot_square_286x286.jpg</url>
      <source>
        <name>Chicago Tribune</name>
        <ts>2013-07-09T19:05:28Z</ts>
        <uploadedBy>tdebell0</uploadedBy>
      </source>
    </image>
  </images>
  <addresses>
    <address>
      <street>0 Shelley Place</street>
      <city>Detroit</city>
      <state>MI</state>
      <postal>48224</postal>
      <country>United States</country>
      <latitude>42.4098</latitude>
      <longitude>-82.9441</longitude>
    </address>
    <address>
      <street>176 Armistice Road</street>
      <city>Omaha</city>
      <state>NE</state>
      <postal>68144</postal>
      <country>United States</country>
      <latitude>41.2335</latitude>
      <longitude>-96.1188</longitude>
    </address>
    <address>
      <street>3 Norway Maple Point</street>
      <city>Orlando</city>
      <state>FL</state>
      <postal>32868</postal>
      <country>United States</country>
      <latitude>28.5663</latitude>
      <longitude>-81.2608</longitude>
    </address>
  </addresses>
  <schools>
    <school>
      <country>United States</country>
      <name>The American College</name>
      <city>Oklahoma City</city>
      <state>OK</state>
      <postal>73135</postal>
      <latitude>35.3922378</latitude>
      <longitude>-97.4273195</longitude>
      <source>
        <name>USA Today</name>
        <ts>2020-07-20T22:05:08Z</ts>
      </source>
    </school>
    <school>
      <country>Mexico</country>
      <name>Universidad Veracruzana</name>
      <city>Benito Juarez</city>
      <state>MOR</state>
      <postal>62214</postal>
      <latitude>22.2016816</latitude>
      <longitude>-97.8367954</longitude>
      <source>
        <name>USA Today</name>
        <ts>2011-07-20T06:19:23Z</ts>
      </source>
      <source>
        <name>New York Times</name>
        <ts>2019-06-07T22:30:48Z</ts>
      </source>
    </school>
  </schools>
  <status>Active</status>
  <sources>
    <source>
      <name>Chicago Tribune</name>
      <ts>2014-06-23T06:55:44Z</ts>
    </source>
  </sources>
  <sources>
    <source>
      <name>Wall Street Journal</name>
      <ts>2021-07-14T16:19:59Z</ts>
    </source>
  </sources>
  <relations>
    <relation>
      <id>/person/10080.xml</id>
      <predicate>relatedTo</predicate>
      <imageSrc>https://cdn1.marklogic.com/wp-content/uploads/2020/11/george-bloom-headshot-300x300-1.jpg</imageSrc>
      <fullname>Chesterman Adriane</fullname>
      <city>Helena</city>
      <state>MT</state>
    </relation>
    <relation>
      <id>/person/10079.xml</id>
      <predicate>livesWith</predicate>
      <imageSrc>https://cdn1.marklogic.com/wp-content/uploads/2021/02/1612313387205.jpeg</imageSrc>
      <fullname>Sumpton Ravid</fullname>
      <city>Washington</city>
      <state>DC</state>
    </relation>
    <relation>
      <id>/person/10048.xml</id>
      <predicate>relatedTo</predicate>
      <imageSrc>https://cdn1.marklogic.com/wp-content/uploads/2018/02/trinh-lieu-profile.jpg</imageSrc>
      <fullname>Schwerin Salomone</fullname>
      <city>Alhambra</city>
      <state>CA</state>
    </relation>
  </relations>
  <createdOn>
    <ts>2022-02-22T12:50:46Z</ts>
    <user>tyarmouth1k</user>
  </createdOn>
  <lastUpdated>
    <ts>2022-01-15T22:10:29Z</ts>
    <user>tyarmouth1k</user>
  </lastUpdated>
  <socials>
    <social>
      <site>facebook</site>
      <handle>bburthom0</handle>
      <address>https://cisco.com/mattis/nibh/ligula/nec.html</address>
    </social>
    <social>
      <site>linkedin</site>
      <handle/>
      <address>http://webeden.co.uk/in/porttitor.html</address>
    </social>
    <social>
      <site>twitter</site>
      <handle>kgiffard2</handle>
      <address>https://usgs.gov/nullam/orci/pede/venenatis.html</address>
    </social>
  </socials>
  <memberships>
    <membership>
      <list>list9</list>
      <important>true</important>
      <ts>2022-01-07</ts>
    </membership>
    <membership>
      <list>list3</list>
      <important>true</important>
      <ts>2022-01-03</ts>
    </membership>
    <membership>
      <list>list5</list>
      <important>false</important>
      <ts>2022-02-04</ts>
    </membership>
    <membership>
      <list>list7</list>
      <important>false</important>
      <ts>2022-01-22</ts>
    </membership>
    <membership>
      <list>list11</list>
      <important>false</important>
      <ts>2022-02-23</ts>
    </membership>
    <membership>
      <list>list1</list>
      <important>true</important>
      <ts>2022-01-17</ts>
    </membership>
  </memberships>
  <links>
    <link>
      <label>Quick View</label>
      <url>http://mediafire.com</url>
      <icon>faEye</icon>
    </link>
    <link>
      <label>Nomination History</label>
      <url>https://biglobe.ne.jp</url>
      <icon>faMedal</icon>
    </link>
    <link>
      <label>Comments</label>
      <url>https://joomla.org</url>
      <icon>faComments</icon>
    </link>
  </links>
  <activities>
    <activity>
      <predicate>endedAt</predicate>
      <place>Reallinks</place>
      <predplace>endedAt Reallinks</predplace>
      <ts>2015-04-11T08:19:58Z</ts>
      <source>
        <name>USA Today</name>
        <ts>2021-01-23T22:35:50Z</ts>
        <createdBy>Ricki Charlewood</createdBy>
        <approvedBy>Misha Ragdale</approvedBy>
      </source>
    </activity>
    <activity>
      <predicate>movedTo</predicate>
      <place>Yakidoo</place>
      <predplace>movedTo Yakidoo</predplace>
      <ts>2017-08-07T13:44:49Z</ts>
      <source>
        <name>New York Times</name>
        <ts>2020-09-06T09:50:09Z</ts>
        <createdBy>Cornie Conichie</createdBy>
        <approvedBy>Ingrid Hauxby</approvedBy>
      </source>
    </activity>
  </activities>
  <events>
    <event>
      <predicate>visited</predicate>
      <place>Poland</place>
      <predplace>visited Poland</predplace>
      <end>2018-03-05T01:33:46Z</end>
      <start>2015-12-10T02:53:43Z</start>
    </event>
  </events>
  <actions>
    <action>
      <url>http://de.vu</url>
      <icon>faCog</icon>
    </action>
    <action>
      <url>http://pen.io</url>
      <icon>faCode</icon>
    </action>
    <action>
      <url>http://oracle.com</url>
      <icon>faSync</icon>
    </action>
  </actions>
</person>