<?xml version="1.0" encoding="UTF-8" standalone="yes"?>
<person>
  <personId>10053</personId>
  <nameGroup>
    <givenname>
      <value>Tommi</value>
    </givenname>
    <surname>
      <value>Waby</value>
    </surname>
    <fullname>
      <classification>S</classification>
      <restricted>true</restricted>
      <value>Waby Tommi</value>
      <source>
        <name>Wall Street Journal</name>
        <ts>2015-04-16T17:53:45Z</ts>
      </source>
    </fullname>
  </nameGroup>
  <emails>
    <email>
      <value>bpentony0@indiegogo.com</value>
      <classification>S</classification>
      <restricted>false</restricted>
    </email>
    <email>
      <value>amcphail1@ovh.net</value>
      <classification>U</classification>
      <restricted>false</restricted>
    </email>
  </emails>
  <phone>286-762-4700</phone>
  <ssn>
    <value>257-44-2634</value>
    <classification>(S)</classification>
  </ssn>
  <images>
    <image>
      <url>https://cdn1.marklogic.com/wp-content/uploads/2020/11/george-bloom-headshot-300x300-1.jpg</url>
      <source>
        <name>Los Angeles Times</name>
        <ts>2019-02-22T20:25:19Z</ts>
        <uploadedBy>vgrindle0</uploadedBy>
      </source>
    </image>
    <image>
      <url>https://cdn1.marklogic.com/wp-content/uploads/2018/01/Alicia-Saia-MarkLogic1.jpg</url>
      <source>
        <name>Los Angeles Times</name>
        <ts>2016-07-22T11:56:52Z</ts>
        <uploadedBy>lpruce0</uploadedBy>
      </source>
    </image>
    <image>
      <url>https://cdn1.marklogic.com/wp-content/uploads/2021/05/IS-headshot.jpeg</url>
      <source>
        <name>Los Angeles Times</name>
        <ts>2020-07-24T20:23:01Z</ts>
        <uploadedBy>bdanaher0</uploadedBy>
      </source>
    </image>
  </images>
  <addresses>
    <address>
      <street>150 Hintze Road</street>
      <city>Chicago</city>
      <state>IL</state>
      <postal>60609</postal>
      <country>United States</country>
      <latitude>41.8097</latitude>
      <longitude>-87.6533</longitude>
    </address>
  </addresses>
  <schools>
    <school>
      <country>United States</country>
      <name>St. Bonaventure University</name>
      <city>Arlington</city>
      <state>VA</state>
      <postal>22217</postal>
      <latitude>38.8807023</latitude>
      <longitude>-77.1086041</longitude>
      <source>
        <name>USA Today</name>
        <ts>2017-08-27T04:03:29Z</ts>
      </source>
      <source>
        <name>New York Times</name>
        <ts>2013-08-19T19:32:43Z</ts>
      </source>
    </school>
  </schools>
  <status>Inactive</status>
  <sources>
    <source>
      <name>Chicago Tribune</name>
      <ts>2018-11-08T18:55:04Z</ts>
    </source>
  </sources>
  <relations>
    <relation>
      <id>/person/10004.xml</id>
      <predicate>worksWith</predicate>
      <imageSrc>https://cdn1.marklogic.com/wp-content/uploads/2018/01/Michael-Malgeri-MarkLogic.jpg</imageSrc>
      <fullname>Siege Freeland</fullname>
      <city>Huntington</city>
      <state>WV</state>
    </relation>
    <relation>
      <id>/person/10077.xml</id>
      <predicate>relatedTo</predicate>
      <imageSrc>https://cdn1.marklogic.com/wp-content/uploads/2021/02/1612313387205.jpeg</imageSrc>
      <fullname>Oliff Trudy</fullname>
      <city>Helena</city>
      <state>MT</state>
    </relation>
    <relation>
      <id>/person/10026.xml</id>
      <predicate>worksWith</predicate>
      <imageSrc>https://cdn1.marklogic.com/wp-content/uploads/2018/01/Diane-Burley-MarkLogic-2015.jpg</imageSrc>
      <fullname>Lepoidevin Bary</fullname>
      <city>San Diego</city>
      <state>CA</state>
    </relation>
  </relations>
  <createdOn>
    <ts>2022-01-18T09:20:19Z</ts>
    <user>twaby1g</user>
  </createdOn>
  <lastUpdated>
    <ts>2022-01-16T20:08:23Z</ts>
    <user>twaby1g</user>
  </lastUpdated>
  <socials>
    <social>
      <site>facebook</site>
      <handle>lesh0</handle>
      <address>http://marketwatch.com/nam/ultrices/libero/non/mattis/pulvinar/nulla.jsp</address>
    </social>
  </socials>
  <memberships>
    <membership>
      <list>list6</list>
      <important>true</important>
      <ts>2022-02-13</ts>
    </membership>
    <membership>
      <list>list5</list>
      <important>true</important>
      <ts>2022-01-25</ts>
    </membership>
    <membership>
      <list>list4</list>
      <important>true</important>
      <ts>2022-01-02</ts>
    </membership>
    <membership>
      <list>list6</list>
      <important>false</important>
      <ts>2022-02-03</ts>
    </membership>
    <membership>
      <list>list4</list>
      <important>true</important>
      <ts>2022-02-13</ts>
    </membership>
  </memberships>
  <links>
    <link>
      <label>Quick View</label>
      <url>http://disqus.com</url>
      <icon>faEye</icon>
    </link>
    <link>
      <label>Nomination History</label>
      <url>https://sohu.com</url>
      <icon>faMedal</icon>
    </link>
    <link>
      <label>Comments</label>
      <url>https://blogs.com</url>
      <icon>faComments</icon>
    </link>
  </links>
  <activities>
    <activity>
      <predicate>endedAt</predicate>
      <place>Agimba</place>
      <predplace>endedAt Agimba</predplace>
      <ts>2014-03-24T06:41:56Z</ts>
      <source>
        <name>USA Today</name>
        <ts>2019-12-04T09:32:59Z</ts>
        <createdBy>Doralia Megroff</createdBy>
        <approvedBy>Jethro Vint</approvedBy>
      </source>
    </activity>
    <activity>
      <predicate>movedTo</predicate>
      <place>Youfeed</place>
      <predplace>movedTo Youfeed</predplace>
      <ts>2012-12-07T08:20:18Z</ts>
      <source>
        <name>New York Times</name>
        <ts>2021-03-08T08:15:03Z</ts>
        <createdBy>Dorothy Camelin</createdBy>
        <approvedBy>Meade Vellacott</approvedBy>
      </source>
    </activity>
    <activity>
      <predicate>transferredTo</predicate>
      <place>Mynte</place>
      <predplace>transferredTo Mynte</predplace>
      <ts>2014-01-23T14:44:22Z</ts>
      <source>
        <name>Chicago Tribune</name>
        <ts>2018-01-14T06:59:48Z</ts>
        <createdBy>Salmon Alelsandrowicz</createdBy>
        <approvedBy>Jade Clemes</approvedBy>
      </source>
    </activity>
    <activity>
      <predicate>movedTo</predicate>
      <place>Gigashots</place>
      <predplace>movedTo Gigashots</predplace>
      <ts>2012-08-06T11:35:06Z</ts>
      <source>
        <name>Los Angeles Times</name>
        <ts>2017-05-24T21:29:09Z</ts>
        <createdBy>Ogdan Bedbury</createdBy>
        <approvedBy>Jillie Kearey</approvedBy>
      </source>
    </activity>
    <activity>
      <predicate>transferredTo</predicate>
      <place>Yodoo</place>
      <predplace>transferredTo Yodoo</predplace>
      <ts>2012-11-27T04:52:08Z</ts>
      <source>
        <name>Wall Street Journal</name>
        <ts>2018-07-25T14:17:20Z</ts>
        <createdBy>Sampson Lamburne</createdBy>
        <approvedBy>Yevette Bottby</approvedBy>
      </source>
    </activity>
  </activities>
  <actions>
    <action>
      <url>https://e-recht24.de</url>
      <icon>faCog</icon>
    </action>
    <action>
      <url>https://yellowbook.com</url>
      <icon>faCode</icon>
    </action>
    <action>
      <url>https://stumbleupon.com</url>
      <icon>faSync</icon>
    </action>
  </actions>
</person>