<?xml version="1.0" encoding="UTF-8" standalone="yes"?>
<person>
  <personId>10052</personId>
  <nameGroup>
    <givenname>
      <value>Ariel</value>
    </givenname>
    <surname>
      <value>Posten</value>
    </surname>
    <fullname>
      <classification>S</classification>
      <restricted>false</restricted>
      <value>Posten Ariel</value>
      <source>
        <name>Washington Post</name>
        <ts>2012-11-28T14:54:22Z</ts>
      </source>
      <source>
        <name>Wall Street Journal</name>
        <ts>2018-07-03T01:30:40Z</ts>
      </source>
      <source>
        <name>New York Times</name>
        <ts>2015-08-04T07:02:09Z</ts>
      </source>
    </fullname>
  </nameGroup>
  <emails>
    <email>
      <value>adevries0@godaddy.com</value>
      <classification>U</classification>
      <restricted>false</restricted>
    </email>
    <email>
      <value>jkeegan1@hatena.ne.jp</value>
      <classification>U</classification>
      <restricted>false</restricted>
    </email>
    <email>
      <value>nhaskew2@bigcartel.com</value>
      <classification>U</classification>
      <restricted>false</restricted>
    </email>
  </emails>
  <phone>488-448-2508</phone>
  <ssn>
    <value>572-75-7445</value>
    <classification>(S)</classification>
  </ssn>
  <images>
    <image>
      <url>https://cdn1.marklogic.com/wp-content/uploads/2018/01/Alicia-Saia-MarkLogic1.jpg</url>
      <source>
        <name>Washington Post</name>
        <ts>2017-09-22T01:06:16Z</ts>
        <uploadedBy>gfleetham0</uploadedBy>
      </source>
    </image>
  </images>
  <addresses>
    <address>
      <street>9260 Grim Point</street>
      <city>Fort Worth</city>
      <state>TX</state>
      <postal>76105</postal>
      <country>United States</country>
      <latitude>32.7233</latitude>
      <longitude>-97.269</longitude>
    </address>
    <address>
      <street>17 Darwin Terrace</street>
      <city>Glendale</city>
      <state>CA</state>
      <postal>91210</postal>
      <country>United States</country>
      <latitude>33.7866</latitude>
      <longitude>-118.2987</longitude>
    </address>
  </addresses>
  <schools>
    <school>
      <country>Mexico</country>
      <name>Universidad Autónoma de la Laguna</name>
      <city>Ejidal</city>
      <state>DUR</state>
      <postal>35069</postal>
      <latitude>23.9891132</latitude>
      <longitude>-104.6751805</longitude>
      <source>
        <name>USA Today</name>
        <ts>2013-06-02T15:36:11Z</ts>
      </source>
    </school>
    <school>
      <country>Mexico</country>
      <name>Universidad del Valle del Bravo</name>
      <city>Buenavista</city>
      <state>MEX</state>
      <postal>54414</postal>
      <latitude>19.6267726</latitude>
      <longitude>-99.2993504</longitude>
      <source>
        <name>USA Today</name>
        <ts>2020-06-22T12:45:50Z</ts>
      </source>
      <source>
        <name>New York Times</name>
        <ts>2018-12-27T20:27:55Z</ts>
      </source>
      <source>
        <name>Chicago Tribune</name>
        <ts>2016-09-11T07:22:15Z</ts>
      </source>
    </school>
  </schools>
  <status>Active</status>
  <sources>
    <source>
      <name>Los Angeles Times</name>
      <ts>2011-05-08T15:33:55Z</ts>
    </source>
  </sources>
  <sources>
    <source>
      <name>USA Today</name>
      <ts>2011-02-07T01:54:48Z</ts>
    </source>
  </sources>
  <relations>
    <relation>
      <id>/person/10025.xml</id>
      <predicate>relatedTo</predicate>
      <imageSrc>https://cdn1.marklogic.com/wp-content/uploads/2021/05/IS-headshot.jpeg</imageSrc>
      <fullname>Errol Suzanna</fullname>
      <city>Akron</city>
      <state>OH</state>
    </relation>
    <relation>
      <id>/person/10031.xml</id>
      <predicate>worksWith</predicate>
      <imageSrc>https://cdn1.marklogic.com/wp-content/uploads/2021/05/IS-headshot.jpeg</imageSrc>
      <fullname>Crippell Nevin</fullname>
      <city>Jamaica</city>
      <state>NY</state>
    </relation>
    <relation>
      <id>/person/10087.xml</id>
      <predicate>worksWith</predicate>
      <imageSrc>https://cdn1.marklogic.com/wp-content/uploads/2018/01/Alicia-Saia-MarkLogic1.jpg</imageSrc>
      <fullname>Windless Margaretha</fullname>
      <city>Seattle</city>
      <state>WA</state>
    </relation>
    <relation>
      <id>/person/10032.xml</id>
      <predicate>relatedTo</predicate>
      <imageSrc>https://cdn1.marklogic.com/wp-content/uploads/2020/11/george-bloom-headshot-300x300-1.jpg</imageSrc>
      <fullname>Straine Barbi</fullname>
      <city>Little Rock</city>
      <state>AR</state>
    </relation>
    <relation>
      <id>/person/10058.xml</id>
      <predicate>relatedTo</predicate>
      <imageSrc>https://cdn1.marklogic.com/wp-content/uploads/2020/11/george-bloom-headshot-300x300-1.jpg</imageSrc>
      <fullname>Stoite Letizia</fullname>
      <city>Raleigh</city>
      <state>NC</state>
    </relation>
  </relations>
  <createdOn>
    <ts>2022-01-07T03:37:21Z</ts>
    <user>aposten1f</user>
  </createdOn>
  <lastUpdated>
    <ts>2022-01-15T20:14:28Z</ts>
    <user>aposten1f</user>
  </lastUpdated>
  <socials>
    <social>
      <site>twitter</site>
      <handle>ahuntingdon0</handle>
      <address>https://cornell.edu/blandit/lacinia.json</address>
    </social>
    <social>
      <site>facebook</site>
      <handle>mcampling1</handle>
      <address>https://bing.com/quis/lectus/suspendisse/potenti/in/eleifend/quam.html</address>
    </social>
  </socials>
  <memberships>
    <membership>
      <list>list8</list>
      <important>true</important>
      <ts>2022-02-06</ts>
    </membership>
    <membership>
      <list>list6</list>
      <important>true</important>
      <ts>2022-01-29</ts>
    </membership>
    <membership>
      <list>list4</list>
      <important>true</important>
      <ts>2022-01-18</ts>
    </membership>
    <membership>
      <list>list12</list>
      <important>false</important>
      <ts>2022-01-30</ts>
    </membership>
    <membership>
      <list>list1</list>
      <important>true</important>
      <ts>2022-02-06</ts>
    </membership>
    <membership>
      <list>list10</list>
      <important>true</important>
      <ts>2022-02-19</ts>
    </membership>
  </memberships>
  <links>
    <link>
      <label>Quick View</label>
      <url>https://dedecms.com</url>
      <icon>faEye</icon>
    </link>
    <link>
      <label>Nomination History</label>
      <url>https://goo.gl</url>
      <icon>faMedal</icon>
    </link>
    <link>
      <label>Comments</label>
      <url>http://about.com</url>
      <icon>faComments</icon>
    </link>
  </links>
  <activities>
    <activity>
      <predicate>endedAt</predicate>
      <place>Yotz</place>
      <predplace>endedAt Yotz</predplace>
      <ts>2011-01-10T05:51:02Z</ts>
      <source>
        <name>USA Today</name>
        <ts>2021-10-31T20:32:25Z</ts>
        <createdBy>Kevina Chaff</createdBy>
        <approvedBy>Shelby Craven</approvedBy>
      </source>
    </activity>
    <activity>
      <predicate>transferredTo</predicate>
      <place>Flashdog</place>
      <predplace>transferredTo Flashdog</predplace>
      <ts>2013-05-06T17:10:23Z</ts>
      <source>
        <name>New York Times</name>
        <ts>2018-02-15T23:16:36Z</ts>
        <createdBy>Bud Brixey</createdBy>
        <approvedBy>Gualterio Dunhill</approvedBy>
      </source>
    </activity>
    <activity>
      <predicate>movedTo</predicate>
      <place>Meeveo</place>
      <predplace>movedTo Meeveo</predplace>
      <ts>2011-04-22T17:37:18Z</ts>
      <source>
        <name>Chicago Tribune</name>
        <ts>2016-11-04T04:39:44Z</ts>
        <createdBy>Kelley Wallbrook</createdBy>
        <approvedBy>Sayres Blasing</approvedBy>
      </source>
    </activity>
    <activity>
      <predicate>transferredTo</predicate>
      <place>Gabtune</place>
      <predplace>transferredTo Gabtune</predplace>
      <ts>2010-06-07T00:42:25Z</ts>
      <source>
        <name>Los Angeles Times</name>
        <ts>2016-10-04T10:19:51Z</ts>
        <createdBy>Arlette Rumbold</createdBy>
        <approvedBy>La verne Matokhnin</approvedBy>
      </source>
    </activity>
    <activity>
      <predicate>startedAt</predicate>
      <place>Skimia</place>
      <predplace>startedAt Skimia</predplace>
      <ts>2014-12-20T14:21:46Z</ts>
      <source>
        <name>Wall Street Journal</name>
        <ts>2021-10-21T18:25:07Z</ts>
        <createdBy>Shadow Duplan</createdBy>
        <approvedBy>Gustaf Claige</approvedBy>
      </source>
    </activity>
    <activity>
      <predicate>transferredTo</predicate>
      <place>Kwilith</place>
      <predplace>transferredTo Kwilith</predplace>
      <ts>2015-03-25T10:24:58Z</ts>
      <source>
        <name>Washington Post</name>
        <ts>2022-04-01T10:52:17Z</ts>
        <createdBy>Larine Graser</createdBy>
        <approvedBy>Melesa Howle</approvedBy>
      </source>
    </activity>
    <activity>
      <predicate>endedAt</predicate>
      <place>Fiveclub</place>
      <predplace>endedAt Fiveclub</predplace>
      <ts>2011-05-15T08:55:38Z</ts>
      <source>
        <name>USA Today</name>
        <ts>2017-08-22T07:22:19Z</ts>
        <createdBy>Dasya Hoogendorp</createdBy>
        <approvedBy>Burtie Lune</approvedBy>
      </source>
    </activity>
  </activities>
  <actions>
    <action>
      <url>http://blogtalkradio.com</url>
      <icon>faCog</icon>
    </action>
    <action>
      <url>http://sogou.com</url>
      <icon>faCode</icon>
    </action>
    <action>
      <url>http://umich.edu</url>
      <icon>faSync</icon>
    </action>
  </actions>
</person>