<?xml version="1.0" encoding="UTF-8" standalone="yes"?>
<person>
  <personId>10058</personId>
  <nameGroup>
    <givenname>
      <value>Letizia</value>
    </givenname>
    <surname>
      <value>Stoite</value>
    </surname>
    <fullname>
      <classification>S</classification>
      <restricted>false</restricted>
      <value>Stoite Letizia</value>
      <source>
        <name>Wall Street Journal</name>
        <ts>2012-10-26T18:23:34Z</ts>
      </source>
      <source>
        <name>New York Times</name>
        <ts>2018-02-14T13:29:55Z</ts>
      </source>
    </fullname>
  </nameGroup>
  <emails>
    <email>
      <value>ygaisford0@homestead.com</value>
      <classification>C</classification>
      <restricted>false</restricted>
    </email>
    <email>
      <value>dfishburn1@mediafire.com</value>
      <classification>U</classification>
      <restricted>false</restricted>
    </email>
    <email>
      <value>wgonnelly2@sciencedaily.com</value>
      <classification>C</classification>
      <restricted>false</restricted>
    </email>
  </emails>
  <phone>843-180-4219</phone>
  <ssn>
    <value>818-27-1602</value>
    <classification>(S)</classification>
  </ssn>
  <images>
    <image>
      <url>https://cdn1.marklogic.com/wp-content/uploads/2020/11/george-bloom-headshot-300x300-1.jpg</url>
      <source>
        <name>Los Angeles Times</name>
        <ts>2017-07-06T14:16:50Z</ts>
        <uploadedBy>mvasser0</uploadedBy>
      </source>
    </image>
    <image>
      <url>https://cdn1.marklogic.com/wp-content/uploads/2020/11/george-bloom-headshot-300x300-1.jpg</url>
      <source>
        <name>Washington Post</name>
        <ts>2010-08-15T08:03:50Z</ts>
        <uploadedBy>lsandhill0</uploadedBy>
      </source>
    </image>
    <image>
      <url>https://cdn1.marklogic.com/wp-content/uploads/2018/01/Diane-Burley-MarkLogic-2015.jpg</url>
      <source>
        <name>Los Angeles Times</name>
        <ts>2016-08-09T15:08:27Z</ts>
        <uploadedBy>bperrot0</uploadedBy>
      </source>
    </image>
    <image>
      <url>https://cdn1.marklogic.com/wp-content/uploads/2018/01/Michael-Malgeri-MarkLogic.jpg</url>
      <source>
        <name>Chicago Tribune</name>
        <ts>2015-12-28T12:18:14Z</ts>
        <uploadedBy>bjado0</uploadedBy>
      </source>
    </image>
  </images>
  <addresses>
    <address>
      <street>3 Homewood Lane</street>
      <city>Raleigh</city>
      <state>NC</state>
      <postal>27626</postal>
      <country>United States</country>
      <latitude>35.7977</latitude>
      <longitude>-78.6253</longitude>
    </address>
  </addresses>
  <schools>
    <school>
      <country>Canada</country>
      <name>Mount Saint Vincent University</name>
      <city>Prince Rupert</city>
      <state>BC</state>
      <postal>V8J</postal>
      <latitude>54.311687</latitude>
      <longitude>-130.3293111</longitude>
      <source>
        <name>USA Today</name>
        <ts>2014-06-27T00:48:40Z</ts>
      </source>
      <source>
        <name>New York Times</name>
        <ts>2012-12-06T22:21:35Z</ts>
      </source>
    </school>
  </schools>
  <status>Active</status>
  <sources>
    <source>
      <name>Los Angeles Times</name>
      <ts>2012-02-19T02:32:04Z</ts>
    </source>
  </sources>
  <sources>
    <source>
      <name>Los Angeles Times</name>
      <ts>2017-03-29T17:16:48Z</ts>
    </source>
  </sources>
  <sources>
    <source>
      <name>Wall Street Journal</name>
      <ts>2014-01-02T20:34:11Z</ts>
    </source>
  </sources>
  <relations>
    <relation>
      <id>/person/10100.xml</id>
      <predicate>relatedTo</predicate>
      <imageSrc>https://cdn1.marklogic.com/wp-content/uploads/2018/01/Diane-Burley-MarkLogic-2015.jpg</imageSrc>
      <fullname>Puckett Mortimer</fullname>
      <city>Dallas</city>
      <state>TX</state>
    </relation>
    <relation>
      <id>/person/10053.xml</id>
      <predicate>livesWith</predicate>
      <imageSrc>https://cdn1.marklogic.com/wp-content/uploads/2020/11/george-bloom-headshot-300x300-1.jpg</imageSrc>
      <fullname>Waby Tommi</fullname>
      <city>Chicago</city>
      <state>IL</state>
    </relation>
    <relation>
      <id>/person/10054.xml</id>
      <predicate>livesWith</predicate>
      <imageSrc>https://cdn1.marklogic.com/wp-content/uploads/2021/02/1612313387205.jpeg</imageSrc>
      <fullname>Capponeer Uri</fullname>
      <city>Evanston</city>
      <state>IL</state>
    </relation>
  </relations>
  <createdOn>
    <ts>2022-02-02T13:27:38Z</ts>
    <user>lstoite1l</user>
  </createdOn>
  <lastUpdated>
    <ts>2022-02-23T03:02:30Z</ts>
    <user>lstoite1l</user>
  </lastUpdated>
  <socials>
    <social>
      <site>twitter</site>
      <handle>gwiffler0</handle>
      <address>https://blog.com/tristique/in/tempus/sit.js</address>
    </social>
  </socials>
  <memberships>
    <membership>
      <list>list2</list>
      <important>false</important>
      <ts>2022-02-09</ts>
    </membership>
  </memberships>
  <links>
    <link>
      <label>Quick View</label>
      <url>https://unblog.fr</url>
      <icon>faEye</icon>
    </link>
    <link>
      <label>Nomination History</label>
      <url>http://de.vu</url>
      <icon>faMedal</icon>
    </link>
    <link>
      <label>Comments</label>
      <url>https://spotify.com</url>
      <icon>faComments</icon>
    </link>
  </links>
  <activities>
    <activity>
      <predicate>endedAt</predicate>
      <place>Wordtune</place>
      <predplace>endedAt Wordtune</predplace>
      <ts>2012-11-08T05:20:27Z</ts>
      <source>
        <name>USA Today</name>
        <ts>2020-07-08T13:49:35Z</ts>
        <createdBy>Evered McAreavey</createdBy>
        <approvedBy>Irv Portt</approvedBy>
      </source>
    </activity>
    <activity>
      <predicate>endedAt</predicate>
      <place>JumpXS</place>
      <predplace>endedAt JumpXS</predplace>
      <ts>2010-05-22T23:31:57Z</ts>
      <source>
        <name>New York Times</name>
        <ts>2019-11-11T10:06:04Z</ts>
        <createdBy>Skye Shah</createdBy>
        <approvedBy>Eula Gorring</approvedBy>
      </source>
    </activity>
    <activity>
      <predicate>endedAt</predicate>
      <place>Avamba</place>
      <predplace>endedAt Avamba</predplace>
      <ts>2012-04-23T07:41:08Z</ts>
      <source>
        <name>Chicago Tribune</name>
        <ts>2019-06-30T14:59:19Z</ts>
        <createdBy>Halimeda Purkis</createdBy>
        <approvedBy>Virgilio Feild</approvedBy>
      </source>
    </activity>
    <activity>
      <predicate>transferredTo</predicate>
      <place>Blogtag</place>
      <predplace>transferredTo Blogtag</predplace>
      <ts>2010-04-25T04:21:24Z</ts>
      <source>
        <name>Los Angeles Times</name>
        <ts>2017-04-04T13:27:07Z</ts>
        <createdBy>Lesly Brasse</createdBy>
        <approvedBy>Dall Stoggles</approvedBy>
      </source>
    </activity>
    <activity>
      <predicate>endedAt</predicate>
      <place>Bubbletube</place>
      <predplace>endedAt Bubbletube</predplace>
      <ts>2014-08-19T14:18:02Z</ts>
      <source>
        <name>Wall Street Journal</name>
        <ts>2017-12-05T05:11:39Z</ts>
        <createdBy>Mariann Gouldthorpe</createdBy>
        <approvedBy>Carlin Tomsen</approvedBy>
      </source>
    </activity>
  </activities>
  <actions>
    <action>
      <url>https://hao123.com</url>
      <icon>faCog</icon>
    </action>
    <action>
      <url>http://cbslocal.com</url>
      <icon>faCode</icon>
    </action>
    <action>
      <url>https://boston.com</url>
      <icon>faSync</icon>
    </action>
  </actions>
</person>