<?xml version="1.0" encoding="UTF-8" standalone="yes"?>
<person>
  <personId>10059</personId>
  <nameGroup>
    <givenname>
      <value>Shantee</value>
    </givenname>
    <surname>
      <value>McNabb</value>
    </surname>
    <fullname>
      <classification>U</classification>
      <restricted>true</restricted>
      <value>McNabb Shantee</value>
      <source>
        <name>Los Angeles Times</name>
        <ts>2020-03-24T11:35:52Z</ts>
      </source>
      <source>
        <name>USA Today</name>
        <ts>2012-01-31T09:53:31Z</ts>
      </source>
    </fullname>
  </nameGroup>
  <emails>
    <email>
      <value>jdebney0@sogou.com</value>
      <classification>U</classification>
      <restricted>false</restricted>
    </email>
  </emails>
  <phone>291-698-2730</phone>
  <ssn>
    <value>836-15-9700</value>
    <classification>(S)</classification>
  </ssn>
  <images>
    <image>
      <url>https://cdn1.marklogic.com/wp-content/uploads/2018/01/headshot_square_286x286.jpg</url>
      <source>
        <name>New York Times</name>
        <ts>2017-11-28T08:17:41Z</ts>
        <uploadedBy>tcamellini0</uploadedBy>
      </source>
    </image>
  </images>
  <addresses>
    <address>
      <street>86 Bellgrove Park</street>
      <city>Saint Petersburg</city>
      <state>FL</state>
      <postal>33710</postal>
      <country>United States</country>
      <latitude>27.7898</latitude>
      <longitude>-82.7243</longitude>
    </address>
    <address>
      <street>9029 Northport Alley</street>
      <city>Fairfax</city>
      <state>VA</state>
      <postal>22036</postal>
      <country>United States</country>
      <latitude>38.7351</latitude>
      <longitude>-77.0796</longitude>
    </address>
  </addresses>
  <schools>
    <school>
      <country>United Kingdom</country>
      <name>University of Wales, Newport</name>
      <city>Merton</city>
      <state>ENG</state>
      <postal>SW19</postal>
      <latitude>51.4255297</latitude>
      <longitude>-0.2050566</longitude>
      <source>
        <name>USA Today</name>
        <ts>2013-01-15T17:07:17Z</ts>
      </source>
      <source>
        <name>New York Times</name>
        <ts>2016-05-30T06:33:04Z</ts>
      </source>
      <source>
        <name>Chicago Tribune</name>
        <ts>2015-06-03T12:22:40Z</ts>
      </source>
    </school>
    <school>
      <country>Mexico</country>
      <name>Universidad de Celaya</name>
      <city>Pueblo Nuevo</city>
      <state>MEX</state>
      <postal>52332</postal>
      <latitude>36.438167</latitude>
      <longitude>-105.547392</longitude>
      <source>
        <name>USA Today</name>
        <ts>2016-03-09T02:26:15Z</ts>
      </source>
      <source>
        <name>New York Times</name>
        <ts>2010-12-27T00:55:03Z</ts>
      </source>
    </school>
  </schools>
  <status>Active</status>
  <sources>
    <source>
      <name>Wall Street Journal</name>
      <ts>2020-12-01T16:35:10Z</ts>
    </source>
  </sources>
  <sources>
    <source>
      <name>Los Angeles Times</name>
      <ts>2021-01-29T21:21:34Z</ts>
    </source>
  </sources>
  <relations>
    <relation>
      <id>/person/10024.xml</id>
      <predicate>worksWith</predicate>
      <imageSrc>https://cdn1.marklogic.com/wp-content/uploads/2020/11/george-bloom-headshot-300x300-1.jpg</imageSrc>
      <fullname>Skett Hugues</fullname>
      <city>San Diego</city>
      <state>CA</state>
    </relation>
    <relation>
      <id>/person/10094.xml</id>
      <predicate>livesWith</predicate>
      <imageSrc>https://cdn1.marklogic.com/wp-content/uploads/2021/05/IS-headshot.jpeg</imageSrc>
      <fullname>Brierley Koren</fullname>
      <city>Miami</city>
      <state>FL</state>
    </relation>
  </relations>
  <createdOn>
    <ts>2022-02-02T05:45:05Z</ts>
    <user>smcnabb1m</user>
  </createdOn>
  <lastUpdated>
    <ts>2022-02-02T02:36:45Z</ts>
    <user>smcnabb1m</user>
  </lastUpdated>
  <socials>
    <social>
      <site>facebook</site>
      <handle/>
      <address>https://buzzfeed.com/sem/sed/sagittis/nam/congue/risus/semper.json</address>
    </social>
    <social>
      <site>facebook</site>
      <handle>zsteaning1</handle>
      <address>https://elpais.com/lacus/morbi/sem/mauris/laoreet/ut/rhoncus.jpg</address>
    </social>
    <social>
      <site>facebook</site>
      <handle>jfallows2</handle>
      <address>http://wsj.com/consequat/ut.html</address>
    </social>
  </socials>
  <memberships>
    <membership>
      <list>list8</list>
      <important>true</important>
      <ts>2022-01-18</ts>
    </membership>
    <membership>
      <list>list12</list>
      <important>true</important>
      <ts>2022-02-24</ts>
    </membership>
    <membership>
      <list>list11</list>
      <important>true</important>
      <ts>2022-01-16</ts>
    </membership>
  </memberships>
  <links>
    <link>
      <label>Quick View</label>
      <url>https://google.com.au</url>
      <icon>faEye</icon>
    </link>
    <link>
      <label>Nomination History</label>
      <url>http://plala.or.jp</url>
      <icon>faMedal</icon>
    </link>
    <link>
      <label>Comments</label>
      <url>https://dailymotion.com</url>
      <icon>faComments</icon>
    </link>
  </links>
  <activities>
    <activity>
      <predicate>transferredTo</predicate>
      <place>Leexo</place>
      <predplace>transferredTo Leexo</predplace>
      <ts>2014-12-22T17:46:53Z</ts>
      <source>
        <name>USA Today</name>
        <ts>2018-07-05T06:23:48Z</ts>
        <createdBy>Daniella Karoly</createdBy>
        <approvedBy>Melodee Smurfit</approvedBy>
      </source>
    </activity>
    <activity>
      <predicate>transferredTo</predicate>
      <place>Voomm</place>
      <predplace>transferredTo Voomm</predplace>
      <ts>2013-10-02T02:00:02Z</ts>
      <source>
        <name>New York Times</name>
        <ts>2020-06-20T00:03:50Z</ts>
        <createdBy>Elyssa Fincke</createdBy>
        <approvedBy>Mikel Hardaker</approvedBy>
      </source>
    </activity>
    <activity>
      <predicate>transferredTo</predicate>
      <place>Linkbridge</place>
      <predplace>transferredTo Linkbridge</predplace>
      <ts>2014-04-19T14:11:14Z</ts>
      <source>
        <name>Chicago Tribune</name>
        <ts>2019-08-29T23:46:12Z</ts>
        <createdBy>Bel Dyer</createdBy>
        <approvedBy>Tresa Lamplugh</approvedBy>
      </source>
    </activity>
    <activity>
      <predicate>startedAt</predicate>
      <place>Edgewire</place>
      <predplace>startedAt Edgewire</predplace>
      <ts>2015-05-28T18:17:54Z</ts>
      <source>
        <name>Los Angeles Times</name>
        <ts>2019-09-20T22:50:47Z</ts>
        <createdBy>Kayla Sarver</createdBy>
        <approvedBy>Viola De Ruel</approvedBy>
      </source>
    </activity>
  </activities>
  <actions>
    <action>
      <url>http://usa.gov</url>
      <icon>faCog</icon>
    </action>
    <action>
      <url>http://taobao.com</url>
      <icon>faCode</icon>
    </action>
    <action>
      <url>http://newsvine.com</url>
      <icon>faSync</icon>
    </action>
  </actions>
</person>