<?xml version="1.0" encoding="UTF-8" standalone="yes"?>
<person>
  <personId>10057</personId>
  <nameGroup>
    <givenname>
      <value>Kristyn</value>
    </givenname>
    <surname>
      <value>Haycock</value>
    </surname>
    <fullname>
      <classification>U</classification>
      <restricted>true</restricted>
      <value>Haycock Kristyn</value>
      <source>
        <name>USA Today</name>
        <ts>2021-01-22T03:26:54Z</ts>
      </source>
      <source>
        <name>USA Today</name>
        <ts>2016-09-28T02:18:19Z</ts>
      </source>
    </fullname>
  </nameGroup>
  <emails>
    <email>
      <value>grichold0@ovh.net</value>
      <classification>S</classification>
      <restricted>false</restricted>
    </email>
  </emails>
  <phone>379-963-9033</phone>
  <ssn>
    <value>140-38-7093</value>
    <classification>(S)</classification>
  </ssn>
  <images>
    <image>
      <url>https://cdn1.marklogic.com/wp-content/uploads/2018/01/Michael-Malgeri-MarkLogic.jpg</url>
      <source>
        <name>Los Angeles Times</name>
        <ts>2017-10-22T12:22:01Z</ts>
        <uploadedBy>ccaunter0</uploadedBy>
      </source>
    </image>
    <image>
      <url>https://cdn1.marklogic.com/wp-content/uploads/2021/07/chuck-hollis.jpeg</url>
      <source>
        <name>Chicago Tribune</name>
        <ts>2017-04-28T16:24:04Z</ts>
        <uploadedBy>tlighton0</uploadedBy>
      </source>
    </image>
    <image>
      <url>https://cdn1.marklogic.com/wp-content/uploads/2020/11/george-bloom-headshot-300x300-1.jpg</url>
      <source>
        <name>Wall Street Journal</name>
        <ts>2019-10-02T15:36:41Z</ts>
        <uploadedBy>lmartinez0</uploadedBy>
      </source>
    </image>
  </images>
  <addresses>
    <address>
      <street>7 Kipling Place</street>
      <city>Silver Spring</city>
      <state>MD</state>
      <postal>20910</postal>
      <country>United States</country>
      <latitude>38.9982</latitude>
      <longitude>-77.0338</longitude>
    </address>
    <address>
      <street>43 Helena Center</street>
      <city>Missoula</city>
      <state>MT</state>
      <postal>59806</postal>
      <country>United States</country>
      <latitude>47.116</latitude>
      <longitude>-114.0498</longitude>
    </address>
  </addresses>
  <schools>
    <school>
      <country>Mexico</country>
      <name>Universidad del Valle del Bravo</name>
      <city>Libertad</city>
      <state>SON</state>
      <postal>83450</postal>
      <latitude>19.4779768</latitude>
      <longitude>-99.1771001</longitude>
      <source>
        <name>USA Today</name>
        <ts>2015-09-28T09:50:38Z</ts>
      </source>
      <source>
        <name>New York Times</name>
        <ts>2021-05-20T10:05:14Z</ts>
      </source>
    </school>
  </schools>
  <status>Active</status>
  <sources>
    <source>
      <name>Washington Post</name>
      <ts>2013-06-27T10:28:06Z</ts>
    </source>
  </sources>
  <sources>
    <source>
      <name>Los Angeles Times</name>
      <ts>2019-04-04T10:00:31Z</ts>
    </source>
  </sources>
  <sources>
    <source>
      <name>Chicago Tribune</name>
      <ts>2013-12-21T13:34:02Z</ts>
    </source>
  </sources>
  <relations>
    <relation>
      <id>/person/10096.xml</id>
      <predicate>livesWith</predicate>
      <imageSrc>https://cdn1.marklogic.com/wp-content/uploads/2021/02/1612313387205.jpeg</imageSrc>
      <fullname>Rowden Franny</fullname>
      <city>Cincinnati</city>
      <state>OH</state>
    </relation>
    <relation>
      <id>/person/10075.xml</id>
      <predicate>relatedTo</predicate>
      <imageSrc>https://cdn1.marklogic.com/wp-content/uploads/2021/05/IS-headshot.jpeg</imageSrc>
      <fullname>Winskill Babette</fullname>
      <city>Ogden</city>
      <state>UT</state>
    </relation>
  </relations>
  <createdOn>
    <ts>2022-01-11T15:47:16Z</ts>
    <user>khaycock1k</user>
  </createdOn>
  <lastUpdated>
    <ts>2022-01-03T22:10:43Z</ts>
    <user>khaycock1k</user>
  </lastUpdated>
  <socials>
    <social>
      <site>linkedin</site>
      <handle>mcarnall0</handle>
      <address>http://nih.gov/hac/habitasse.aspx</address>
    </social>
    <social>
      <site>twitter</site>
      <handle>afarrears1</handle>
      <address>http://psu.edu/imperdiet/sapien/urna/pretium/nisl/ut.png</address>
    </social>
    <social>
      <site>linkedin</site>
      <handle>varnke2</handle>
      <address>http://baidu.com/felis/ut/at.js</address>
    </social>
  </socials>
  <memberships>
    <membership>
      <list>list5</list>
      <important>false</important>
      <ts>2022-01-16</ts>
    </membership>
    <membership>
      <list>list3</list>
      <important>false</important>
      <ts>2022-01-25</ts>
    </membership>
    <membership>
      <list>list3</list>
      <important>false</important>
      <ts>2022-01-13</ts>
    </membership>
  </memberships>
  <links>
    <link>
      <label>Quick View</label>
      <url>https://dedecms.com</url>
      <icon>faEye</icon>
    </link>
    <link>
      <label>Nomination History</label>
      <url>https://youtu.be</url>
      <icon>faMedal</icon>
    </link>
    <link>
      <label>Comments</label>
      <url>http://usnews.com</url>
      <icon>faComments</icon>
    </link>
  </links>
  <activities>
    <activity>
      <predicate>movedTo</predicate>
      <place>Wordpedia</place>
      <predplace>movedTo Wordpedia</predplace>
      <ts>2011-03-08T07:15:12Z</ts>
      <source>
        <name>USA Today</name>
        <ts>2017-08-26T17:21:36Z</ts>
        <createdBy>Jethro Farny</createdBy>
        <approvedBy>Keeley Hann</approvedBy>
      </source>
    </activity>
    <activity>
      <predicate>movedTo</predicate>
      <place>Dabvine</place>
      <predplace>movedTo Dabvine</predplace>
      <ts>2010-06-14T09:24:15Z</ts>
      <source>
        <name>New York Times</name>
        <ts>2016-11-12T22:37:45Z</ts>
        <createdBy>Rebeca Speak</createdBy>
        <approvedBy>Aleece Frentz</approvedBy>
      </source>
    </activity>
    <activity>
      <predicate>movedTo</predicate>
      <place>Mudo</place>
      <predplace>movedTo Mudo</predplace>
      <ts>2013-05-13T20:14:02Z</ts>
      <source>
        <name>Chicago Tribune</name>
        <ts>2017-01-13T18:58:09Z</ts>
        <createdBy>Dicky Abercromby</createdBy>
        <approvedBy>Merralee Sisson</approvedBy>
      </source>
    </activity>
    <activity>
      <predicate>endedAt</predicate>
      <place>Mycat</place>
      <predplace>endedAt Mycat</predplace>
      <ts>2014-08-18T15:37:41Z</ts>
      <source>
        <name>Los Angeles Times</name>
        <ts>2019-06-04T12:36:28Z</ts>
        <createdBy>Gaile Gledhall</createdBy>
        <approvedBy>Yorgo Grunbaum</approvedBy>
      </source>
    </activity>
    <activity>
      <predicate>movedTo</predicate>
      <place>Shufflebeat</place>
      <predplace>movedTo Shufflebeat</predplace>
      <ts>2010-08-24T11:38:49Z</ts>
      <source>
        <name>Wall Street Journal</name>
        <ts>2021-05-25T06:48:59Z</ts>
        <createdBy>Rheta Blackey</createdBy>
        <approvedBy>Reggi Netti</approvedBy>
      </source>
    </activity>
    <activity>
      <predicate>transferredTo</predicate>
      <place>Wikibox</place>
      <predplace>transferredTo Wikibox</predplace>
      <ts>2015-04-01T01:39:01Z</ts>
      <source>
        <name>Washington Post</name>
        <ts>2021-12-28T16:19:24Z</ts>
        <createdBy>Devy Rivelon</createdBy>
        <approvedBy>Horten Hagart</approvedBy>
      </source>
    </activity>
    <activity>
      <predicate>transferredTo</predicate>
      <place>Skaboo</place>
      <predplace>transferredTo Skaboo</predplace>
      <ts>2015-07-13T17:18:19Z</ts>
      <source>
        <name>USA Today</name>
        <ts>2018-09-19T03:10:49Z</ts>
        <createdBy>Shirley Tiley</createdBy>
        <approvedBy>Jae Kellick</approvedBy>
      </source>
    </activity>
  </activities>
  <actions>
    <action>
      <url>https://foxnews.com</url>
      <icon>faCog</icon>
    </action>
    <action>
      <url>https://drupal.org</url>
      <icon>faCode</icon>
    </action>
    <action>
      <url>https://fotki.com</url>
      <icon>faSync</icon>
    </action>
  </actions>
</person>