<?xml version="1.0" encoding="UTF-8" standalone="yes"?>
<person>
  <personId>10051</personId>
  <nameGroup>
    <givenname>
      <value>Meryl</value>
    </givenname>
    <surname>
      <value>Truckell</value>
    </surname>
    <fullname>
      <classification>U</classification>
      <restricted>true</restricted>
      <value>Truckell Meryl</value>
      <source>
        <name>Chicago Tribune</name>
        <ts>2020-11-02T05:39:57Z</ts>
      </source>
    </fullname>
  </nameGroup>
  <emails>
    <email>
      <value>eclabburn0@time.com</value>
      <classification>S</classification>
      <restricted>false</restricted>
    </email>
    <email>
      <value>jdranfield1@g.co</value>
      <classification>S</classification>
      <restricted>false</restricted>
    </email>
  </emails>
  <phone>437-459-2305</phone>
  <contacts>
    <contact>
      <type>email</type>
      <value>rbarrar0@reverbnation.com</value>
    </contact>
    <contact>
      <type>email</type>
      <value>khuncote1@dropbox.com</value>
    </contact>
    <contact>
      <type>phone</type>
      <value>147-279-1964</value>
    </contact>
  </contacts>
  <ssn>
    <value>360-98-9077</value>
    <classification>(S)</classification>
  </ssn>
  <images>
    <image>
      <url>https://cdn1.marklogic.com/wp-content/uploads/2020/04/JamesKenwood-headshot-600x600-1.jpg</url>
      <source>
        <name>New York Times</name>
        <ts>2016-03-08T16:38:31Z</ts>
        <uploadedBy>ecasper0</uploadedBy>
      </source>
    </image>
    <image>
      <url>https://cdn1.marklogic.com/wp-content/uploads/2018/01/Michael-Malgeri-MarkLogic.jpg</url>
      <source>
        <name>USA Today</name>
        <ts>2018-09-29T07:02:39Z</ts>
        <uploadedBy>wtwatt0</uploadedBy>
      </source>
    </image>
    <image>
      <url>https://cdn1.marklogic.com/wp-content/uploads/2018/01/Alicia-Saia-MarkLogic1.jpg</url>
      <source>
        <name>New York Times</name>
        <ts>2014-09-26T00:36:57Z</ts>
        <uploadedBy>mskarman0</uploadedBy>
      </source>
    </image>
  </images>
  <addresses>
    <address>
      <street>48773 3rd Trail</street>
      <city>San Bernardino</city>
      <state>CA</state>
      <postal>92410</postal>
      <country>United States</country>
      <latitude>34.1069</latitude>
      <longitude>-117.2975</longitude>
    </address>
  </addresses>
  <schools>
    <school>
      <country>Mexico</country>
      <name>Universidad Anáhuac</name>
      <city>Los Angeles</city>
      <state>SIN</state>
      <postal>81426</postal>
      <latitude>25.4765601</latitude>
      <longitude>-108.0887656</longitude>
      <source>
        <name>USA Today</name>
        <ts>2019-06-11T00:25:25Z</ts>
      </source>
      <source>
        <name>New York Times</name>
        <ts>2017-06-06T05:00:53Z</ts>
      </source>
      <source>
        <name>Chicago Tribune</name>
        <ts>2015-04-13T15:35:15Z</ts>
      </source>
    </school>
    <school>
      <country>Canada</country>
      <name>Augustana University College</name>
      <city>Arnprior</city>
      <state>ON</state>
      <postal>K7S</postal>
      <latitude>45.4331407</latitude>
      <longitude>-76.3609305</longitude>
      <source>
        <name>USA Today</name>
        <ts>2010-03-06T11:44:14Z</ts>
      </source>
      <source>
        <name>New York Times</name>
        <ts>2014-12-19T08:39:50Z</ts>
      </source>
    </school>
  </schools>
  <status>Active</status>
  <sources>
    <source>
      <name>USA Today</name>
      <ts>2014-12-09T18:22:56Z</ts>
    </source>
  </sources>
  <relations>
    <relation>
      <id>/person/10069.xml</id>
      <predicate>worksWith</predicate>
      <imageSrc>https://cdn1.marklogic.com/wp-content/uploads/2021/05/IS-headshot.jpeg</imageSrc>
      <fullname>Rowcastle Livy</fullname>
      <city>Chicago</city>
      <state>IL</state>
    </relation>
    <relation>
      <id>/person/10003.xml</id>
      <predicate>worksWith</predicate>
      <imageSrc>https://cdn1.marklogic.com/wp-content/uploads/2021/07/chuck-hollis.jpeg</imageSrc>
      <fullname>Iiannoni Sara</fullname>
      <city>Asheville</city>
      <state>NC</state>
    </relation>
    <relation>
      <id>/person/10072.xml</id>
      <predicate>relatedTo</predicate>
      <imageSrc>https://cdn1.marklogic.com/wp-content/uploads/2018/01/headshot_square_286x286.jpg</imageSrc>
      <fullname>Falk Taryn</fullname>
      <city>Baton Rouge</city>
      <state>LA</state>
    </relation>
    <relation>
      <id>/person/10016.xml</id>
      <predicate>relatedTo</predicate>
      <imageSrc>https://cdn1.marklogic.com/wp-content/uploads/2021/05/IS-headshot.jpeg</imageSrc>
      <fullname>Patek Veronica</fullname>
      <city>Milwaukee</city>
      <state>WI</state>
    </relation>
  </relations>
  <createdOn>
    <ts>2022-02-21T12:49:16Z</ts>
    <user>mtruckell1e</user>
  </createdOn>
  <lastUpdated>
    <ts>2022-01-23T06:05:40Z</ts>
    <user>mtruckell1e</user>
  </lastUpdated>
  <socials>
    <social>
      <site>facebook</site>
      <handle>pmeriet0</handle>
      <address>http://wikimedia.org/nec/molestie/sed.jsp</address>
    </social>
  </socials>
  <memberships>
    <membership>
      <list>list8</list>
      <important>true</important>
      <ts>2022-01-08</ts>
    </membership>
    <membership>
      <list>list7</list>
      <important>false</important>
      <ts>2022-01-08</ts>
    </membership>
  </memberships>
  <links>
    <link>
      <label>Quick View</label>
      <url>https://reverbnation.com</url>
      <icon>faEye</icon>
    </link>
    <link>
      <label>Nomination History</label>
      <url>https://lulu.com</url>
      <icon>faMedal</icon>
    </link>
    <link>
      <label>Comments</label>
      <url>http://google.cn</url>
      <icon>faComments</icon>
    </link>
  </links>
  <activities>
    <activity>
      <predicate>endedAt</predicate>
      <place>Skajo</place>
      <predplace>endedAt Skajo</predplace>
      <ts>2012-06-02T07:15:03Z</ts>
      <source>
        <name>USA Today</name>
        <ts>2020-10-14T08:43:32Z</ts>
        <createdBy>Trever Volk</createdBy>
        <approvedBy>Othelia Tomini</approvedBy>
      </source>
    </activity>
    <activity>
      <predicate>startedAt</predicate>
      <place>Devcast</place>
      <predplace>startedAt Devcast</predplace>
      <ts>2013-08-04T04:43:35Z</ts>
      <source>
        <name>New York Times</name>
        <ts>2020-09-29T00:23:20Z</ts>
        <createdBy>Larina Rooke</createdBy>
        <approvedBy>Wallis Shafe</approvedBy>
      </source>
    </activity>
    <activity>
      <predicate>movedTo</predicate>
      <place>Twimbo</place>
      <predplace>movedTo Twimbo</predplace>
      <ts>2018-12-17T01:19:29Z</ts>
      <source>
        <name>Chicago Tribune</name>
        <ts>2020-08-25T19:15:41Z</ts>
        <createdBy>Saree Bonnier</createdBy>
        <approvedBy>Rooney Eveque</approvedBy>
      </source>
    </activity>
  </activities>
  <events>
    <event>
      <predicate>livedIn</predicate>
      <place>China</place>
      <predplace>livedIn China</predplace>
      <end>2018-01-14T16:28:09Z</end>
      <start>2014-05-02T20:22:42Z</start>
    </event>
  </events>
  <actions>
    <action>
      <url>http://mac.com</url>
      <icon>faCog</icon>
    </action>
    <action>
      <url>http://nature.com</url>
      <icon>faCode</icon>
    </action>
    <action>
      <url>https://umn.edu</url>
      <icon>faSync</icon>
    </action>
  </actions>
</person>