<?xml version="1.0" encoding="UTF-8" standalone="yes"?>
<person>
  <personId>10055</personId>
  <nameGroup>
    <givenname>
      <value>Yancey</value>
    </givenname>
    <surname>
      <value>Bresman</value>
    </surname>
    <fullname>
      <classification>C</classification>
      <restricted>false</restricted>
      <value>Bresman Yancey</value>
      <source>
        <name>New York Times</name>
        <ts>2011-08-06T19:53:54Z</ts>
      </source>
      <source>
        <name>Los Angeles Times</name>
        <ts>2012-06-29T18:38:27Z</ts>
      </source>
    </fullname>
  </nameGroup>
  <emails>
    <email>
      <value>bhuby0@homestead.com</value>
      <classification>U</classification>
      <restricted>false</restricted>
    </email>
  </emails>
  <phone>521-163-9269</phone>
  <contacts>
    <contact>
      <type>email</type>
      <value>frunnalls0@goo.gl</value>
    </contact>
    <contact>
      <type>email</type>
      <value>ostrothers1@time.com</value>
    </contact>
    <contact>
      <type>phone</type>
      <value>857-260-6806</value>
    </contact>
  </contacts>
  <ssn>
    <value>428-58-2764</value>
    <classification>(S)</classification>
  </ssn>
  <images>
    <image>
      <url>https://cdn1.marklogic.com/wp-content/uploads/2018/01/headshot_square_286x286.jpg</url>
      <source>
        <name>USA Today</name>
        <ts>2021-10-20T04:19:25Z</ts>
        <uploadedBy>nadamik0</uploadedBy>
      </source>
    </image>
    <image>
      <url>https://cdn1.marklogic.com/wp-content/uploads/2018/01/headshot_square_286x286.jpg</url>
      <source>
        <name>New York Times</name>
        <ts>2012-11-18T20:27:34Z</ts>
        <uploadedBy>dkerwood0</uploadedBy>
      </source>
    </image>
    <image>
      <url>https://cdn1.marklogic.com/wp-content/uploads/2018/01/Diane-Burley-MarkLogic-2015.jpg</url>
      <source>
        <name>USA Today</name>
        <ts>2021-12-17T14:02:41Z</ts>
        <uploadedBy>mrontsch0</uploadedBy>
      </source>
    </image>
  </images>
  <addresses>
    <address>
      <street>25 Prentice Drive</street>
      <city>Baltimore</city>
      <state>MD</state>
      <postal>21203</postal>
      <country>United States</country>
      <latitude>39.2847</latitude>
      <longitude>-76.6205</longitude>
    </address>
    <address>
      <street>37 Artisan Park</street>
      <city>Durham</city>
      <state>NC</state>
      <postal>27705</postal>
      <country>United States</country>
      <latitude>36.0218</latitude>
      <longitude>-78.9478</longitude>
    </address>
  </addresses>
  <schools>
    <school>
      <country>United States</country>
      <name>Hodges University</name>
      <city>Saint Petersburg</city>
      <state>FL</state>
      <postal>33715</postal>
      <latitude>27.6581078</latitude>
      <longitude>-82.7293193</longitude>
      <source>
        <name>USA Today</name>
        <ts>2014-11-04T16:40:29Z</ts>
      </source>
    </school>
  </schools>
  <status>Inactive</status>
  <sources>
    <source>
      <name>Wall Street Journal</name>
      <ts>2019-12-31T17:24:29Z</ts>
    </source>
  </sources>
  <sources>
    <source>
      <name>Wall Street Journal</name>
      <ts>2010-09-04T10:44:50Z</ts>
    </source>
  </sources>
  <relations>
    <relation>
      <id>/person/10026.xml</id>
      <predicate>worksWith</predicate>
      <imageSrc>https://cdn1.marklogic.com/wp-content/uploads/2021/02/1612313387205.jpeg</imageSrc>
      <fullname>Trippack Jens</fullname>
      <city>Lees Summit</city>
      <state>MO</state>
    </relation>
    <relation>
      <id>/person/10080.xml</id>
      <predicate>relatedTo</predicate>
      <imageSrc>https://cdn1.marklogic.com/wp-content/uploads/2020/11/george-bloom-headshot-300x300-1.jpg</imageSrc>
      <fullname>Chesterman Adriane</fullname>
      <city>Helena</city>
      <state>MT</state>
    </relation>
    <relation>
      <id>/person/10082.xml</id>
      <predicate>relatedTo</predicate>
      <imageSrc>https://cdn1.marklogic.com/wp-content/uploads/2018/02/trinh-lieu-profile.jpg</imageSrc>
      <fullname>Hallor Misty</fullname>
      <city>Springfield</city>
      <state>MO</state>
    </relation>
  </relations>
  <createdOn>
    <ts>2022-01-06T07:40:21Z</ts>
    <user>ybresman1i</user>
  </createdOn>
  <lastUpdated>
    <ts>2022-01-31T20:32:22Z</ts>
    <user>ybresman1i</user>
  </lastUpdated>
  <socials>
    <social>
      <site>linkedin</site>
      <handle>gpemberton0</handle>
      <address>https://narod.ru/cursus/id/turpis/integer/aliquet/massa.xml</address>
    </social>
  </socials>
  <memberships>
    <membership>
      <list>list6</list>
      <important>true</important>
      <ts>2022-01-06</ts>
    </membership>
  </memberships>
  <links>
    <link>
      <label>Quick View</label>
      <url>https://example.com</url>
      <icon>faEye</icon>
    </link>
    <link>
      <label>Nomination History</label>
      <url>https://multiply.com</url>
      <icon>faMedal</icon>
    </link>
    <link>
      <label>Comments</label>
      <url>http://reddit.com</url>
      <icon>faComments</icon>
    </link>
  </links>
  <activities>
    <activity>
      <predicate>startedAt</predicate>
      <place>Dazzlesphere</place>
      <predplace>startedAt Dazzlesphere</predplace>
      <ts>2012-04-28T09:18:09Z</ts>
      <source>
        <name>USA Today</name>
        <ts>2020-07-04T21:57:18Z</ts>
        <createdBy>Jon Franceschi</createdBy>
        <approvedBy>Betsy Dilger</approvedBy>
      </source>
    </activity>
    <activity>
      <predicate>transferredTo</predicate>
      <place>Topicware</place>
      <predplace>transferredTo Topicware</predplace>
      <ts>2015-02-09T05:48:24Z</ts>
      <source>
        <name>New York Times</name>
        <ts>2020-11-02T18:14:14Z</ts>
        <createdBy>Terra Tomasini</createdBy>
        <approvedBy>Abel Fullman</approvedBy>
      </source>
    </activity>
    <activity>
      <predicate>startedAt</predicate>
      <place>Skyba</place>
      <predplace>startedAt Skyba</predplace>
      <ts>2019-11-01T21:23:38Z</ts>
      <source>
        <name>Chicago Tribune</name>
        <ts>2021-03-11T15:38:25Z</ts>
        <createdBy>Dennet Bardsley</createdBy>
        <approvedBy>Marshal January</approvedBy>
      </source>
    </activity>
    <activity>
      <predicate>movedTo</predicate>
      <place>Shuffledrive</place>
      <predplace>movedTo Shuffledrive</predplace>
      <ts>2014-01-10T15:49:40Z</ts>
      <source>
        <name>Los Angeles Times</name>
        <ts>2021-04-07T01:16:55Z</ts>
        <createdBy>Harry Reuble</createdBy>
        <approvedBy>Esmaria Raubenheimer</approvedBy>
      </source>
    </activity>
    <activity>
      <predicate>movedTo</predicate>
      <place>Realblab</place>
      <predplace>movedTo Realblab</predplace>
      <ts>2013-02-06T23:45:59Z</ts>
      <source>
        <name>Wall Street Journal</name>
        <ts>2020-06-09T05:10:19Z</ts>
        <createdBy>Oralla Temby</createdBy>
        <approvedBy>Marcille Esmonde</approvedBy>
      </source>
    </activity>
  </activities>
  <events>
    <event>
      <predicate>visited</predicate>
      <place>Russia</place>
      <predplace>visited Russia</predplace>
      <end>2017-06-06T14:44:56Z</end>
      <start>2016-01-16T11:54:06Z</start>
    </event>
  </events>
  <actions>
    <action>
      <url>http://is.gd</url>
      <icon>faCog</icon>
    </action>
    <action>
      <url>https://oracle.com</url>
      <icon>faCode</icon>
    </action>
    <action>
      <url>http://vk.com</url>
      <icon>faSync</icon>
    </action>
  </actions>
</person>