<?xml version="1.0" encoding="UTF-8" standalone="yes"?>
<person>
  <personId>10055</personId>
  <nameGroup>
    <givenname>
      <value>Tasha</value>
    </givenname>
    <surname>
      <value>Alekhov</value>
    </surname>
    <fullname>
      <classification>U</classification>
      <restricted>true</restricted>
      <value>Alekhov Tasha</value>
      <source>
        <name>Los Angeles Times</name>
        <ts>2016-11-14T11:07:52Z</ts>
      </source>
      <source>
        <name>USA Today</name>
        <ts>2010-04-05T17:05:00Z</ts>
      </source>
    </fullname>
  </nameGroup>
  <emails>
    <email>
      <value>hladbrook0@instagram.com</value>
      <classification>U</classification>
      <restricted>false</restricted>
    </email>
    <email>
      <value>gbonick1@liveinternet.ru</value>
      <classification>C</classification>
      <restricted>false</restricted>
    </email>
    <email>
      <value>abaitson2@networksolutions.com</value>
      <classification>C</classification>
      <restricted>false</restricted>
    </email>
  </emails>
  <phone>595-995-9478</phone>
  <ssn>
    <value>624-24-4909</value>
    <classification>(S)</classification>
  </ssn>
  <images>
    <image>
      <url>https://cdn1.marklogic.com/wp-content/uploads/2018/01/Michael-Malgeri-MarkLogic.jpg</url>
      <source>
        <name>USA Today</name>
        <ts>2011-03-09T01:40:04Z</ts>
        <uploadedBy>mgrigoriscu0</uploadedBy>
      </source>
    </image>
    <image>
      <url>https://cdn1.marklogic.com/wp-content/uploads/2021/07/chuck-hollis.jpeg</url>
      <source>
        <name>Chicago Tribune</name>
        <ts>2019-01-21T14:59:47Z</ts>
        <uploadedBy>igudgin0</uploadedBy>
      </source>
    </image>
  </images>
  <addresses>
    <address>
      <street>6728 Kensington Hill</street>
      <city>Midland</city>
      <state>TX</state>
      <postal>79705</postal>
      <country>United States</country>
      <latitude>32.0295</latitude>
      <longitude>-102.0915</longitude>
    </address>
  </addresses>
  <schools>
    <school>
      <country>United States</country>
      <name>Kirkwood Community College</name>
      <city>San Diego</city>
      <state>CA</state>
      <postal>92132</postal>
      <latitude>32.7150419</latitude>
      <longitude>-117.1724288</longitude>
      <source>
        <name>USA Today</name>
        <ts>2015-05-03T21:21:20Z</ts>
      </source>
    </school>
  </schools>
  <status>Inactive</status>
  <sources>
    <source>
      <name>Chicago Tribune</name>
      <ts>2013-07-14T17:16:07Z</ts>
    </source>
  </sources>
  <relations>
    <relation>
      <id>/person/10074.xml</id>
      <predicate>worksWith</predicate>
      <imageSrc>https://cdn1.marklogic.com/wp-content/uploads/2018/02/trinh-lieu-profile.jpg</imageSrc>
      <fullname>Dadd Daniele</fullname>
      <city>Charlotte</city>
      <state>NC</state>
    </relation>
    <relation>
      <id>/person/10085.xml</id>
      <predicate>relatedTo</predicate>
      <imageSrc>https://cdn1.marklogic.com/wp-content/uploads/2018/01/Diane-Burley-MarkLogic-2015.jpg</imageSrc>
      <fullname>Chadband Jamal</fullname>
      <city>Mobile</city>
      <state>AL</state>
    </relation>
  </relations>
  <createdOn>
    <ts>2022-02-04T23:07:43Z</ts>
    <user>talekhov1i</user>
  </createdOn>
  <lastUpdated>
    <ts>2022-01-20T16:58:50Z</ts>
    <user>talekhov1i</user>
  </lastUpdated>
  <socials>
    <social>
      <site>twitter</site>
      <handle>mbows0</handle>
      <address>https://businessinsider.com/pede.png</address>
    </social>
    <social>
      <site>linkedin</site>
      <handle>fdaborn1</handle>
      <address>https://blog.com/lacus/morbi/sem.aspx</address>
    </social>
  </socials>
  <memberships>
    <membership>
      <list>list7</list>
      <important>true</important>
      <ts>2022-02-12</ts>
    </membership>
    <membership>
      <list>list12</list>
      <important>true</important>
      <ts>2022-01-18</ts>
    </membership>
    <membership>
      <list>list7</list>
      <important>false</important>
      <ts>2022-01-23</ts>
    </membership>
  </memberships>
  <links>
    <link>
      <label>Quick View</label>
      <url>http://google.de</url>
      <icon>faEye</icon>
    </link>
    <link>
      <label>Nomination History</label>
      <url>http://last.fm</url>
      <icon>faMedal</icon>
    </link>
    <link>
      <label>Comments</label>
      <url>https://theglobeandmail.com</url>
      <icon>faComments</icon>
    </link>
  </links>
  <activities>
    <activity>
      <predicate>transferredTo</predicate>
      <place>Topdrive</place>
      <predplace>transferredTo Topdrive</predplace>
      <ts>2014-01-09T09:34:45Z</ts>
      <source>
        <name>USA Today</name>
        <ts>2016-05-20T13:20:22Z</ts>
        <createdBy>Patten Le Noury</createdBy>
        <approvedBy>Leon O'Monahan</approvedBy>
      </source>
    </activity>
    <activity>
      <predicate>transferredTo</predicate>
      <place>Skipfire</place>
      <predplace>transferredTo Skipfire</predplace>
      <ts>2010-06-02T06:04:17Z</ts>
      <source>
        <name>New York Times</name>
        <ts>2018-10-31T10:35:45Z</ts>
        <createdBy>Cesar Lindroos</createdBy>
        <approvedBy>Dianna MacSweeney</approvedBy>
      </source>
    </activity>
    <activity>
      <predicate>endedAt</predicate>
      <place>Chatterpoint</place>
      <predplace>endedAt Chatterpoint</predplace>
      <ts>2015-03-10T23:07:27Z</ts>
      <source>
        <name>Chicago Tribune</name>
        <ts>2020-08-02T18:00:22Z</ts>
        <createdBy>Ingeborg Peter</createdBy>
        <approvedBy>Kelbee Lovejoy</approvedBy>
      </source>
    </activity>
    <activity>
      <predicate>startedAt</predicate>
      <place>Topdrive</place>
      <predplace>startedAt Topdrive</predplace>
      <ts>2013-02-24T06:15:07Z</ts>
      <source>
        <name>Los Angeles Times</name>
        <ts>2017-02-26T21:41:21Z</ts>
        <createdBy>Jenelle Legan</createdBy>
        <approvedBy>Charlotte Reimer</approvedBy>
      </source>
    </activity>
  </activities>
  <actions>
    <action>
      <url>http://paginegialle.it</url>
      <icon>faCog</icon>
    </action>
    <action>
      <url>https://hostgator.com</url>
      <icon>faCode</icon>
    </action>
    <action>
      <url>https://gizmodo.com</url>
      <icon>faSync</icon>
    </action>
  </actions>
</person>