<?xml version="1.0" encoding="UTF-8" standalone="yes"?>
<person>
  <personId>10056</personId>
  <nameGroup>
    <givenname>
      <value>Ethelyn</value>
    </givenname>
    <surname>
      <value>Sexstone</value>
    </surname>
    <fullname>
      <classification>U</classification>
      <restricted>false</restricted>
      <value>Sexstone Ethelyn</value>
      <source>
        <name>Chicago Tribune</name>
        <ts>2014-10-27T19:12:05Z</ts>
      </source>
      <source>
        <name>Los Angeles Times</name>
        <ts>2011-02-20T18:45:50Z</ts>
      </source>
    </fullname>
  </nameGroup>
  <emails>
    <email>
      <value>ckobpal0@wp.com</value>
      <classification>U</classification>
      <restricted>false</restricted>
    </email>
  </emails>
  <phone>996-655-5089</phone>
  <ssn>
    <value>260-78-6429</value>
    <classification>(S)</classification>
  </ssn>
  <images>
    <image>
      <url>https://cdn1.marklogic.com/wp-content/uploads/2020/04/JamesKenwood-headshot-600x600-1.jpg</url>
      <source>
        <name>USA Today</name>
        <ts>2020-04-24T07:45:34Z</ts>
        <uploadedBy>sdavidman0</uploadedBy>
      </source>
    </image>
    <image>
      <url>https://cdn1.marklogic.com/wp-content/uploads/2018/01/headshot_square_286x286.jpg</url>
      <source>
        <name>Wall Street Journal</name>
        <ts>2012-11-06T04:44:15Z</ts>
        <uploadedBy>dbarnby0</uploadedBy>
      </source>
    </image>
    <image>
      <url>https://cdn1.marklogic.com/wp-content/uploads/2021/07/chuck-hollis.jpeg</url>
      <source>
        <name>Wall Street Journal</name>
        <ts>2017-07-11T14:50:21Z</ts>
        <uploadedBy>naskew0</uploadedBy>
      </source>
    </image>
  </images>
  <addresses>
    <address>
      <street>81496 Myrtle Hill</street>
      <city>Huntington</city>
      <state>WV</state>
      <postal>25716</postal>
      <country>United States</country>
      <latitude>38.4134</latitude>
      <longitude>-82.2774</longitude>
    </address>
  </addresses>
  <schools>
    <school>
      <country>United States</country>
      <name>Montreat College</name>
      <city>Saint Paul</city>
      <state>MN</state>
      <postal>55188</postal>
      <latitude>44.9468994</latitude>
      <longitude>-92.9105987</longitude>
      <source>
        <name>USA Today</name>
        <ts>2018-02-25T15:57:42Z</ts>
      </source>
      <source>
        <name>New York Times</name>
        <ts>2012-03-01T00:58:53Z</ts>
      </source>
    </school>
  </schools>
  <status>Active</status>
  <sources>
    <source>
      <name>USA Today</name>
      <ts>2011-09-11T03:37:11Z</ts>
    </source>
  </sources>
  <relations>
    <relation>
      <id>/person/10012.xml</id>
      <predicate>livesWith</predicate>
      <imageSrc>https://cdn1.marklogic.com/wp-content/uploads/2018/02/trinh-lieu-profile.jpg</imageSrc>
      <fullname>Duddle Weider</fullname>
      <city>Tulsa</city>
      <state>OK</state>
    </relation>
    <relation>
      <id>/person/10013.xml</id>
      <predicate>relatedTo</predicate>
      <imageSrc>https://cdn1.marklogic.com/wp-content/uploads/2020/11/george-bloom-headshot-300x300-1.jpg</imageSrc>
      <fullname>Goulding Gerry</fullname>
      <city>West Palm Beach</city>
      <state>FL</state>
    </relation>
  </relations>
  <createdOn>
    <ts>2022-02-03T11:26:20Z</ts>
    <user>esexstone1j</user>
  </createdOn>
  <lastUpdated>
    <ts>2022-02-11T12:32:52Z</ts>
    <user>esexstone1j</user>
  </lastUpdated>
  <socials/>
  <memberships/>
  <links>
    <link>
      <label>Quick View</label>
      <url>http://jalbum.net</url>
      <icon>faEye</icon>
    </link>
    <link>
      <label>Nomination History</label>
      <url>http://typepad.com</url>
      <icon>faMedal</icon>
    </link>
    <link>
      <label>Comments</label>
      <url>http://reuters.com</url>
      <icon>faComments</icon>
    </link>
  </links>
  <activities>
    <activity>
      <predicate>endedAt</predicate>
      <place>Skinder</place>
      <predplace>endedAt Skinder</predplace>
      <ts>2011-12-23T21:14:07Z</ts>
      <source>
        <name>USA Today</name>
        <ts>2022-04-08T21:48:25Z</ts>
        <createdBy>Bryon Bezzant</createdBy>
        <approvedBy>Sharyl Brilleman</approvedBy>
      </source>
    </activity>
    <activity>
      <predicate>startedAt</predicate>
      <place>Tekfly</place>
      <predplace>startedAt Tekfly</predplace>
      <ts>2012-12-12T17:00:54Z</ts>
      <source>
        <name>New York Times</name>
        <ts>2017-06-15T04:12:42Z</ts>
        <createdBy>Iggie Spink</createdBy>
        <approvedBy>Douglass Tighe</approvedBy>
      </source>
    </activity>
    <activity>
      <predicate>startedAt</predicate>
      <place>Devshare</place>
      <predplace>startedAt Devshare</predplace>
      <ts>2015-03-14T00:27:22Z</ts>
      <source>
        <name>Chicago Tribune</name>
        <ts>2021-02-23T04:09:25Z</ts>
        <createdBy>Arly Mc Meekan</createdBy>
        <approvedBy>Dolf Agirre</approvedBy>
      </source>
    </activity>
    <activity>
      <predicate>startedAt</predicate>
      <place>Gabcube</place>
      <predplace>startedAt Gabcube</predplace>
      <ts>2015-03-24T12:27:51Z</ts>
      <source>
        <name>Los Angeles Times</name>
        <ts>2016-06-30T13:31:16Z</ts>
        <createdBy>Tadio Bensusan</createdBy>
        <approvedBy>Baryram Mattek</approvedBy>
      </source>
    </activity>
    <activity>
      <predicate>movedTo</predicate>
      <place>Browsecat</place>
      <predplace>movedTo Browsecat</predplace>
      <ts>2014-08-26T10:00:06Z</ts>
      <source>
        <name>Wall Street Journal</name>
        <ts>2021-09-10T10:56:45Z</ts>
        <createdBy>Brinna Palister</createdBy>
        <approvedBy>Garret Dunaway</approvedBy>
      </source>
    </activity>
  </activities>
  <actions>
    <action>
      <url>https://tuttocitta.it</url>
      <icon>faCog</icon>
    </action>
    <action>
      <url>https://soup.io</url>
      <icon>faCode</icon>
    </action>
    <action>
      <url>https://canalblog.com</url>
      <icon>faSync</icon>
    </action>
  </actions>
</person>