<?xml version="1.0" encoding="UTF-8" standalone="yes"?>
<person>
  <personId>10058</personId>
  <nameGroup>
    <givenname>
      <value>Caresa</value>
    </givenname>
    <surname>
      <value>Domonkos</value>
    </surname>
    <fullname>
      <classification>C</classification>
      <restricted>true</restricted>
      <value>Domonkos Caresa</value>
      <source>
        <name>Chicago Tribune</name>
        <ts>2017-02-14T09:10:50Z</ts>
      </source>
      <source>
        <name>New York Times</name>
        <ts>2011-09-07T17:37:46Z</ts>
      </source>
      <source>
        <name>Chicago Tribune</name>
        <ts>2011-05-25T07:22:42Z</ts>
      </source>
    </fullname>
  </nameGroup>
  <emails>
    <email>
      <value>alayne0@mysql.com</value>
      <classification>S</classification>
      <restricted>false</restricted>
    </email>
    <email>
      <value>vsanper1@barnesandnoble.com</value>
      <classification>C</classification>
      <restricted>false</restricted>
    </email>
  </emails>
  <phone>295-859-0051</phone>
  <contacts>
    <contact>
      <type>phone</type>
      <value>729-264-3012</value>
    </contact>
    <contact>
      <type>email</type>
      <value>jconniam1@jugem.jp</value>
    </contact>
    <contact>
      <type>phone</type>
      <value>509-332-4211</value>
    </contact>
  </contacts>
  <ssn>
    <value>641-61-9276</value>
    <classification>(S)</classification>
  </ssn>
  <images>
    <image>
      <url>https://cdn1.marklogic.com/wp-content/uploads/2018/01/Michael-Malgeri-MarkLogic.jpg</url>
      <source>
        <name>Washington Post</name>
        <ts>2015-07-06T06:55:17Z</ts>
        <uploadedBy>jkopke0</uploadedBy>
      </source>
    </image>
  </images>
  <addresses>
    <address>
      <street>3830 Butterfield Trail</street>
      <city>Louisville</city>
      <state>KY</state>
      <postal>40225</postal>
      <country>United States</country>
      <latitude>38.189</latitude>
      <longitude>-85.6768</longitude>
    </address>
  </addresses>
  <schools>
    <school>
      <country>United States</country>
      <name>Millikin University</name>
      <city>Springfield</city>
      <state>IL</state>
      <postal>62711</postal>
      <latitude>39.7443294</latitude>
      <longitude>-89.7286056</longitude>
      <source>
        <name>USA Today</name>
        <ts>2021-04-12T01:31:01Z</ts>
      </source>
      <source>
        <name>New York Times</name>
        <ts>2017-01-10T16:32:29Z</ts>
      </source>
    </school>
  </schools>
  <status>Active</status>
  <sources>
    <source>
      <name>Chicago Tribune</name>
      <ts>2016-11-24T01:34:12Z</ts>
    </source>
  </sources>
  <relations>
    <relation>
      <id>/person/10078.xml</id>
      <predicate>livesWith</predicate>
      <imageSrc>https://cdn1.marklogic.com/wp-content/uploads/2018/01/Diane-Burley-MarkLogic-2015.jpg</imageSrc>
      <fullname>Petras Kip</fullname>
      <city>Omaha</city>
      <state>NE</state>
    </relation>
    <relation>
      <id>/person/10048.xml</id>
      <predicate>livesWith</predicate>
      <imageSrc>https://cdn1.marklogic.com/wp-content/uploads/2018/02/trinh-lieu-profile.jpg</imageSrc>
      <fullname>Schwerin Salomone</fullname>
      <city>Alhambra</city>
      <state>CA</state>
    </relation>
    <relation>
      <id>/person/10038.xml</id>
      <predicate>worksWith</predicate>
      <imageSrc>https://cdn1.marklogic.com/wp-content/uploads/2021/07/chuck-hollis.jpeg</imageSrc>
      <fullname>Pippin Shelby</fullname>
      <city>New Orleans</city>
      <state>LA</state>
    </relation>
    <relation>
      <id>/person/10018.xml</id>
      <predicate>worksWith</predicate>
      <imageSrc>https://cdn1.marklogic.com/wp-content/uploads/2021/05/IS-headshot.jpeg</imageSrc>
      <fullname>O'Leahy Evangelia</fullname>
      <city>Washington</city>
      <state>DC</state>
    </relation>
    <relation>
      <id>/person/10062.xml</id>
      <predicate>worksWith</predicate>
      <imageSrc>https://cdn1.marklogic.com/wp-content/uploads/2018/01/Diane-Burley-MarkLogic-2015.jpg</imageSrc>
      <fullname>Drust Fayette</fullname>
      <city>Miami</city>
      <state>FL</state>
    </relation>
  </relations>
  <createdOn>
    <ts>2022-02-01T01:41:10Z</ts>
    <user>cdomonkos1l</user>
  </createdOn>
  <lastUpdated>
    <ts>2022-01-22T00:24:55Z</ts>
    <user>cdomonkos1l</user>
  </lastUpdated>
  <socials>
    <social>
      <site>linkedin</site>
      <handle>bjoire0</handle>
      <address>https://nifty.com/tortor/risus/dapibus.xml</address>
    </social>
    <social>
      <site>twitter</site>
      <handle>clomansey1</handle>
      <address>http://geocities.com/dolor/morbi.jpg</address>
    </social>
    <social>
      <site>facebook</site>
      <handle/>
      <address>http://china.com.cn/gravida/nisi/at/nibh/in/hac.js</address>
    </social>
  </socials>
  <memberships>
    <membership>
      <list>list12</list>
      <important>true</important>
      <ts>2022-02-21</ts>
    </membership>
  </memberships>
  <links>
    <link>
      <label>Quick View</label>
      <url>https://dailymotion.com</url>
      <icon>faEye</icon>
    </link>
    <link>
      <label>Nomination History</label>
      <url>http://amazon.com</url>
      <icon>faMedal</icon>
    </link>
    <link>
      <label>Comments</label>
      <url>http://nifty.com</url>
      <icon>faComments</icon>
    </link>
  </links>
  <activities>
    <activity>
      <predicate>startedAt</predicate>
      <place>Fivespan</place>
      <predplace>startedAt Fivespan</predplace>
      <ts>2018-03-08T09:26:40Z</ts>
      <source>
        <name>USA Today</name>
        <ts>2020-01-24T12:09:56Z</ts>
        <createdBy>Derry Jacques</createdBy>
        <approvedBy>Jay Wiggett</approvedBy>
      </source>
    </activity>
    <activity>
      <predicate>transferredTo</predicate>
      <place>Babbleblab</place>
      <predplace>transferredTo Babbleblab</predplace>
      <ts>2019-12-17T01:20:28Z</ts>
      <source>
        <name>New York Times</name>
        <ts>2020-11-25T06:21:40Z</ts>
        <createdBy>Scarface Urlin</createdBy>
        <approvedBy>Virgilio Melross</approvedBy>
      </source>
    </activity>
    <activity>
      <predicate>movedTo</predicate>
      <place>Skyvu</place>
      <predplace>movedTo Skyvu</predplace>
      <ts>2020-02-26T12:43:01Z</ts>
      <source>
        <name>Chicago Tribune</name>
        <ts>2020-09-11T00:35:29Z</ts>
        <createdBy>Lockwood Pasek</createdBy>
        <approvedBy>Adore McGinly</approvedBy>
      </source>
    </activity>
    <activity>
      <predicate>endedAt</predicate>
      <place>Centidel</place>
      <predplace>endedAt Centidel</predplace>
      <ts>2018-06-02T10:58:25Z</ts>
      <source>
        <name>Los Angeles Times</name>
        <ts>2021-11-14T12:04:07Z</ts>
        <createdBy>Jaine McVaugh</createdBy>
        <approvedBy>Tamqrah Tighe</approvedBy>
      </source>
    </activity>
  </activities>
  <events>
    <event>
      <predicate>livedIn</predicate>
      <place>Russia</place>
      <predplace>livedIn Russia</predplace>
      <end>2017-12-02T09:15:27Z</end>
      <start>2016-05-03T05:42:13Z</start>
    </event>
  </events>
  <actions>
    <action>
      <url>https://bloglines.com</url>
      <icon>faCog</icon>
    </action>
    <action>
      <url>https://dyndns.org</url>
      <icon>faCode</icon>
    </action>
    <action>
      <url>http://uiuc.edu</url>
      <icon>faSync</icon>
    </action>
  </actions>
</person>