<?xml version="1.0" encoding="UTF-8" standalone="yes"?>
<person>
  <personId>10054</personId>
  <nameGroup>
    <givenname>
      <value>Uri</value>
    </givenname>
    <surname>
      <value>Capponeer</value>
    </surname>
    <fullname>
      <classification>S</classification>
      <restricted>false</restricted>
      <value>Capponeer Uri</value>
      <source>
        <name>New York Times</name>
        <ts>2015-03-27T00:37:03Z</ts>
      </source>
      <source>
        <name>New York Times</name>
        <ts>2016-05-26T23:37:35Z</ts>
      </source>
      <source>
        <name>USA Today</name>
        <ts>2018-05-30T02:12:02Z</ts>
      </source>
    </fullname>
  </nameGroup>
  <emails>
    <email>
      <value>twhannel0@toplist.cz</value>
      <classification>C</classification>
      <restricted>false</restricted>
    </email>
  </emails>
  <phone>803-271-2715</phone>
  <ssn>
    <value>172-35-0546</value>
    <classification>(S)</classification>
  </ssn>
  <images>
    <image>
      <url>https://cdn1.marklogic.com/wp-content/uploads/2021/02/1612313387205.jpeg</url>
      <source>
        <name>New York Times</name>
        <ts>2020-01-19T19:18:19Z</ts>
        <uploadedBy>fshine0</uploadedBy>
      </source>
    </image>
  </images>
  <addresses>
    <address>
      <street>09537 Becker Junction</street>
      <city>Evanston</city>
      <state>IL</state>
      <postal>60208</postal>
      <country>United States</country>
      <latitude>42.0586</latitude>
      <longitude>-87.6845</longitude>
    </address>
    <address>
      <street>58467 Farwell Park</street>
      <city>Kalamazoo</city>
      <state>MI</state>
      <postal>49006</postal>
      <country>United States</country>
      <latitude>42.2922</latitude>
      <longitude>-85.633</longitude>
    </address>
    <address>
      <street>4034 Norway Maple Parkway</street>
      <city>Odessa</city>
      <state>TX</state>
      <postal>79769</postal>
      <country>United States</country>
      <latitude>31.7466</latitude>
      <longitude>-102.567</longitude>
    </address>
  </addresses>
  <schools>
    <school>
      <country>Canada</country>
      <name>North Island College</name>
      <city>Olds</city>
      <state>AB</state>
      <postal>T4H</postal>
      <latitude>51.7920135</latitude>
      <longitude>-114.105279</longitude>
      <source>
        <name>USA Today</name>
        <ts>2014-06-05T12:14:40Z</ts>
      </source>
    </school>
  </schools>
  <status>Active</status>
  <sources>
    <source>
      <name>Los Angeles Times</name>
      <ts>2015-11-03T19:11:51Z</ts>
    </source>
  </sources>
  <sources>
    <source>
      <name>New York Times</name>
      <ts>2019-10-01T16:13:29Z</ts>
    </source>
  </sources>
  <sources>
    <source>
      <name>Wall Street Journal</name>
      <ts>2012-12-11T03:55:25Z</ts>
    </source>
  </sources>
  <relations>
    <relation>
      <id>/person/10027.xml</id>
      <predicate>relatedTo</predicate>
      <imageSrc>https://cdn1.marklogic.com/wp-content/uploads/2018/02/trinh-lieu-profile.jpg</imageSrc>
      <fullname>Hembrow Yehudi</fullname>
      <city>Toledo</city>
      <state>OH</state>
    </relation>
    <relation>
      <id>/person/10013.xml</id>
      <predicate>worksWith</predicate>
      <imageSrc>https://cdn1.marklogic.com/wp-content/uploads/2020/11/george-bloom-headshot-300x300-1.jpg</imageSrc>
      <fullname>Goulding Gerry</fullname>
      <city>West Palm Beach</city>
      <state>FL</state>
    </relation>
  </relations>
  <createdOn>
    <ts>2022-02-18T05:23:11Z</ts>
    <user>ucapponeer1h</user>
  </createdOn>
  <lastUpdated>
    <ts>2022-02-05T02:06:22Z</ts>
    <user>ucapponeer1h</user>
  </lastUpdated>
  <socials>
    <social>
      <site>facebook</site>
      <handle>bbusek0</handle>
      <address>https://dion.ne.jp/sit/amet/turpis/elementum/ligula/vehicula.html</address>
    </social>
    <social>
      <site>facebook</site>
      <handle>cgiovannazzi1</handle>
      <address>https://huffingtonpost.com/dui/vel/sem/sed.xml</address>
    </social>
    <social>
      <site>facebook</site>
      <handle>aprisley2</handle>
      <address>http://liveinternet.ru/est/quam.html</address>
    </social>
  </socials>
  <memberships>
    <membership>
      <list>list3</list>
      <important>true</important>
      <ts>2022-01-08</ts>
    </membership>
    <membership>
      <list>list12</list>
      <important>true</important>
      <ts>2022-02-13</ts>
    </membership>
  </memberships>
  <links>
    <link>
      <label>Quick View</label>
      <url>http://rakuten.co.jp</url>
      <icon>faEye</icon>
    </link>
    <link>
      <label>Nomination History</label>
      <url>https://state.tx.us</url>
      <icon>faMedal</icon>
    </link>
    <link>
      <label>Comments</label>
      <url>http://blogtalkradio.com</url>
      <icon>faComments</icon>
    </link>
  </links>
  <activities>
    <activity>
      <predicate>endedAt</predicate>
      <place>Demivee</place>
      <predplace>endedAt Demivee</predplace>
      <ts>2011-02-01T05:55:45Z</ts>
      <source>
        <name>USA Today</name>
        <ts>2018-01-19T23:03:13Z</ts>
        <createdBy>Farrel Marien</createdBy>
        <approvedBy>Aundrea Braidman</approvedBy>
      </source>
    </activity>
    <activity>
      <predicate>startedAt</predicate>
      <place>Shufflebeat</place>
      <predplace>startedAt Shufflebeat</predplace>
      <ts>2013-03-13T02:28:48Z</ts>
      <source>
        <name>New York Times</name>
        <ts>2020-12-09T18:09:33Z</ts>
        <createdBy>Kele Eyes</createdBy>
        <approvedBy>Clare Tink</approvedBy>
      </source>
    </activity>
    <activity>
      <predicate>endedAt</predicate>
      <place>Jaxspan</place>
      <predplace>endedAt Jaxspan</predplace>
      <ts>2010-11-22T04:18:47Z</ts>
      <source>
        <name>Chicago Tribune</name>
        <ts>2020-03-02T16:08:00Z</ts>
        <createdBy>Hermann Vosse</createdBy>
        <approvedBy>Shell Oguz</approvedBy>
      </source>
    </activity>
    <activity>
      <predicate>transferredTo</predicate>
      <place>Realpoint</place>
      <predplace>transferredTo Realpoint</predplace>
      <ts>2014-12-26T15:45:14Z</ts>
      <source>
        <name>Los Angeles Times</name>
        <ts>2017-04-15T21:36:40Z</ts>
        <createdBy>Viv Bottell</createdBy>
        <approvedBy>Claudetta Syson</approvedBy>
      </source>
    </activity>
  </activities>
  <actions>
    <action>
      <url>https://pbs.org</url>
      <icon>faCog</icon>
    </action>
    <action>
      <url>http://geocities.jp</url>
      <icon>faCode</icon>
    </action>
    <action>
      <url>http://deliciousdays.com</url>
      <icon>faSync</icon>
    </action>
  </actions>
</person>