<?xml version="1.0" encoding="UTF-8" standalone="yes"?>
<person>
  <personId>10050</personId>
  <nameGroup>
    <givenname>
      <value>Devi</value>
    </givenname>
    <surname>
      <value>Millar</value>
    </surname>
    <fullname>
      <classification>S</classification>
      <restricted>true</restricted>
      <value>Millar Devi</value>
      <source>
        <name>Wall Street Journal</name>
        <ts>2010-03-31T07:38:36Z</ts>
      </source>
      <source>
        <name>Washington Post</name>
        <ts>2011-08-16T21:31:18Z</ts>
      </source>
      <source>
        <name>New York Times</name>
        <ts>2017-02-04T03:09:14Z</ts>
      </source>
    </fullname>
  </nameGroup>
  <emails>
    <email>
      <value>tbertolin0@marketwatch.com</value>
      <classification>C</classification>
      <restricted>false</restricted>
    </email>
    <email>
      <value>pbinnie1@zimbio.com</value>
      <classification>U</classification>
      <restricted>false</restricted>
    </email>
    <email>
      <value>gdoyle2@ycombinator.com</value>
      <classification>S</classification>
      <restricted>false</restricted>
    </email>
  </emails>
  <phone>724-938-3858</phone>
  <contacts>
    <contact>
      <type>phone</type>
      <value>571-665-2573</value>
    </contact>
    <contact>
      <type>phone</type>
      <value>460-633-4509</value>
    </contact>
    <contact>
      <type>email</type>
      <value>nlenaghen2@washington.edu</value>
    </contact>
  </contacts>
  <ssn>
    <value>577-03-5450</value>
    <classification>(S)</classification>
  </ssn>
  <images>
    <image>
      <url>https://cdn1.marklogic.com/wp-content/uploads/2020/04/JamesKenwood-headshot-600x600-1.jpg</url>
      <source>
        <name>Los Angeles Times</name>
        <ts>2014-07-07T11:56:54Z</ts>
        <uploadedBy>sphilo0</uploadedBy>
      </source>
    </image>
    <image>
      <url>https://cdn1.marklogic.com/wp-content/uploads/2021/07/chuck-hollis.jpeg</url>
      <source>
        <name>USA Today</name>
        <ts>2010-01-23T11:53:56Z</ts>
        <uploadedBy>vzapatero0</uploadedBy>
      </source>
    </image>
    <image>
      <url>https://cdn1.marklogic.com/wp-content/uploads/2021/02/1612313387205.jpeg</url>
      <source>
        <name>New York Times</name>
        <ts>2011-05-19T00:46:34Z</ts>
        <uploadedBy>kgossage0</uploadedBy>
      </source>
    </image>
  </images>
  <addresses>
    <address>
      <street>952 La Follette Trail</street>
      <city>Portland</city>
      <state>OR</state>
      <postal>97286</postal>
      <country>United States</country>
      <latitude>45.5806</latitude>
      <longitude>-122.3748</longitude>
    </address>
  </addresses>
  <schools>
    <school>
      <country>United States</country>
      <name>Milwaukee School of Engineering</name>
      <city>New Orleans</city>
      <state>LA</state>
      <postal>70116</postal>
      <latitude>29.9653661</latitude>
      <longitude>-90.0629989</longitude>
      <source>
        <name>USA Today</name>
        <ts>2013-05-26T05:26:18Z</ts>
      </source>
      <source>
        <name>New York Times</name>
        <ts>2012-06-12T03:06:04Z</ts>
      </source>
    </school>
  </schools>
  <status>Inactive</status>
  <sources>
    <source>
      <name>Los Angeles Times</name>
      <ts>2010-05-01T04:29:51Z</ts>
    </source>
  </sources>
  <sources>
    <source>
      <name>Chicago Tribune</name>
      <ts>2010-10-14T13:51:22Z</ts>
    </source>
  </sources>
  <sources>
    <source>
      <name>New York Times</name>
      <ts>2010-09-11T11:02:57Z</ts>
    </source>
  </sources>
  <relations>
    <relation>
      <id>/person/10047.xml</id>
      <predicate>worksWith</predicate>
      <imageSrc>https://cdn1.marklogic.com/wp-content/uploads/2021/05/IS-headshot.jpeg</imageSrc>
      <fullname>Brunker Buffy</fullname>
      <city>Midland</city>
      <state>MI</state>
    </relation>
    <relation>
      <id>/person/10021.xml</id>
      <predicate>livesWith</predicate>
      <imageSrc>https://cdn1.marklogic.com/wp-content/uploads/2018/01/headshot_square_286x286.jpg</imageSrc>
      <fullname>Tapscott Daniele</fullname>
      <city>Oklahoma City</city>
      <state>OK</state>
    </relation>
    <relation>
      <id>/person/10020.xml</id>
      <predicate>worksWith</predicate>
      <imageSrc>https://cdn1.marklogic.com/wp-content/uploads/2020/11/george-bloom-headshot-300x300-1.jpg</imageSrc>
      <fullname>Lande Karalee</fullname>
      <city>Nashville</city>
      <state>TN</state>
    </relation>
    <relation>
      <id>/person/10066.xml</id>
      <predicate>worksWith</predicate>
      <imageSrc>https://cdn1.marklogic.com/wp-content/uploads/2021/05/IS-headshot.jpeg</imageSrc>
      <fullname>Arton Janelle</fullname>
      <city>Cheyenne</city>
      <state>WY</state>
    </relation>
    <relation>
      <id>/person/10088.xml</id>
      <predicate>livesWith</predicate>
      <imageSrc>https://cdn1.marklogic.com/wp-content/uploads/2018/01/Alicia-Saia-MarkLogic1.jpg</imageSrc>
      <fullname>Wearing Gareth</fullname>
      <city>Northridge</city>
      <state>CA</state>
    </relation>
  </relations>
  <createdOn>
    <ts>2022-01-05T18:29:11Z</ts>
    <user>dmillar1d</user>
  </createdOn>
  <lastUpdated>
    <ts>2022-01-07T01:25:48Z</ts>
    <user>dmillar1d</user>
  </lastUpdated>
  <socials>
    <social>
      <site>facebook</site>
      <handle>pvischi0</handle>
      <address>https://zimbio.com/purus/aliquet/at/feugiat/non/pretium.png</address>
    </social>
    <social>
      <site>twitter</site>
      <handle>cbucktharp1</handle>
      <address>https://ucla.edu/integer/pede/justo/lacinia/eget/tincidunt.jsp</address>
    </social>
  </socials>
  <memberships>
    <membership>
      <list>list11</list>
      <important>false</important>
      <ts>2022-01-07</ts>
    </membership>
    <membership>
      <list>list8</list>
      <important>false</important>
      <ts>2022-01-04</ts>
    </membership>
    <membership>
      <list>list11</list>
      <important>true</important>
      <ts>2022-01-25</ts>
    </membership>
  </memberships>
  <links>
    <link>
      <label>Quick View</label>
      <url>http://chicagotribune.com</url>
      <icon>faEye</icon>
    </link>
    <link>
      <label>Nomination History</label>
      <url>http://dailymotion.com</url>
      <icon>faMedal</icon>
    </link>
    <link>
      <label>Comments</label>
      <url>http://canalblog.com</url>
      <icon>faComments</icon>
    </link>
  </links>
  <activities>
    <activity>
      <predicate>endedAt</predicate>
      <place>Shuffletag</place>
      <predplace>endedAt Shuffletag</predplace>
      <ts>2013-08-02T17:08:37Z</ts>
      <source>
        <name>USA Today</name>
        <ts>2021-12-15T06:04:58Z</ts>
        <createdBy>Perry Pavlik</createdBy>
        <approvedBy>Will Jindracek</approvedBy>
      </source>
    </activity>
    <activity>
      <predicate>endedAt</predicate>
      <place>Vinte</place>
      <predplace>endedAt Vinte</predplace>
      <ts>2013-04-18T04:45:20Z</ts>
      <source>
        <name>New York Times</name>
        <ts>2021-09-06T19:03:58Z</ts>
        <createdBy>Ber Bonder</createdBy>
        <approvedBy>Bailie Chance</approvedBy>
      </source>
    </activity>
    <activity>
      <predicate>endedAt</predicate>
      <place>Ozu</place>
      <predplace>endedAt Ozu</predplace>
      <ts>2014-11-17T17:47:26Z</ts>
      <source>
        <name>Chicago Tribune</name>
        <ts>2020-06-20T22:11:03Z</ts>
        <createdBy>Jennica Bousler</createdBy>
        <approvedBy>Perla Georgievski</approvedBy>
      </source>
    </activity>
  </activities>
  <events>
    <event>
      <predicate>visited</predicate>
      <place>Namibia</place>
      <predplace>visited Namibia</predplace>
      <end>2018-12-06T21:20:31Z</end>
      <start>2015-10-03T08:15:04Z</start>
    </event>
  </events>
  <actions>
    <action>
      <url>http://slideshare.net</url>
      <icon>faCog</icon>
    </action>
    <action>
      <url>https://lycos.com</url>
      <icon>faCode</icon>
    </action>
    <action>
      <url>https://ft.com</url>
      <icon>faSync</icon>
    </action>
  </actions>
</person>