<?xml version="1.0" encoding="UTF-8" standalone="yes"?>
<person>
  <personId>10053</personId>
  <nameGroup>
    <givenname>
      <value>Yelena</value>
    </givenname>
    <surname>
      <value>Coase</value>
    </surname>
    <fullname>
      <classification>U</classification>
      <restricted>true</restricted>
      <value>Coase Yelena</value>
      <source>
        <name>Washington Post</name>
        <ts>2013-08-03T20:05:55Z</ts>
      </source>
      <source>
        <name>Wall Street Journal</name>
        <ts>2017-08-27T20:16:50Z</ts>
      </source>
      <source>
        <name>Chicago Tribune</name>
        <ts>2021-06-24T16:14:13Z</ts>
      </source>
    </fullname>
  </nameGroup>
  <emails>
    <email>
      <value>drunge0@hubpages.com</value>
      <classification>U</classification>
      <restricted>false</restricted>
    </email>
    <email>
      <value>jtal1@google.ru</value>
      <classification>S</classification>
      <restricted>false</restricted>
    </email>
  </emails>
  <phone>200-402-5781</phone>
  <contacts>
    <contact>
      <type>email</type>
      <value>tferebee0@wisc.edu</value>
    </contact>
    <contact>
      <type>phone</type>
      <value>576-904-4277</value>
    </contact>
    <contact>
      <type>phone</type>
      <value>123-349-2611</value>
    </contact>
  </contacts>
  <ssn>
    <value>341-65-1444</value>
    <classification>(S)</classification>
  </ssn>
  <images>
    <image>
      <url>https://cdn1.marklogic.com/wp-content/uploads/2020/04/JamesKenwood-headshot-600x600-1.jpg</url>
      <source>
        <name>New York Times</name>
        <ts>2021-02-08T12:28:22Z</ts>
        <uploadedBy>ceakeley0</uploadedBy>
      </source>
    </image>
  </images>
  <addresses>
    <address>
      <street>0612 Donald Point</street>
      <city>Madison</city>
      <state>WI</state>
      <postal>53710</postal>
      <country>United States</country>
      <latitude>43.0696</latitude>
      <longitude>-89.4239</longitude>
    </address>
    <address>
      <street>457 Cardinal Drive</street>
      <city>Charleston</city>
      <state>WV</state>
      <postal>25313</postal>
      <country>United States</country>
      <latitude>38.4142</latitude>
      <longitude>-81.7582</longitude>
    </address>
    <address>
      <street>12521 Brentwood Circle</street>
      <city>Frankfort</city>
      <state>KY</state>
      <postal>40618</postal>
      <country>United States</country>
      <latitude>38.2341</latitude>
      <longitude>-84.8748</longitude>
    </address>
  </addresses>
  <schools>
    <school>
      <country>United States</country>
      <name>University of Baltimore</name>
      <city>Marietta</city>
      <state>GA</state>
      <postal>30061</postal>
      <latitude>33.9491123</latitude>
      <longitude>-84.5507433</longitude>
      <source>
        <name>USA Today</name>
        <ts>2015-08-06T13:58:04Z</ts>
      </source>
      <source>
        <name>New York Times</name>
        <ts>2016-05-31T15:07:44Z</ts>
      </source>
      <source>
        <name>Chicago Tribune</name>
        <ts>2013-04-05T13:12:16Z</ts>
      </source>
    </school>
  </schools>
  <status>Active</status>
  <sources>
    <source>
      <name>USA Today</name>
      <ts>2017-09-02T04:03:57Z</ts>
    </source>
  </sources>
  <relations>
    <relation>
      <id>/person/10011.xml</id>
      <predicate>worksWith</predicate>
      <imageSrc>https://cdn1.marklogic.com/wp-content/uploads/2021/07/chuck-hollis.jpeg</imageSrc>
      <fullname>Vaskin Nowell</fullname>
      <city>Monticello</city>
      <state>MN</state>
    </relation>
    <relation>
      <id>/person/10053.xml</id>
      <predicate>relatedTo</predicate>
      <imageSrc>https://cdn1.marklogic.com/wp-content/uploads/2020/04/JamesKenwood-headshot-600x600-1.jpg</imageSrc>
      <fullname>Coase Yelena</fullname>
      <city>Madison</city>
      <state>WI</state>
    </relation>
    <relation>
      <id>/person/10031.xml</id>
      <predicate>worksWith</predicate>
      <imageSrc>https://cdn1.marklogic.com/wp-content/uploads/2020/04/JamesKenwood-headshot-600x600-1.jpg</imageSrc>
      <fullname>Abbey Issi</fullname>
      <city>Rochester</city>
      <state>NY</state>
    </relation>
    <relation>
      <id>/person/10030.xml</id>
      <predicate>worksWith</predicate>
      <imageSrc>https://cdn1.marklogic.com/wp-content/uploads/2018/01/Michael-Malgeri-MarkLogic.jpg</imageSrc>
      <fullname>Shann Knox</fullname>
      <city>El Paso</city>
      <state>TX</state>
    </relation>
    <relation>
      <id>/person/10054.xml</id>
      <predicate>livesWith</predicate>
      <imageSrc>https://cdn1.marklogic.com/wp-content/uploads/2020/11/george-bloom-headshot-300x300-1.jpg</imageSrc>
      <fullname>Evamy Odelia</fullname>
      <city>Lansing</city>
      <state>MI</state>
    </relation>
  </relations>
  <createdOn>
    <ts>2022-01-10T23:53:26Z</ts>
    <user>ycoase1g</user>
  </createdOn>
  <lastUpdated>
    <ts>2022-01-06T13:58:25Z</ts>
    <user>ycoase1g</user>
  </lastUpdated>
  <socials>
    <social>
      <site>facebook</site>
      <handle>fkwietek0</handle>
      <address>http://google.es/integer/ac/neque.aspx</address>
    </social>
  </socials>
  <memberships>
    <membership>
      <list>list2</list>
      <important>false</important>
      <ts>2022-01-22</ts>
    </membership>
  </memberships>
  <links>
    <link>
      <label>Quick View</label>
      <url>https://bigcartel.com</url>
      <icon>faEye</icon>
    </link>
    <link>
      <label>Nomination History</label>
      <url>http://oracle.com</url>
      <icon>faMedal</icon>
    </link>
    <link>
      <label>Comments</label>
      <url>http://sogou.com</url>
      <icon>faComments</icon>
    </link>
  </links>
  <activities>
    <activity>
      <predicate>endedAt</predicate>
      <place>Brainbox</place>
      <predplace>endedAt Brainbox</predplace>
      <ts>2016-06-07T06:20:05Z</ts>
      <source>
        <name>USA Today</name>
        <ts>2020-10-07T22:50:51Z</ts>
        <createdBy>Ingemar Puddan</createdBy>
        <approvedBy>Cory Echlin</approvedBy>
      </source>
    </activity>
    <activity>
      <predicate>movedTo</predicate>
      <place>Latz</place>
      <predplace>movedTo Latz</predplace>
      <ts>2016-04-19T01:27:26Z</ts>
      <source>
        <name>New York Times</name>
        <ts>2022-02-09T11:32:55Z</ts>
        <createdBy>Elbertine Truwert</createdBy>
        <approvedBy>Kiri Matuszynski</approvedBy>
      </source>
    </activity>
    <activity>
      <predicate>transferredTo</predicate>
      <place>Devcast</place>
      <predplace>transferredTo Devcast</predplace>
      <ts>2016-05-16T09:19:10Z</ts>
      <source>
        <name>Chicago Tribune</name>
        <ts>2021-05-25T01:30:26Z</ts>
        <createdBy>Adham McGeown</createdBy>
        <approvedBy>Tanya Cave</approvedBy>
      </source>
    </activity>
  </activities>
  <events>
    <event>
      <predicate>livedIn</predicate>
      <place>China</place>
      <predplace>livedIn China</predplace>
      <end>2018-08-31T09:50:45Z</end>
      <start>2014-06-26T02:26:35Z</start>
    </event>
  </events>
  <actions>
    <action>
      <url>https://ca.gov</url>
      <icon>faCog</icon>
    </action>
    <action>
      <url>https://who.int</url>
      <icon>faCode</icon>
    </action>
    <action>
      <url>https://bing.com</url>
      <icon>faSync</icon>
    </action>
  </actions>
</person>