<?xml version="1.0" encoding="UTF-8" standalone="yes"?>
<person>
  <personId>10051</personId>
  <nameGroup>
    <givenname>
      <value>Dacie</value>
    </givenname>
    <surname>
      <value>Carnelley</value>
    </surname>
    <fullname>
      <classification>U</classification>
      <restricted>true</restricted>
      <value>Carnelley Dacie</value>
      <source>
        <name>USA Today</name>
        <ts>2010-04-21T23:17:16Z</ts>
      </source>
      <source>
        <name>New York Times</name>
        <ts>2018-04-22T06:33:20Z</ts>
      </source>
    </fullname>
  </nameGroup>
  <emails>
    <email>
      <value>bsaye0@sogou.com</value>
      <classification>S</classification>
      <restricted>false</restricted>
    </email>
  </emails>
  <phone>136-856-3373</phone>
  <ssn>
    <value>340-43-0983</value>
    <classification>(S)</classification>
  </ssn>
  <images>
    <image>
      <url>https://cdn1.marklogic.com/wp-content/uploads/2020/11/george-bloom-headshot-300x300-1.jpg</url>
      <source>
        <name>Los Angeles Times</name>
        <ts>2018-08-28T21:24:27Z</ts>
        <uploadedBy>geaseman0</uploadedBy>
      </source>
    </image>
    <image>
      <url>https://cdn1.marklogic.com/wp-content/uploads/2021/05/IS-headshot.jpeg</url>
      <source>
        <name>Los Angeles Times</name>
        <ts>2021-10-03T18:17:32Z</ts>
        <uploadedBy>tcortin0</uploadedBy>
      </source>
    </image>
    <image>
      <url>https://cdn1.marklogic.com/wp-content/uploads/2021/07/chuck-hollis.jpeg</url>
      <source>
        <name>USA Today</name>
        <ts>2020-10-06T19:23:29Z</ts>
        <uploadedBy>sbradley0</uploadedBy>
      </source>
    </image>
  </images>
  <addresses>
    <address>
      <street>0 Corry Way</street>
      <city>Dallas</city>
      <state>TX</state>
      <postal>75397</postal>
      <country>United States</country>
      <latitude>32.7673</latitude>
      <longitude>-96.7776</longitude>
    </address>
    <address>
      <street>53780 Sullivan Park</street>
      <city>Kansas City</city>
      <state>KS</state>
      <postal>66105</postal>
      <country>United States</country>
      <latitude>39.085</latitude>
      <longitude>-94.6356</longitude>
    </address>
    <address>
      <street>856 Declaration Junction</street>
      <city>Canton</city>
      <state>OH</state>
      <postal>44760</postal>
      <country>United States</country>
      <latitude>40.854</latitude>
      <longitude>-81.4278</longitude>
    </address>
  </addresses>
  <schools>
    <school>
      <country>Canada</country>
      <name>Emily Carr Institute of Art + Design</name>
      <city>Clarence-Rockland</city>
      <state>ON</state>
      <postal>K4K</postal>
      <latitude>45.5483729</latitude>
      <longitude>-75.2916118</longitude>
      <source>
        <name>USA Today</name>
        <ts>2016-10-05T00:54:02Z</ts>
      </source>
    </school>
    <school>
      <country>United States</country>
      <name>University of Oregon</name>
      <city>Tucson</city>
      <state>AZ</state>
      <postal>85743</postal>
      <latitude>32.3324642</latitude>
      <longitude>-111.2129616</longitude>
      <source>
        <name>USA Today</name>
        <ts>2017-03-29T01:09:47Z</ts>
      </source>
      <source>
        <name>New York Times</name>
        <ts>2017-10-12T04:54:45Z</ts>
      </source>
      <source>
        <name>Chicago Tribune</name>
        <ts>2020-10-17T15:57:38Z</ts>
      </source>
    </school>
  </schools>
  <status>Active</status>
  <sources>
    <source>
      <name>Wall Street Journal</name>
      <ts>2016-06-09T10:20:50Z</ts>
    </source>
  </sources>
  <sources>
    <source>
      <name>Washington Post</name>
      <ts>2010-02-06T09:50:15Z</ts>
    </source>
  </sources>
  <relations>
    <relation>
      <id>/person/10003.xml</id>
      <predicate>worksWith</predicate>
      <imageSrc>https://cdn1.marklogic.com/wp-content/uploads/2018/01/headshot_square_286x286.jpg</imageSrc>
      <fullname>Dayment Leesa</fullname>
      <city>Macon</city>
      <state>GA</state>
    </relation>
    <relation>
      <id>/person/10092.xml</id>
      <predicate>livesWith</predicate>
      <imageSrc>https://cdn1.marklogic.com/wp-content/uploads/2020/04/JamesKenwood-headshot-600x600-1.jpg</imageSrc>
      <fullname>Strange Irita</fullname>
      <city>El Paso</city>
      <state>TX</state>
    </relation>
    <relation>
      <id>/person/10053.xml</id>
      <predicate>worksWith</predicate>
      <imageSrc>https://cdn1.marklogic.com/wp-content/uploads/2020/11/george-bloom-headshot-300x300-1.jpg</imageSrc>
      <fullname>Waby Tommi</fullname>
      <city>Chicago</city>
      <state>IL</state>
    </relation>
  </relations>
  <createdOn>
    <ts>2022-01-20T01:24:50Z</ts>
    <user>dcarnelley1e</user>
  </createdOn>
  <lastUpdated>
    <ts>2022-01-25T11:39:21Z</ts>
    <user>dcarnelley1e</user>
  </lastUpdated>
  <socials>
    <social>
      <site>linkedin</site>
      <handle/>
      <address>https://devhub.com/turpis/elementum/ligula/vehicula/consequat/morbi.png</address>
    </social>
  </socials>
  <memberships>
    <membership>
      <list>list3</list>
      <important>true</important>
      <ts>2022-01-24</ts>
    </membership>
    <membership>
      <list>list6</list>
      <important>true</important>
      <ts>2022-02-05</ts>
    </membership>
    <membership>
      <list>list9</list>
      <important>false</important>
      <ts>2022-02-14</ts>
    </membership>
    <membership>
      <list>list9</list>
      <important>false</important>
      <ts>2022-02-22</ts>
    </membership>
    <membership>
      <list>list1</list>
      <important>true</important>
      <ts>2022-02-14</ts>
    </membership>
  </memberships>
  <links>
    <link>
      <label>Quick View</label>
      <url>http://xrea.com</url>
      <icon>faEye</icon>
    </link>
    <link>
      <label>Nomination History</label>
      <url>https://themeforest.net</url>
      <icon>faMedal</icon>
    </link>
    <link>
      <label>Comments</label>
      <url>https://blogspot.com</url>
      <icon>faComments</icon>
    </link>
  </links>
  <activities>
    <activity>
      <predicate>movedTo</predicate>
      <place>Skyvu</place>
      <predplace>movedTo Skyvu</predplace>
      <ts>2012-11-28T14:22:48Z</ts>
      <source>
        <name>USA Today</name>
        <ts>2016-05-28T23:34:52Z</ts>
        <createdBy>Ynes Pietri</createdBy>
        <approvedBy>Shalom Cavendish</approvedBy>
      </source>
    </activity>
    <activity>
      <predicate>movedTo</predicate>
      <place>Ainyx</place>
      <predplace>movedTo Ainyx</predplace>
      <ts>2013-07-21T17:35:39Z</ts>
      <source>
        <name>New York Times</name>
        <ts>2020-03-02T04:20:55Z</ts>
        <createdBy>Remus Swire</createdBy>
        <approvedBy>Wyndham Reynish</approvedBy>
      </source>
    </activity>
    <activity>
      <predicate>transferredTo</predicate>
      <place>Viva</place>
      <predplace>transferredTo Viva</predplace>
      <ts>2010-02-09T13:21:33Z</ts>
      <source>
        <name>Chicago Tribune</name>
        <ts>2016-03-13T05:09:25Z</ts>
        <createdBy>Adey Lomax</createdBy>
        <approvedBy>Lotty Tongs</approvedBy>
      </source>
    </activity>
    <activity>
      <predicate>startedAt</predicate>
      <place>Browsebug</place>
      <predplace>startedAt Browsebug</predplace>
      <ts>2010-09-20T10:12:43Z</ts>
      <source>
        <name>Los Angeles Times</name>
        <ts>2019-01-28T18:54:27Z</ts>
        <createdBy>Elmira Dugood</createdBy>
        <approvedBy>Leanor Sexten</approvedBy>
      </source>
    </activity>
    <activity>
      <predicate>movedTo</predicate>
      <place>Skidoo</place>
      <predplace>movedTo Skidoo</predplace>
      <ts>2013-07-12T10:33:51Z</ts>
      <source>
        <name>Wall Street Journal</name>
        <ts>2017-11-12T09:42:30Z</ts>
        <createdBy>Cointon Dimitru</createdBy>
        <approvedBy>Neron Inworth</approvedBy>
      </source>
    </activity>
  </activities>
  <actions>
    <action>
      <url>http://howstuffworks.com</url>
      <icon>faCog</icon>
    </action>
    <action>
      <url>http://nasa.gov</url>
      <icon>faCode</icon>
    </action>
    <action>
      <url>https://networksolutions.com</url>
      <icon>faSync</icon>
    </action>
  </actions>
</person>