<?xml version="1.0" encoding="UTF-8" standalone="yes"?>
<person>
  <personId>10059</personId>
  <nameGroup>
    <givenname>
      <value>Gauthier</value>
    </givenname>
    <surname>
      <value>Minshull</value>
    </surname>
    <fullname>
      <classification>S</classification>
      <restricted>true</restricted>
      <value>Minshull Gauthier</value>
      <source>
        <name>USA Today</name>
        <ts>2010-08-15T08:35:46Z</ts>
      </source>
      <source>
        <name>Chicago Tribune</name>
        <ts>2012-02-12T06:15:35Z</ts>
      </source>
      <source>
        <name>Chicago Tribune</name>
        <ts>2016-03-02T01:31:36Z</ts>
      </source>
    </fullname>
  </nameGroup>
  <emails>
    <email>
      <value>edelacourt0@oakley.com</value>
      <classification>C</classification>
      <restricted>false</restricted>
    </email>
  </emails>
  <phone>308-126-1791</phone>
  <contacts>
    <contact>
      <type>email</type>
      <value>mcorringham0@clickbank.net</value>
    </contact>
    <contact>
      <type>phone</type>
      <value>481-881-4172</value>
    </contact>
    <contact>
      <type>phone</type>
      <value>653-336-6618</value>
    </contact>
  </contacts>
  <ssn>
    <value>496-59-0520</value>
    <classification>(S)</classification>
  </ssn>
  <images>
    <image>
      <url>https://cdn1.marklogic.com/wp-content/uploads/2018/01/headshot_square_286x286.jpg</url>
      <source>
        <name>Washington Post</name>
        <ts>2021-07-03T07:07:35Z</ts>
        <uploadedBy>psmeal0</uploadedBy>
      </source>
    </image>
    <image>
      <url>https://cdn1.marklogic.com/wp-content/uploads/2018/01/Alicia-Saia-MarkLogic1.jpg</url>
      <source>
        <name>USA Today</name>
        <ts>2016-03-17T17:14:46Z</ts>
        <uploadedBy>khildred0</uploadedBy>
      </source>
    </image>
    <image>
      <url>https://cdn1.marklogic.com/wp-content/uploads/2021/07/chuck-hollis.jpeg</url>
      <source>
        <name>Chicago Tribune</name>
        <ts>2011-03-02T05:53:40Z</ts>
        <uploadedBy>cscarbarrow0</uploadedBy>
      </source>
    </image>
    <image>
      <url>https://cdn1.marklogic.com/wp-content/uploads/2018/02/trinh-lieu-profile.jpg</url>
      <source>
        <name>Los Angeles Times</name>
        <ts>2013-06-04T07:13:53Z</ts>
        <uploadedBy>cmaccurlye0</uploadedBy>
      </source>
    </image>
  </images>
  <addresses>
    <address>
      <street>21 Reindahl Terrace</street>
      <city>Hartford</city>
      <state>CT</state>
      <postal>06145</postal>
      <country>United States</country>
      <latitude>41.7918</latitude>
      <longitude>-72.7188</longitude>
    </address>
    <address>
      <street>143 La Follette Pass</street>
      <city>Carol Stream</city>
      <state>IL</state>
      <postal>60158</postal>
      <country>United States</country>
      <latitude>41.9166</latitude>
      <longitude>-88.1208</longitude>
    </address>
  </addresses>
  <schools>
    <school>
      <country>Mexico</country>
      <name>Universidad Anáhuac del Sur</name>
      <city>Buenavista</city>
      <state>GRO</state>
      <postal>39250</postal>
      <latitude>19.4458447</latitude>
      <longitude>-99.1497664</longitude>
      <source>
        <name>USA Today</name>
        <ts>2011-08-19T03:48:16Z</ts>
      </source>
      <source>
        <name>New York Times</name>
        <ts>2018-08-27T11:06:38Z</ts>
      </source>
      <source>
        <name>Chicago Tribune</name>
        <ts>2014-05-01T04:51:15Z</ts>
      </source>
    </school>
  </schools>
  <status>Inactive</status>
  <sources>
    <source>
      <name>Los Angeles Times</name>
      <ts>2016-09-21T16:14:42Z</ts>
    </source>
  </sources>
  <relations>
    <relation>
      <id>/person/10031.xml</id>
      <predicate>worksWith</predicate>
      <imageSrc>https://cdn1.marklogic.com/wp-content/uploads/2020/04/JamesKenwood-headshot-600x600-1.jpg</imageSrc>
      <fullname>Abbey Issi</fullname>
      <city>Rochester</city>
      <state>NY</state>
    </relation>
    <relation>
      <id>/person/10060.xml</id>
      <predicate>livesWith</predicate>
      <imageSrc>https://cdn1.marklogic.com/wp-content/uploads/2018/01/Alicia-Saia-MarkLogic1.jpg</imageSrc>
      <fullname>Humbey Lulita</fullname>
      <city>Washington</city>
      <state>DC</state>
    </relation>
    <relation>
      <id>/person/10010.xml</id>
      <predicate>relatedTo</predicate>
      <imageSrc>https://cdn1.marklogic.com/wp-content/uploads/2018/01/Alicia-Saia-MarkLogic1.jpg</imageSrc>
      <fullname>Comusso Ingelbert</fullname>
      <city>Johnson City</city>
      <state>TN</state>
    </relation>
  </relations>
  <createdOn>
    <ts>2022-02-09T15:36:23Z</ts>
    <user>gminshull1m</user>
  </createdOn>
  <lastUpdated>
    <ts>2022-01-20T15:00:53Z</ts>
    <user>gminshull1m</user>
  </lastUpdated>
  <socials/>
  <memberships>
    <membership>
      <list>list8</list>
      <important>true</important>
      <ts>2022-01-31</ts>
    </membership>
    <membership>
      <list>list4</list>
      <important>false</important>
      <ts>2022-02-25</ts>
    </membership>
    <membership>
      <list>list7</list>
      <important>false</important>
      <ts>2022-02-10</ts>
    </membership>
    <membership>
      <list>list6</list>
      <important>false</important>
      <ts>2022-01-11</ts>
    </membership>
  </memberships>
  <links>
    <link>
      <label>Quick View</label>
      <url>https://utexas.edu</url>
      <icon>faEye</icon>
    </link>
    <link>
      <label>Nomination History</label>
      <url>http://eepurl.com</url>
      <icon>faMedal</icon>
    </link>
    <link>
      <label>Comments</label>
      <url>https://blogspot.com</url>
      <icon>faComments</icon>
    </link>
  </links>
  <activities>
    <activity>
      <predicate>movedTo</predicate>
      <place>JumpXS</place>
      <predplace>movedTo JumpXS</predplace>
      <ts>2013-08-27T21:26:39Z</ts>
      <source>
        <name>USA Today</name>
        <ts>2020-06-20T09:19:32Z</ts>
        <createdBy>Hilliary Varrow</createdBy>
        <approvedBy>Vinson Quartly</approvedBy>
      </source>
    </activity>
    <activity>
      <predicate>movedTo</predicate>
      <place>Blognation</place>
      <predplace>movedTo Blognation</predplace>
      <ts>2013-09-28T22:16:35Z</ts>
      <source>
        <name>New York Times</name>
        <ts>2021-02-24T12:21:54Z</ts>
        <createdBy>Yank Bottomer</createdBy>
        <approvedBy>Jill Serman</approvedBy>
      </source>
    </activity>
    <activity>
      <predicate>endedAt</predicate>
      <place>Livetube</place>
      <predplace>endedAt Livetube</predplace>
      <ts>2017-02-14T18:26:29Z</ts>
      <source>
        <name>Chicago Tribune</name>
        <ts>2021-02-11T09:16:40Z</ts>
        <createdBy>Zebadiah Wildey</createdBy>
        <approvedBy>Mariana Bassilashvili</approvedBy>
      </source>
    </activity>
    <activity>
      <predicate>transferredTo</predicate>
      <place>Jabberbean</place>
      <predplace>transferredTo Jabberbean</predplace>
      <ts>2014-06-23T21:52:14Z</ts>
      <source>
        <name>Los Angeles Times</name>
        <ts>2020-09-27T21:23:05Z</ts>
        <createdBy>Davidson Saulter</createdBy>
        <approvedBy>Hugues Kitteman</approvedBy>
      </source>
    </activity>
    <activity>
      <predicate>startedAt</predicate>
      <place>Skinte</place>
      <predplace>startedAt Skinte</predplace>
      <ts>2014-03-26T10:26:29Z</ts>
      <source>
        <name>Wall Street Journal</name>
        <ts>2020-09-29T06:31:40Z</ts>
        <createdBy>Herculie Dalrymple</createdBy>
        <approvedBy>Robinson Fante</approvedBy>
      </source>
    </activity>
  </activities>
  <events>
    <event>
      <predicate>servedIn</predicate>
      <place>China</place>
      <predplace>servedIn China</predplace>
      <end>2017-04-06T09:33:36Z</end>
      <start>2014-03-12T15:21:22Z</start>
    </event>
  </events>
  <actions>
    <action>
      <url>http://wikia.com</url>
      <icon>faCog</icon>
    </action>
    <action>
      <url>http://gnu.org</url>
      <icon>faCode</icon>
    </action>
    <action>
      <url>https://facebook.com</url>
      <icon>faSync</icon>
    </action>
  </actions>
</person>