<?xml version="1.0" encoding="UTF-8" standalone="yes"?>
<person>
  <personId>10056</personId>
  <nameGroup>
    <givenname>
      <value>Billy</value>
    </givenname>
    <surname>
      <value>Coopman</value>
    </surname>
    <fullname>
      <classification>S</classification>
      <restricted>false</restricted>
      <value>Coopman Billy</value>
      <source>
        <name>Wall Street Journal</name>
        <ts>2016-10-05T02:30:59Z</ts>
      </source>
    </fullname>
  </nameGroup>
  <emails>
    <email>
      <value>mvanbrugh0@twitter.com</value>
      <classification>C</classification>
      <restricted>false</restricted>
    </email>
    <email>
      <value>dgroven1@fastcompany.com</value>
      <classification>U</classification>
      <restricted>false</restricted>
    </email>
    <email>
      <value>dmcgovern2@un.org</value>
      <classification>U</classification>
      <restricted>false</restricted>
    </email>
  </emails>
  <phone>233-721-5243</phone>
  <contacts>
    <contact>
      <type>phone</type>
      <value>561-595-0925</value>
    </contact>
    <contact>
      <type>email</type>
      <value>esouter1@shutterfly.com</value>
    </contact>
    <contact>
      <type>email</type>
      <value>cstallebrass2@ehow.com</value>
    </contact>
  </contacts>
  <ssn>
    <value>146-52-6211</value>
    <classification>(S)</classification>
  </ssn>
  <images>
    <image>
      <url>https://cdn1.marklogic.com/wp-content/uploads/2020/04/JamesKenwood-headshot-600x600-1.jpg</url>
      <source>
        <name>Los Angeles Times</name>
        <ts>2018-06-15T00:36:31Z</ts>
        <uploadedBy>amccarrell0</uploadedBy>
      </source>
    </image>
    <image>
      <url>https://cdn1.marklogic.com/wp-content/uploads/2018/01/headshot_square_286x286.jpg</url>
      <source>
        <name>Chicago Tribune</name>
        <ts>2020-06-13T13:40:28Z</ts>
        <uploadedBy>rclutterbuck0</uploadedBy>
      </source>
    </image>
    <image>
      <url>https://cdn1.marklogic.com/wp-content/uploads/2021/05/IS-headshot.jpeg</url>
      <source>
        <name>USA Today</name>
        <ts>2016-02-04T06:03:59Z</ts>
        <uploadedBy>kpowlett0</uploadedBy>
      </source>
    </image>
    <image>
      <url>https://cdn1.marklogic.com/wp-content/uploads/2018/01/Alicia-Saia-MarkLogic1.jpg</url>
      <source>
        <name>Washington Post</name>
        <ts>2013-06-15T22:04:44Z</ts>
        <uploadedBy>ahallut0</uploadedBy>
      </source>
    </image>
  </images>
  <addresses>
    <address>
      <street>1 Granby Parkway</street>
      <city>Kansas City</city>
      <state>MO</state>
      <postal>64142</postal>
      <country>United States</country>
      <latitude>39.035</latitude>
      <longitude>-94.3567</longitude>
    </address>
    <address>
      <street>265 Buhler Pass</street>
      <city>Spokane</city>
      <state>WA</state>
      <postal>99260</postal>
      <country>United States</country>
      <latitude>47.6536</latitude>
      <longitude>-117.4317</longitude>
    </address>
  </addresses>
  <schools>
    <school>
      <country>Mexico</country>
      <name>Universidad de Cuautitlan Izcalli</name>
      <city>Lazaro Cardenas</city>
      <state>JAL</state>
      <postal>49274</postal>
      <latitude>17.9567646</latitude>
      <longitude>-102.1943485</longitude>
      <source>
        <name>USA Today</name>
        <ts>2014-08-21T13:32:54Z</ts>
      </source>
      <source>
        <name>New York Times</name>
        <ts>2015-04-11T21:38:03Z</ts>
      </source>
      <source>
        <name>Chicago Tribune</name>
        <ts>2013-07-18T10:14:44Z</ts>
      </source>
    </school>
  </schools>
  <status>Inactive</status>
  <sources>
    <source>
      <name>USA Today</name>
      <ts>2021-03-22T17:32:06Z</ts>
    </source>
  </sources>
  <relations>
    <relation>
      <id>/person/10057.xml</id>
      <predicate>worksWith</predicate>
      <imageSrc>https://cdn1.marklogic.com/wp-content/uploads/2020/04/JamesKenwood-headshot-600x600-1.jpg</imageSrc>
      <fullname>Yarmouth Thomasin</fullname>
      <city>Detroit</city>
      <state>MI</state>
    </relation>
    <relation>
      <id>/person/10010.xml</id>
      <predicate>worksWith</predicate>
      <imageSrc>https://cdn1.marklogic.com/wp-content/uploads/2018/01/Alicia-Saia-MarkLogic1.jpg</imageSrc>
      <fullname>Comusso Ingelbert</fullname>
      <city>Johnson City</city>
      <state>TN</state>
    </relation>
  </relations>
  <createdOn>
    <ts>2022-02-18T15:24:38Z</ts>
    <user>bcoopman1j</user>
  </createdOn>
  <lastUpdated>
    <ts>2022-02-05T10:50:51Z</ts>
    <user>bcoopman1j</user>
  </lastUpdated>
  <socials>
    <social>
      <site>twitter</site>
      <handle/>
      <address>https://ameblo.jp/nulla/justo/aliquam/quis.json</address>
    </social>
    <social>
      <site>twitter</site>
      <handle>rwilding1</handle>
      <address>http://arizona.edu/nec/sem/duis/aliquam/convallis.js</address>
    </social>
    <social>
      <site>linkedin</site>
      <handle/>
      <address>https://plala.or.jp/mus/vivamus/vestibulum/sagittis/sapien/cum/sociis.aspx</address>
    </social>
  </socials>
  <memberships/>
  <links>
    <link>
      <label>Quick View</label>
      <url>http://vkontakte.ru</url>
      <icon>faEye</icon>
    </link>
    <link>
      <label>Nomination History</label>
      <url>https://imdb.com</url>
      <icon>faMedal</icon>
    </link>
    <link>
      <label>Comments</label>
      <url>http://unicef.org</url>
      <icon>faComments</icon>
    </link>
  </links>
  <activities>
    <activity>
      <predicate>transferredTo</predicate>
      <place>Zoomlounge</place>
      <predplace>transferredTo Zoomlounge</predplace>
      <ts>2014-12-01T11:44:18Z</ts>
      <source>
        <name>USA Today</name>
        <ts>2020-04-19T14:37:26Z</ts>
        <createdBy>Yorker Goodby</createdBy>
        <approvedBy>Elaine Manicom</approvedBy>
      </source>
    </activity>
    <activity>
      <predicate>movedTo</predicate>
      <place>Kayveo</place>
      <predplace>movedTo Kayveo</predplace>
      <ts>2013-11-18T13:34:32Z</ts>
      <source>
        <name>New York Times</name>
        <ts>2021-06-29T15:56:43Z</ts>
        <createdBy>Miltie Eldered</createdBy>
        <approvedBy>Minette Tenaunt</approvedBy>
      </source>
    </activity>
    <activity>
      <predicate>endedAt</predicate>
      <place>Bubbletube</place>
      <predplace>endedAt Bubbletube</predplace>
      <ts>2019-04-29T02:45:13Z</ts>
      <source>
        <name>Chicago Tribune</name>
        <ts>2020-04-15T09:48:46Z</ts>
        <createdBy>Renae Connealy</createdBy>
        <approvedBy>Mac Bunn</approvedBy>
      </source>
    </activity>
  </activities>
  <events>
    <event>
      <predicate>livedIn</predicate>
      <place>Norway</place>
      <predplace>livedIn Norway</predplace>
      <end>2017-04-02T08:30:18Z</end>
      <start>2015-05-06T07:10:35Z</start>
    </event>
  </events>
  <actions>
    <action>
      <url>https://salon.com</url>
      <icon>faCog</icon>
    </action>
    <action>
      <url>http://blogtalkradio.com</url>
      <icon>faCode</icon>
    </action>
    <action>
      <url>http://sogou.com</url>
      <icon>faSync</icon>
    </action>
  </actions>
</person>