<?xml version="1.0" encoding="UTF-8" standalone="yes"?>
<person>
  <personId>10068</personId>
  <nameGroup>
    <givenname>
      <value>Loren</value>
    </givenname>
    <surname>
      <value>Mil</value>
    </surname>
    <fullname>
      <classification>S</classification>
      <restricted>true</restricted>
      <value>Mil Loren</value>
      <source>
        <name>New York Times</name>
        <ts>2018-10-23T20:36:48Z</ts>
      </source>
      <source>
        <name>New York Times</name>
        <ts>2010-07-30T19:19:48Z</ts>
      </source>
    </fullname>
  </nameGroup>
  <emails>
    <email>
      <value>ajennison0@domainmarket.com</value>
      <classification>S</classification>
      <restricted>false</restricted>
    </email>
  </emails>
  <phone>531-204-5784</phone>
  <contacts>
    <contact>
      <type>email</type>
      <value>lorth0@tiny.cc</value>
    </contact>
    <contact>
      <type>phone</type>
      <value>886-303-3463</value>
    </contact>
    <contact>
      <type>email</type>
      <value>kbohlsen2@bloomberg.com</value>
    </contact>
  </contacts>
  <ssn>
    <value>763-64-8930</value>
    <classification>(S)</classification>
  </ssn>
  <images>
    <image>
      <url>https://cdn1.marklogic.com/wp-content/uploads/2018/01/Diane-Burley-MarkLogic-2015.jpg</url>
      <source>
        <name>USA Today</name>
        <ts>2012-06-30T12:11:34Z</ts>
        <uploadedBy>dstyles0</uploadedBy>
      </source>
    </image>
    <image>
      <url>https://cdn1.marklogic.com/wp-content/uploads/2021/05/IS-headshot.jpeg</url>
      <source>
        <name>New York Times</name>
        <ts>2020-05-19T11:31:51Z</ts>
        <uploadedBy>abavidge0</uploadedBy>
      </source>
    </image>
    <image>
      <url>https://cdn1.marklogic.com/wp-content/uploads/2018/01/Diane-Burley-MarkLogic-2015.jpg</url>
      <source>
        <name>Chicago Tribune</name>
        <ts>2015-10-30T06:16:30Z</ts>
        <uploadedBy/>
      </source>
    </image>
    <image>
      <url>https://cdn1.marklogic.com/wp-content/uploads/2021/05/IS-headshot.jpeg</url>
      <source>
        <name>New York Times</name>
        <ts>2015-08-30T07:32:52Z</ts>
        <uploadedBy>kdytham0</uploadedBy>
      </source>
    </image>
  </images>
  <addresses>
    <address>
      <street>50 Bartillon Court</street>
      <city>Charleston</city>
      <state>SC</state>
      <postal>29416</postal>
      <country>United States</country>
      <latitude>32.8488</latitude>
      <longitude>-79.8577</longitude>
    </address>
    <address>
      <street>7 Grim Terrace</street>
      <city>Hartford</city>
      <state>CT</state>
      <postal>06120</postal>
      <country>United States</country>
      <latitude>41.786</latitude>
      <longitude>-72.6758</longitude>
    </address>
    <address>
      <street>0 Corry Alley</street>
      <city>Pittsburgh</city>
      <state>PA</state>
      <postal>15261</postal>
      <country>United States</country>
      <latitude>40.4344</latitude>
      <longitude>-80.0248</longitude>
    </address>
  </addresses>
  <schools>
    <school>
      <country>United Kingdom</country>
      <name>Courtauld Institute of Art, University of London</name>
      <city>Norton</city>
      <state>ENG</state>
      <postal>S8</postal>
      <latitude>53.3326454</latitude>
      <longitude>-1.4631269</longitude>
      <source>
        <name>USA Today</name>
        <ts>2011-02-03T12:58:11Z</ts>
      </source>
    </school>
    <school>
      <country>Mexico</country>
      <name>Universidad del Norte</name>
      <city>San Antonio</city>
      <state>NLE</state>
      <postal>64103</postal>
      <latitude>19.4805668</latitude>
      <longitude>-99.2058279</longitude>
      <source>
        <name>USA Today</name>
        <ts>2017-08-19T11:07:56Z</ts>
      </source>
      <source>
        <name>New York Times</name>
        <ts>2012-09-21T03:53:08Z</ts>
      </source>
      <source>
        <name>Chicago Tribune</name>
        <ts>2013-11-03T00:48:11Z</ts>
      </source>
    </school>
  </schools>
  <status>Inactive</status>
  <sources>
    <source>
      <name>Wall Street Journal</name>
      <ts>2013-09-26T13:31:29Z</ts>
    </source>
  </sources>
  <sources>
    <source>
      <name>New York Times</name>
      <ts>2017-04-23T18:52:38Z</ts>
    </source>
  </sources>
  <relations>
    <relation>
      <id>/person/10097.xml</id>
      <predicate>worksWith</predicate>
      <imageSrc>https://cdn1.marklogic.com/wp-content/uploads/2018/01/headshot_square_286x286.jpg</imageSrc>
      <fullname>Myhan Iolande</fullname>
      <city>Anniston</city>
      <state>AL</state>
    </relation>
    <relation>
      <id>/person/10073.xml</id>
      <predicate>worksWith</predicate>
      <imageSrc>https://cdn1.marklogic.com/wp-content/uploads/2020/11/george-bloom-headshot-300x300-1.jpg</imageSrc>
      <fullname>Iori Emiline</fullname>
      <city>Montgomery</city>
      <state>AL</state>
    </relation>
    <relation>
      <id>/person/10031.xml</id>
      <predicate>relatedTo</predicate>
      <imageSrc>https://cdn1.marklogic.com/wp-content/uploads/2020/04/JamesKenwood-headshot-600x600-1.jpg</imageSrc>
      <fullname>Abbey Issi</fullname>
      <city>Rochester</city>
      <state>NY</state>
    </relation>
    <relation>
      <id>/person/10093.xml</id>
      <predicate>relatedTo</predicate>
      <imageSrc>https://cdn1.marklogic.com/wp-content/uploads/2018/01/Alicia-Saia-MarkLogic1.jpg</imageSrc>
      <fullname>Melarkey Marita</fullname>
      <city>Warren</city>
      <state>MI</state>
    </relation>
    <relation>
      <id>/person/10064.xml</id>
      <predicate>livesWith</predicate>
      <imageSrc>https://cdn1.marklogic.com/wp-content/uploads/2018/01/headshot_square_286x286.jpg</imageSrc>
      <fullname>Hardaker Hort</fullname>
      <city>Gastonia</city>
      <state>NC</state>
    </relation>
  </relations>
  <createdOn>
    <ts>2022-02-08T21:08:07Z</ts>
    <user>lmil1v</user>
  </createdOn>
  <lastUpdated>
    <ts>2022-01-21T12:04:41Z</ts>
    <user>lmil1v</user>
  </lastUpdated>
  <socials>
    <social>
      <site>facebook</site>
      <handle>ecahani0</handle>
      <address>http://techcrunch.com/hendrerit.xml</address>
    </social>
    <social>
      <site>twitter</site>
      <handle>ichipperfield1</handle>
      <address>http://parallels.com/felis/sed.png</address>
    </social>
  </socials>
  <memberships/>
  <links>
    <link>
      <label>Quick View</label>
      <url>https://cnbc.com</url>
      <icon>faEye</icon>
    </link>
    <link>
      <label>Nomination History</label>
      <url>https://virginia.edu</url>
      <icon>faMedal</icon>
    </link>
    <link>
      <label>Comments</label>
      <url>https://usda.gov</url>
      <icon>faComments</icon>
    </link>
  </links>
  <activities>
    <activity>
      <predicate>startedAt</predicate>
      <place>Twiyo</place>
      <predplace>startedAt Twiyo</predplace>
      <ts>2019-01-20T14:09:08Z</ts>
      <source>
        <name>USA Today</name>
        <ts>2020-06-08T21:58:18Z</ts>
        <createdBy>Douglas Gates</createdBy>
        <approvedBy>Ted Adey</approvedBy>
      </source>
    </activity>
    <activity>
      <predicate>startedAt</predicate>
      <place>Tambee</place>
      <predplace>startedAt Tambee</predplace>
      <ts>2019-02-01T08:50:02Z</ts>
      <source>
        <name>New York Times</name>
        <ts>2021-03-08T10:05:37Z</ts>
        <createdBy>Penny Revel</createdBy>
        <approvedBy>Corinna Osgardby</approvedBy>
      </source>
    </activity>
    <activity>
      <predicate>transferredTo</predicate>
      <place>Edgeclub</place>
      <predplace>transferredTo Edgeclub</predplace>
      <ts>2018-03-22T15:54:29Z</ts>
      <source>
        <name>Chicago Tribune</name>
        <ts>2021-08-05T01:20:38Z</ts>
        <createdBy>Karry Riddich</createdBy>
        <approvedBy>Linus Birden</approvedBy>
      </source>
    </activity>
    <activity>
      <predicate>transferredTo</predicate>
      <place>Meevee</place>
      <predplace>transferredTo Meevee</predplace>
      <ts>2012-07-04T13:58:04Z</ts>
      <source>
        <name>Los Angeles Times</name>
        <ts>2020-12-27T04:22:17Z</ts>
        <createdBy>Theo Sevitt</createdBy>
        <approvedBy>Dulcinea Pengelly</approvedBy>
      </source>
    </activity>
    <activity>
      <predicate>movedTo</predicate>
      <place>Flashpoint</place>
      <predplace>movedTo Flashpoint</predplace>
      <ts>2018-09-18T22:42:44Z</ts>
      <source>
        <name>Wall Street Journal</name>
        <ts>2020-02-06T04:44:26Z</ts>
        <createdBy>Shayne Czajkowski</createdBy>
        <approvedBy>Selena Strasse</approvedBy>
      </source>
    </activity>
  </activities>
  <events>
    <event>
      <predicate>visited</predicate>
      <place>China</place>
      <predplace>visited China</predplace>
      <end>2018-07-03T09:33:02Z</end>
      <start>2015-08-01T12:31:55Z</start>
    </event>
  </events>
  <actions>
    <action>
      <url>https://sfgate.com</url>
      <icon>faCog</icon>
    </action>
    <action>
      <url>http://wordpress.org</url>
      <icon>faCode</icon>
    </action>
    <action>
      <url>http://mozilla.org</url>
      <icon>faSync</icon>
    </action>
  </actions>
</person>