<?xml version="1.0" encoding="UTF-8" standalone="yes"?>
<person>
  <personId>10067</personId>
  <nameGroup>
    <givenname>
      <value>Atalanta</value>
    </givenname>
    <surname>
      <value>Brosius</value>
    </surname>
    <fullname>
      <classification>C</classification>
      <restricted>true</restricted>
      <value>Brosius Atalanta</value>
      <source>
        <name>Chicago Tribune</name>
        <ts>2014-11-09T22:41:54Z</ts>
      </source>
    </fullname>
  </nameGroup>
  <emails>
    <email>
      <value>credrup0@wiley.com</value>
      <classification>S</classification>
      <restricted>false</restricted>
    </email>
    <email>
      <value>dbuckler1@senate.gov</value>
      <classification>S</classification>
      <restricted>false</restricted>
    </email>
    <email>
      <value>zgoody2@bravesites.com</value>
      <classification>S</classification>
      <restricted>false</restricted>
    </email>
  </emails>
  <phone>763-551-0769</phone>
  <ssn>
    <value>634-36-0800</value>
    <classification>(S)</classification>
  </ssn>
  <images>
    <image>
      <url>https://cdn1.marklogic.com/wp-content/uploads/2021/05/IS-headshot.jpeg</url>
      <source>
        <name>Los Angeles Times</name>
        <ts>2018-10-17T01:58:21Z</ts>
        <uploadedBy>euden0</uploadedBy>
      </source>
    </image>
    <image>
      <url>https://cdn1.marklogic.com/wp-content/uploads/2018/01/Diane-Burley-MarkLogic-2015.jpg</url>
      <source>
        <name>Washington Post</name>
        <ts>2011-11-04T01:57:23Z</ts>
        <uploadedBy>jmcgarel0</uploadedBy>
      </source>
    </image>
  </images>
  <addresses>
    <address>
      <street>38 Hoepker Place</street>
      <city>Salt Lake City</city>
      <state>UT</state>
      <postal>84125</postal>
      <country>United States</country>
      <latitude>40.6681</latitude>
      <longitude>-111.9083</longitude>
    </address>
  </addresses>
  <schools>
    <school>
      <country>United States</country>
      <name>University of Mississippi</name>
      <city>Memphis</city>
      <state>TN</state>
      <postal>38168</postal>
      <latitude>35.2299999</latitude>
      <longitude>-89.9</longitude>
      <source>
        <name>USA Today</name>
        <ts>2012-08-04T07:49:22Z</ts>
      </source>
      <source>
        <name>New York Times</name>
        <ts>2014-05-07T13:53:09Z</ts>
      </source>
    </school>
  </schools>
  <status>Inactive</status>
  <sources>
    <source>
      <name>Los Angeles Times</name>
      <ts>2018-01-19T20:34:32Z</ts>
    </source>
  </sources>
  <sources>
    <source>
      <name>Chicago Tribune</name>
      <ts>2014-03-17T12:27:11Z</ts>
    </source>
  </sources>
  <sources>
    <source>
      <name>Los Angeles Times</name>
      <ts>2016-07-27T04:44:01Z</ts>
    </source>
  </sources>
  <relations>
    <relation>
      <id>/person/10078.xml</id>
      <predicate>relatedTo</predicate>
      <imageSrc>https://cdn1.marklogic.com/wp-content/uploads/2020/11/george-bloom-headshot-300x300-1.jpg</imageSrc>
      <fullname>Iacovozzo Brandie</fullname>
      <city>Mobile</city>
      <state>AL</state>
    </relation>
    <relation>
      <id>/person/10035.xml</id>
      <predicate>relatedTo</predicate>
      <imageSrc>https://cdn1.marklogic.com/wp-content/uploads/2018/01/Alicia-Saia-MarkLogic1.jpg</imageSrc>
      <fullname>Van den Broek Gilda</fullname>
      <city>Buffalo</city>
      <state>NY</state>
    </relation>
    <relation>
      <id>/person/10057.xml</id>
      <predicate>livesWith</predicate>
      <imageSrc>https://cdn1.marklogic.com/wp-content/uploads/2018/01/Michael-Malgeri-MarkLogic.jpg</imageSrc>
      <fullname>Haycock Kristyn</fullname>
      <city>Silver Spring</city>
      <state>MD</state>
    </relation>
  </relations>
  <createdOn>
    <ts>2022-01-29T01:40:28Z</ts>
    <user>abrosius1u</user>
  </createdOn>
  <lastUpdated>
    <ts>2022-02-17T13:40:15Z</ts>
    <user>abrosius1u</user>
  </lastUpdated>
  <socials>
    <social>
      <site>linkedin</site>
      <handle>ksparwell0</handle>
      <address>https://twitter.com/sed.aspx</address>
    </social>
    <social>
      <site>facebook</site>
      <handle>sstranio1</handle>
      <address>https://t-online.de/porta/volutpat/quam/pede/lobortis/ligula/sit.jpg</address>
    </social>
    <social>
      <site>facebook</site>
      <handle>lspurgeon2</handle>
      <address>http://weibo.com/nullam/molestie.jsp</address>
    </social>
  </socials>
  <memberships>
    <membership>
      <list>list9</list>
      <important>true</important>
      <ts>2022-02-18</ts>
    </membership>
    <membership>
      <list>list11</list>
      <important>true</important>
      <ts>2022-01-04</ts>
    </membership>
    <membership>
      <list>list1</list>
      <important>false</important>
      <ts>2022-01-03</ts>
    </membership>
    <membership>
      <list>list10</list>
      <important>true</important>
      <ts>2022-01-28</ts>
    </membership>
  </memberships>
  <links>
    <link>
      <label>Quick View</label>
      <url>http://biglobe.ne.jp</url>
      <icon>faEye</icon>
    </link>
    <link>
      <label>Nomination History</label>
      <url>https://gizmodo.com</url>
      <icon>faMedal</icon>
    </link>
    <link>
      <label>Comments</label>
      <url>http://epa.gov</url>
      <icon>faComments</icon>
    </link>
  </links>
  <activities>
    <activity>
      <predicate>movedTo</predicate>
      <place>Zoombeat</place>
      <predplace>movedTo Zoombeat</predplace>
      <ts>2012-09-04T09:59:51Z</ts>
      <source>
        <name>USA Today</name>
        <ts>2016-10-09T00:51:28Z</ts>
        <createdBy>Abram Colbrun</createdBy>
        <approvedBy>Clyde Edge</approvedBy>
      </source>
    </activity>
    <activity>
      <predicate>movedTo</predicate>
      <place>Oyonder</place>
      <predplace>movedTo Oyonder</predplace>
      <ts>2012-10-25T19:09:38Z</ts>
      <source>
        <name>New York Times</name>
        <ts>2016-08-12T15:54:20Z</ts>
        <createdBy>Em Hulls</createdBy>
        <approvedBy>Gaylene Dartan</approvedBy>
      </source>
    </activity>
    <activity>
      <predicate>movedTo</predicate>
      <place>Izio</place>
      <predplace>movedTo Izio</predplace>
      <ts>2013-03-03T18:47:31Z</ts>
      <source>
        <name>Chicago Tribune</name>
        <ts>2018-08-26T14:47:12Z</ts>
        <createdBy>Clare Favey</createdBy>
        <approvedBy>Hugues Bounde</approvedBy>
      </source>
    </activity>
    <activity>
      <predicate>startedAt</predicate>
      <place>Eidel</place>
      <predplace>startedAt Eidel</predplace>
      <ts>2011-08-12T12:32:13Z</ts>
      <source>
        <name>Los Angeles Times</name>
        <ts>2022-04-27T22:21:11Z</ts>
        <createdBy>Bathsheba Wrathall</createdBy>
        <approvedBy>Carin Burgher</approvedBy>
      </source>
    </activity>
    <activity>
      <predicate>startedAt</predicate>
      <place>Skalith</place>
      <predplace>startedAt Skalith</predplace>
      <ts>2015-02-21T05:12:41Z</ts>
      <source>
        <name>Wall Street Journal</name>
        <ts>2017-10-12T08:36:40Z</ts>
        <createdBy>Arv Verrechia</createdBy>
        <approvedBy>Paolo Ambler</approvedBy>
      </source>
    </activity>
    <activity>
      <predicate>transferredTo</predicate>
      <place>Youtags</place>
      <predplace>transferredTo Youtags</predplace>
      <ts>2013-12-05T22:42:16Z</ts>
      <source>
        <name>Washington Post</name>
        <ts>2016-06-24T06:29:38Z</ts>
        <createdBy>Cate Buie</createdBy>
        <approvedBy>Sib Nortcliffe</approvedBy>
      </source>
    </activity>
  </activities>
  <actions>
    <action>
      <url>https://webs.com</url>
      <icon>faCog</icon>
    </action>
    <action>
      <url>http://amazon.com</url>
      <icon>faCode</icon>
    </action>
    <action>
      <url>http://e-recht24.de</url>
      <icon>faSync</icon>
    </action>
  </actions>
</person>