<?xml version="1.0" encoding="UTF-8" standalone="yes"?>
<person>
  <personId>10066</personId>
  <nameGroup>
    <givenname>
      <value>Jammie</value>
    </givenname>
    <surname>
      <value>Adamsson</value>
    </surname>
    <fullname>
      <classification>U</classification>
      <restricted>true</restricted>
      <value>Adamsson Jammie</value>
      <source>
        <name>Washington Post</name>
        <ts>2012-01-21T03:48:41Z</ts>
      </source>
      <source>
        <name>Chicago Tribune</name>
        <ts>2016-03-25T18:55:28Z</ts>
      </source>
    </fullname>
  </nameGroup>
  <emails>
    <email>
      <value>cvazquez0@rakuten.co.jp</value>
      <classification>S</classification>
      <restricted>false</restricted>
    </email>
  </emails>
  <phone>889-786-0934</phone>
  <ssn>
    <value>643-42-5081</value>
    <classification>(S)</classification>
  </ssn>
  <images>
    <image>
      <url>https://cdn1.marklogic.com/wp-content/uploads/2018/01/Michael-Malgeri-MarkLogic.jpg</url>
      <source>
        <name>Los Angeles Times</name>
        <ts>2016-02-24T00:51:05Z</ts>
        <uploadedBy>mstronghill0</uploadedBy>
      </source>
    </image>
  </images>
  <addresses>
    <address>
      <street>74 Lien Avenue</street>
      <city>San Jose</city>
      <state>CA</state>
      <postal>95194</postal>
      <country>United States</country>
      <latitude>37.3894</latitude>
      <longitude>-121.8868</longitude>
    </address>
    <address>
      <street>79 Eagle Crest Street</street>
      <city>San Jose</city>
      <state>CA</state>
      <postal>95113</postal>
      <country>United States</country>
      <latitude>37.3329</latitude>
      <longitude>-121.8916</longitude>
    </address>
  </addresses>
  <schools>
    <school>
      <country>United States</country>
      <name>California Institute of Technology</name>
      <city>Augusta</city>
      <state>GA</state>
      <postal>30905</postal>
      <latitude>33.4243373</latitude>
      <longitude>-82.1387233</longitude>
      <source>
        <name>USA Today</name>
        <ts>2011-05-15T00:27:57Z</ts>
      </source>
      <source>
        <name>New York Times</name>
        <ts>2012-04-22T05:27:34Z</ts>
      </source>
    </school>
    <school>
      <country>United States</country>
      <name>St. Leo College</name>
      <city>Pittsburgh</city>
      <state>PA</state>
      <postal>15274</postal>
      <latitude>40.44</latitude>
      <longitude>-79.9599999</longitude>
      <source>
        <name>USA Today</name>
        <ts>2012-11-25T20:39:28Z</ts>
      </source>
    </school>
  </schools>
  <status>Active</status>
  <sources>
    <source>
      <name>Chicago Tribune</name>
      <ts>2011-10-18T23:14:03Z</ts>
    </source>
  </sources>
  <relations>
    <relation>
      <id>/person/10059.xml</id>
      <predicate>worksWith</predicate>
      <imageSrc>https://cdn1.marklogic.com/wp-content/uploads/2018/01/headshot_square_286x286.jpg</imageSrc>
      <fullname>McNabb Shantee</fullname>
      <city>Saint Petersburg</city>
      <state>FL</state>
    </relation>
    <relation>
      <id>/person/10094.xml</id>
      <predicate>worksWith</predicate>
      <imageSrc>https://cdn1.marklogic.com/wp-content/uploads/2021/05/IS-headshot.jpeg</imageSrc>
      <fullname>Brierley Koren</fullname>
      <city>Miami</city>
      <state>FL</state>
    </relation>
    <relation>
      <id>/person/10038.xml</id>
      <predicate>worksWith</predicate>
      <imageSrc>https://cdn1.marklogic.com/wp-content/uploads/2020/04/JamesKenwood-headshot-600x600-1.jpg</imageSrc>
      <fullname>Eyes Juliane</fullname>
      <city>Richmond</city>
      <state>VA</state>
    </relation>
    <relation>
      <id>/person/10028.xml</id>
      <predicate>livesWith</predicate>
      <imageSrc>https://cdn1.marklogic.com/wp-content/uploads/2021/02/1612313387205.jpeg</imageSrc>
      <fullname>Grimston Antonio</fullname>
      <city>Salt Lake City</city>
      <state>UT</state>
    </relation>
  </relations>
  <createdOn>
    <ts>2022-02-04T22:16:29Z</ts>
    <user>jadamsson1t</user>
  </createdOn>
  <lastUpdated>
    <ts>2022-01-02T12:50:39Z</ts>
    <user>jadamsson1t</user>
  </lastUpdated>
  <socials>
    <social>
      <site>linkedin</site>
      <handle>tformie0</handle>
      <address>https://yahoo.com/ac/enim/in/tempor/turpis/nec.jsp</address>
    </social>
  </socials>
  <memberships>
    <membership>
      <list>list3</list>
      <important>false</important>
      <ts>2022-01-16</ts>
    </membership>
  </memberships>
  <links>
    <link>
      <label>Quick View</label>
      <url>http://ox.ac.uk</url>
      <icon>faEye</icon>
    </link>
    <link>
      <label>Nomination History</label>
      <url>http://naver.com</url>
      <icon>faMedal</icon>
    </link>
    <link>
      <label>Comments</label>
      <url>http://cornell.edu</url>
      <icon>faComments</icon>
    </link>
  </links>
  <activities>
    <activity>
      <predicate>movedTo</predicate>
      <place>Flashdog</place>
      <predplace>movedTo Flashdog</predplace>
      <ts>2010-10-12T02:03:27Z</ts>
      <source>
        <name>USA Today</name>
        <ts>2021-11-08T08:56:15Z</ts>
        <createdBy>Jarad Chapiro</createdBy>
        <approvedBy>Janka Draisey</approvedBy>
      </source>
    </activity>
    <activity>
      <predicate>endedAt</predicate>
      <place>Oodoo</place>
      <predplace>endedAt Oodoo</predplace>
      <ts>2012-03-19T19:05:50Z</ts>
      <source>
        <name>New York Times</name>
        <ts>2016-12-23T23:15:36Z</ts>
        <createdBy>Ellette Authers</createdBy>
        <approvedBy>Brion Trye</approvedBy>
      </source>
    </activity>
    <activity>
      <predicate>transferredTo</predicate>
      <place>Skibox</place>
      <predplace>transferredTo Skibox</predplace>
      <ts>2010-08-09T03:16:01Z</ts>
      <source>
        <name>Chicago Tribune</name>
        <ts>2019-11-28T12:44:55Z</ts>
        <createdBy>Normand Cyster</createdBy>
        <approvedBy>Christian Batisse</approvedBy>
      </source>
    </activity>
    <activity>
      <predicate>movedTo</predicate>
      <place>Voonix</place>
      <predplace>movedTo Voonix</predplace>
      <ts>2012-08-01T21:33:22Z</ts>
      <source>
        <name>Los Angeles Times</name>
        <ts>2021-12-14T03:01:21Z</ts>
        <createdBy>Corilla Abramovicz</createdBy>
        <approvedBy>Ailina Urquhart</approvedBy>
      </source>
    </activity>
    <activity>
      <predicate>transferredTo</predicate>
      <place>Meevee</place>
      <predplace>transferredTo Meevee</predplace>
      <ts>2015-08-14T09:38:02Z</ts>
      <source>
        <name>Wall Street Journal</name>
        <ts>2020-06-10T12:38:57Z</ts>
        <createdBy>Roland Shark</createdBy>
        <approvedBy>Virgil Peres</approvedBy>
      </source>
    </activity>
  </activities>
  <actions>
    <action>
      <url>https://weebly.com</url>
      <icon>faCog</icon>
    </action>
    <action>
      <url>https://arizona.edu</url>
      <icon>faCode</icon>
    </action>
    <action>
      <url>http://marriott.com</url>
      <icon>faSync</icon>
    </action>
  </actions>
</person>