<?xml version="1.0" encoding="UTF-8" standalone="yes"?>
<person>
  <personId>10060</personId>
  <nameGroup>
    <givenname>
      <value>Sabine</value>
    </givenname>
    <surname>
      <value>Tremayne</value>
    </surname>
    <fullname>
      <classification>C</classification>
      <restricted>false</restricted>
      <value>Tremayne Sabine</value>
      <source>
        <name>Los Angeles Times</name>
        <ts>2020-01-06T15:51:50Z</ts>
      </source>
    </fullname>
  </nameGroup>
  <emails>
    <email>
      <value>gmclagain0@google.com.br</value>
      <classification>C</classification>
      <restricted>false</restricted>
    </email>
    <email>
      <value>ayurenin1@fastcompany.com</value>
      <classification>C</classification>
      <restricted>false</restricted>
    </email>
    <email>
      <value>kstidson2@hexun.com</value>
      <classification>U</classification>
      <restricted>false</restricted>
    </email>
  </emails>
  <phone>231-669-0569</phone>
  <ssn>
    <value>584-77-2349</value>
    <classification>(S)</classification>
  </ssn>
  <images>
    <image>
      <url>https://cdn1.marklogic.com/wp-content/uploads/2020/11/george-bloom-headshot-300x300-1.jpg</url>
      <source>
        <name>Washington Post</name>
        <ts>2011-08-19T12:57:08Z</ts>
        <uploadedBy/>
      </source>
    </image>
  </images>
  <addresses>
    <address>
      <street>4 Saint Paul Hill</street>
      <city>Lynchburg</city>
      <state>VA</state>
      <postal>24503</postal>
      <country>United States</country>
      <latitude>37.4376</latitude>
      <longitude>-79.205</longitude>
    </address>
    <address>
      <street>94771 Lerdahl Drive</street>
      <city>Des Moines</city>
      <state>IA</state>
      <postal>50305</postal>
      <country>United States</country>
      <latitude>41.6727</latitude>
      <longitude>-93.5722</longitude>
    </address>
  </addresses>
  <schools>
    <school>
      <country>Mexico</country>
      <name>Universidad La Salle</name>
      <city>Magisterial</city>
      <state>COA</state>
      <postal>29223</postal>
      <latitude>32.5468611</latitude>
      <longitude>-116.9030256</longitude>
      <source>
        <name>USA Today</name>
        <ts>2010-07-13T15:57:10Z</ts>
      </source>
      <source>
        <name>New York Times</name>
        <ts>2014-09-04T02:52:40Z</ts>
      </source>
    </school>
    <school>
      <country>United States</country>
      <name>Hobart and William Smith Colleges</name>
      <city>Miami</city>
      <state>FL</state>
      <postal>33129</postal>
      <latitude>25.7564471</latitude>
      <longitude>-80.2056382</longitude>
      <source>
        <name>USA Today</name>
        <ts>2014-08-23T07:05:24Z</ts>
      </source>
      <source>
        <name>New York Times</name>
        <ts>2020-10-23T00:51:39Z</ts>
      </source>
      <source>
        <name>Chicago Tribune</name>
        <ts>2019-03-26T21:31:20Z</ts>
      </source>
    </school>
  </schools>
  <status>Active</status>
  <sources>
    <source>
      <name>Washington Post</name>
      <ts>2019-02-11T21:19:10Z</ts>
    </source>
  </sources>
  <sources>
    <source>
      <name>USA Today</name>
      <ts>2014-09-10T03:54:19Z</ts>
    </source>
  </sources>
  <sources>
    <source>
      <name>Wall Street Journal</name>
      <ts>2013-05-15T11:05:20Z</ts>
    </source>
  </sources>
  <relations>
    <relation>
      <id>/person/10035.xml</id>
      <predicate>worksWith</predicate>
      <imageSrc>https://cdn1.marklogic.com/wp-content/uploads/2018/01/Alicia-Saia-MarkLogic1.jpg</imageSrc>
      <fullname>Van den Broek Gilda</fullname>
      <city>Buffalo</city>
      <state>NY</state>
    </relation>
    <relation>
      <id>/person/10068.xml</id>
      <predicate>worksWith</predicate>
      <imageSrc>https://cdn1.marklogic.com/wp-content/uploads/2018/01/headshot_square_286x286.jpg</imageSrc>
      <fullname>Mycock Norris</fullname>
      <city>Lansing</city>
      <state>MI</state>
    </relation>
  </relations>
  <createdOn>
    <ts>2022-02-19T16:46:20Z</ts>
    <user>stremayne1n</user>
  </createdOn>
  <lastUpdated>
    <ts>2022-01-29T12:34:20Z</ts>
    <user>stremayne1n</user>
  </lastUpdated>
  <socials/>
  <memberships/>
  <links>
    <link>
      <label>Quick View</label>
      <url>https://google.com</url>
      <icon>faEye</icon>
    </link>
    <link>
      <label>Nomination History</label>
      <url>http://oakley.com</url>
      <icon>faMedal</icon>
    </link>
    <link>
      <label>Comments</label>
      <url>https://exblog.jp</url>
      <icon>faComments</icon>
    </link>
  </links>
  <activities>
    <activity>
      <predicate>endedAt</predicate>
      <place>Jayo</place>
      <predplace>endedAt Jayo</predplace>
      <ts>2012-05-29T13:24:03Z</ts>
      <source>
        <name>USA Today</name>
        <ts>2020-01-19T17:51:03Z</ts>
        <createdBy>Adelheid Whartonby</createdBy>
        <approvedBy>Adler Jevon</approvedBy>
      </source>
    </activity>
    <activity>
      <predicate>transferredTo</predicate>
      <place>Skinix</place>
      <predplace>transferredTo Skinix</predplace>
      <ts>2011-02-14T09:13:21Z</ts>
      <source>
        <name>New York Times</name>
        <ts>2022-03-03T10:02:56Z</ts>
        <createdBy>Adel Cleatherow</createdBy>
        <approvedBy>Cammi Aust</approvedBy>
      </source>
    </activity>
    <activity>
      <predicate>startedAt</predicate>
      <place>Buzzdog</place>
      <predplace>startedAt Buzzdog</predplace>
      <ts>2014-10-23T21:45:54Z</ts>
      <source>
        <name>Chicago Tribune</name>
        <ts>2016-10-29T05:58:26Z</ts>
        <createdBy>Nikolia Shearmur</createdBy>
        <approvedBy>Rafi Gagg</approvedBy>
      </source>
    </activity>
    <activity>
      <predicate>startedAt</predicate>
      <place>Podcat</place>
      <predplace>startedAt Podcat</predplace>
      <ts>2015-01-06T04:44:46Z</ts>
      <source>
        <name>Los Angeles Times</name>
        <ts>2018-08-31T02:44:10Z</ts>
        <createdBy>Kelley Corwood</createdBy>
        <approvedBy>Tana Salmond</approvedBy>
      </source>
    </activity>
    <activity>
      <predicate>endedAt</predicate>
      <place>Jabbersphere</place>
      <predplace>endedAt Jabbersphere</predplace>
      <ts>2010-06-29T02:11:42Z</ts>
      <source>
        <name>Wall Street Journal</name>
        <ts>2017-12-01T12:21:35Z</ts>
        <createdBy>Erminia Julyan</createdBy>
        <approvedBy>Yvette O'Rourke</approvedBy>
      </source>
    </activity>
  </activities>
  <actions>
    <action>
      <url>http://shop-pro.jp</url>
      <icon>faCog</icon>
    </action>
    <action>
      <url>https://icq.com</url>
      <icon>faCode</icon>
    </action>
    <action>
      <url>http://tmall.com</url>
      <icon>faSync</icon>
    </action>
  </actions>
</person>