<?xml version="1.0" encoding="UTF-8" standalone="yes"?>
<person>
  <personId>10066</personId>
  <nameGroup>
    <givenname>
      <value>Janelle</value>
    </givenname>
    <surname>
      <value>Arton</value>
    </surname>
    <fullname>
      <classification>U</classification>
      <restricted>false</restricted>
      <value>Arton Janelle</value>
      <source>
        <name>New York Times</name>
        <ts>2019-06-20T14:57:13Z</ts>
      </source>
      <source>
        <name>USA Today</name>
        <ts>2018-06-02T08:03:37Z</ts>
      </source>
    </fullname>
  </nameGroup>
  <emails>
    <email>
      <value>jmckyrrelly0@google.es</value>
      <classification>U</classification>
      <restricted>false</restricted>
    </email>
  </emails>
  <phone>436-456-4465</phone>
  <contacts>
    <contact>
      <type>email</type>
      <value>sescot0@reference.com</value>
    </contact>
    <contact>
      <type>email</type>
      <value>klorenzin1@meetup.com</value>
    </contact>
    <contact>
      <type>email</type>
      <value>tgodney2@wisc.edu</value>
    </contact>
  </contacts>
  <ssn>
    <value>324-23-1381</value>
    <classification>(S)</classification>
  </ssn>
  <images>
    <image>
      <url>https://cdn1.marklogic.com/wp-content/uploads/2021/05/IS-headshot.jpeg</url>
      <source>
        <name>New York Times</name>
        <ts>2011-11-25T13:38:26Z</ts>
        <uploadedBy>kinnerstone0</uploadedBy>
      </source>
    </image>
    <image>
      <url>https://cdn1.marklogic.com/wp-content/uploads/2021/02/1612313387205.jpeg</url>
      <source>
        <name>Washington Post</name>
        <ts>2020-07-14T07:22:55Z</ts>
        <uploadedBy>dwinterbotham0</uploadedBy>
      </source>
    </image>
  </images>
  <addresses>
    <address>
      <street>30357 Coleman Street</street>
      <city>Cheyenne</city>
      <state>WY</state>
      <postal>82007</postal>
      <country>United States</country>
      <latitude>41.1084</latitude>
      <longitude>-104.8107</longitude>
    </address>
    <address>
      <street>52 Marquette Park</street>
      <city>Virginia Beach</city>
      <state>VA</state>
      <postal>23454</postal>
      <country>United States</country>
      <latitude>36.8282</latitude>
      <longitude>-76.0237</longitude>
    </address>
  </addresses>
  <schools>
    <school>
      <country>United States</country>
      <name>DeVry Institute of Technology, Phoenix</name>
      <city>Chicago</city>
      <state>IL</state>
      <postal>60663</postal>
      <latitude>34.5259004</latitude>
      <longitude>-117.0625875</longitude>
      <source>
        <name>USA Today</name>
        <ts>2016-03-31T15:24:39Z</ts>
      </source>
    </school>
  </schools>
  <status>Inactive</status>
  <sources>
    <source>
      <name>Wall Street Journal</name>
      <ts>2019-05-22T19:00:32Z</ts>
    </source>
  </sources>
  <sources>
    <source>
      <name>Wall Street Journal</name>
      <ts>2017-09-08T18:29:11Z</ts>
    </source>
  </sources>
  <sources>
    <source>
      <name>Wall Street Journal</name>
      <ts>2014-07-13T09:39:08Z</ts>
    </source>
  </sources>
  <relations>
    <relation>
      <id>/person/10076.xml</id>
      <predicate>worksWith</predicate>
      <imageSrc>https://cdn1.marklogic.com/wp-content/uploads/2018/01/Alicia-Saia-MarkLogic1.jpg</imageSrc>
      <fullname>Morfett Minnaminnie</fullname>
      <city>Colorado Springs</city>
      <state>CO</state>
    </relation>
    <relation>
      <id>/person/10004.xml</id>
      <predicate>relatedTo</predicate>
      <imageSrc>https://cdn1.marklogic.com/wp-content/uploads/2021/02/1612313387205.jpeg</imageSrc>
      <fullname>Morriarty Anatol</fullname>
      <city>Virginia Beach</city>
      <state>VA</state>
    </relation>
    <relation>
      <id>/person/10089.xml</id>
      <predicate>livesWith</predicate>
      <imageSrc>https://cdn1.marklogic.com/wp-content/uploads/2018/01/Alicia-Saia-MarkLogic1.jpg</imageSrc>
      <fullname>Waywell Kaleb</fullname>
      <city>Miami</city>
      <state>FL</state>
    </relation>
  </relations>
  <createdOn>
    <ts>2022-02-21T02:52:51Z</ts>
    <user>jarton1t</user>
  </createdOn>
  <lastUpdated>
    <ts>2022-01-28T19:02:28Z</ts>
    <user>jarton1t</user>
  </lastUpdated>
  <socials/>
  <memberships/>
  <links>
    <link>
      <label>Quick View</label>
      <url>http://is.gd</url>
      <icon>faEye</icon>
    </link>
    <link>
      <label>Nomination History</label>
      <url>https://businesswire.com</url>
      <icon>faMedal</icon>
    </link>
    <link>
      <label>Comments</label>
      <url>https://wordpress.org</url>
      <icon>faComments</icon>
    </link>
  </links>
  <activities>
    <activity>
      <predicate>movedTo</predicate>
      <place>Bluezoom</place>
      <predplace>movedTo Bluezoom</predplace>
      <ts>2019-08-12T22:37:26Z</ts>
      <source>
        <name>USA Today</name>
        <ts>2021-04-28T12:13:08Z</ts>
        <createdBy>Barbee Cearley</createdBy>
        <approvedBy>Fitzgerald Peart</approvedBy>
      </source>
    </activity>
    <activity>
      <predicate>transferredTo</predicate>
      <place>Ailane</place>
      <predplace>transferredTo Ailane</predplace>
      <ts>2012-10-11T06:57:55Z</ts>
      <source>
        <name>New York Times</name>
        <ts>2021-02-13T23:37:57Z</ts>
        <createdBy>Britta Oxbe</createdBy>
        <approvedBy>Zacharie McAw</approvedBy>
      </source>
    </activity>
    <activity>
      <predicate>startedAt</predicate>
      <place>Flipstorm</place>
      <predplace>startedAt Flipstorm</predplace>
      <ts>2019-12-07T04:10:39Z</ts>
      <source>
        <name>Chicago Tribune</name>
        <ts>2020-05-30T20:46:57Z</ts>
        <createdBy>Myrtia Dignan</createdBy>
        <approvedBy>Bev Stitle</approvedBy>
      </source>
    </activity>
    <activity>
      <predicate>endedAt</predicate>
      <place>Mynte</place>
      <predplace>endedAt Mynte</predplace>
      <ts>2012-07-06T01:42:55Z</ts>
      <source>
        <name>Los Angeles Times</name>
        <ts>2021-09-27T22:40:58Z</ts>
        <createdBy>Florenza Haldene</createdBy>
        <approvedBy>Hakeem Rodear</approvedBy>
      </source>
    </activity>
    <activity>
      <predicate>endedAt</predicate>
      <place>Divavu</place>
      <predplace>endedAt Divavu</predplace>
      <ts>2017-04-04T14:26:14Z</ts>
      <source>
        <name>Wall Street Journal</name>
        <ts>2021-10-02T16:37:32Z</ts>
        <createdBy>Dana Skarin</createdBy>
        <approvedBy>Sara-ann Brunt</approvedBy>
      </source>
    </activity>
  </activities>
  <events>
    <event>
      <predicate>visited</predicate>
      <place>Colombia</place>
      <predplace>visited Colombia</predplace>
      <end>2017-09-20T15:40:03Z</end>
      <start>2016-01-08T17:55:20Z</start>
    </event>
  </events>
  <actions>
    <action>
      <url>http://t.co</url>
      <icon>faCog</icon>
    </action>
    <action>
      <url>http://liveinternet.ru</url>
      <icon>faCode</icon>
    </action>
    <action>
      <url>http://slideshare.net</url>
      <icon>faSync</icon>
    </action>
  </actions>
</person>