<?xml version="1.0" encoding="UTF-8" standalone="yes"?>
<person>
  <personId>10067</personId>
  <nameGroup>
    <givenname>
      <value>Maritsa</value>
    </givenname>
    <surname>
      <value>Wolfers</value>
    </surname>
    <fullname>
      <classification>S</classification>
      <restricted>true</restricted>
      <value>Wolfers Maritsa</value>
      <source>
        <name>Wall Street Journal</name>
        <ts>2020-05-17T10:55:59Z</ts>
      </source>
      <source>
        <name>Chicago Tribune</name>
        <ts>2012-11-03T19:01:34Z</ts>
      </source>
    </fullname>
  </nameGroup>
  <emails>
    <email>
      <value>achiechio0@yolasite.com</value>
      <classification>S</classification>
      <restricted>false</restricted>
    </email>
  </emails>
  <phone>855-656-1719</phone>
  <contacts>
    <contact>
      <type>phone</type>
      <value>116-503-8594</value>
    </contact>
    <contact>
      <type>phone</type>
      <value>505-908-3446</value>
    </contact>
    <contact>
      <type>phone</type>
      <value>498-762-6051</value>
    </contact>
  </contacts>
  <ssn>
    <value>375-30-2715</value>
    <classification>(S)</classification>
  </ssn>
  <images>
    <image>
      <url>https://cdn1.marklogic.com/wp-content/uploads/2018/01/Michael-Malgeri-MarkLogic.jpg</url>
      <source>
        <name>Wall Street Journal</name>
        <ts>2019-08-08T00:50:01Z</ts>
        <uploadedBy/>
      </source>
    </image>
    <image>
      <url>https://cdn1.marklogic.com/wp-content/uploads/2018/01/Alicia-Saia-MarkLogic1.jpg</url>
      <source>
        <name>Los Angeles Times</name>
        <ts>2016-07-31T22:29:11Z</ts>
        <uploadedBy>rhumble0</uploadedBy>
      </source>
    </image>
    <image>
      <url>https://cdn1.marklogic.com/wp-content/uploads/2018/01/headshot_square_286x286.jpg</url>
      <source>
        <name>Los Angeles Times</name>
        <ts>2013-03-28T23:37:32Z</ts>
        <uploadedBy>afishleigh0</uploadedBy>
      </source>
    </image>
    <image>
      <url>https://cdn1.marklogic.com/wp-content/uploads/2021/02/1612313387205.jpeg</url>
      <source>
        <name>Chicago Tribune</name>
        <ts>2018-09-28T11:20:32Z</ts>
        <uploadedBy>jsandels0</uploadedBy>
      </source>
    </image>
  </images>
  <addresses>
    <address>
      <street>71 Golf Terrace</street>
      <city>Little Rock</city>
      <state>AR</state>
      <postal>72204</postal>
      <country>United States</country>
      <latitude>34.7269</latitude>
      <longitude>-92.344</longitude>
    </address>
    <address>
      <street>5 Arapahoe Trail</street>
      <city>New York City</city>
      <state>NY</state>
      <postal>10203</postal>
      <country>United States</country>
      <latitude>40.7808</latitude>
      <longitude>-73.9772</longitude>
    </address>
    <address>
      <street>491 Homewood Road</street>
      <city>Fort Collins</city>
      <state>CO</state>
      <postal>80525</postal>
      <country>United States</country>
      <latitude>40.5384</latitude>
      <longitude>-105.0547</longitude>
    </address>
  </addresses>
  <schools>
    <school>
      <country>United States</country>
      <name>Colorado School of Mines</name>
      <city>Port Saint Lucie</city>
      <state>FL</state>
      <postal>34985</postal>
      <latitude>27.27476</latitude>
      <longitude>-80.31823</longitude>
      <source>
        <name>USA Today</name>
        <ts>2018-03-21T12:50:44Z</ts>
      </source>
      <source>
        <name>New York Times</name>
        <ts>2015-10-13T20:01:16Z</ts>
      </source>
    </school>
    <school>
      <country>Canada</country>
      <name>Assumption University</name>
      <city>Lac du Bonnet</city>
      <state>MB</state>
      <postal>H4S</postal>
      <latitude>50.2536</latitude>
      <longitude>-96.06116</longitude>
      <source>
        <name>USA Today</name>
        <ts>2015-11-24T21:31:23Z</ts>
      </source>
    </school>
  </schools>
  <status>Active</status>
  <sources>
    <source>
      <name>USA Today</name>
      <ts>2010-03-02T07:53:05Z</ts>
    </source>
  </sources>
  <relations>
    <relation>
      <id>/person/10089.xml</id>
      <predicate>livesWith</predicate>
      <imageSrc>https://cdn1.marklogic.com/wp-content/uploads/2018/01/Alicia-Saia-MarkLogic1.jpg</imageSrc>
      <fullname>Waywell Kaleb</fullname>
      <city>Miami</city>
      <state>FL</state>
    </relation>
    <relation>
      <id>/person/10081.xml</id>
      <predicate>livesWith</predicate>
      <imageSrc>https://cdn1.marklogic.com/wp-content/uploads/2018/02/trinh-lieu-profile.jpg</imageSrc>
      <fullname>Stones Casar</fullname>
      <city>Amarillo</city>
      <state>TX</state>
    </relation>
    <relation>
      <id>/person/10025.xml</id>
      <predicate>relatedTo</predicate>
      <imageSrc>https://cdn1.marklogic.com/wp-content/uploads/2018/01/Alicia-Saia-MarkLogic1.jpg</imageSrc>
      <fullname>Crofts Kally</fullname>
      <city>Evansville</city>
      <state>IN</state>
    </relation>
    <relation>
      <id>/person/10042.xml</id>
      <predicate>livesWith</predicate>
      <imageSrc>https://cdn1.marklogic.com/wp-content/uploads/2020/11/george-bloom-headshot-300x300-1.jpg</imageSrc>
      <fullname>Crinkley Guillemette</fullname>
      <city>New Orleans</city>
      <state>LA</state>
    </relation>
    <relation>
      <id>/person/10033.xml</id>
      <predicate>worksWith</predicate>
      <imageSrc>https://cdn1.marklogic.com/wp-content/uploads/2020/11/george-bloom-headshot-300x300-1.jpg</imageSrc>
      <fullname>Boal Ainslie</fullname>
      <city>Winston Salem</city>
      <state>NC</state>
    </relation>
  </relations>
  <createdOn>
    <ts>2022-02-17T03:13:28Z</ts>
    <user>mwolfers1u</user>
  </createdOn>
  <lastUpdated>
    <ts>2022-01-10T06:11:25Z</ts>
    <user>mwolfers1u</user>
  </lastUpdated>
  <socials>
    <social>
      <site>facebook</site>
      <handle>bgrewer0</handle>
      <address>https://qq.com/in/hac/habitasse/platea/dictumst/aliquam.json</address>
    </social>
    <social>
      <site>facebook</site>
      <handle>allywarch1</handle>
      <address>https://cpanel.net/at/turpis/a/pede/posuere.xml</address>
    </social>
    <social>
      <site>facebook</site>
      <handle>dmackniely2</handle>
      <address>http://mayoclinic.com/augue.xml</address>
    </social>
  </socials>
  <memberships>
    <membership>
      <list>list9</list>
      <important>true</important>
      <ts>2022-01-21</ts>
    </membership>
  </memberships>
  <links>
    <link>
      <label>Quick View</label>
      <url>http://mozilla.com</url>
      <icon>faEye</icon>
    </link>
    <link>
      <label>Nomination History</label>
      <url>http://omniture.com</url>
      <icon>faMedal</icon>
    </link>
    <link>
      <label>Comments</label>
      <url>http://cyberchimps.com</url>
      <icon>faComments</icon>
    </link>
  </links>
  <activities>
    <activity>
      <predicate>movedTo</predicate>
      <place>Zoomcast</place>
      <predplace>movedTo Zoomcast</predplace>
      <ts>2019-04-26T21:52:01Z</ts>
      <source>
        <name>USA Today</name>
        <ts>2021-01-12T15:17:17Z</ts>
        <createdBy>Tracy Constantinou</createdBy>
        <approvedBy>Sherry Markl</approvedBy>
      </source>
    </activity>
    <activity>
      <predicate>movedTo</predicate>
      <place>Rhynyx</place>
      <predplace>movedTo Rhynyx</predplace>
      <ts>2013-04-03T09:01:48Z</ts>
      <source>
        <name>New York Times</name>
        <ts>2020-10-18T01:11:52Z</ts>
        <createdBy>Margaretta Ferre</createdBy>
        <approvedBy>Eugenius Boldero</approvedBy>
      </source>
    </activity>
    <activity>
      <predicate>endedAt</predicate>
      <place>Jetpulse</place>
      <predplace>endedAt Jetpulse</predplace>
      <ts>2018-11-12T17:59:36Z</ts>
      <source>
        <name>Chicago Tribune</name>
        <ts>2020-12-07T12:44:28Z</ts>
        <createdBy>Rob Ygoe</createdBy>
        <approvedBy>Wayland Selwin</approvedBy>
      </source>
    </activity>
    <activity>
      <predicate>startedAt</predicate>
      <place>Muxo</place>
      <predplace>startedAt Muxo</predplace>
      <ts>2019-12-26T02:08:44Z</ts>
      <source>
        <name>Los Angeles Times</name>
        <ts>2021-07-26T01:04:42Z</ts>
        <createdBy>Jerrie Tassell</createdBy>
        <approvedBy>Gunar MacConchie</approvedBy>
      </source>
    </activity>
  </activities>
  <events>
    <event>
      <predicate>visited</predicate>
      <place>Mexico</place>
      <predplace>visited Mexico</predplace>
      <end>2017-03-16T16:01:45Z</end>
      <start>2015-10-14T17:06:38Z</start>
    </event>
  </events>
  <actions>
    <action>
      <url>http://indiatimes.com</url>
      <icon>faCog</icon>
    </action>
    <action>
      <url>http://booking.com</url>
      <icon>faCode</icon>
    </action>
    <action>
      <url>https://dailymail.co.uk</url>
      <icon>faSync</icon>
    </action>
  </actions>
</person>