<?xml version="1.0" encoding="UTF-8" standalone="yes"?>
<person>
  <personId>10064</personId>
  <nameGroup>
    <givenname>
      <value>Bel</value>
    </givenname>
    <surname>
      <value>Leyban</value>
    </surname>
    <fullname>
      <classification>U</classification>
      <restricted>false</restricted>
      <value>Leyban Bel</value>
      <source>
        <name>Washington Post</name>
        <ts>2010-03-29T05:07:58Z</ts>
      </source>
    </fullname>
  </nameGroup>
  <emails>
    <email>
      <value>dschurig0@cdbaby.com</value>
      <classification>S</classification>
      <restricted>false</restricted>
    </email>
    <email>
      <value>mfussell1@cbslocal.com</value>
      <classification>C</classification>
      <restricted>false</restricted>
    </email>
  </emails>
  <phone>216-912-6285</phone>
  <ssn>
    <value>765-83-4010</value>
    <classification>(S)</classification>
  </ssn>
  <images>
    <image>
      <url>https://cdn1.marklogic.com/wp-content/uploads/2018/02/trinh-lieu-profile.jpg</url>
      <source>
        <name>Chicago Tribune</name>
        <ts>2016-06-23T15:06:50Z</ts>
        <uploadedBy>ggolborne0</uploadedBy>
      </source>
    </image>
    <image>
      <url>https://cdn1.marklogic.com/wp-content/uploads/2018/01/Michael-Malgeri-MarkLogic.jpg</url>
      <source>
        <name>Los Angeles Times</name>
        <ts>2019-05-09T18:19:51Z</ts>
        <uploadedBy>fnaismith0</uploadedBy>
      </source>
    </image>
    <image>
      <url>https://cdn1.marklogic.com/wp-content/uploads/2020/04/JamesKenwood-headshot-600x600-1.jpg</url>
      <source>
        <name>USA Today</name>
        <ts>2015-09-11T05:17:20Z</ts>
        <uploadedBy>mreichartz0</uploadedBy>
      </source>
    </image>
  </images>
  <addresses>
    <address>
      <street>0054 Coleman Place</street>
      <city>Tempe</city>
      <state>AZ</state>
      <postal>85284</postal>
      <country>United States</country>
      <latitude>33.3363</latitude>
      <longitude>-111.9197</longitude>
    </address>
    <address>
      <street>20494 5th Trail</street>
      <city>Norfolk</city>
      <state>VA</state>
      <postal>23509</postal>
      <country>United States</country>
      <latitude>36.8787</latitude>
      <longitude>-76.2604</longitude>
    </address>
    <address>
      <street>8 Oneill Circle</street>
      <city>Fort Worth</city>
      <state>TX</state>
      <postal>76105</postal>
      <country>United States</country>
      <latitude>32.7233</latitude>
      <longitude>-97.269</longitude>
    </address>
  </addresses>
  <schools>
    <school>
      <country>United States</country>
      <name>Connecticut College</name>
      <city>Atlanta</city>
      <state>GA</state>
      <postal>31165</postal>
      <latitude>29.4390958</latitude>
      <longitude>-98.487335</longitude>
      <source>
        <name>USA Today</name>
        <ts>2013-06-27T06:32:23Z</ts>
      </source>
      <source>
        <name>New York Times</name>
        <ts>2020-01-09T20:18:39Z</ts>
      </source>
      <source>
        <name>Chicago Tribune</name>
        <ts>2017-04-25T07:21:49Z</ts>
      </source>
    </school>
  </schools>
  <status>Active</status>
  <sources>
    <source>
      <name>Washington Post</name>
      <ts>2018-12-24T13:09:17Z</ts>
    </source>
  </sources>
  <relations>
    <relation>
      <id>/person/10034.xml</id>
      <predicate>livesWith</predicate>
      <imageSrc>https://cdn1.marklogic.com/wp-content/uploads/2020/11/george-bloom-headshot-300x300-1.jpg</imageSrc>
      <fullname>Plewes Brett</fullname>
      <city>Detroit</city>
      <state>MI</state>
    </relation>
    <relation>
      <id>/person/10066.xml</id>
      <predicate>relatedTo</predicate>
      <imageSrc>https://cdn1.marklogic.com/wp-content/uploads/2018/01/Michael-Malgeri-MarkLogic.jpg</imageSrc>
      <fullname>Adamsson Jammie</fullname>
      <city>San Jose</city>
      <state>CA</state>
    </relation>
  </relations>
  <createdOn>
    <ts>2022-02-01T02:13:14Z</ts>
    <user>bleyban1r</user>
  </createdOn>
  <lastUpdated>
    <ts>2022-01-23T15:40:50Z</ts>
    <user>bleyban1r</user>
  </lastUpdated>
  <socials>
    <social>
      <site>facebook</site>
      <handle>csykora0</handle>
      <address>https://feedburner.com/augue/quam/sollicitudin/vitae/consectetuer/eget.png</address>
    </social>
    <social>
      <site>facebook</site>
      <handle>ohurkett1</handle>
      <address>http://dot.gov/curabitur/at/ipsum/ac.jsp</address>
    </social>
  </socials>
  <memberships>
    <membership>
      <list>list7</list>
      <important>true</important>
      <ts>2022-01-24</ts>
    </membership>
    <membership>
      <list>list1</list>
      <important>true</important>
      <ts>2022-02-01</ts>
    </membership>
    <membership>
      <list>list3</list>
      <important>false</important>
      <ts>2022-02-22</ts>
    </membership>
    <membership>
      <list>list1</list>
      <important>false</important>
      <ts>2022-01-14</ts>
    </membership>
    <membership>
      <list>list3</list>
      <important>false</important>
      <ts>2022-02-05</ts>
    </membership>
  </memberships>
  <links>
    <link>
      <label>Quick View</label>
      <url>http://ning.com</url>
      <icon>faEye</icon>
    </link>
    <link>
      <label>Nomination History</label>
      <url>http://businessweek.com</url>
      <icon>faMedal</icon>
    </link>
    <link>
      <label>Comments</label>
      <url>http://acquirethisname.com</url>
      <icon>faComments</icon>
    </link>
  </links>
  <activities>
    <activity>
      <predicate>transferredTo</predicate>
      <place>Eimbee</place>
      <predplace>transferredTo Eimbee</predplace>
      <ts>2015-04-03T11:48:04Z</ts>
      <source>
        <name>USA Today</name>
        <ts>2019-06-03T00:24:28Z</ts>
        <createdBy>Clint Wraighte</createdBy>
        <approvedBy>Birgit Worboys</approvedBy>
      </source>
    </activity>
    <activity>
      <predicate>movedTo</predicate>
      <place>Centidel</place>
      <predplace>movedTo Centidel</predplace>
      <ts>2011-09-09T15:18:19Z</ts>
      <source>
        <name>New York Times</name>
        <ts>2018-01-13T02:49:35Z</ts>
        <createdBy>Tristam Murley</createdBy>
        <approvedBy>Georgeanna Coppens</approvedBy>
      </source>
    </activity>
    <activity>
      <predicate>endedAt</predicate>
      <place>Katz</place>
      <predplace>endedAt Katz</predplace>
      <ts>2013-12-22T15:14:03Z</ts>
      <source>
        <name>Chicago Tribune</name>
        <ts>2019-05-11T07:42:58Z</ts>
        <createdBy>Dorris Morlon</createdBy>
        <approvedBy>Aluino Flynn</approvedBy>
      </source>
    </activity>
    <activity>
      <predicate>movedTo</predicate>
      <place>Oyonder</place>
      <predplace>movedTo Oyonder</predplace>
      <ts>2012-10-26T05:17:09Z</ts>
      <source>
        <name>Los Angeles Times</name>
        <ts>2017-02-18T08:45:30Z</ts>
        <createdBy>Reider Rarity</createdBy>
        <approvedBy>Karylin Huson</approvedBy>
      </source>
    </activity>
  </activities>
  <actions>
    <action>
      <url>https://live.com</url>
      <icon>faCog</icon>
    </action>
    <action>
      <url>http://rakuten.co.jp</url>
      <icon>faCode</icon>
    </action>
    <action>
      <url>http://ted.com</url>
      <icon>faSync</icon>
    </action>
  </actions>
</person>