<?xml version="1.0" encoding="UTF-8" standalone="yes"?>
<person>
  <personId>10065</personId>
  <nameGroup>
    <givenname>
      <value>Sidney</value>
    </givenname>
    <surname>
      <value>Fretter</value>
    </surname>
    <fullname>
      <classification>U</classification>
      <restricted>true</restricted>
      <value>Fretter Sidney</value>
      <source>
        <name>Los Angeles Times</name>
        <ts>2019-06-26T08:22:27Z</ts>
      </source>
    </fullname>
  </nameGroup>
  <emails>
    <email>
      <value>dyorke0@princeton.edu</value>
      <classification>S</classification>
      <restricted>false</restricted>
    </email>
  </emails>
  <phone>998-232-7891</phone>
  <ssn>
    <value>685-98-6193</value>
    <classification>(S)</classification>
  </ssn>
  <images>
    <image>
      <url>https://cdn1.marklogic.com/wp-content/uploads/2018/02/trinh-lieu-profile.jpg</url>
      <source>
        <name>New York Times</name>
        <ts>2010-05-04T08:06:42Z</ts>
        <uploadedBy>ppawson0</uploadedBy>
      </source>
    </image>
    <image>
      <url>https://cdn1.marklogic.com/wp-content/uploads/2021/02/1612313387205.jpeg</url>
      <source>
        <name>USA Today</name>
        <ts>2010-10-25T20:06:51Z</ts>
        <uploadedBy>mdehn0</uploadedBy>
      </source>
    </image>
  </images>
  <addresses>
    <address>
      <street>00 Fulton Road</street>
      <city>York</city>
      <state>PA</state>
      <postal>17405</postal>
      <country>United States</country>
      <latitude>40.0086</latitude>
      <longitude>-76.5972</longitude>
    </address>
    <address>
      <street>8729 Heath Parkway</street>
      <city>Pittsburgh</city>
      <state>PA</state>
      <postal>15261</postal>
      <country>United States</country>
      <latitude>40.4344</latitude>
      <longitude>-80.0248</longitude>
    </address>
    <address>
      <street>15355 Merchant Street</street>
      <city>Harrisburg</city>
      <state>PA</state>
      <postal>17105</postal>
      <country>United States</country>
      <latitude>40.2785</latitude>
      <longitude>-76.8752</longitude>
    </address>
  </addresses>
  <schools>
    <school>
      <country>United States</country>
      <name>University of San Diego</name>
      <city>Beaumont</city>
      <state>TX</state>
      <postal>77713</postal>
      <latitude>30.0435239</latitude>
      <longitude>-94.2743628</longitude>
      <source>
        <name>USA Today</name>
        <ts>2020-07-02T01:25:21Z</ts>
      </source>
    </school>
  </schools>
  <status>Inactive</status>
  <sources>
    <source>
      <name>New York Times</name>
      <ts>2011-01-15T14:32:44Z</ts>
    </source>
  </sources>
  <relations>
    <relation>
      <id>/person/10076.xml</id>
      <predicate>livesWith</predicate>
      <imageSrc>https://cdn1.marklogic.com/wp-content/uploads/2018/01/Alicia-Saia-MarkLogic1.jpg</imageSrc>
      <fullname>Andreaccio Leicester</fullname>
      <city>Milwaukee</city>
      <state>WI</state>
    </relation>
    <relation>
      <id>/person/10052.xml</id>
      <predicate>worksWith</predicate>
      <imageSrc>https://cdn1.marklogic.com/wp-content/uploads/2018/01/Alicia-Saia-MarkLogic1.jpg</imageSrc>
      <fullname>Posten Ariel</fullname>
      <city>Fort Worth</city>
      <state>TX</state>
    </relation>
    <relation>
      <id>/person/10002.xml</id>
      <predicate>worksWith</predicate>
      <imageSrc>https://cdn1.marklogic.com/wp-content/uploads/2021/05/IS-headshot.jpeg</imageSrc>
      <fullname>Sexten Barnaby</fullname>
      <city>Huntington</city>
      <state>WV</state>
    </relation>
    <relation>
      <id>/person/10023.xml</id>
      <predicate>livesWith</predicate>
      <imageSrc>https://cdn1.marklogic.com/wp-content/uploads/2018/01/Diane-Burley-MarkLogic-2015.jpg</imageSrc>
      <fullname>Rigts Sada</fullname>
      <city>Rochester</city>
      <state>NY</state>
    </relation>
  </relations>
  <createdOn>
    <ts>2022-02-13T09:04:19Z</ts>
    <user>sfretter1s</user>
  </createdOn>
  <lastUpdated>
    <ts>2022-02-17T00:34:30Z</ts>
    <user>sfretter1s</user>
  </lastUpdated>
  <socials/>
  <memberships>
    <membership>
      <list>list9</list>
      <important>false</important>
      <ts>2022-01-30</ts>
    </membership>
    <membership>
      <list>list11</list>
      <important>true</important>
      <ts>2022-01-31</ts>
    </membership>
    <membership>
      <list>list5</list>
      <important>true</important>
      <ts>2022-01-31</ts>
    </membership>
    <membership>
      <list>list11</list>
      <important>false</important>
      <ts>2022-02-23</ts>
    </membership>
    <membership>
      <list>list1</list>
      <important>false</important>
      <ts>2022-02-12</ts>
    </membership>
    <membership>
      <list>list11</list>
      <important>true</important>
      <ts>2022-02-27</ts>
    </membership>
  </memberships>
  <links>
    <link>
      <label>Quick View</label>
      <url>http://123-reg.co.uk</url>
      <icon>faEye</icon>
    </link>
    <link>
      <label>Nomination History</label>
      <url>http://constantcontact.com</url>
      <icon>faMedal</icon>
    </link>
    <link>
      <label>Comments</label>
      <url>http://drupal.org</url>
      <icon>faComments</icon>
    </link>
  </links>
  <activities>
    <activity>
      <predicate>transferredTo</predicate>
      <place>Flashset</place>
      <predplace>transferredTo Flashset</predplace>
      <ts>2015-02-01T06:52:45Z</ts>
      <source>
        <name>USA Today</name>
        <ts>2020-12-23T22:03:15Z</ts>
        <createdBy>Eugenio Nesby</createdBy>
        <approvedBy>Susanna Spiers</approvedBy>
      </source>
    </activity>
    <activity>
      <predicate>movedTo</predicate>
      <place>Pixonyx</place>
      <predplace>movedTo Pixonyx</predplace>
      <ts>2014-09-25T12:33:50Z</ts>
      <source>
        <name>New York Times</name>
        <ts>2022-04-12T01:44:40Z</ts>
        <createdBy>Mair Fawlks</createdBy>
        <approvedBy>Jock Snedker</approvedBy>
      </source>
    </activity>
    <activity>
      <predicate>movedTo</predicate>
      <place>Avavee</place>
      <predplace>movedTo Avavee</predplace>
      <ts>2010-08-31T07:15:10Z</ts>
      <source>
        <name>Chicago Tribune</name>
        <ts>2019-10-30T14:32:03Z</ts>
        <createdBy>Danny Colston</createdBy>
        <approvedBy>Winnie Bellworthy</approvedBy>
      </source>
    </activity>
  </activities>
  <actions>
    <action>
      <url>http://dropbox.com</url>
      <icon>faCog</icon>
    </action>
    <action>
      <url>http://histats.com</url>
      <icon>faCode</icon>
    </action>
    <action>
      <url>http://google.co.jp</url>
      <icon>faSync</icon>
    </action>
  </actions>
</person>