<?xml version="1.0" encoding="UTF-8" standalone="yes"?>
<person>
  <personId>10068</personId>
  <nameGroup>
    <givenname>
      <value>Norris</value>
    </givenname>
    <surname>
      <value>Mycock</value>
    </surname>
    <fullname>
      <classification>U</classification>
      <restricted>false</restricted>
      <value>Mycock Norris</value>
      <source>
        <name>Los Angeles Times</name>
        <ts>2011-12-03T23:33:49Z</ts>
      </source>
    </fullname>
  </nameGroup>
  <emails>
    <email>
      <value>shornbuckle0@webnode.com</value>
      <classification>C</classification>
      <restricted>false</restricted>
    </email>
    <email>
      <value>kkasparski1@soundcloud.com</value>
      <classification>S</classification>
      <restricted>false</restricted>
    </email>
  </emails>
  <phone>330-670-0884</phone>
  <ssn>
    <value>882-95-6149</value>
    <classification>(S)</classification>
  </ssn>
  <images>
    <image>
      <url>https://cdn1.marklogic.com/wp-content/uploads/2018/01/headshot_square_286x286.jpg</url>
      <source>
        <name>USA Today</name>
        <ts>2019-08-08T19:58:39Z</ts>
        <uploadedBy>wcorre0</uploadedBy>
      </source>
    </image>
  </images>
  <addresses>
    <address>
      <street>8802 Talisman Court</street>
      <city>Lansing</city>
      <state>MI</state>
      <postal>48912</postal>
      <country>United States</country>
      <latitude>42.7371</latitude>
      <longitude>-84.5244</longitude>
    </address>
    <address>
      <street>5 Steensland Junction</street>
      <city>Fort Lauderdale</city>
      <state>FL</state>
      <postal>33336</postal>
      <country>United States</country>
      <latitude>26.1219</latitude>
      <longitude>-80.1436</longitude>
    </address>
    <address>
      <street>949 Birchwood Street</street>
      <city>Denver</city>
      <state>CO</state>
      <postal>80243</postal>
      <country>United States</country>
      <latitude>39.7388</latitude>
      <longitude>-104.4083</longitude>
    </address>
  </addresses>
  <schools>
    <school>
      <country>United States</country>
      <name>University of Northern Colorado</name>
      <city>Huntington Beach</city>
      <state>CA</state>
      <postal>92648</postal>
      <latitude>33.6781963</latitude>
      <longitude>-118.0127534</longitude>
      <source>
        <name>USA Today</name>
        <ts>2019-11-17T07:05:24Z</ts>
      </source>
      <source>
        <name>New York Times</name>
        <ts>2012-02-16T22:29:21Z</ts>
      </source>
    </school>
  </schools>
  <status>Inactive</status>
  <sources>
    <source>
      <name>USA Today</name>
      <ts>2016-04-21T02:43:33Z</ts>
    </source>
  </sources>
  <relations>
    <relation>
      <id>/person/10036.xml</id>
      <predicate>worksWith</predicate>
      <imageSrc>https://cdn1.marklogic.com/wp-content/uploads/2021/02/1612313387205.jpeg</imageSrc>
      <fullname>Scud Dominica</fullname>
      <city>Vancouver</city>
      <state>WA</state>
    </relation>
    <relation>
      <id>/person/10045.xml</id>
      <predicate>worksWith</predicate>
      <imageSrc>https://cdn1.marklogic.com/wp-content/uploads/2018/02/trinh-lieu-profile.jpg</imageSrc>
      <fullname>Lathwood Ricki</fullname>
      <city>Beaufort</city>
      <state>SC</state>
    </relation>
  </relations>
  <createdOn>
    <ts>2022-01-01T17:56:02Z</ts>
    <user>nmycock1v</user>
  </createdOn>
  <lastUpdated>
    <ts>2022-01-08T02:56:23Z</ts>
    <user>nmycock1v</user>
  </lastUpdated>
  <socials>
    <social>
      <site>twitter</site>
      <handle>hjura0</handle>
      <address>http://hao123.com/commodo/placerat.js</address>
    </social>
    <social>
      <site>twitter</site>
      <handle>equibell1</handle>
      <address>https://hc360.com/justo/morbi/ut/odio/cras/mi.jpg</address>
    </social>
    <social>
      <site>linkedin</site>
      <handle>nbelchamber2</handle>
      <address>https://behance.net/dui/vel/nisl/duis/ac/nibh/fusce.js</address>
    </social>
  </socials>
  <memberships>
    <membership>
      <list>list5</list>
      <important>true</important>
      <ts>2022-01-07</ts>
    </membership>
    <membership>
      <list>list12</list>
      <important>true</important>
      <ts>2022-01-12</ts>
    </membership>
    <membership>
      <list>list2</list>
      <important>true</important>
      <ts>2022-01-19</ts>
    </membership>
  </memberships>
  <links>
    <link>
      <label>Quick View</label>
      <url>https://stumbleupon.com</url>
      <icon>faEye</icon>
    </link>
    <link>
      <label>Nomination History</label>
      <url>https://amazon.co.uk</url>
      <icon>faMedal</icon>
    </link>
    <link>
      <label>Comments</label>
      <url>https://smugmug.com</url>
      <icon>faComments</icon>
    </link>
  </links>
  <activities>
    <activity>
      <predicate>movedTo</predicate>
      <place>Wordtune</place>
      <predplace>movedTo Wordtune</predplace>
      <ts>2011-08-29T04:55:18Z</ts>
      <source>
        <name>USA Today</name>
        <ts>2020-03-27T16:13:50Z</ts>
        <createdBy>Gabriello Oman</createdBy>
        <approvedBy>Randolf Rimour</approvedBy>
      </source>
    </activity>
    <activity>
      <predicate>transferredTo</predicate>
      <place>Blogspan</place>
      <predplace>transferredTo Blogspan</predplace>
      <ts>2015-02-16T21:57:21Z</ts>
      <source>
        <name>New York Times</name>
        <ts>2017-09-25T15:40:43Z</ts>
        <createdBy>Berti Laverick</createdBy>
        <approvedBy>Obadias Bampforth</approvedBy>
      </source>
    </activity>
    <activity>
      <predicate>endedAt</predicate>
      <place>Plajo</place>
      <predplace>endedAt Plajo</predplace>
      <ts>2010-02-11T16:58:48Z</ts>
      <source>
        <name>Chicago Tribune</name>
        <ts>2020-04-21T19:32:30Z</ts>
        <createdBy>Henrieta Fayer</createdBy>
        <approvedBy>Caye Westrey</approvedBy>
      </source>
    </activity>
    <activity>
      <predicate>movedTo</predicate>
      <place>Realblab</place>
      <predplace>movedTo Realblab</predplace>
      <ts>2012-08-14T03:46:41Z</ts>
      <source>
        <name>Los Angeles Times</name>
        <ts>2017-09-07T03:19:09Z</ts>
        <createdBy>Barbabra Brownlea</createdBy>
        <approvedBy>Even Gabrieli</approvedBy>
      </source>
    </activity>
  </activities>
  <actions>
    <action>
      <url>http://huffingtonpost.com</url>
      <icon>faCog</icon>
    </action>
    <action>
      <url>https://spotify.com</url>
      <icon>faCode</icon>
    </action>
    <action>
      <url>https://europa.eu</url>
      <icon>faSync</icon>
    </action>
  </actions>
</person>