<?xml version="1.0" encoding="UTF-8" standalone="yes"?>
<person>
  <personId>10062</personId>
  <nameGroup>
    <givenname>
      <value>Fayette</value>
    </givenname>
    <surname>
      <value>Drust</value>
    </surname>
    <fullname>
      <classification>U</classification>
      <restricted>false</restricted>
      <value>Drust Fayette</value>
      <source>
        <name>Washington Post</name>
        <ts>2021-10-03T17:04:26Z</ts>
      </source>
      <source>
        <name>New York Times</name>
        <ts>2011-10-05T05:33:19Z</ts>
      </source>
      <source>
        <name>Los Angeles Times</name>
        <ts>2013-03-31T16:26:05Z</ts>
      </source>
    </fullname>
  </nameGroup>
  <emails>
    <email>
      <value>atourner0@upenn.edu</value>
      <classification>U</classification>
      <restricted>false</restricted>
    </email>
  </emails>
  <phone>696-596-9633</phone>
  <contacts>
    <contact>
      <type>email</type>
      <value>mspikings0@msu.edu</value>
    </contact>
    <contact>
      <type>phone</type>
      <value>463-177-3126</value>
    </contact>
    <contact>
      <type>email</type>
      <value>bkightly2@mozilla.org</value>
    </contact>
  </contacts>
  <ssn>
    <value>108-68-2804</value>
    <classification>(S)</classification>
  </ssn>
  <images>
    <image>
      <url>https://cdn1.marklogic.com/wp-content/uploads/2018/01/Diane-Burley-MarkLogic-2015.jpg</url>
      <source>
        <name>Chicago Tribune</name>
        <ts>2018-12-28T19:44:06Z</ts>
        <uploadedBy>gselvey0</uploadedBy>
      </source>
    </image>
    <image>
      <url>https://cdn1.marklogic.com/wp-content/uploads/2018/01/Diane-Burley-MarkLogic-2015.jpg</url>
      <source>
        <name>USA Today</name>
        <ts>2021-05-20T15:04:38Z</ts>
        <uploadedBy>esanzio0</uploadedBy>
      </source>
    </image>
  </images>
  <addresses>
    <address>
      <street>68003 Union Park</street>
      <city>Miami</city>
      <state>FL</state>
      <postal>33169</postal>
      <country>United States</country>
      <latitude>25.9441</latitude>
      <longitude>-80.2144</longitude>
    </address>
  </addresses>
  <schools>
    <school>
      <country>Canada</country>
      <name>Thompson Rivers University</name>
      <city>Thessalon</city>
      <state>ON</state>
      <postal>P0T</postal>
      <latitude>46.25006</latitude>
      <longitude>-83.5666</longitude>
      <source>
        <name>USA Today</name>
        <ts>2013-09-29T04:00:48Z</ts>
      </source>
      <source>
        <name>New York Times</name>
        <ts>2011-01-10T15:32:43Z</ts>
      </source>
    </school>
    <school>
      <country>United States</country>
      <name>Northwestern Oklahoma State University</name>
      <city>Grand Rapids</city>
      <state>MI</state>
      <postal>49518</postal>
      <latitude>42.9862014</latitude>
      <longitude>-85.625085</longitude>
      <source>
        <name>USA Today</name>
        <ts>2011-10-19T16:38:39Z</ts>
      </source>
    </school>
  </schools>
  <status>Active</status>
  <sources>
    <source>
      <name>New York Times</name>
      <ts>2015-12-08T12:28:58Z</ts>
    </source>
  </sources>
  <sources>
    <source>
      <name>Wall Street Journal</name>
      <ts>2019-10-28T08:53:43Z</ts>
    </source>
  </sources>
  <relations>
    <relation>
      <id>/person/10088.xml</id>
      <predicate>livesWith</predicate>
      <imageSrc>https://cdn1.marklogic.com/wp-content/uploads/2018/01/Alicia-Saia-MarkLogic1.jpg</imageSrc>
      <fullname>Wearing Gareth</fullname>
      <city>Northridge</city>
      <state>CA</state>
    </relation>
    <relation>
      <id>/person/10022.xml</id>
      <predicate>worksWith</predicate>
      <imageSrc>https://cdn1.marklogic.com/wp-content/uploads/2018/01/Diane-Burley-MarkLogic-2015.jpg</imageSrc>
      <fullname>Easby Orelle</fullname>
      <city>Dallas</city>
      <state>TX</state>
    </relation>
    <relation>
      <id>/person/10018.xml</id>
      <predicate>livesWith</predicate>
      <imageSrc>https://cdn1.marklogic.com/wp-content/uploads/2021/05/IS-headshot.jpeg</imageSrc>
      <fullname>O'Leahy Evangelia</fullname>
      <city>Washington</city>
      <state>DC</state>
    </relation>
    <relation>
      <id>/person/10020.xml</id>
      <predicate>worksWith</predicate>
      <imageSrc>https://cdn1.marklogic.com/wp-content/uploads/2020/11/george-bloom-headshot-300x300-1.jpg</imageSrc>
      <fullname>Lande Karalee</fullname>
      <city>Nashville</city>
      <state>TN</state>
    </relation>
    <relation>
      <id>/person/10038.xml</id>
      <predicate>relatedTo</predicate>
      <imageSrc>https://cdn1.marklogic.com/wp-content/uploads/2021/07/chuck-hollis.jpeg</imageSrc>
      <fullname>Pippin Shelby</fullname>
      <city>New Orleans</city>
      <state>LA</state>
    </relation>
  </relations>
  <createdOn>
    <ts>2022-02-13T11:12:51Z</ts>
    <user>fdrust1p</user>
  </createdOn>
  <lastUpdated>
    <ts>2022-01-31T01:18:16Z</ts>
    <user>fdrust1p</user>
  </lastUpdated>
  <socials>
    <social>
      <site>facebook</site>
      <handle>mhails0</handle>
      <address>http://edublogs.org/ornare/imperdiet/sapien/urna.aspx</address>
    </social>
  </socials>
  <memberships>
    <membership>
      <list>list9</list>
      <important>true</important>
      <ts>2022-02-07</ts>
    </membership>
    <membership>
      <list>list6</list>
      <important>false</important>
      <ts>2022-01-03</ts>
    </membership>
    <membership>
      <list>list1</list>
      <important>false</important>
      <ts>2022-02-23</ts>
    </membership>
    <membership>
      <list>list9</list>
      <important>true</important>
      <ts>2022-02-19</ts>
    </membership>
    <membership>
      <list>list1</list>
      <important>true</important>
      <ts>2022-02-24</ts>
    </membership>
    <membership>
      <list>list12</list>
      <important>true</important>
      <ts>2022-02-10</ts>
    </membership>
  </memberships>
  <links>
    <link>
      <label>Quick View</label>
      <url>http://eepurl.com</url>
      <icon>faEye</icon>
    </link>
    <link>
      <label>Nomination History</label>
      <url>https://msu.edu</url>
      <icon>faMedal</icon>
    </link>
    <link>
      <label>Comments</label>
      <url>http://bluehost.com</url>
      <icon>faComments</icon>
    </link>
  </links>
  <activities>
    <activity>
      <predicate>endedAt</predicate>
      <place>Jayo</place>
      <predplace>endedAt Jayo</predplace>
      <ts>2019-11-17T01:26:13Z</ts>
      <source>
        <name>USA Today</name>
        <ts>2020-04-01T05:40:08Z</ts>
        <createdBy>Chev Dran</createdBy>
        <approvedBy>Johnathon Giacomazzo</approvedBy>
      </source>
    </activity>
    <activity>
      <predicate>transferredTo</predicate>
      <place>Eare</place>
      <predplace>transferredTo Eare</predplace>
      <ts>2018-11-05T21:08:45Z</ts>
      <source>
        <name>New York Times</name>
        <ts>2020-01-31T11:09:16Z</ts>
        <createdBy>Annnora Orgen</createdBy>
        <approvedBy>Noel Gladding</approvedBy>
      </source>
    </activity>
    <activity>
      <predicate>movedTo</predicate>
      <place>Dablist</place>
      <predplace>movedTo Dablist</predplace>
      <ts>2015-12-30T12:30:03Z</ts>
      <source>
        <name>Chicago Tribune</name>
        <ts>2020-11-10T14:33:25Z</ts>
        <createdBy>Tirrell Cringle</createdBy>
        <approvedBy>Bronnie McCorry</approvedBy>
      </source>
    </activity>
  </activities>
  <events>
    <event>
      <predicate>visited</predicate>
      <place>Peru</place>
      <predplace>visited Peru</predplace>
      <end>2018-10-04T04:34:14Z</end>
      <start>2016-04-27T16:54:33Z</start>
    </event>
  </events>
  <actions>
    <action>
      <url>https://parallels.com</url>
      <icon>faCog</icon>
    </action>
    <action>
      <url>https://delicious.com</url>
      <icon>faCode</icon>
    </action>
    <action>
      <url>http://godaddy.com</url>
      <icon>faSync</icon>
    </action>
  </actions>
</person>