<?xml version="1.0" encoding="UTF-8" standalone="yes"?>
<person>
  <personId>10061</personId>
  <nameGroup>
    <givenname>
      <value>Josepha</value>
    </givenname>
    <surname>
      <value>Yves</value>
    </surname>
    <fullname>
      <classification>U</classification>
      <restricted>true</restricted>
      <value>Yves Josepha</value>
      <source>
        <name>Chicago Tribune</name>
        <ts>2014-02-06T00:56:32Z</ts>
      </source>
      <source>
        <name>New York Times</name>
        <ts>2012-01-25T18:58:13Z</ts>
      </source>
    </fullname>
  </nameGroup>
  <emails>
    <email>
      <value>jdolligon0@msn.com</value>
      <classification>U</classification>
      <restricted>false</restricted>
    </email>
    <email>
      <value>cblandford1@rediff.com</value>
      <classification>S</classification>
      <restricted>false</restricted>
    </email>
    <email>
      <value>mkirsche2@aol.com</value>
      <classification>U</classification>
      <restricted>false</restricted>
    </email>
  </emails>
  <phone>893-645-9895</phone>
  <contacts>
    <contact>
      <type>email</type>
      <value>brase0@dmoz.org</value>
    </contact>
    <contact>
      <type>phone</type>
      <value>560-512-9926</value>
    </contact>
    <contact>
      <type>phone</type>
      <value>820-513-4998</value>
    </contact>
  </contacts>
  <ssn>
    <value>645-54-2418</value>
    <classification>(S)</classification>
  </ssn>
  <images>
    <image>
      <url>https://cdn1.marklogic.com/wp-content/uploads/2018/01/Michael-Malgeri-MarkLogic.jpg</url>
      <source>
        <name>Washington Post</name>
        <ts>2018-12-18T03:25:05Z</ts>
        <uploadedBy>bmissington0</uploadedBy>
      </source>
    </image>
    <image>
      <url>https://cdn1.marklogic.com/wp-content/uploads/2020/11/george-bloom-headshot-300x300-1.jpg</url>
      <source>
        <name>Washington Post</name>
        <ts>2011-12-22T22:50:48Z</ts>
        <uploadedBy>mwasmuth0</uploadedBy>
      </source>
    </image>
    <image>
      <url>https://cdn1.marklogic.com/wp-content/uploads/2020/04/JamesKenwood-headshot-600x600-1.jpg</url>
      <source>
        <name>Chicago Tribune</name>
        <ts>2020-12-03T01:56:56Z</ts>
        <uploadedBy>gscading0</uploadedBy>
      </source>
    </image>
  </images>
  <addresses>
    <address>
      <street>05 Lerdahl Center</street>
      <city>Minneapolis</city>
      <state>MN</state>
      <postal>55458</postal>
      <country>United States</country>
      <latitude>45.0159</latitude>
      <longitude>-93.4719</longitude>
    </address>
  </addresses>
  <schools>
    <school>
      <country>United States</country>
      <name>Peru State College</name>
      <city>Washington</city>
      <state>DC</state>
      <postal>20067</postal>
      <latitude>38.92</latitude>
      <longitude>-76.99</longitude>
      <source>
        <name>USA Today</name>
        <ts>2018-02-04T15:58:22Z</ts>
      </source>
      <source>
        <name>New York Times</name>
        <ts>2019-02-04T09:38:44Z</ts>
      </source>
      <source>
        <name>Chicago Tribune</name>
        <ts>2017-11-23T14:33:22Z</ts>
      </source>
    </school>
  </schools>
  <status>Inactive</status>
  <sources>
    <source>
      <name>Chicago Tribune</name>
      <ts>2018-09-29T15:01:53Z</ts>
    </source>
  </sources>
  <sources>
    <source>
      <name>Washington Post</name>
      <ts>2011-11-04T04:43:28Z</ts>
    </source>
  </sources>
  <relations>
    <relation>
      <id>/person/10033.xml</id>
      <predicate>relatedTo</predicate>
      <imageSrc>https://cdn1.marklogic.com/wp-content/uploads/2020/11/george-bloom-headshot-300x300-1.jpg</imageSrc>
      <fullname>Boal Ainslie</fullname>
      <city>Winston Salem</city>
      <state>NC</state>
    </relation>
    <relation>
      <id>/person/10096.xml</id>
      <predicate>relatedTo</predicate>
      <imageSrc>https://cdn1.marklogic.com/wp-content/uploads/2018/01/Michael-Malgeri-MarkLogic.jpg</imageSrc>
      <fullname>Grisard Egan</fullname>
      <city>Detroit</city>
      <state>MI</state>
    </relation>
    <relation>
      <id>/person/10077.xml</id>
      <predicate>worksWith</predicate>
      <imageSrc>https://cdn1.marklogic.com/wp-content/uploads/2021/07/chuck-hollis.jpeg</imageSrc>
      <fullname>Paike Ambur</fullname>
      <city>Hagerstown</city>
      <state>MD</state>
    </relation>
    <relation>
      <id>/person/10051.xml</id>
      <predicate>livesWith</predicate>
      <imageSrc>https://cdn1.marklogic.com/wp-content/uploads/2020/04/JamesKenwood-headshot-600x600-1.jpg</imageSrc>
      <fullname>Truckell Meryl</fullname>
      <city>San Bernardino</city>
      <state>CA</state>
    </relation>
  </relations>
  <createdOn>
    <ts>2022-01-03T16:06:36Z</ts>
    <user>jyves1o</user>
  </createdOn>
  <lastUpdated>
    <ts>2022-01-21T07:41:28Z</ts>
    <user>jyves1o</user>
  </lastUpdated>
  <socials>
    <social>
      <site>twitter</site>
      <handle>sivanitsa0</handle>
      <address>http://nytimes.com/sapien/in/sapien/iaculis/congue/vivamus.jsp</address>
    </social>
  </socials>
  <memberships>
    <membership>
      <list>list3</list>
      <important>true</important>
      <ts>2022-02-20</ts>
    </membership>
    <membership>
      <list>list1</list>
      <important>false</important>
      <ts>2022-02-24</ts>
    </membership>
    <membership>
      <list>list10</list>
      <important>true</important>
      <ts>2022-02-16</ts>
    </membership>
    <membership>
      <list>list1</list>
      <important>false</important>
      <ts>2022-01-14</ts>
    </membership>
    <membership>
      <list>list4</list>
      <important>true</important>
      <ts>2022-02-21</ts>
    </membership>
    <membership>
      <list>list4</list>
      <important>true</important>
      <ts>2022-02-21</ts>
    </membership>
  </memberships>
  <links>
    <link>
      <label>Quick View</label>
      <url>http://engadget.com</url>
      <icon>faEye</icon>
    </link>
    <link>
      <label>Nomination History</label>
      <url>https://usnews.com</url>
      <icon>faMedal</icon>
    </link>
    <link>
      <label>Comments</label>
      <url>http://de.vu</url>
      <icon>faComments</icon>
    </link>
  </links>
  <activities>
    <activity>
      <predicate>startedAt</predicate>
      <place>Demizz</place>
      <predplace>startedAt Demizz</predplace>
      <ts>2015-03-01T00:31:14Z</ts>
      <source>
        <name>USA Today</name>
        <ts>2021-01-04T23:39:42Z</ts>
        <createdBy>Yuma Pachta</createdBy>
        <approvedBy>Joella Busch</approvedBy>
      </source>
    </activity>
    <activity>
      <predicate>endedAt</predicate>
      <place>Tazz</place>
      <predplace>endedAt Tazz</predplace>
      <ts>2017-10-11T00:26:40Z</ts>
      <source>
        <name>New York Times</name>
        <ts>2022-02-26T22:16:09Z</ts>
        <createdBy>Jada Arlett</createdBy>
        <approvedBy>Noe Gamil</approvedBy>
      </source>
    </activity>
    <activity>
      <predicate>transferredTo</predicate>
      <place>Cogibox</place>
      <predplace>transferredTo Cogibox</predplace>
      <ts>2012-07-10T09:31:15Z</ts>
      <source>
        <name>Chicago Tribune</name>
        <ts>2022-02-18T16:29:39Z</ts>
        <createdBy>Amelina Tulleth</createdBy>
        <approvedBy>Shayna MacAnelley</approvedBy>
      </source>
    </activity>
    <activity>
      <predicate>startedAt</predicate>
      <place>Fivechat</place>
      <predplace>startedAt Fivechat</predplace>
      <ts>2012-04-19T16:35:57Z</ts>
      <source>
        <name>Los Angeles Times</name>
        <ts>2021-10-29T04:39:27Z</ts>
        <createdBy>Adria Perrie</createdBy>
        <approvedBy>Colby Van Halle</approvedBy>
      </source>
    </activity>
    <activity>
      <predicate>startedAt</predicate>
      <place>Meezzy</place>
      <predplace>startedAt Meezzy</predplace>
      <ts>2017-07-08T17:48:48Z</ts>
      <source>
        <name>Wall Street Journal</name>
        <ts>2021-11-29T01:17:16Z</ts>
        <createdBy>Jaynell Chapleo</createdBy>
        <approvedBy>Sib McKag</approvedBy>
      </source>
    </activity>
  </activities>
  <events>
    <event>
      <predicate>livedIn</predicate>
      <place>Philippines</place>
      <predplace>livedIn Philippines</predplace>
      <end>2018-12-15T02:26:47Z</end>
      <start>2015-09-08T13:18:16Z</start>
    </event>
  </events>
  <actions>
    <action>
      <url>https://wix.com</url>
      <icon>faCog</icon>
    </action>
    <action>
      <url>https://cam.ac.uk</url>
      <icon>faCode</icon>
    </action>
    <action>
      <url>http://yolasite.com</url>
      <icon>faSync</icon>
    </action>
  </actions>
</person>