<?xml version="1.0" encoding="UTF-8" standalone="yes"?>
<person>
  <personId>10061</personId>
  <nameGroup>
    <givenname>
      <value>Ileane</value>
    </givenname>
    <surname>
      <value>Spellesy</value>
    </surname>
    <fullname>
      <classification>U</classification>
      <restricted>true</restricted>
      <value>Spellesy Ileane</value>
      <source>
        <name>Washington Post</name>
        <ts>2021-12-27T11:43:33Z</ts>
      </source>
    </fullname>
  </nameGroup>
  <emails>
    <email>
      <value>hchiddy0@princeton.edu</value>
      <classification>U</classification>
      <restricted>false</restricted>
    </email>
  </emails>
  <phone>200-198-7076</phone>
  <ssn>
    <value>346-81-6509</value>
    <classification>(S)</classification>
  </ssn>
  <images>
    <image>
      <url>https://cdn1.marklogic.com/wp-content/uploads/2018/01/Michael-Malgeri-MarkLogic.jpg</url>
      <source>
        <name>USA Today</name>
        <ts>2018-05-27T11:16:02Z</ts>
        <uploadedBy>eartingstall0</uploadedBy>
      </source>
    </image>
  </images>
  <addresses>
    <address>
      <street>5388 Doe Crossing Road</street>
      <city>Washington</city>
      <state>DC</state>
      <postal>20392</postal>
      <country>United States</country>
      <latitude>38.8933</latitude>
      <longitude>-77.0146</longitude>
    </address>
    <address>
      <street>36516 Kim Plaza</street>
      <city>Little Rock</city>
      <state>AR</state>
      <postal>72222</postal>
      <country>United States</country>
      <latitude>34.7519</latitude>
      <longitude>-92.3925</longitude>
    </address>
  </addresses>
  <schools>
    <school>
      <country>United States</country>
      <name>University of Osteopathic Medicine and Health Science</name>
      <city>Colorado Springs</city>
      <state>CO</state>
      <postal>80905</postal>
      <latitude>38.8163486</latitude>
      <longitude>-104.8512993</longitude>
      <source>
        <name>USA Today</name>
        <ts>2014-10-17T05:13:48Z</ts>
      </source>
      <source>
        <name>New York Times</name>
        <ts>2016-01-19T08:39:35Z</ts>
      </source>
    </school>
  </schools>
  <status>Active</status>
  <sources>
    <source>
      <name>Chicago Tribune</name>
      <ts>2017-04-14T00:46:47Z</ts>
    </source>
  </sources>
  <sources>
    <source>
      <name>Los Angeles Times</name>
      <ts>2016-11-17T14:30:47Z</ts>
    </source>
  </sources>
  <relations>
    <relation>
      <id>/person/10100.xml</id>
      <predicate>worksWith</predicate>
      <imageSrc>https://cdn1.marklogic.com/wp-content/uploads/2018/01/Diane-Burley-MarkLogic-2015.jpg</imageSrc>
      <fullname>Puckett Mortimer</fullname>
      <city>Dallas</city>
      <state>TX</state>
    </relation>
    <relation>
      <id>/person/10063.xml</id>
      <predicate>relatedTo</predicate>
      <imageSrc>https://cdn1.marklogic.com/wp-content/uploads/2018/01/headshot_square_286x286.jpg</imageSrc>
      <fullname>Hamprecht Duncan</fullname>
      <city>Austin</city>
      <state>TX</state>
    </relation>
  </relations>
  <createdOn>
    <ts>2022-02-07T15:03:29Z</ts>
    <user>ispellesy1o</user>
  </createdOn>
  <lastUpdated>
    <ts>2022-02-25T01:39:40Z</ts>
    <user>ispellesy1o</user>
  </lastUpdated>
  <socials>
    <social>
      <site>linkedin</site>
      <handle>lsallenger0</handle>
      <address>http://mashable.com/urna/ut/tellus/nulla/ut/erat.aspx</address>
    </social>
  </socials>
  <memberships>
    <membership>
      <list>list4</list>
      <important>false</important>
      <ts>2022-02-11</ts>
    </membership>
    <membership>
      <list>list12</list>
      <important>false</important>
      <ts>2022-01-19</ts>
    </membership>
  </memberships>
  <links>
    <link>
      <label>Quick View</label>
      <url>https://google.ru</url>
      <icon>faEye</icon>
    </link>
    <link>
      <label>Nomination History</label>
      <url>http://networksolutions.com</url>
      <icon>faMedal</icon>
    </link>
    <link>
      <label>Comments</label>
      <url>https://yelp.com</url>
      <icon>faComments</icon>
    </link>
  </links>
  <activities>
    <activity>
      <predicate>endedAt</predicate>
      <place>Wordware</place>
      <predplace>endedAt Wordware</predplace>
      <ts>2013-02-08T02:46:20Z</ts>
      <source>
        <name>USA Today</name>
        <ts>2017-06-21T05:18:32Z</ts>
        <createdBy>Laney Calderonello</createdBy>
        <approvedBy>Tanner Jimpson</approvedBy>
      </source>
    </activity>
    <activity>
      <predicate>startedAt</predicate>
      <place>Zazio</place>
      <predplace>startedAt Zazio</predplace>
      <ts>2011-06-12T11:22:36Z</ts>
      <source>
        <name>New York Times</name>
        <ts>2019-12-28T20:12:35Z</ts>
        <createdBy>Marya Flannigan</createdBy>
        <approvedBy>Margaretta Jermin</approvedBy>
      </source>
    </activity>
    <activity>
      <predicate>startedAt</predicate>
      <place>Gabtune</place>
      <predplace>startedAt Gabtune</predplace>
      <ts>2010-02-03T21:27:21Z</ts>
      <source>
        <name>Chicago Tribune</name>
        <ts>2017-03-02T11:03:49Z</ts>
        <createdBy>Joshuah Chifney</createdBy>
        <approvedBy>Amara O' Mullane</approvedBy>
      </source>
    </activity>
    <activity>
      <predicate>startedAt</predicate>
      <place>Twitterworks</place>
      <predplace>startedAt Twitterworks</predplace>
      <ts>2014-06-07T10:35:57Z</ts>
      <source>
        <name>Los Angeles Times</name>
        <ts>2017-05-28T00:28:43Z</ts>
        <createdBy>Corry Hickin</createdBy>
        <approvedBy>Cybil Mewburn</approvedBy>
      </source>
    </activity>
    <activity>
      <predicate>startedAt</predicate>
      <place>Zooveo</place>
      <predplace>startedAt Zooveo</predplace>
      <ts>2010-05-01T12:04:25Z</ts>
      <source>
        <name>Wall Street Journal</name>
        <ts>2020-11-22T00:41:31Z</ts>
        <createdBy>Eddy Beetham</createdBy>
        <approvedBy>Janaya Ellery</approvedBy>
      </source>
    </activity>
    <activity>
      <predicate>endedAt</predicate>
      <place>Demimbu</place>
      <predplace>endedAt Demimbu</predplace>
      <ts>2010-10-31T08:28:33Z</ts>
      <source>
        <name>Washington Post</name>
        <ts>2017-07-20T19:27:40Z</ts>
        <createdBy>Jacky Ghirardi</createdBy>
        <approvedBy>Isiahi Vandrill</approvedBy>
      </source>
    </activity>
  </activities>
  <actions>
    <action>
      <url>http://prnewswire.com</url>
      <icon>faCog</icon>
    </action>
    <action>
      <url>http://google.fr</url>
      <icon>faCode</icon>
    </action>
    <action>
      <url>http://wordpress.org</url>
      <icon>faSync</icon>
    </action>
  </actions>
</person>