<?xml version="1.0" encoding="UTF-8" standalone="yes"?>
<person>
  <personId>10062</personId>
  <nameGroup>
    <givenname>
      <value>Yulma</value>
    </givenname>
    <surname>
      <value>Greedier</value>
    </surname>
    <fullname>
      <classification>U</classification>
      <restricted>true</restricted>
      <value>Greedier Yulma</value>
      <source>
        <name>Washington Post</name>
        <ts>2014-01-09T13:44:20Z</ts>
      </source>
      <source>
        <name>Chicago Tribune</name>
        <ts>2018-08-05T01:29:39Z</ts>
      </source>
      <source>
        <name>Los Angeles Times</name>
        <ts>2018-01-09T02:02:26Z</ts>
      </source>
    </fullname>
  </nameGroup>
  <emails>
    <email>
      <value>challgarth0@cdbaby.com</value>
      <classification>S</classification>
      <restricted>false</restricted>
    </email>
  </emails>
  <phone>621-604-4174</phone>
  <ssn>
    <value>539-52-9607</value>
    <classification>(S)</classification>
  </ssn>
  <images>
    <image>
      <url>https://cdn1.marklogic.com/wp-content/uploads/2020/04/JamesKenwood-headshot-600x600-1.jpg</url>
      <source>
        <name>New York Times</name>
        <ts>2014-10-18T22:48:23Z</ts>
        <uploadedBy>ihurring0</uploadedBy>
      </source>
    </image>
    <image>
      <url>https://cdn1.marklogic.com/wp-content/uploads/2018/01/headshot_square_286x286.jpg</url>
      <source>
        <name>Chicago Tribune</name>
        <ts>2015-09-18T11:26:16Z</ts>
        <uploadedBy>vharyngton0</uploadedBy>
      </source>
    </image>
    <image>
      <url>https://cdn1.marklogic.com/wp-content/uploads/2018/01/Diane-Burley-MarkLogic-2015.jpg</url>
      <source>
        <name>Wall Street Journal</name>
        <ts>2015-06-05T01:53:48Z</ts>
        <uploadedBy>ssheridan0</uploadedBy>
      </source>
    </image>
    <image>
      <url>https://cdn1.marklogic.com/wp-content/uploads/2018/01/Diane-Burley-MarkLogic-2015.jpg</url>
      <source>
        <name>New York Times</name>
        <ts>2017-12-09T12:30:13Z</ts>
        <uploadedBy>ysandland0</uploadedBy>
      </source>
    </image>
  </images>
  <addresses>
    <address>
      <street>6989 Meadow Valley Park</street>
      <city>Evansville</city>
      <state>IN</state>
      <postal>47737</postal>
      <country>United States</country>
      <latitude>37.9971</latitude>
      <longitude>-87.575</longitude>
    </address>
    <address>
      <street>007 Mendota Alley</street>
      <city>Houston</city>
      <state>TX</state>
      <postal>77218</postal>
      <country>United States</country>
      <latitude>29.834</latitude>
      <longitude>-95.4342</longitude>
    </address>
    <address>
      <street>57 Becker Alley</street>
      <city>Oklahoma City</city>
      <state>OK</state>
      <postal>73119</postal>
      <country>United States</country>
      <latitude>35.421</latitude>
      <longitude>-97.5616</longitude>
    </address>
  </addresses>
  <schools>
    <school>
      <country>United States</country>
      <name>University of South Florida</name>
      <city>Seattle</city>
      <state>WA</state>
      <postal>98195</postal>
      <latitude>47.6508882</latitude>
      <longitude>-122.3084023</longitude>
      <source>
        <name>USA Today</name>
        <ts>2016-10-31T18:46:47Z</ts>
      </source>
    </school>
  </schools>
  <status>Inactive</status>
  <sources>
    <source>
      <name>Chicago Tribune</name>
      <ts>2018-02-26T14:43:55Z</ts>
    </source>
  </sources>
  <sources>
    <source>
      <name>Los Angeles Times</name>
      <ts>2014-07-07T16:36:24Z</ts>
    </source>
  </sources>
  <sources>
    <source>
      <name>Washington Post</name>
      <ts>2021-07-01T21:49:56Z</ts>
    </source>
  </sources>
  <relations>
    <relation>
      <id>/person/10047.xml</id>
      <predicate>worksWith</predicate>
      <imageSrc>https://cdn1.marklogic.com/wp-content/uploads/2020/04/JamesKenwood-headshot-600x600-1.jpg</imageSrc>
      <fullname>Mountford Todd</fullname>
      <city>Waco</city>
      <state>TX</state>
    </relation>
    <relation>
      <id>/person/10078.xml</id>
      <predicate>relatedTo</predicate>
      <imageSrc>https://cdn1.marklogic.com/wp-content/uploads/2020/11/george-bloom-headshot-300x300-1.jpg</imageSrc>
      <fullname>Iacovozzo Brandie</fullname>
      <city>Mobile</city>
      <state>AL</state>
    </relation>
    <relation>
      <id>/person/10067.xml</id>
      <predicate>livesWith</predicate>
      <imageSrc>https://cdn1.marklogic.com/wp-content/uploads/2021/05/IS-headshot.jpeg</imageSrc>
      <fullname>Brosius Atalanta</fullname>
      <city>Salt Lake City</city>
      <state>UT</state>
    </relation>
    <relation>
      <id>/person/10007.xml</id>
      <predicate>livesWith</predicate>
      <imageSrc>https://cdn1.marklogic.com/wp-content/uploads/2021/05/IS-headshot.jpeg</imageSrc>
      <fullname>Darnbrough Georgeanna</fullname>
      <city>Abilene</city>
      <state>TX</state>
    </relation>
    <relation>
      <id>/person/10052.xml</id>
      <predicate>livesWith</predicate>
      <imageSrc>https://cdn1.marklogic.com/wp-content/uploads/2018/01/Alicia-Saia-MarkLogic1.jpg</imageSrc>
      <fullname>Posten Ariel</fullname>
      <city>Fort Worth</city>
      <state>TX</state>
    </relation>
  </relations>
  <createdOn>
    <ts>2022-01-20T17:25:26Z</ts>
    <user>ygreedier1p</user>
  </createdOn>
  <lastUpdated>
    <ts>2022-01-05T22:14:26Z</ts>
    <user>ygreedier1p</user>
  </lastUpdated>
  <socials>
    <social>
      <site>facebook</site>
      <handle>rperigeaux0</handle>
      <address>https://examiner.com/accumsan.jpg</address>
    </social>
    <social>
      <site>facebook</site>
      <handle>rdowden1</handle>
      <address>https://jalbum.net/augue.aspx</address>
    </social>
    <social>
      <site>linkedin</site>
      <handle>gaberhart2</handle>
      <address>http://paginegialle.it/cursus/urna/ut.xml</address>
    </social>
  </socials>
  <memberships>
    <membership>
      <list>list2</list>
      <important>false</important>
      <ts>2022-01-08</ts>
    </membership>
    <membership>
      <list>list5</list>
      <important>true</important>
      <ts>2022-02-19</ts>
    </membership>
  </memberships>
  <links>
    <link>
      <label>Quick View</label>
      <url>https://ca.gov</url>
      <icon>faEye</icon>
    </link>
    <link>
      <label>Nomination History</label>
      <url>http://unesco.org</url>
      <icon>faMedal</icon>
    </link>
    <link>
      <label>Comments</label>
      <url>https://reuters.com</url>
      <icon>faComments</icon>
    </link>
  </links>
  <activities>
    <activity>
      <predicate>startedAt</predicate>
      <place>Yambee</place>
      <predplace>startedAt Yambee</predplace>
      <ts>2011-04-06T03:32:39Z</ts>
      <source>
        <name>USA Today</name>
        <ts>2021-12-04T03:28:02Z</ts>
        <createdBy>Lizbeth Bargh</createdBy>
        <approvedBy>Waldon Lee</approvedBy>
      </source>
    </activity>
    <activity>
      <predicate>endedAt</predicate>
      <place>Layo</place>
      <predplace>endedAt Layo</predplace>
      <ts>2010-05-04T22:35:46Z</ts>
      <source>
        <name>New York Times</name>
        <ts>2019-04-08T17:54:21Z</ts>
        <createdBy>Arty Seacombe</createdBy>
        <approvedBy>Romain Galego</approvedBy>
      </source>
    </activity>
    <activity>
      <predicate>endedAt</predicate>
      <place>Avamba</place>
      <predplace>endedAt Avamba</predplace>
      <ts>2012-11-12T17:52:26Z</ts>
      <source>
        <name>Chicago Tribune</name>
        <ts>2020-02-17T09:14:55Z</ts>
        <createdBy>Cassi Von Welden</createdBy>
        <approvedBy>Cobb Tithacott</approvedBy>
      </source>
    </activity>
    <activity>
      <predicate>startedAt</predicate>
      <place>Agimba</place>
      <predplace>startedAt Agimba</predplace>
      <ts>2012-10-31T16:08:46Z</ts>
      <source>
        <name>Los Angeles Times</name>
        <ts>2020-01-09T05:04:56Z</ts>
        <createdBy>Danny Dunsmuir</createdBy>
        <approvedBy>Frants Logesdale</approvedBy>
      </source>
    </activity>
  </activities>
  <actions>
    <action>
      <url>https://ucla.edu</url>
      <icon>faCog</icon>
    </action>
    <action>
      <url>http://ft.com</url>
      <icon>faCode</icon>
    </action>
    <action>
      <url>http://lycos.com</url>
      <icon>faSync</icon>
    </action>
  </actions>
</person>