<?xml version="1.0" encoding="UTF-8" standalone="yes"?>
<person>
  <personId>10063</personId>
  <nameGroup>
    <givenname>
      <value>Duncan</value>
    </givenname>
    <surname>
      <value>Hamprecht</value>
    </surname>
    <fullname>
      <classification>C</classification>
      <restricted>true</restricted>
      <value>Hamprecht Duncan</value>
      <source>
        <name>Washington Post</name>
        <ts>2020-08-16T15:05:45Z</ts>
      </source>
      <source>
        <name>USA Today</name>
        <ts>2018-11-03T19:32:15Z</ts>
      </source>
    </fullname>
  </nameGroup>
  <emails>
    <email>
      <value>nworham0@wufoo.com</value>
      <classification>S</classification>
      <restricted>false</restricted>
    </email>
    <email>
      <value>ccastellan1@statcounter.com</value>
      <classification>U</classification>
      <restricted>false</restricted>
    </email>
  </emails>
  <phone>264-330-8716</phone>
  <ssn>
    <value>749-33-9039</value>
    <classification>(S)</classification>
  </ssn>
  <images>
    <image>
      <url>https://cdn1.marklogic.com/wp-content/uploads/2018/01/headshot_square_286x286.jpg</url>
      <source>
        <name>Los Angeles Times</name>
        <ts>2018-09-06T07:08:30Z</ts>
        <uploadedBy>gburvill0</uploadedBy>
      </source>
    </image>
    <image>
      <url>https://cdn1.marklogic.com/wp-content/uploads/2021/05/IS-headshot.jpeg</url>
      <source>
        <name>Washington Post</name>
        <ts>2012-11-13T17:08:10Z</ts>
        <uploadedBy>tcoolican0</uploadedBy>
      </source>
    </image>
    <image>
      <url>https://cdn1.marklogic.com/wp-content/uploads/2018/01/Alicia-Saia-MarkLogic1.jpg</url>
      <source>
        <name>Washington Post</name>
        <ts>2012-01-22T05:58:25Z</ts>
        <uploadedBy>lsnowball0</uploadedBy>
      </source>
    </image>
  </images>
  <addresses>
    <address>
      <street>8493 Dryden Lane</street>
      <city>Austin</city>
      <state>TX</state>
      <postal>78726</postal>
      <country>United States</country>
      <latitude>30.43</latitude>
      <longitude>-97.8326</longitude>
    </address>
    <address>
      <street>1 East Center</street>
      <city>Madison</city>
      <state>WI</state>
      <postal>53779</postal>
      <country>United States</country>
      <latitude>43.0982</latitude>
      <longitude>-89.3242</longitude>
    </address>
    <address>
      <street>6324 Anthes Hill</street>
      <city>Port Saint Lucie</city>
      <state>FL</state>
      <postal>34985</postal>
      <country>United States</country>
      <latitude>27.3822</latitude>
      <longitude>-80.409</longitude>
    </address>
  </addresses>
  <schools>
    <school>
      <country>Mexico</country>
      <name>Universidad Autónoma de Baja California</name>
      <city>San Cristobal</city>
      <state>GUA</state>
      <postal>36800</postal>
      <latitude>20.6597358</latitude>
      <longitude>-101.4750896</longitude>
      <source>
        <name>USA Today</name>
        <ts>2010-07-18T00:02:51Z</ts>
      </source>
      <source>
        <name>New York Times</name>
        <ts>2016-03-20T14:02:38Z</ts>
      </source>
    </school>
    <school>
      <country>United States</country>
      <name>Northern Virginia Community College</name>
      <city>Santa Fe</city>
      <state>NM</state>
      <postal>87592</postal>
      <latitude>35.79</latitude>
      <longitude>-105.99</longitude>
      <source>
        <name>USA Today</name>
        <ts>2019-06-07T20:31:10Z</ts>
      </source>
      <source>
        <name>New York Times</name>
        <ts>2017-04-30T09:11:57Z</ts>
      </source>
    </school>
  </schools>
  <status>Inactive</status>
  <sources>
    <source>
      <name>New York Times</name>
      <ts>2017-05-01T06:14:23Z</ts>
    </source>
  </sources>
  <sources>
    <source>
      <name>USA Today</name>
      <ts>2015-11-04T21:10:38Z</ts>
    </source>
  </sources>
  <sources>
    <source>
      <name>Washington Post</name>
      <ts>2020-12-30T21:23:44Z</ts>
    </source>
  </sources>
  <relations>
    <relation>
      <id>/person/10046.xml</id>
      <predicate>livesWith</predicate>
      <imageSrc>https://cdn1.marklogic.com/wp-content/uploads/2021/05/IS-headshot.jpeg</imageSrc>
      <fullname>Ivakin Adrianna</fullname>
      <city>Houston</city>
      <state>TX</state>
    </relation>
    <relation>
      <id>/person/10019.xml</id>
      <predicate>relatedTo</predicate>
      <imageSrc>https://cdn1.marklogic.com/wp-content/uploads/2021/07/chuck-hollis.jpeg</imageSrc>
      <fullname>Brommage Hilde</fullname>
      <city>Brockton</city>
      <state>MA</state>
    </relation>
    <relation>
      <id>/person/10015.xml</id>
      <predicate>worksWith</predicate>
      <imageSrc>https://cdn1.marklogic.com/wp-content/uploads/2018/01/headshot_square_286x286.jpg</imageSrc>
      <fullname>Tolomio Dru</fullname>
      <city>Arvada</city>
      <state>CO</state>
    </relation>
  </relations>
  <createdOn>
    <ts>2022-02-22T21:36:57Z</ts>
    <user>dhamprecht1q</user>
  </createdOn>
  <lastUpdated>
    <ts>2022-02-14T09:10:19Z</ts>
    <user>dhamprecht1q</user>
  </lastUpdated>
  <socials>
    <social>
      <site>facebook</site>
      <handle>slougheid0</handle>
      <address>https://stanford.edu/vestibulum/ac/est.png</address>
    </social>
    <social>
      <site>facebook</site>
      <handle>srollings1</handle>
      <address>https://shareasale.com/maecenas/tincidunt/lacus/at.aspx</address>
    </social>
    <social>
      <site>facebook</site>
      <handle>hrizzardini2</handle>
      <address>https://creativecommons.org/vivamus/in/felis/eu/sapien/cursus/vestibulum.jpg</address>
    </social>
  </socials>
  <memberships/>
  <links>
    <link>
      <label>Quick View</label>
      <url>https://howstuffworks.com</url>
      <icon>faEye</icon>
    </link>
    <link>
      <label>Nomination History</label>
      <url>https://cnbc.com</url>
      <icon>faMedal</icon>
    </link>
    <link>
      <label>Comments</label>
      <url>https://miitbeian.gov.cn</url>
      <icon>faComments</icon>
    </link>
  </links>
  <activities>
    <activity>
      <predicate>movedTo</predicate>
      <place>LiveZ</place>
      <predplace>movedTo LiveZ</predplace>
      <ts>2012-05-22T00:51:27Z</ts>
      <source>
        <name>USA Today</name>
        <ts>2018-12-25T18:33:32Z</ts>
        <createdBy>Marley Roath</createdBy>
        <approvedBy>Ulises Poulson</approvedBy>
      </source>
    </activity>
    <activity>
      <predicate>transferredTo</predicate>
      <place>Linkbridge</place>
      <predplace>transferredTo Linkbridge</predplace>
      <ts>2010-04-08T08:38:38Z</ts>
      <source>
        <name>New York Times</name>
        <ts>2019-11-26T10:23:55Z</ts>
        <createdBy>Jemimah Breffit</createdBy>
        <approvedBy>Vin Camock</approvedBy>
      </source>
    </activity>
    <activity>
      <predicate>movedTo</predicate>
      <place>Thoughtmix</place>
      <predplace>movedTo Thoughtmix</predplace>
      <ts>2015-07-06T23:57:28Z</ts>
      <source>
        <name>Chicago Tribune</name>
        <ts>2020-12-20T01:30:15Z</ts>
        <createdBy>Jamaal Picopp</createdBy>
        <approvedBy>Pearla Gudgin</approvedBy>
      </source>
    </activity>
    <activity>
      <predicate>endedAt</predicate>
      <place>Dazzlesphere</place>
      <predplace>endedAt Dazzlesphere</predplace>
      <ts>2015-03-14T07:37:52Z</ts>
      <source>
        <name>Los Angeles Times</name>
        <ts>2017-09-09T12:38:09Z</ts>
        <createdBy>Northrop Folds</createdBy>
        <approvedBy>Justine Thaxton</approvedBy>
      </source>
    </activity>
    <activity>
      <predicate>transferredTo</predicate>
      <place>Snaptags</place>
      <predplace>transferredTo Snaptags</predplace>
      <ts>2010-04-11T12:14:02Z</ts>
      <source>
        <name>Wall Street Journal</name>
        <ts>2016-03-12T02:27:31Z</ts>
        <createdBy>Umberto Dissman</createdBy>
        <approvedBy>Elaina Macro</approvedBy>
      </source>
    </activity>
    <activity>
      <predicate>transferredTo</predicate>
      <place>Pixoboo</place>
      <predplace>transferredTo Pixoboo</predplace>
      <ts>2010-10-06T04:12:57Z</ts>
      <source>
        <name>Washington Post</name>
        <ts>2022-03-01T01:30:09Z</ts>
        <createdBy>Cosme Hankins</createdBy>
        <approvedBy>Vince Speedy</approvedBy>
      </source>
    </activity>
    <activity>
      <predicate>movedTo</predicate>
      <place>Tagpad</place>
      <predplace>movedTo Tagpad</predplace>
      <ts>2010-06-20T14:14:02Z</ts>
      <source>
        <name>USA Today</name>
        <ts>2017-11-10T20:22:34Z</ts>
        <createdBy>Dar Drewry</createdBy>
        <approvedBy>Bunnie Olivella</approvedBy>
      </source>
    </activity>
  </activities>
  <actions>
    <action>
      <url>https://vistaprint.com</url>
      <icon>faCog</icon>
    </action>
    <action>
      <url>https://house.gov</url>
      <icon>faCode</icon>
    </action>
    <action>
      <url>https://w3.org</url>
      <icon>faSync</icon>
    </action>
  </actions>
</person>