<?xml version="1.0" encoding="UTF-8" standalone="yes"?>
<person>
  <personId>10069</personId>
  <nameGroup>
    <givenname>
      <value>Paddy</value>
    </givenname>
    <surname>
      <value>Vaugham</value>
    </surname>
    <fullname>
      <classification>S</classification>
      <restricted>false</restricted>
      <value>Vaugham Paddy</value>
      <source>
        <name>Los Angeles Times</name>
        <ts>2020-08-12T06:01:11Z</ts>
      </source>
      <source>
        <name>Los Angeles Times</name>
        <ts>2015-02-08T14:21:42Z</ts>
      </source>
      <source>
        <name>Washington Post</name>
        <ts>2010-12-27T19:58:09Z</ts>
      </source>
    </fullname>
  </nameGroup>
  <emails>
    <email>
      <value>nchazotte0@blogger.com</value>
      <classification>U</classification>
      <restricted>false</restricted>
    </email>
  </emails>
  <phone>512-562-7830</phone>
  <ssn>
    <value>724-36-1811</value>
    <classification>(S)</classification>
  </ssn>
  <images>
    <image>
      <url>https://cdn1.marklogic.com/wp-content/uploads/2020/04/JamesKenwood-headshot-600x600-1.jpg</url>
      <source>
        <name>New York Times</name>
        <ts>2014-01-17T11:12:18Z</ts>
        <uploadedBy/>
      </source>
    </image>
    <image>
      <url>https://cdn1.marklogic.com/wp-content/uploads/2021/07/chuck-hollis.jpeg</url>
      <source>
        <name>Los Angeles Times</name>
        <ts>2020-02-01T17:03:53Z</ts>
        <uploadedBy>mclifft0</uploadedBy>
      </source>
    </image>
    <image>
      <url>https://cdn1.marklogic.com/wp-content/uploads/2018/01/Alicia-Saia-MarkLogic1.jpg</url>
      <source>
        <name>Wall Street Journal</name>
        <ts>2017-07-06T01:08:55Z</ts>
        <uploadedBy>jridout0</uploadedBy>
      </source>
    </image>
  </images>
  <addresses>
    <address>
      <street>51 Ilene Terrace</street>
      <city>Fort Worth</city>
      <state>TX</state>
      <postal>76134</postal>
      <country>United States</country>
      <latitude>32.6469</latitude>
      <longitude>-97.3325</longitude>
    </address>
    <address>
      <street>2910 Buhler Plaza</street>
      <city>Spring</city>
      <state>TX</state>
      <postal>77388</postal>
      <country>United States</country>
      <latitude>30.0505</latitude>
      <longitude>-95.4695</longitude>
    </address>
  </addresses>
  <schools>
    <school>
      <country>United States</country>
      <name>Whittier College</name>
      <city>Des Moines</city>
      <state>IA</state>
      <postal>50369</postal>
      <latitude>41.6</latitude>
      <longitude>-93.61</longitude>
      <source>
        <name>USA Today</name>
        <ts>2021-07-28T23:09:19Z</ts>
      </source>
      <source>
        <name>New York Times</name>
        <ts>2018-12-05T04:26:49Z</ts>
      </source>
    </school>
    <school>
      <country>Canada</country>
      <name>Laurentian University of Sudbury</name>
      <city>Montréal</city>
      <state>QC</state>
      <postal>H5B</postal>
      <latitude>45.5080397</latitude>
      <longitude>-73.564543</longitude>
      <source>
        <name>USA Today</name>
        <ts>2020-11-30T01:46:58Z</ts>
      </source>
      <source>
        <name>New York Times</name>
        <ts>2020-05-18T02:16:44Z</ts>
      </source>
      <source>
        <name>Chicago Tribune</name>
        <ts>2012-12-30T20:57:54Z</ts>
      </source>
    </school>
  </schools>
  <status>Inactive</status>
  <sources>
    <source>
      <name>New York Times</name>
      <ts>2010-11-21T10:26:01Z</ts>
    </source>
  </sources>
  <relations>
    <relation>
      <id>/person/10074.xml</id>
      <predicate>worksWith</predicate>
      <imageSrc>https://cdn1.marklogic.com/wp-content/uploads/2018/02/trinh-lieu-profile.jpg</imageSrc>
      <fullname>Dadd Daniele</fullname>
      <city>Charlotte</city>
      <state>NC</state>
    </relation>
    <relation>
      <id>/person/10001.xml</id>
      <predicate>worksWith</predicate>
      <imageSrc>https://cdn1.marklogic.com/wp-content/uploads/2020/04/JamesKenwood-headshot-600x600-1.jpg</imageSrc>
      <fullname>Goodband Hermia</fullname>
      <city>Valdosta</city>
      <state>GA</state>
    </relation>
    <relation>
      <id>/person/10098.xml</id>
      <predicate>livesWith</predicate>
      <imageSrc>https://cdn1.marklogic.com/wp-content/uploads/2018/01/Diane-Burley-MarkLogic-2015.jpg</imageSrc>
      <fullname>Loins Austen</fullname>
      <city>Moreno Valley</city>
      <state>CA</state>
    </relation>
    <relation>
      <id>/person/10020.xml</id>
      <predicate>livesWith</predicate>
      <imageSrc>https://cdn1.marklogic.com/wp-content/uploads/2018/01/Diane-Burley-MarkLogic-2015.jpg</imageSrc>
      <fullname>Ball Naomi</fullname>
      <city>Fort Collins</city>
      <state>CO</state>
    </relation>
  </relations>
  <createdOn>
    <ts>2022-02-02T12:53:33Z</ts>
    <user>pvaugham1w</user>
  </createdOn>
  <lastUpdated>
    <ts>2022-01-16T10:55:34Z</ts>
    <user>pvaugham1w</user>
  </lastUpdated>
  <socials>
    <social>
      <site>twitter</site>
      <handle>bfoxworthy0</handle>
      <address>https://uiuc.edu/ante.json</address>
    </social>
  </socials>
  <memberships>
    <membership>
      <list>list7</list>
      <important>false</important>
      <ts>2022-01-21</ts>
    </membership>
    <membership>
      <list>list1</list>
      <important>true</important>
      <ts>2022-02-25</ts>
    </membership>
  </memberships>
  <links>
    <link>
      <label>Quick View</label>
      <url>https://ocn.ne.jp</url>
      <icon>faEye</icon>
    </link>
    <link>
      <label>Nomination History</label>
      <url>http://xinhuanet.com</url>
      <icon>faMedal</icon>
    </link>
    <link>
      <label>Comments</label>
      <url>https://java.com</url>
      <icon>faComments</icon>
    </link>
  </links>
  <activities>
    <activity>
      <predicate>movedTo</predicate>
      <place>Trupe</place>
      <predplace>movedTo Trupe</predplace>
      <ts>2013-03-30T06:38:23Z</ts>
      <source>
        <name>USA Today</name>
        <ts>2016-12-05T18:34:52Z</ts>
        <createdBy>Felecia Clemenza</createdBy>
        <approvedBy>Reginald Teague</approvedBy>
      </source>
    </activity>
    <activity>
      <predicate>endedAt</predicate>
      <place>Youspan</place>
      <predplace>endedAt Youspan</predplace>
      <ts>2012-09-21T12:25:16Z</ts>
      <source>
        <name>New York Times</name>
        <ts>2016-10-19T20:06:57Z</ts>
        <createdBy>Agustin Nibloe</createdBy>
        <approvedBy>Etan Shilstone</approvedBy>
      </source>
    </activity>
    <activity>
      <predicate>startedAt</predicate>
      <place>Chatterbridge</place>
      <predplace>startedAt Chatterbridge</predplace>
      <ts>2015-07-08T12:43:39Z</ts>
      <source>
        <name>Chicago Tribune</name>
        <ts>2017-10-23T08:48:48Z</ts>
        <createdBy>Joyce Larchier</createdBy>
        <approvedBy>Jeanette Polkinhorn</approvedBy>
      </source>
    </activity>
    <activity>
      <predicate>startedAt</predicate>
      <place>Thoughtbridge</place>
      <predplace>startedAt Thoughtbridge</predplace>
      <ts>2015-03-19T23:47:01Z</ts>
      <source>
        <name>Los Angeles Times</name>
        <ts>2020-04-18T12:27:57Z</ts>
        <createdBy>Humberto Goly</createdBy>
        <approvedBy>Vilma Gillopp</approvedBy>
      </source>
    </activity>
    <activity>
      <predicate>startedAt</predicate>
      <place>Nlounge</place>
      <predplace>startedAt Nlounge</predplace>
      <ts>2012-07-22T02:40:51Z</ts>
      <source>
        <name>Wall Street Journal</name>
        <ts>2018-08-23T00:45:15Z</ts>
        <createdBy>Sheryl Cham</createdBy>
        <approvedBy>Ranique Crauford</approvedBy>
      </source>
    </activity>
    <activity>
      <predicate>movedTo</predicate>
      <place>Izio</place>
      <predplace>movedTo Izio</predplace>
      <ts>2015-09-04T17:31:18Z</ts>
      <source>
        <name>Washington Post</name>
        <ts>2017-12-04T08:36:44Z</ts>
        <createdBy>Dari Langston</createdBy>
        <approvedBy>Sophia Karchowski</approvedBy>
      </source>
    </activity>
    <activity>
      <predicate>transferredTo</predicate>
      <place>Fatz</place>
      <predplace>transferredTo Fatz</predplace>
      <ts>2011-01-29T07:56:29Z</ts>
      <source>
        <name>USA Today</name>
        <ts>2022-02-11T09:30:37Z</ts>
        <createdBy>Rica Albury</createdBy>
        <approvedBy>Crystal Tolworth</approvedBy>
      </source>
    </activity>
  </activities>
  <actions>
    <action>
      <url>https://ihg.com</url>
      <icon>faCog</icon>
    </action>
    <action>
      <url>http://auda.org.au</url>
      <icon>faCode</icon>
    </action>
    <action>
      <url>http://virginia.edu</url>
      <icon>faSync</icon>
    </action>
  </actions>
</person>