<?xml version="1.0" encoding="UTF-8" standalone="yes"?>
<person>
  <personId>10060</personId>
  <nameGroup>
    <givenname>
      <value>Lulita</value>
    </givenname>
    <surname>
      <value>Humbey</value>
    </surname>
    <fullname>
      <classification>C</classification>
      <restricted>false</restricted>
      <value>Humbey Lulita</value>
      <source>
        <name>Chicago Tribune</name>
        <ts>2019-05-02T00:46:01Z</ts>
      </source>
      <source>
        <name>New York Times</name>
        <ts>2012-11-28T16:44:44Z</ts>
      </source>
    </fullname>
  </nameGroup>
  <emails>
    <email>
      <value>hbrick0@zimbio.com</value>
      <classification>U</classification>
      <restricted>false</restricted>
    </email>
    <email>
      <value>egoldster1@theatlantic.com</value>
      <classification>S</classification>
      <restricted>false</restricted>
    </email>
  </emails>
  <phone>285-331-1496</phone>
  <contacts>
    <contact>
      <type>email</type>
      <value>ypopworth0@bizjournals.com</value>
    </contact>
    <contact>
      <type>email</type>
      <value>lvargas1@jimdo.com</value>
    </contact>
    <contact>
      <type>phone</type>
      <value>541-743-3139</value>
    </contact>
  </contacts>
  <ssn>
    <value>632-10-2812</value>
    <classification>(S)</classification>
  </ssn>
  <images>
    <image>
      <url>https://cdn1.marklogic.com/wp-content/uploads/2018/01/Alicia-Saia-MarkLogic1.jpg</url>
      <source>
        <name>Washington Post</name>
        <ts>2019-06-25T12:37:32Z</ts>
        <uploadedBy>leunson0</uploadedBy>
      </source>
    </image>
    <image>
      <url>https://cdn1.marklogic.com/wp-content/uploads/2021/07/chuck-hollis.jpeg</url>
      <source>
        <name>New York Times</name>
        <ts>2010-01-01T06:58:33Z</ts>
        <uploadedBy>abrammar0</uploadedBy>
      </source>
    </image>
    <image>
      <url>https://cdn1.marklogic.com/wp-content/uploads/2020/04/JamesKenwood-headshot-600x600-1.jpg</url>
      <source>
        <name>Chicago Tribune</name>
        <ts>2018-02-01T01:45:26Z</ts>
        <uploadedBy>anevins0</uploadedBy>
      </source>
    </image>
  </images>
  <addresses>
    <address>
      <street>5 Banding Park</street>
      <city>Washington</city>
      <state>DC</state>
      <postal>20337</postal>
      <country>United States</country>
      <latitude>38.8933</latitude>
      <longitude>-77.0146</longitude>
    </address>
    <address>
      <street>41106 Eagle Crest Street</street>
      <city>Washington</city>
      <state>DC</state>
      <postal>20205</postal>
      <country>United States</country>
      <latitude>38.905</latitude>
      <longitude>-77.0162</longitude>
    </address>
    <address>
      <street>2821 Forest Dale Way</street>
      <city>Memphis</city>
      <state>TN</state>
      <postal>38143</postal>
      <country>United States</country>
      <latitude>35.2017</latitude>
      <longitude>-89.9715</longitude>
    </address>
  </addresses>
  <schools>
    <school>
      <country>Canada</country>
      <name>University of Moncton, Shippagan</name>
      <city>Boissevain</city>
      <state>MB</state>
      <postal>G7S</postal>
      <latitude>49.23062</latitude>
      <longitude>-100.05586</longitude>
      <source>
        <name>USA Today</name>
        <ts>2016-12-05T13:38:58Z</ts>
      </source>
      <source>
        <name>New York Times</name>
        <ts>2010-09-06T07:03:36Z</ts>
      </source>
    </school>
  </schools>
  <status>Active</status>
  <sources>
    <source>
      <name>Wall Street Journal</name>
      <ts>2010-05-11T01:32:41Z</ts>
    </source>
  </sources>
  <sources>
    <source>
      <name>Chicago Tribune</name>
      <ts>2010-06-29T19:09:20Z</ts>
    </source>
  </sources>
  <sources>
    <source>
      <name>Wall Street Journal</name>
      <ts>2018-11-04T10:57:15Z</ts>
    </source>
  </sources>
  <relations>
    <relation>
      <id>/person/10084.xml</id>
      <predicate>worksWith</predicate>
      <imageSrc>https://cdn1.marklogic.com/wp-content/uploads/2021/05/IS-headshot.jpeg</imageSrc>
      <fullname>Stienham Rora</fullname>
      <city>Fresno</city>
      <state>CA</state>
    </relation>
    <relation>
      <id>/person/10071.xml</id>
      <predicate>worksWith</predicate>
      <imageSrc>https://cdn1.marklogic.com/wp-content/uploads/2020/11/george-bloom-headshot-300x300-1.jpg</imageSrc>
      <fullname>Beardsley Ira</fullname>
      <city>Atlanta</city>
      <state>GA</state>
    </relation>
    <relation>
      <id>/person/10035.xml</id>
      <predicate>worksWith</predicate>
      <imageSrc>https://cdn1.marklogic.com/wp-content/uploads/2018/01/Diane-Burley-MarkLogic-2015.jpg</imageSrc>
      <fullname>Portchmouth Pauletta</fullname>
      <city>San Antonio</city>
      <state>TX</state>
    </relation>
    <relation>
      <id>/person/10024.xml</id>
      <predicate>worksWith</predicate>
      <imageSrc>https://cdn1.marklogic.com/wp-content/uploads/2018/02/trinh-lieu-profile.jpg</imageSrc>
      <fullname>Hayward Bell</fullname>
      <city>Dallas</city>
      <state>TX</state>
    </relation>
  </relations>
  <createdOn>
    <ts>2022-02-01T23:39:25Z</ts>
    <user>lhumbey1n</user>
  </createdOn>
  <lastUpdated>
    <ts>2022-01-13T13:38:38Z</ts>
    <user>lhumbey1n</user>
  </lastUpdated>
  <socials>
    <social>
      <site>linkedin</site>
      <handle>lcallington0</handle>
      <address>https://devhub.com/volutpat/sapien/arcu/sed/augue/aliquam/erat.json</address>
    </social>
    <social>
      <site>facebook</site>
      <handle>chovell1</handle>
      <address>https://amazon.de/vivamus/in/felis/eu/sapien/cursus.aspx</address>
    </social>
  </socials>
  <memberships>
    <membership>
      <list>list4</list>
      <important>true</important>
      <ts>2022-01-07</ts>
    </membership>
    <membership>
      <list>list6</list>
      <important>true</important>
      <ts>2022-02-20</ts>
    </membership>
  </memberships>
  <links>
    <link>
      <label>Quick View</label>
      <url>http://wikipedia.org</url>
      <icon>faEye</icon>
    </link>
    <link>
      <label>Nomination History</label>
      <url>https://acquirethisname.com</url>
      <icon>faMedal</icon>
    </link>
    <link>
      <label>Comments</label>
      <url>http://nps.gov</url>
      <icon>faComments</icon>
    </link>
  </links>
  <activities>
    <activity>
      <predicate>endedAt</predicate>
      <place>Oyondu</place>
      <predplace>endedAt Oyondu</predplace>
      <ts>2015-04-12T05:11:03Z</ts>
      <source>
        <name>USA Today</name>
        <ts>2021-08-29T13:49:50Z</ts>
        <createdBy>Way Ladbury</createdBy>
        <approvedBy>Gerrard Waind</approvedBy>
      </source>
    </activity>
    <activity>
      <predicate>transferredTo</predicate>
      <place>Edgeify</place>
      <predplace>transferredTo Edgeify</predplace>
      <ts>2017-07-04T06:25:03Z</ts>
      <source>
        <name>New York Times</name>
        <ts>2021-05-15T09:08:28Z</ts>
        <createdBy>Callean Hirthe</createdBy>
        <approvedBy>Tanitansy Bubbings</approvedBy>
      </source>
    </activity>
    <activity>
      <predicate>movedTo</predicate>
      <place>Meejo</place>
      <predplace>movedTo Meejo</predplace>
      <ts>2016-08-12T23:32:43Z</ts>
      <source>
        <name>Chicago Tribune</name>
        <ts>2020-01-29T09:32:43Z</ts>
        <createdBy>Regan Perillio</createdBy>
        <approvedBy>Alick Brisley</approvedBy>
      </source>
    </activity>
    <activity>
      <predicate>transferredTo</predicate>
      <place>Skinte</place>
      <predplace>transferredTo Skinte</predplace>
      <ts>2017-11-23T05:42:50Z</ts>
      <source>
        <name>Los Angeles Times</name>
        <ts>2022-01-07T23:04:23Z</ts>
        <createdBy>Lucille Verner</createdBy>
        <approvedBy>Dosi Grunbaum</approvedBy>
      </source>
    </activity>
    <activity>
      <predicate>transferredTo</predicate>
      <place>Brainsphere</place>
      <predplace>transferredTo Brainsphere</predplace>
      <ts>2013-11-16T05:54:18Z</ts>
      <source>
        <name>Wall Street Journal</name>
        <ts>2021-04-17T22:21:38Z</ts>
        <createdBy>Wiatt Dotson</createdBy>
        <approvedBy>Nissy Buckthought</approvedBy>
      </source>
    </activity>
  </activities>
  <events>
    <event>
      <predicate>visited</predicate>
      <place>China</place>
      <predplace>visited China</predplace>
      <end>2018-05-05T05:43:50Z</end>
      <start>2015-05-23T19:01:16Z</start>
    </event>
  </events>
  <actions>
    <action>
      <url>https://china.com.cn</url>
      <icon>faCog</icon>
    </action>
    <action>
      <url>http://networksolutions.com</url>
      <icon>faCode</icon>
    </action>
    <action>
      <url>https://comcast.net</url>
      <icon>faSync</icon>
    </action>
  </actions>
</person>