<?xml version="1.0" encoding="UTF-8" standalone="yes"?>
<person>
  <personId>10063</personId>
  <nameGroup>
    <givenname>
      <value>Tiler</value>
    </givenname>
    <surname>
      <value>Raiment</value>
    </surname>
    <fullname>
      <classification>U</classification>
      <restricted>true</restricted>
      <value>Raiment Tiler</value>
      <source>
        <name>Chicago Tribune</name>
        <ts>2013-01-27T10:17:11Z</ts>
      </source>
      <source>
        <name>Chicago Tribune</name>
        <ts>2013-01-15T22:17:29Z</ts>
      </source>
      <source>
        <name>Chicago Tribune</name>
        <ts>2011-10-25T03:31:51Z</ts>
      </source>
    </fullname>
  </nameGroup>
  <emails>
    <email>
      <value>gcurtiss0@yandex.ru</value>
      <classification>U</classification>
      <restricted>false</restricted>
    </email>
    <email>
      <value>staberer1@slate.com</value>
      <classification>U</classification>
      <restricted>false</restricted>
    </email>
    <email>
      <value>eborton2@uiuc.edu</value>
      <classification>S</classification>
      <restricted>false</restricted>
    </email>
  </emails>
  <phone>732-772-0035</phone>
  <contacts>
    <contact>
      <type>phone</type>
      <value>478-430-7683</value>
    </contact>
    <contact>
      <type>phone</type>
      <value>718-468-5750</value>
    </contact>
    <contact>
      <type>email</type>
      <value>cjelliman2@youtube.com</value>
    </contact>
  </contacts>
  <ssn>
    <value>787-55-9326</value>
    <classification>(S)</classification>
  </ssn>
  <images>
    <image>
      <url>https://cdn1.marklogic.com/wp-content/uploads/2021/02/1612313387205.jpeg</url>
      <source>
        <name>Los Angeles Times</name>
        <ts>2014-10-22T22:21:17Z</ts>
        <uploadedBy/>
      </source>
    </image>
    <image>
      <url>https://cdn1.marklogic.com/wp-content/uploads/2020/11/george-bloom-headshot-300x300-1.jpg</url>
      <source>
        <name>Wall Street Journal</name>
        <ts>2021-01-31T05:11:09Z</ts>
        <uploadedBy>bseeborne0</uploadedBy>
      </source>
    </image>
    <image>
      <url>https://cdn1.marklogic.com/wp-content/uploads/2018/01/headshot_square_286x286.jpg</url>
      <source>
        <name>Chicago Tribune</name>
        <ts>2014-11-09T20:38:43Z</ts>
        <uploadedBy>jguitel0</uploadedBy>
      </source>
    </image>
    <image>
      <url>https://cdn1.marklogic.com/wp-content/uploads/2018/02/trinh-lieu-profile.jpg</url>
      <source>
        <name>Los Angeles Times</name>
        <ts>2011-12-30T05:53:48Z</ts>
        <uploadedBy>hdoul0</uploadedBy>
      </source>
    </image>
  </images>
  <addresses>
    <address>
      <street>894 Fremont Crossing</street>
      <city>Nashville</city>
      <state>TN</state>
      <postal>37250</postal>
      <country>United States</country>
      <latitude>36.1866</latitude>
      <longitude>-86.7852</longitude>
    </address>
    <address>
      <street>31 Morning Plaza</street>
      <city>Portland</city>
      <state>OR</state>
      <postal>97221</postal>
      <country>United States</country>
      <latitude>45.4918</latitude>
      <longitude>-122.7267</longitude>
    </address>
    <address>
      <street>80 Shelley Crossing</street>
      <city>Richmond</city>
      <state>VA</state>
      <postal>23208</postal>
      <country>United States</country>
      <latitude>37.5593</latitude>
      <longitude>-77.4471</longitude>
    </address>
  </addresses>
  <schools>
    <school>
      <country>United States</country>
      <name>New York Chiropractic College</name>
      <city>Savannah</city>
      <state>GA</state>
      <postal>31410</postal>
      <latitude>32.0005346</latitude>
      <longitude>-80.9760556</longitude>
      <source>
        <name>USA Today</name>
        <ts>2019-03-02T21:22:26Z</ts>
      </source>
      <source>
        <name>New York Times</name>
        <ts>2021-02-19T12:10:41Z</ts>
      </source>
      <source>
        <name>Chicago Tribune</name>
        <ts>2020-04-20T04:49:29Z</ts>
      </source>
    </school>
  </schools>
  <status>Active</status>
  <sources>
    <source>
      <name>Chicago Tribune</name>
      <ts>2013-03-18T07:47:00Z</ts>
    </source>
  </sources>
  <sources>
    <source>
      <name>Los Angeles Times</name>
      <ts>2012-04-14T16:45:59Z</ts>
    </source>
  </sources>
  <sources>
    <source>
      <name>USA Today</name>
      <ts>2020-12-29T05:39:57Z</ts>
    </source>
  </sources>
  <relations>
    <relation>
      <id>/person/10021.xml</id>
      <predicate>livesWith</predicate>
      <imageSrc>https://cdn1.marklogic.com/wp-content/uploads/2018/01/headshot_square_286x286.jpg</imageSrc>
      <fullname>Tapscott Daniele</fullname>
      <city>Oklahoma City</city>
      <state>OK</state>
    </relation>
    <relation>
      <id>/person/10092.xml</id>
      <predicate>relatedTo</predicate>
      <imageSrc>https://cdn1.marklogic.com/wp-content/uploads/2020/04/JamesKenwood-headshot-600x600-1.jpg</imageSrc>
      <fullname>Troughton Sterne</fullname>
      <city>Houston</city>
      <state>TX</state>
    </relation>
    <relation>
      <id>/person/10075.xml</id>
      <predicate>livesWith</predicate>
      <imageSrc>https://cdn1.marklogic.com/wp-content/uploads/2020/04/JamesKenwood-headshot-600x600-1.jpg</imageSrc>
      <fullname>Wortt Jillayne</fullname>
      <city>Denver</city>
      <state>CO</state>
    </relation>
    <relation>
      <id>/person/10058.xml</id>
      <predicate>livesWith</predicate>
      <imageSrc>https://cdn1.marklogic.com/wp-content/uploads/2018/01/Michael-Malgeri-MarkLogic.jpg</imageSrc>
      <fullname>Domonkos Caresa</fullname>
      <city>Louisville</city>
      <state>KY</state>
    </relation>
  </relations>
  <createdOn>
    <ts>2022-01-12T18:46:00Z</ts>
    <user>traiment1q</user>
  </createdOn>
  <lastUpdated>
    <ts>2022-02-05T22:55:02Z</ts>
    <user>traiment1q</user>
  </lastUpdated>
  <socials>
    <social>
      <site>twitter</site>
      <handle>fchiplen0</handle>
      <address>http://fc2.com/est/phasellus/sit/amet/erat/nulla.js</address>
    </social>
  </socials>
  <memberships>
    <membership>
      <list>list4</list>
      <important>true</important>
      <ts>2022-02-01</ts>
    </membership>
    <membership>
      <list>list11</list>
      <important>false</important>
      <ts>2022-01-10</ts>
    </membership>
    <membership>
      <list>list3</list>
      <important>false</important>
      <ts>2022-01-06</ts>
    </membership>
    <membership>
      <list>list4</list>
      <important>false</important>
      <ts>2022-02-17</ts>
    </membership>
  </memberships>
  <links>
    <link>
      <label>Quick View</label>
      <url>https://booking.com</url>
      <icon>faEye</icon>
    </link>
    <link>
      <label>Nomination History</label>
      <url>https://odnoklassniki.ru</url>
      <icon>faMedal</icon>
    </link>
    <link>
      <label>Comments</label>
      <url>http://yale.edu</url>
      <icon>faComments</icon>
    </link>
  </links>
  <activities>
    <activity>
      <predicate>transferredTo</predicate>
      <place>Zoonder</place>
      <predplace>transferredTo Zoonder</predplace>
      <ts>2018-09-14T02:05:02Z</ts>
      <source>
        <name>USA Today</name>
        <ts>2020-05-10T15:34:29Z</ts>
        <createdBy>Caldwell Seivwright</createdBy>
        <approvedBy>Dilly Slay</approvedBy>
      </source>
    </activity>
    <activity>
      <predicate>endedAt</predicate>
      <place>Meemm</place>
      <predplace>endedAt Meemm</predplace>
      <ts>2014-03-01T15:07:10Z</ts>
      <source>
        <name>New York Times</name>
        <ts>2020-06-18T17:20:16Z</ts>
        <createdBy>Marguerite Buckbee</createdBy>
        <approvedBy>Martin Samwell</approvedBy>
      </source>
    </activity>
    <activity>
      <predicate>startedAt</predicate>
      <place>Topiczoom</place>
      <predplace>startedAt Topiczoom</predplace>
      <ts>2014-03-20T15:20:17Z</ts>
      <source>
        <name>Chicago Tribune</name>
        <ts>2021-06-12T13:38:20Z</ts>
        <createdBy>Udell Durtnall</createdBy>
        <approvedBy>Gustav Ridgers</approvedBy>
      </source>
    </activity>
  </activities>
  <events>
    <event>
      <predicate>visited</predicate>
      <place>China</place>
      <predplace>visited China</predplace>
      <end>2018-08-14T16:42:53Z</end>
      <start>2015-11-07T14:05:58Z</start>
    </event>
  </events>
  <actions>
    <action>
      <url>http://t.co</url>
      <icon>faCog</icon>
    </action>
    <action>
      <url>https://php.net</url>
      <icon>faCode</icon>
    </action>
    <action>
      <url>https://google.co.uk</url>
      <icon>faSync</icon>
    </action>
  </actions>
</person>