<?xml version="1.0" encoding="UTF-8" standalone="yes"?>
<person>
  <personId>10076</personId>
  <nameGroup>
    <givenname>
      <value>Leicester</value>
    </givenname>
    <surname>
      <value>Andreaccio</value>
    </surname>
    <fullname>
      <classification>C</classification>
      <restricted>false</restricted>
      <value>Andreaccio Leicester</value>
      <source>
        <name>Los Angeles Times</name>
        <ts>2013-05-15T09:40:38Z</ts>
      </source>
    </fullname>
  </nameGroup>
  <emails>
    <email>
      <value>kabramzon0@wired.com</value>
      <classification>C</classification>
      <restricted>false</restricted>
    </email>
    <email>
      <value>lmcintee1@cpanel.net</value>
      <classification>C</classification>
      <restricted>false</restricted>
    </email>
    <email>
      <value>bcookson2@npr.org</value>
      <classification>U</classification>
      <restricted>false</restricted>
    </email>
  </emails>
  <phone>687-225-6520</phone>
  <ssn>
    <value>192-09-0619</value>
    <classification>(S)</classification>
  </ssn>
  <images>
    <image>
      <url>https://cdn1.marklogic.com/wp-content/uploads/2018/01/Alicia-Saia-MarkLogic1.jpg</url>
      <source>
        <name>Los Angeles Times</name>
        <ts>2013-10-18T08:52:58Z</ts>
        <uploadedBy>dforri0</uploadedBy>
      </source>
    </image>
    <image>
      <url>https://cdn1.marklogic.com/wp-content/uploads/2020/04/JamesKenwood-headshot-600x600-1.jpg</url>
      <source>
        <name>Chicago Tribune</name>
        <ts>2021-11-12T21:03:36Z</ts>
        <uploadedBy>bbunker0</uploadedBy>
      </source>
    </image>
    <image>
      <url>https://cdn1.marklogic.com/wp-content/uploads/2021/02/1612313387205.jpeg</url>
      <source>
        <name>Wall Street Journal</name>
        <ts>2016-10-19T16:40:33Z</ts>
        <uploadedBy>bpink0</uploadedBy>
      </source>
    </image>
    <image>
      <url>https://cdn1.marklogic.com/wp-content/uploads/2018/01/Diane-Burley-MarkLogic-2015.jpg</url>
      <source>
        <name>Washington Post</name>
        <ts>2012-01-28T08:54:46Z</ts>
        <uploadedBy>bdaintier0</uploadedBy>
      </source>
    </image>
  </images>
  <addresses>
    <address>
      <street>7 6th Hill</street>
      <city>Milwaukee</city>
      <state>WI</state>
      <postal>53210</postal>
      <country>United States</country>
      <latitude>43.0685</latitude>
      <longitude>-87.9715</longitude>
    </address>
    <address>
      <street>2089 Moose Trail</street>
      <city>Erie</city>
      <state>PA</state>
      <postal>16510</postal>
      <country>United States</country>
      <latitude>42.1087</latitude>
      <longitude>-79.9535</longitude>
    </address>
    <address>
      <street>859 Westerfield Plaza</street>
      <city>Phoenix</city>
      <state>AZ</state>
      <postal>85035</postal>
      <country>United States</country>
      <latitude>33.4724</latitude>
      <longitude>-112.1832</longitude>
    </address>
  </addresses>
  <schools>
    <school>
      <country>United States</country>
      <name>Albany College of Pharmacy</name>
      <city>Fort Worth</city>
      <state>TX</state>
      <postal>76105</postal>
      <latitude>32.7274015</latitude>
      <longitude>-97.2706807</longitude>
      <source>
        <name>USA Today</name>
        <ts>2012-11-09T09:12:20Z</ts>
      </source>
      <source>
        <name>New York Times</name>
        <ts>2010-08-06T22:01:18Z</ts>
      </source>
    </school>
  </schools>
  <status>Inactive</status>
  <sources>
    <source>
      <name>New York Times</name>
      <ts>2016-11-22T02:28:59Z</ts>
    </source>
  </sources>
  <sources>
    <source>
      <name>Wall Street Journal</name>
      <ts>2021-01-20T22:07:06Z</ts>
    </source>
  </sources>
  <relations>
    <relation>
      <id>/person/10067.xml</id>
      <predicate>relatedTo</predicate>
      <imageSrc>https://cdn1.marklogic.com/wp-content/uploads/2021/05/IS-headshot.jpeg</imageSrc>
      <fullname>Brosius Atalanta</fullname>
      <city>Salt Lake City</city>
      <state>UT</state>
    </relation>
    <relation>
      <id>/person/10036.xml</id>
      <predicate>livesWith</predicate>
      <imageSrc>https://cdn1.marklogic.com/wp-content/uploads/2021/02/1612313387205.jpeg</imageSrc>
      <fullname>Scud Dominica</fullname>
      <city>Vancouver</city>
      <state>WA</state>
    </relation>
    <relation>
      <id>/person/10068.xml</id>
      <predicate>relatedTo</predicate>
      <imageSrc>https://cdn1.marklogic.com/wp-content/uploads/2018/01/headshot_square_286x286.jpg</imageSrc>
      <fullname>Mycock Norris</fullname>
      <city>Lansing</city>
      <state>MI</state>
    </relation>
    <relation>
      <id>/person/10043.xml</id>
      <predicate>relatedTo</predicate>
      <imageSrc>https://cdn1.marklogic.com/wp-content/uploads/2018/01/headshot_square_286x286.jpg</imageSrc>
      <fullname>Littledike Del</fullname>
      <city>Anaheim</city>
      <state>CA</state>
    </relation>
    <relation>
      <id>/person/10032.xml</id>
      <predicate>worksWith</predicate>
      <imageSrc>https://cdn1.marklogic.com/wp-content/uploads/2020/11/george-bloom-headshot-300x300-1.jpg</imageSrc>
      <fullname>Straine Barbi</fullname>
      <city>Little Rock</city>
      <state>AR</state>
    </relation>
  </relations>
  <createdOn>
    <ts>2022-02-15T10:12:25Z</ts>
    <user>landreaccio23</user>
  </createdOn>
  <lastUpdated>
    <ts>2022-01-28T05:45:06Z</ts>
    <user>landreaccio23</user>
  </lastUpdated>
  <socials/>
  <memberships>
    <membership>
      <list>list5</list>
      <important>false</important>
      <ts>2022-01-13</ts>
    </membership>
    <membership>
      <list>list5</list>
      <important>false</important>
      <ts>2022-02-18</ts>
    </membership>
    <membership>
      <list>list9</list>
      <important>true</important>
      <ts>2022-01-19</ts>
    </membership>
  </memberships>
  <links>
    <link>
      <label>Quick View</label>
      <url>http://house.gov</url>
      <icon>faEye</icon>
    </link>
    <link>
      <label>Nomination History</label>
      <url>https://admin.ch</url>
      <icon>faMedal</icon>
    </link>
    <link>
      <label>Comments</label>
      <url>http://over-blog.com</url>
      <icon>faComments</icon>
    </link>
  </links>
  <activities>
    <activity>
      <predicate>startedAt</predicate>
      <place>Twinder</place>
      <predplace>startedAt Twinder</predplace>
      <ts>2015-02-10T21:09:27Z</ts>
      <source>
        <name>USA Today</name>
        <ts>2017-07-26T18:57:53Z</ts>
        <createdBy>Gretchen Tremmel</createdBy>
        <approvedBy>Tedd Inott</approvedBy>
      </source>
    </activity>
    <activity>
      <predicate>startedAt</predicate>
      <place>Bubbletube</place>
      <predplace>startedAt Bubbletube</predplace>
      <ts>2015-02-03T08:20:03Z</ts>
      <source>
        <name>New York Times</name>
        <ts>2021-06-06T07:06:03Z</ts>
        <createdBy>Sander Petroff</createdBy>
        <approvedBy>Aviva Mepsted</approvedBy>
      </source>
    </activity>
    <activity>
      <predicate>startedAt</predicate>
      <place>Blogspan</place>
      <predplace>startedAt Blogspan</predplace>
      <ts>2015-01-30T09:52:29Z</ts>
      <source>
        <name>Chicago Tribune</name>
        <ts>2017-08-29T01:54:27Z</ts>
        <createdBy>Gard Hosby</createdBy>
        <approvedBy>Rollins Kalvin</approvedBy>
      </source>
    </activity>
    <activity>
      <predicate>startedAt</predicate>
      <place>Thoughtstorm</place>
      <predplace>startedAt Thoughtstorm</predplace>
      <ts>2013-10-09T11:03:02Z</ts>
      <source>
        <name>Los Angeles Times</name>
        <ts>2018-02-22T23:42:36Z</ts>
        <createdBy>Chrissie Bartram</createdBy>
        <approvedBy>Rip Swate</approvedBy>
      </source>
    </activity>
  </activities>
  <actions>
    <action>
      <url>https://skyrock.com</url>
      <icon>faCog</icon>
    </action>
    <action>
      <url>https://biglobe.ne.jp</url>
      <icon>faCode</icon>
    </action>
    <action>
      <url>http://kickstarter.com</url>
      <icon>faSync</icon>
    </action>
  </actions>
</person>