<?xml version="1.0" encoding="UTF-8" standalone="yes"?>
<person>
  <personId>10070</personId>
  <nameGroup>
    <givenname>
      <value>Sebastiano</value>
    </givenname>
    <surname>
      <value>Beesley</value>
    </surname>
    <fullname>
      <classification>C</classification>
      <restricted>true</restricted>
      <value>Beesley Sebastiano</value>
      <source>
        <name>Washington Post</name>
        <ts>2011-08-22T06:15:56Z</ts>
      </source>
      <source>
        <name>Wall Street Journal</name>
        <ts>2016-03-14T08:28:53Z</ts>
      </source>
      <source>
        <name>Wall Street Journal</name>
        <ts>2018-01-20T14:53:56Z</ts>
      </source>
    </fullname>
  </nameGroup>
  <emails>
    <email>
      <value>lbrunton0@google.com.br</value>
      <classification>S</classification>
      <restricted>false</restricted>
    </email>
    <email>
      <value>jropert1@blog.com</value>
      <classification>U</classification>
      <restricted>false</restricted>
    </email>
    <email>
      <value>eranderson2@tamu.edu</value>
      <classification>U</classification>
      <restricted>false</restricted>
    </email>
  </emails>
  <phone>942-557-2450</phone>
  <ssn>
    <value>157-23-1421</value>
    <classification>(S)</classification>
  </ssn>
  <images>
    <image>
      <url>https://cdn1.marklogic.com/wp-content/uploads/2020/11/george-bloom-headshot-300x300-1.jpg</url>
      <source>
        <name>Washington Post</name>
        <ts>2018-10-28T23:01:18Z</ts>
        <uploadedBy>wmcdougal0</uploadedBy>
      </source>
    </image>
  </images>
  <addresses>
    <address>
      <street>91531 Milwaukee Park</street>
      <city>Erie</city>
      <state>PA</state>
      <postal>16522</postal>
      <country>United States</country>
      <latitude>42.1827</latitude>
      <longitude>-80.0649</longitude>
    </address>
    <address>
      <street>6 Jenna Plaza</street>
      <city>Washington</city>
      <state>DC</state>
      <postal>20442</postal>
      <country>United States</country>
      <latitude>38.896</latitude>
      <longitude>-77.0177</longitude>
    </address>
    <address>
      <street>316 Arkansas Street</street>
      <city>Minneapolis</city>
      <state>MN</state>
      <postal>55470</postal>
      <country>United States</country>
      <latitude>45.0159</latitude>
      <longitude>-93.4719</longitude>
    </address>
  </addresses>
  <schools>
    <school>
      <country>Canada</country>
      <name>Langara College</name>
      <city>Boisbriand</city>
      <state>QC</state>
      <postal>J7G</postal>
      <latitude>45.6181396</latitude>
      <longitude>-73.8394482</longitude>
      <source>
        <name>USA Today</name>
        <ts>2015-12-13T12:54:04Z</ts>
      </source>
      <source>
        <name>New York Times</name>
        <ts>2014-01-07T15:43:41Z</ts>
      </source>
      <source>
        <name>Chicago Tribune</name>
        <ts>2010-07-04T13:04:44Z</ts>
      </source>
    </school>
    <school>
      <country>Canada</country>
      <name>First Nations University of Canada</name>
      <city>St. Thomas</city>
      <state>ON</state>
      <postal>N5R</postal>
      <latitude>42.7665598</latitude>
      <longitude>-81.1747498</longitude>
      <source>
        <name>USA Today</name>
        <ts>2015-09-15T16:33:20Z</ts>
      </source>
      <source>
        <name>New York Times</name>
        <ts>2019-02-14T22:04:37Z</ts>
      </source>
      <source>
        <name>Chicago Tribune</name>
        <ts>2017-07-07T19:06:23Z</ts>
      </source>
    </school>
  </schools>
  <status>Inactive</status>
  <sources>
    <source>
      <name>USA Today</name>
      <ts>2014-02-21T19:00:03Z</ts>
    </source>
  </sources>
  <relations>
    <relation>
      <id>/person/10096.xml</id>
      <predicate>livesWith</predicate>
      <imageSrc>https://cdn1.marklogic.com/wp-content/uploads/2021/02/1612313387205.jpeg</imageSrc>
      <fullname>Rowden Franny</fullname>
      <city>Cincinnati</city>
      <state>OH</state>
    </relation>
    <relation>
      <id>/person/10031.xml</id>
      <predicate>relatedTo</predicate>
      <imageSrc>https://cdn1.marklogic.com/wp-content/uploads/2021/05/IS-headshot.jpeg</imageSrc>
      <fullname>Crippell Nevin</fullname>
      <city>Jamaica</city>
      <state>NY</state>
    </relation>
  </relations>
  <createdOn>
    <ts>2022-01-15T22:18:07Z</ts>
    <user>sbeesley1x</user>
  </createdOn>
  <lastUpdated>
    <ts>2022-02-21T07:53:45Z</ts>
    <user>sbeesley1x</user>
  </lastUpdated>
  <socials/>
  <memberships>
    <membership>
      <list>list9</list>
      <important>false</important>
      <ts>2022-01-20</ts>
    </membership>
    <membership>
      <list>list10</list>
      <important>false</important>
      <ts>2022-01-23</ts>
    </membership>
  </memberships>
  <links>
    <link>
      <label>Quick View</label>
      <url>https://hatena.ne.jp</url>
      <icon>faEye</icon>
    </link>
    <link>
      <label>Nomination History</label>
      <url>https://yale.edu</url>
      <icon>faMedal</icon>
    </link>
    <link>
      <label>Comments</label>
      <url>https://si.edu</url>
      <icon>faComments</icon>
    </link>
  </links>
  <activities>
    <activity>
      <predicate>startedAt</predicate>
      <place>Thoughtbeat</place>
      <predplace>startedAt Thoughtbeat</predplace>
      <ts>2012-06-08T00:38:19Z</ts>
      <source>
        <name>USA Today</name>
        <ts>2021-10-13T21:29:05Z</ts>
        <createdBy>Twila Vandrill</createdBy>
        <approvedBy>Casandra Seagar</approvedBy>
      </source>
    </activity>
    <activity>
      <predicate>movedTo</predicate>
      <place>Npath</place>
      <predplace>movedTo Npath</predplace>
      <ts>2012-01-23T18:02:59Z</ts>
      <source>
        <name>New York Times</name>
        <ts>2020-01-26T13:27:55Z</ts>
        <createdBy>Bronnie Cunnington</createdBy>
        <approvedBy>Bart Booley</approvedBy>
      </source>
    </activity>
    <activity>
      <predicate>transferredTo</predicate>
      <place>Meejo</place>
      <predplace>transferredTo Meejo</predplace>
      <ts>2011-04-21T20:22:19Z</ts>
      <source>
        <name>Chicago Tribune</name>
        <ts>2021-10-28T10:09:58Z</ts>
        <createdBy>Caprice Steggals</createdBy>
        <approvedBy>Ermin Bailess</approvedBy>
      </source>
    </activity>
    <activity>
      <predicate>movedTo</predicate>
      <place>Meezzy</place>
      <predplace>movedTo Meezzy</predplace>
      <ts>2012-10-16T10:47:40Z</ts>
      <source>
        <name>Los Angeles Times</name>
        <ts>2019-09-29T02:49:59Z</ts>
        <createdBy>Carline Kington</createdBy>
        <approvedBy>Gabrila Braithwait</approvedBy>
      </source>
    </activity>
    <activity>
      <predicate>transferredTo</predicate>
      <place>Twitterworks</place>
      <predplace>transferredTo Twitterworks</predplace>
      <ts>2015-10-30T04:40:31Z</ts>
      <source>
        <name>Wall Street Journal</name>
        <ts>2020-11-22T07:26:19Z</ts>
        <createdBy>Nadiya Jaggar</createdBy>
        <approvedBy>Marleah Ledstone</approvedBy>
      </source>
    </activity>
    <activity>
      <predicate>movedTo</predicate>
      <place>Quatz</place>
      <predplace>movedTo Quatz</predplace>
      <ts>2015-05-04T13:34:53Z</ts>
      <source>
        <name>Washington Post</name>
        <ts>2020-02-12T00:24:28Z</ts>
        <createdBy>Hally Castanares</createdBy>
        <approvedBy>Mickey Sangwine</approvedBy>
      </source>
    </activity>
  </activities>
  <actions>
    <action>
      <url>http://census.gov</url>
      <icon>faCog</icon>
    </action>
    <action>
      <url>https://blogger.com</url>
      <icon>faCode</icon>
    </action>
    <action>
      <url>http://macromedia.com</url>
      <icon>faSync</icon>
    </action>
  </actions>
</person>