<?xml version="1.0" encoding="UTF-8" standalone="yes"?>
<person>
  <personId>10078</personId>
  <nameGroup>
    <givenname>
      <value>Brandie</value>
    </givenname>
    <surname>
      <value>Iacovozzo</value>
    </surname>
    <fullname>
      <classification>C</classification>
      <restricted>true</restricted>
      <value>Iacovozzo Brandie</value>
      <source>
        <name>USA Today</name>
        <ts>2014-02-20T05:20:55Z</ts>
      </source>
      <source>
        <name>New York Times</name>
        <ts>2015-03-02T20:58:45Z</ts>
      </source>
    </fullname>
  </nameGroup>
  <emails>
    <email>
      <value>egasticke0@freewebs.com</value>
      <classification>U</classification>
      <restricted>false</restricted>
    </email>
    <email>
      <value>astaresmeare1@bloglines.com</value>
      <classification>C</classification>
      <restricted>false</restricted>
    </email>
  </emails>
  <phone>931-738-6050</phone>
  <ssn>
    <value>592-21-4646</value>
    <classification>(S)</classification>
  </ssn>
  <images>
    <image>
      <url>https://cdn1.marklogic.com/wp-content/uploads/2020/11/george-bloom-headshot-300x300-1.jpg</url>
      <source>
        <name>Los Angeles Times</name>
        <ts>2011-11-09T13:10:38Z</ts>
        <uploadedBy>loutridge0</uploadedBy>
      </source>
    </image>
  </images>
  <addresses>
    <address>
      <street>5893 Emmet Place</street>
      <city>Mobile</city>
      <state>AL</state>
      <postal>36616</postal>
      <country>United States</country>
      <latitude>30.671</latitude>
      <longitude>-88.1267</longitude>
    </address>
    <address>
      <street>84 Thierer Crossing</street>
      <city>Santa Cruz</city>
      <state>CA</state>
      <postal>95064</postal>
      <country>United States</country>
      <latitude>36.9959</latitude>
      <longitude>-122.0578</longitude>
    </address>
    <address>
      <street>4775 Fair Oaks Road</street>
      <city>Garden Grove</city>
      <state>CA</state>
      <postal>92844</postal>
      <country>United States</country>
      <latitude>33.7661</latitude>
      <longitude>-117.9738</longitude>
    </address>
  </addresses>
  <schools>
    <school>
      <country>United States</country>
      <name>Wartburg College</name>
      <city>Santa Cruz</city>
      <state>CA</state>
      <postal>95064</postal>
      <latitude>36.9923139</latitude>
      <longitude>-122.0581762</longitude>
      <source>
        <name>USA Today</name>
        <ts>2016-03-13T07:59:04Z</ts>
      </source>
    </school>
    <school>
      <country>Mexico</country>
      <name>Universidad del Bajío</name>
      <city>Santiago</city>
      <state>MEX</state>
      <postal>54784</postal>
      <latitude>25.4166153</latitude>
      <longitude>-100.1591213</longitude>
      <source>
        <name>USA Today</name>
        <ts>2020-11-15T10:28:14Z</ts>
      </source>
      <source>
        <name>New York Times</name>
        <ts>2011-07-17T13:42:40Z</ts>
      </source>
      <source>
        <name>Chicago Tribune</name>
        <ts>2010-03-12T09:13:34Z</ts>
      </source>
    </school>
  </schools>
  <status>Inactive</status>
  <sources>
    <source>
      <name>USA Today</name>
      <ts>2010-12-17T11:00:15Z</ts>
    </source>
  </sources>
  <relations>
    <relation>
      <id>/person/10046.xml</id>
      <predicate>worksWith</predicate>
      <imageSrc>https://cdn1.marklogic.com/wp-content/uploads/2021/05/IS-headshot.jpeg</imageSrc>
      <fullname>Ivakin Adrianna</fullname>
      <city>Houston</city>
      <state>TX</state>
    </relation>
    <relation>
      <id>/person/10071.xml</id>
      <predicate>livesWith</predicate>
      <imageSrc>https://cdn1.marklogic.com/wp-content/uploads/2018/02/trinh-lieu-profile.jpg</imageSrc>
      <fullname>D'Ugo Ellynn</fullname>
      <city>Reno</city>
      <state>NV</state>
    </relation>
  </relations>
  <createdOn>
    <ts>2022-02-08T20:13:46Z</ts>
    <user>biacovozzo25</user>
  </createdOn>
  <lastUpdated>
    <ts>2022-02-24T10:06:02Z</ts>
    <user>biacovozzo25</user>
  </lastUpdated>
  <socials/>
  <memberships>
    <membership>
      <list>list3</list>
      <important>false</important>
      <ts>2022-02-12</ts>
    </membership>
    <membership>
      <list>list5</list>
      <important>true</important>
      <ts>2022-02-25</ts>
    </membership>
    <membership>
      <list>list9</list>
      <important>false</important>
      <ts>2022-01-02</ts>
    </membership>
    <membership>
      <list>list11</list>
      <important>false</important>
      <ts>2022-02-18</ts>
    </membership>
  </memberships>
  <links>
    <link>
      <label>Quick View</label>
      <url>http://smugmug.com</url>
      <icon>faEye</icon>
    </link>
    <link>
      <label>Nomination History</label>
      <url>http://jigsy.com</url>
      <icon>faMedal</icon>
    </link>
    <link>
      <label>Comments</label>
      <url>https://rakuten.co.jp</url>
      <icon>faComments</icon>
    </link>
  </links>
  <activities>
    <activity>
      <predicate>startedAt</predicate>
      <place>Yombu</place>
      <predplace>startedAt Yombu</predplace>
      <ts>2012-06-28T10:47:59Z</ts>
      <source>
        <name>USA Today</name>
        <ts>2021-07-18T13:45:13Z</ts>
        <createdBy>Lou Stockey</createdBy>
        <approvedBy>Cam Murden</approvedBy>
      </source>
    </activity>
    <activity>
      <predicate>transferredTo</predicate>
      <place>Twitterbeat</place>
      <predplace>transferredTo Twitterbeat</predplace>
      <ts>2013-05-21T12:37:16Z</ts>
      <source>
        <name>New York Times</name>
        <ts>2016-03-22T16:17:34Z</ts>
        <createdBy>Murielle Gehrts</createdBy>
        <approvedBy>Fabian Warr</approvedBy>
      </source>
    </activity>
    <activity>
      <predicate>startedAt</predicate>
      <place>Yacero</place>
      <predplace>startedAt Yacero</predplace>
      <ts>2015-04-27T01:12:16Z</ts>
      <source>
        <name>Chicago Tribune</name>
        <ts>2021-10-26T20:43:01Z</ts>
        <createdBy>Salem Stinson</createdBy>
        <approvedBy>Stavro Garard</approvedBy>
      </source>
    </activity>
    <activity>
      <predicate>movedTo</predicate>
      <place>Meemm</place>
      <predplace>movedTo Meemm</predplace>
      <ts>2014-09-01T08:13:56Z</ts>
      <source>
        <name>Los Angeles Times</name>
        <ts>2016-09-24T07:46:34Z</ts>
        <createdBy>Harwell Feasby</createdBy>
        <approvedBy>Judy Puckrin</approvedBy>
      </source>
    </activity>
  </activities>
  <actions>
    <action>
      <url>https://ask.com</url>
      <icon>faCog</icon>
    </action>
    <action>
      <url>http://purevolume.com</url>
      <icon>faCode</icon>
    </action>
    <action>
      <url>https://free.fr</url>
      <icon>faSync</icon>
    </action>
  </actions>
</person>