<?xml version="1.0" encoding="UTF-8" standalone="yes"?>
<person>
  <personId>10075</personId>
  <nameGroup>
    <givenname>
      <value>Babette</value>
    </givenname>
    <surname>
      <value>Winskill</value>
    </surname>
    <fullname>
      <classification>C</classification>
      <restricted>false</restricted>
      <value>Winskill Babette</value>
      <source>
        <name>USA Today</name>
        <ts>2014-07-04T19:32:31Z</ts>
      </source>
      <source>
        <name>Washington Post</name>
        <ts>2011-01-02T08:22:38Z</ts>
      </source>
      <source>
        <name>Wall Street Journal</name>
        <ts>2016-12-28T18:28:19Z</ts>
      </source>
    </fullname>
  </nameGroup>
  <emails>
    <email>
      <value>ofry0@sohu.com</value>
      <classification>S</classification>
      <restricted>false</restricted>
    </email>
    <email>
      <value>escourgie1@oracle.com</value>
      <classification>U</classification>
      <restricted>false</restricted>
    </email>
  </emails>
  <phone>502-316-6833</phone>
  <ssn>
    <value>274-64-5613</value>
    <classification>(S)</classification>
  </ssn>
  <images>
    <image>
      <url>https://cdn1.marklogic.com/wp-content/uploads/2021/05/IS-headshot.jpeg</url>
      <source>
        <name>New York Times</name>
        <ts>2016-05-28T15:06:52Z</ts>
        <uploadedBy>cpatershall0</uploadedBy>
      </source>
    </image>
  </images>
  <addresses>
    <address>
      <street>145 Parkside Hill</street>
      <city>Ogden</city>
      <state>UT</state>
      <postal>84403</postal>
      <country>United States</country>
      <latitude>41.1894</latitude>
      <longitude>-111.9489</longitude>
    </address>
  </addresses>
  <schools>
    <school>
      <country>United States</country>
      <name>Virginia Union University</name>
      <city>Oklahoma City</city>
      <state>OK</state>
      <postal>73129</postal>
      <latitude>35.4318343</latitude>
      <longitude>-97.4922407</longitude>
      <source>
        <name>USA Today</name>
        <ts>2021-06-07T09:02:36Z</ts>
      </source>
    </school>
    <school>
      <country>Mexico</country>
      <name>Universidad Veracruzana</name>
      <city>San Sebastian</city>
      <state>MEX</state>
      <postal>51950</postal>
      <latitude>19.782027</latitude>
      <longitude>-99.0598732</longitude>
      <source>
        <name>USA Today</name>
        <ts>2011-12-17T11:44:47Z</ts>
      </source>
      <source>
        <name>New York Times</name>
        <ts>2016-12-07T14:44:43Z</ts>
      </source>
    </school>
  </schools>
  <status>Inactive</status>
  <sources>
    <source>
      <name>Los Angeles Times</name>
      <ts>2016-02-19T21:43:14Z</ts>
    </source>
  </sources>
  <relations>
    <relation>
      <id>/person/10060.xml</id>
      <predicate>livesWith</predicate>
      <imageSrc>https://cdn1.marklogic.com/wp-content/uploads/2020/11/george-bloom-headshot-300x300-1.jpg</imageSrc>
      <fullname>Tremayne Sabine</fullname>
      <city>Lynchburg</city>
      <state>VA</state>
    </relation>
    <relation>
      <id>/person/10018.xml</id>
      <predicate>worksWith</predicate>
      <imageSrc>https://cdn1.marklogic.com/wp-content/uploads/2018/01/headshot_square_286x286.jpg</imageSrc>
      <fullname>Klaes Aubree</fullname>
      <city>Knoxville</city>
      <state>TN</state>
    </relation>
  </relations>
  <createdOn>
    <ts>2022-02-17T18:21:38Z</ts>
    <user>bwinskill22</user>
  </createdOn>
  <lastUpdated>
    <ts>2022-01-13T23:28:15Z</ts>
    <user>bwinskill22</user>
  </lastUpdated>
  <socials>
    <social>
      <site>twitter</site>
      <handle>lryall0</handle>
      <address>http://house.gov/sed/interdum/venenatis/turpis/enim.aspx</address>
    </social>
  </socials>
  <memberships>
    <membership>
      <list>list3</list>
      <important>true</important>
      <ts>2022-01-26</ts>
    </membership>
    <membership>
      <list>list4</list>
      <important>false</important>
      <ts>2022-02-04</ts>
    </membership>
    <membership>
      <list>list2</list>
      <important>false</important>
      <ts>2022-01-12</ts>
    </membership>
    <membership>
      <list>list1</list>
      <important>false</important>
      <ts>2022-01-23</ts>
    </membership>
  </memberships>
  <links>
    <link>
      <label>Quick View</label>
      <url>http://yahoo.com</url>
      <icon>faEye</icon>
    </link>
    <link>
      <label>Nomination History</label>
      <url>http://umn.edu</url>
      <icon>faMedal</icon>
    </link>
    <link>
      <label>Comments</label>
      <url>https://bravesites.com</url>
      <icon>faComments</icon>
    </link>
  </links>
  <activities>
    <activity>
      <predicate>movedTo</predicate>
      <place>Meezzy</place>
      <predplace>movedTo Meezzy</predplace>
      <ts>2014-07-04T10:42:05Z</ts>
      <source>
        <name>USA Today</name>
        <ts>2021-10-06T10:34:11Z</ts>
        <createdBy>Mirabel Vials</createdBy>
        <approvedBy>Amos Shafe</approvedBy>
      </source>
    </activity>
    <activity>
      <predicate>transferredTo</predicate>
      <place>Gabspot</place>
      <predplace>transferredTo Gabspot</predplace>
      <ts>2010-10-07T00:59:59Z</ts>
      <source>
        <name>New York Times</name>
        <ts>2018-11-17T01:46:09Z</ts>
        <createdBy>Fifi Wheeliker</createdBy>
        <approvedBy>Myrtice McQuillen</approvedBy>
      </source>
    </activity>
    <activity>
      <predicate>startedAt</predicate>
      <place>Eayo</place>
      <predplace>startedAt Eayo</predplace>
      <ts>2011-02-14T11:23:37Z</ts>
      <source>
        <name>Chicago Tribune</name>
        <ts>2018-08-31T01:10:45Z</ts>
        <createdBy>Joella Lloyd</createdBy>
        <approvedBy>Kevin Wetherald</approvedBy>
      </source>
    </activity>
    <activity>
      <predicate>startedAt</predicate>
      <place>Chatterpoint</place>
      <predplace>startedAt Chatterpoint</predplace>
      <ts>2015-10-15T18:16:05Z</ts>
      <source>
        <name>Los Angeles Times</name>
        <ts>2019-12-29T20:11:55Z</ts>
        <createdBy>Gaylene Troth</createdBy>
        <approvedBy>Janet Delicate</approvedBy>
      </source>
    </activity>
    <activity>
      <predicate>endedAt</predicate>
      <place>Avamm</place>
      <predplace>endedAt Avamm</predplace>
      <ts>2012-04-08T10:46:07Z</ts>
      <source>
        <name>Wall Street Journal</name>
        <ts>2020-08-29T15:24:21Z</ts>
        <createdBy>Rock Hatfull</createdBy>
        <approvedBy>Ailbert Netley</approvedBy>
      </source>
    </activity>
  </activities>
  <actions>
    <action>
      <url>https://businessinsider.com</url>
      <icon>faCog</icon>
    </action>
    <action>
      <url>https://cisco.com</url>
      <icon>faCode</icon>
    </action>
    <action>
      <url>http://tinyurl.com</url>
      <icon>faSync</icon>
    </action>
  </actions>
</person>