<?xml version="1.0" encoding="UTF-8" standalone="yes"?>
<person>
  <personId>10079</personId>
  <nameGroup>
    <givenname>
      <value>Zabrina</value>
    </givenname>
    <surname>
      <value>Ferson</value>
    </surname>
    <fullname>
      <classification>S</classification>
      <restricted>false</restricted>
      <value>Ferson Zabrina</value>
      <source>
        <name>Chicago Tribune</name>
        <ts>2017-08-27T20:00:53Z</ts>
      </source>
    </fullname>
  </nameGroup>
  <emails>
    <email>
      <value>srosenzwig0@imageshack.us</value>
      <classification>U</classification>
      <restricted>false</restricted>
    </email>
  </emails>
  <phone>314-186-0256</phone>
  <ssn>
    <value>237-28-5676</value>
    <classification>(S)</classification>
  </ssn>
  <images>
    <image>
      <url>https://cdn1.marklogic.com/wp-content/uploads/2018/02/trinh-lieu-profile.jpg</url>
      <source>
        <name>USA Today</name>
        <ts>2016-07-31T01:22:48Z</ts>
        <uploadedBy/>
      </source>
    </image>
    <image>
      <url>https://cdn1.marklogic.com/wp-content/uploads/2018/02/trinh-lieu-profile.jpg</url>
      <source>
        <name>Wall Street Journal</name>
        <ts>2016-04-18T04:17:48Z</ts>
        <uploadedBy>jvandenhoff0</uploadedBy>
      </source>
    </image>
    <image>
      <url>https://cdn1.marklogic.com/wp-content/uploads/2020/04/JamesKenwood-headshot-600x600-1.jpg</url>
      <source>
        <name>Wall Street Journal</name>
        <ts>2013-02-17T14:30:09Z</ts>
        <uploadedBy>kmoffett0</uploadedBy>
      </source>
    </image>
    <image>
      <url>https://cdn1.marklogic.com/wp-content/uploads/2021/02/1612313387205.jpeg</url>
      <source>
        <name>Washington Post</name>
        <ts>2020-09-06T04:06:50Z</ts>
        <uploadedBy>cswainger0</uploadedBy>
      </source>
    </image>
  </images>
  <addresses>
    <address>
      <street>31498 Hoffman Street</street>
      <city>Jamaica</city>
      <state>NY</state>
      <postal>11431</postal>
      <country>United States</country>
      <latitude>40.6869</latitude>
      <longitude>-73.8501</longitude>
    </address>
  </addresses>
  <schools>
    <school>
      <country>Canada</country>
      <name>University of Prince Edward Island</name>
      <city>Estevan</city>
      <state>SK</state>
      <postal>S4A</postal>
      <latitude>49.1472664</latitude>
      <longitude>-102.9866567</longitude>
      <source>
        <name>USA Today</name>
        <ts>2020-09-29T17:42:46Z</ts>
      </source>
    </school>
    <school>
      <country>Mexico</country>
      <name>Universidad Tecnologica de Nezahualcoyotl</name>
      <city>Revolucion</city>
      <state>VER</state>
      <postal>93610</postal>
      <latitude>19.4386048</latitude>
      <longitude>-99.1034242</longitude>
      <source>
        <name>USA Today</name>
        <ts>2016-11-20T01:17:02Z</ts>
      </source>
    </school>
  </schools>
  <status>Inactive</status>
  <sources>
    <source>
      <name>Chicago Tribune</name>
      <ts>2012-10-22T20:06:59Z</ts>
    </source>
  </sources>
  <relations>
    <relation>
      <id>/person/10093.xml</id>
      <predicate>relatedTo</predicate>
      <imageSrc>https://cdn1.marklogic.com/wp-content/uploads/2021/02/1612313387205.jpeg</imageSrc>
      <fullname>Glassman Nikki</fullname>
      <city>Marietta</city>
      <state>GA</state>
    </relation>
    <relation>
      <id>/person/10032.xml</id>
      <predicate>livesWith</predicate>
      <imageSrc>https://cdn1.marklogic.com/wp-content/uploads/2020/11/george-bloom-headshot-300x300-1.jpg</imageSrc>
      <fullname>Straine Barbi</fullname>
      <city>Little Rock</city>
      <state>AR</state>
    </relation>
    <relation>
      <id>/person/10073.xml</id>
      <predicate>relatedTo</predicate>
      <imageSrc>https://cdn1.marklogic.com/wp-content/uploads/2018/02/trinh-lieu-profile.jpg</imageSrc>
      <fullname>Drayson Shelia</fullname>
      <city>Lexington</city>
      <state>KY</state>
    </relation>
  </relations>
  <createdOn>
    <ts>2022-01-11T01:09:49Z</ts>
    <user>zferson26</user>
  </createdOn>
  <lastUpdated>
    <ts>2022-02-26T12:09:35Z</ts>
    <user>zferson26</user>
  </lastUpdated>
  <socials>
    <social>
      <site>linkedin</site>
      <handle>cbrosenius0</handle>
      <address>http://zdnet.com/venenatis/lacinia.png</address>
    </social>
  </socials>
  <memberships>
    <membership>
      <list>list1</list>
      <important>true</important>
      <ts>2022-01-01</ts>
    </membership>
    <membership>
      <list>list4</list>
      <important>false</important>
      <ts>2022-02-07</ts>
    </membership>
    <membership>
      <list>list5</list>
      <important>false</important>
      <ts>2022-01-23</ts>
    </membership>
    <membership>
      <list>list12</list>
      <important>true</important>
      <ts>2022-02-24</ts>
    </membership>
  </memberships>
  <links>
    <link>
      <label>Quick View</label>
      <url>http://youku.com</url>
      <icon>faEye</icon>
    </link>
    <link>
      <label>Nomination History</label>
      <url>http://exblog.jp</url>
      <icon>faMedal</icon>
    </link>
    <link>
      <label>Comments</label>
      <url>http://delicious.com</url>
      <icon>faComments</icon>
    </link>
  </links>
  <activities>
    <activity>
      <predicate>startedAt</predicate>
      <place>Brainsphere</place>
      <predplace>startedAt Brainsphere</predplace>
      <ts>2010-08-15T23:58:47Z</ts>
      <source>
        <name>USA Today</name>
        <ts>2022-02-18T06:54:44Z</ts>
        <createdBy>Bettine Archanbault</createdBy>
        <approvedBy>Rhea Clark</approvedBy>
      </source>
    </activity>
    <activity>
      <predicate>endedAt</predicate>
      <place>Eidel</place>
      <predplace>endedAt Eidel</predplace>
      <ts>2014-01-30T09:15:07Z</ts>
      <source>
        <name>New York Times</name>
        <ts>2018-02-18T17:23:18Z</ts>
        <createdBy>Tomas Braddock</createdBy>
        <approvedBy>Pinchas Daverin</approvedBy>
      </source>
    </activity>
    <activity>
      <predicate>endedAt</predicate>
      <place>Centimia</place>
      <predplace>endedAt Centimia</predplace>
      <ts>2012-04-14T10:44:10Z</ts>
      <source>
        <name>Chicago Tribune</name>
        <ts>2018-01-28T06:59:27Z</ts>
        <createdBy>Tarah Bygrave</createdBy>
        <approvedBy>Corbin Dwelly</approvedBy>
      </source>
    </activity>
    <activity>
      <predicate>endedAt</predicate>
      <place>Youspan</place>
      <predplace>endedAt Youspan</predplace>
      <ts>2010-04-12T16:32:00Z</ts>
      <source>
        <name>Los Angeles Times</name>
        <ts>2018-06-18T18:41:11Z</ts>
        <createdBy>Salomon Fullagar</createdBy>
        <approvedBy>Dory Leechman</approvedBy>
      </source>
    </activity>
    <activity>
      <predicate>endedAt</predicate>
      <place>Einti</place>
      <predplace>endedAt Einti</predplace>
      <ts>2013-06-27T11:53:36Z</ts>
      <source>
        <name>Wall Street Journal</name>
        <ts>2018-06-29T15:34:25Z</ts>
        <createdBy>Hildy Abramowitz</createdBy>
        <approvedBy>Bancroft Maydway</approvedBy>
      </source>
    </activity>
    <activity>
      <predicate>endedAt</predicate>
      <place>Aivee</place>
      <predplace>endedAt Aivee</predplace>
      <ts>2015-02-01T14:50:20Z</ts>
      <source>
        <name>Washington Post</name>
        <ts>2021-05-17T00:54:20Z</ts>
        <createdBy>Lemar Dufore</createdBy>
        <approvedBy>Minetta Hollier</approvedBy>
      </source>
    </activity>
    <activity>
      <predicate>movedTo</predicate>
      <place>Gevee</place>
      <predplace>movedTo Gevee</predplace>
      <ts>2014-08-04T22:41:10Z</ts>
      <source>
        <name>USA Today</name>
        <ts>2020-02-26T13:35:12Z</ts>
        <createdBy>Kean Guidotti</createdBy>
        <approvedBy>Diandra Casley</approvedBy>
      </source>
    </activity>
  </activities>
  <actions>
    <action>
      <url>http://behance.net</url>
      <icon>faCog</icon>
    </action>
    <action>
      <url>http://cisco.com</url>
      <icon>faCode</icon>
    </action>
    <action>
      <url>http://fotki.com</url>
      <icon>faSync</icon>
    </action>
  </actions>
</person>