<?xml version="1.0" encoding="UTF-8" standalone="yes"?>
<person>
  <personId>10072</personId>
  <nameGroup>
    <givenname>
      <value>Kirsti</value>
    </givenname>
    <surname>
      <value>Scouler</value>
    </surname>
    <fullname>
      <classification>U</classification>
      <restricted>false</restricted>
      <value>Scouler Kirsti</value>
      <source>
        <name>New York Times</name>
        <ts>2021-07-21T15:01:34Z</ts>
      </source>
    </fullname>
  </nameGroup>
  <emails>
    <email>
      <value>dralston0@macromedia.com</value>
      <classification>U</classification>
      <restricted>false</restricted>
    </email>
  </emails>
  <phone>921-394-9494</phone>
  <ssn>
    <value>694-78-0356</value>
    <classification>(S)</classification>
  </ssn>
  <images>
    <image>
      <url>https://cdn1.marklogic.com/wp-content/uploads/2018/01/Michael-Malgeri-MarkLogic.jpg</url>
      <source>
        <name>USA Today</name>
        <ts>2016-08-06T06:56:34Z</ts>
        <uploadedBy/>
      </source>
    </image>
    <image>
      <url>https://cdn1.marklogic.com/wp-content/uploads/2021/05/IS-headshot.jpeg</url>
      <source>
        <name>USA Today</name>
        <ts>2013-08-16T01:35:14Z</ts>
        <uploadedBy>hoswald0</uploadedBy>
      </source>
    </image>
    <image>
      <url>https://cdn1.marklogic.com/wp-content/uploads/2018/01/headshot_square_286x286.jpg</url>
      <source>
        <name>Chicago Tribune</name>
        <ts>2015-05-07T17:14:17Z</ts>
        <uploadedBy/>
      </source>
    </image>
    <image>
      <url>https://cdn1.marklogic.com/wp-content/uploads/2018/01/Alicia-Saia-MarkLogic1.jpg</url>
      <source>
        <name>Los Angeles Times</name>
        <ts>2017-02-22T08:47:04Z</ts>
        <uploadedBy>rminshall0</uploadedBy>
      </source>
    </image>
  </images>
  <addresses>
    <address>
      <street>332 Kinsman Center</street>
      <city>Topeka</city>
      <state>KS</state>
      <postal>66617</postal>
      <country>United States</country>
      <latitude>39.1271</latitude>
      <longitude>-95.6384</longitude>
    </address>
    <address>
      <street>8825 Russell Crossing</street>
      <city>Silver Spring</city>
      <state>MD</state>
      <postal>20910</postal>
      <country>United States</country>
      <latitude>38.9982</latitude>
      <longitude>-77.0338</longitude>
    </address>
    <address>
      <street>1 Evergreen Pass</street>
      <city>El Paso</city>
      <state>TX</state>
      <postal>88519</postal>
      <country>United States</country>
      <latitude>31.6948</latitude>
      <longitude>-106.3</longitude>
    </address>
  </addresses>
  <schools>
    <school>
      <country>United States</country>
      <name>Lesley University</name>
      <city>New York City</city>
      <state>NY</state>
      <postal>10131</postal>
      <latitude>40.7681987</latitude>
      <longitude>-73.9608428</longitude>
      <source>
        <name>USA Today</name>
        <ts>2019-09-02T19:41:15Z</ts>
      </source>
      <source>
        <name>New York Times</name>
        <ts>2017-02-03T17:48:45Z</ts>
      </source>
      <source>
        <name>Chicago Tribune</name>
        <ts>2013-09-24T06:23:40Z</ts>
      </source>
    </school>
    <school>
      <country>United States</country>
      <name>Prairie View Agricultural and Mechanical University</name>
      <city>Kansas City</city>
      <state>MO</state>
      <postal>64190</postal>
      <latitude>39.3035567</latitude>
      <longitude>-94.7195096</longitude>
      <source>
        <name>USA Today</name>
        <ts>2017-09-01T09:47:47Z</ts>
      </source>
      <source>
        <name>New York Times</name>
        <ts>2021-12-21T17:19:16Z</ts>
      </source>
    </school>
  </schools>
  <status>Active</status>
  <sources>
    <source>
      <name>New York Times</name>
      <ts>2014-08-22T05:13:08Z</ts>
    </source>
  </sources>
  <relations>
    <relation>
      <id>/person/10055.xml</id>
      <predicate>worksWith</predicate>
      <imageSrc>https://cdn1.marklogic.com/wp-content/uploads/2018/01/Michael-Malgeri-MarkLogic.jpg</imageSrc>
      <fullname>Alekhov Tasha</fullname>
      <city>Midland</city>
      <state>TX</state>
    </relation>
    <relation>
      <id>/person/10010.xml</id>
      <predicate>livesWith</predicate>
      <imageSrc>https://cdn1.marklogic.com/wp-content/uploads/2018/01/Alicia-Saia-MarkLogic1.jpg</imageSrc>
      <fullname>Shevell Gertruda</fullname>
      <city>Orlando</city>
      <state>FL</state>
    </relation>
    <relation>
      <id>/person/10061.xml</id>
      <predicate>livesWith</predicate>
      <imageSrc>https://cdn1.marklogic.com/wp-content/uploads/2018/01/Michael-Malgeri-MarkLogic.jpg</imageSrc>
      <fullname>Spellesy Ileane</fullname>
      <city>Washington</city>
      <state>DC</state>
    </relation>
    <relation>
      <id>/person/10079.xml</id>
      <predicate>worksWith</predicate>
      <imageSrc>https://cdn1.marklogic.com/wp-content/uploads/2018/02/trinh-lieu-profile.jpg</imageSrc>
      <fullname>Ferson Zabrina</fullname>
      <city>Jamaica</city>
      <state>NY</state>
    </relation>
  </relations>
  <createdOn>
    <ts>2022-02-27T00:11:06Z</ts>
    <user>kscouler1z</user>
  </createdOn>
  <lastUpdated>
    <ts>2022-01-15T04:15:49Z</ts>
    <user>kscouler1z</user>
  </lastUpdated>
  <socials>
    <social>
      <site>twitter</site>
      <handle>ltriggol0</handle>
      <address>https://posterous.com/nam/ultrices/libero/non/mattis/pulvinar.json</address>
    </social>
  </socials>
  <memberships/>
  <links>
    <link>
      <label>Quick View</label>
      <url>https://typepad.com</url>
      <icon>faEye</icon>
    </link>
    <link>
      <label>Nomination History</label>
      <url>http://sourceforge.net</url>
      <icon>faMedal</icon>
    </link>
    <link>
      <label>Comments</label>
      <url>http://google.es</url>
      <icon>faComments</icon>
    </link>
  </links>
  <activities>
    <activity>
      <predicate>startedAt</predicate>
      <place>Yombu</place>
      <predplace>startedAt Yombu</predplace>
      <ts>2015-08-19T23:53:44Z</ts>
      <source>
        <name>USA Today</name>
        <ts>2019-11-23T20:49:14Z</ts>
        <createdBy>Bibi Gurge</createdBy>
        <approvedBy>Cesaro Pentycost</approvedBy>
      </source>
    </activity>
    <activity>
      <predicate>endedAt</predicate>
      <place>Dynabox</place>
      <predplace>endedAt Dynabox</predplace>
      <ts>2014-10-12T22:44:36Z</ts>
      <source>
        <name>New York Times</name>
        <ts>2020-02-05T12:35:38Z</ts>
        <createdBy>Tisha Gaspar</createdBy>
        <approvedBy>Toby Mulqueen</approvedBy>
      </source>
    </activity>
    <activity>
      <predicate>transferredTo</predicate>
      <place>Eamia</place>
      <predplace>transferredTo Eamia</predplace>
      <ts>2010-10-09T12:32:55Z</ts>
      <source>
        <name>Chicago Tribune</name>
        <ts>2016-05-15T02:54:42Z</ts>
        <createdBy>Regine Robbel</createdBy>
        <approvedBy>Tamma Aberdeen</approvedBy>
      </source>
    </activity>
    <activity>
      <predicate>startedAt</predicate>
      <place>Devpulse</place>
      <predplace>startedAt Devpulse</predplace>
      <ts>2010-02-04T05:34:06Z</ts>
      <source>
        <name>Los Angeles Times</name>
        <ts>2018-05-03T09:33:02Z</ts>
        <createdBy>Letizia Spindler</createdBy>
        <approvedBy>Salmon Ector</approvedBy>
      </source>
    </activity>
    <activity>
      <predicate>startedAt</predicate>
      <place>Photobug</place>
      <predplace>startedAt Photobug</predplace>
      <ts>2011-06-30T09:14:03Z</ts>
      <source>
        <name>Wall Street Journal</name>
        <ts>2020-11-04T14:25:49Z</ts>
        <createdBy>Kale Ranyelld</createdBy>
        <approvedBy>Dee Ilyushkin</approvedBy>
      </source>
    </activity>
    <activity>
      <predicate>endedAt</predicate>
      <place>Yoveo</place>
      <predplace>endedAt Yoveo</predplace>
      <ts>2011-11-01T08:12:58Z</ts>
      <source>
        <name>Washington Post</name>
        <ts>2021-01-11T12:47:21Z</ts>
        <createdBy>Monte Northeast</createdBy>
        <approvedBy>Kathlin Trevaskiss</approvedBy>
      </source>
    </activity>
  </activities>
  <actions>
    <action>
      <url>https://wisc.edu</url>
      <icon>faCog</icon>
    </action>
    <action>
      <url>https://bloomberg.com</url>
      <icon>faCode</icon>
    </action>
    <action>
      <url>http://hostgator.com</url>
      <icon>faSync</icon>
    </action>
  </actions>
</person>