<?xml version="1.0" encoding="UTF-8" standalone="yes"?>
<person>
  <personId>10071</personId>
  <nameGroup>
    <givenname>
      <value>Ellynn</value>
    </givenname>
    <surname>
      <value>D'Ugo</value>
    </surname>
    <fullname>
      <classification>C</classification>
      <restricted>true</restricted>
      <value>D'Ugo Ellynn</value>
      <source>
        <name>USA Today</name>
        <ts>2010-12-25T00:53:34Z</ts>
      </source>
      <source>
        <name>Wall Street Journal</name>
        <ts>2018-12-30T20:30:34Z</ts>
      </source>
    </fullname>
  </nameGroup>
  <emails>
    <email>
      <value>ascriven0@plala.or.jp</value>
      <classification>C</classification>
      <restricted>false</restricted>
    </email>
    <email>
      <value>bsjostrom1@cloudflare.com</value>
      <classification>S</classification>
      <restricted>false</restricted>
    </email>
  </emails>
  <phone>510-424-2453</phone>
  <ssn>
    <value>854-17-1396</value>
    <classification>(S)</classification>
  </ssn>
  <images>
    <image>
      <url>https://cdn1.marklogic.com/wp-content/uploads/2018/02/trinh-lieu-profile.jpg</url>
      <source>
        <name>Chicago Tribune</name>
        <ts>2011-04-17T02:08:19Z</ts>
        <uploadedBy>mgroves0</uploadedBy>
      </source>
    </image>
  </images>
  <addresses>
    <address>
      <street>94 Mockingbird Alley</street>
      <city>Reno</city>
      <state>NV</state>
      <postal>89505</postal>
      <country>United States</country>
      <latitude>39.5224</latitude>
      <longitude>-119.8353</longitude>
    </address>
    <address>
      <street>86 Ridgeway Court</street>
      <city>Saint Louis</city>
      <state>MO</state>
      <postal>63150</postal>
      <country>United States</country>
      <latitude>38.6531</latitude>
      <longitude>-90.2435</longitude>
    </address>
  </addresses>
  <schools>
    <school>
      <country>United States</country>
      <name>John F. Kennedy University</name>
      <city>Memphis</city>
      <state>TN</state>
      <postal>38150</postal>
      <latitude>35.15</latitude>
      <longitude>-90.05</longitude>
      <source>
        <name>USA Today</name>
        <ts>2012-10-18T11:30:02Z</ts>
      </source>
    </school>
  </schools>
  <status>Inactive</status>
  <sources>
    <source>
      <name>Chicago Tribune</name>
      <ts>2011-03-07T07:24:23Z</ts>
    </source>
  </sources>
  <relations>
    <relation>
      <id>/person/10040.xml</id>
      <predicate>livesWith</predicate>
      <imageSrc>https://cdn1.marklogic.com/wp-content/uploads/2020/04/JamesKenwood-headshot-600x600-1.jpg</imageSrc>
      <fullname>Bushaway Seth</fullname>
      <city>Odessa</city>
      <state>TX</state>
    </relation>
    <relation>
      <id>/person/10018.xml</id>
      <predicate>worksWith</predicate>
      <imageSrc>https://cdn1.marklogic.com/wp-content/uploads/2018/01/headshot_square_286x286.jpg</imageSrc>
      <fullname>Klaes Aubree</fullname>
      <city>Knoxville</city>
      <state>TN</state>
    </relation>
  </relations>
  <createdOn>
    <ts>2022-02-06T13:23:50Z</ts>
    <user>edugo1y</user>
  </createdOn>
  <lastUpdated>
    <ts>2022-02-26T12:05:12Z</ts>
    <user>edugo1y</user>
  </lastUpdated>
  <socials/>
  <memberships>
    <membership>
      <list>list8</list>
      <important>false</important>
      <ts>2022-01-08</ts>
    </membership>
  </memberships>
  <links>
    <link>
      <label>Quick View</label>
      <url>https://cargocollective.com</url>
      <icon>faEye</icon>
    </link>
    <link>
      <label>Nomination History</label>
      <url>http://smh.com.au</url>
      <icon>faMedal</icon>
    </link>
    <link>
      <label>Comments</label>
      <url>http://theglobeandmail.com</url>
      <icon>faComments</icon>
    </link>
  </links>
  <activities>
    <activity>
      <predicate>endedAt</predicate>
      <place>Ailane</place>
      <predplace>endedAt Ailane</predplace>
      <ts>2013-06-10T13:16:14Z</ts>
      <source>
        <name>USA Today</name>
        <ts>2018-08-25T11:26:13Z</ts>
        <createdBy>Abbie Worpole</createdBy>
        <approvedBy>Northrop Toye</approvedBy>
      </source>
    </activity>
    <activity>
      <predicate>movedTo</predicate>
      <place>Blogspan</place>
      <predplace>movedTo Blogspan</predplace>
      <ts>2010-07-29T22:10:31Z</ts>
      <source>
        <name>New York Times</name>
        <ts>2017-01-08T15:33:07Z</ts>
        <createdBy>Orv Rebbeck</createdBy>
        <approvedBy>Torrance Lysaght</approvedBy>
      </source>
    </activity>
    <activity>
      <predicate>startedAt</predicate>
      <place>Izio</place>
      <predplace>startedAt Izio</predplace>
      <ts>2015-03-02T20:57:33Z</ts>
      <source>
        <name>Chicago Tribune</name>
        <ts>2018-01-23T16:33:22Z</ts>
        <createdBy>Tandy Giorgeschi</createdBy>
        <approvedBy>Wylma Hallums</approvedBy>
      </source>
    </activity>
    <activity>
      <predicate>startedAt</predicate>
      <place>Oyondu</place>
      <predplace>startedAt Oyondu</predplace>
      <ts>2015-07-27T20:02:24Z</ts>
      <source>
        <name>Los Angeles Times</name>
        <ts>2021-01-16T07:55:04Z</ts>
        <createdBy>Ulrikaumeko Espinas</createdBy>
        <approvedBy>Angus Jeannon</approvedBy>
      </source>
    </activity>
    <activity>
      <predicate>movedTo</predicate>
      <place>Dabfeed</place>
      <predplace>movedTo Dabfeed</predplace>
      <ts>2013-12-10T00:11:55Z</ts>
      <source>
        <name>Wall Street Journal</name>
        <ts>2017-02-18T16:03:05Z</ts>
        <createdBy>Kendra Ionesco</createdBy>
        <approvedBy>Karyl Brightwell</approvedBy>
      </source>
    </activity>
  </activities>
  <actions>
    <action>
      <url>https://qq.com</url>
      <icon>faCog</icon>
    </action>
    <action>
      <url>http://cargocollective.com</url>
      <icon>faCode</icon>
    </action>
    <action>
      <url>https://g.co</url>
      <icon>faSync</icon>
    </action>
  </actions>
</person>