<?xml version="1.0" encoding="UTF-8" standalone="yes"?>
<person>
  <personId>10075</personId>
  <nameGroup>
    <givenname>
      <value>Jillayne</value>
    </givenname>
    <surname>
      <value>Wortt</value>
    </surname>
    <fullname>
      <classification>U</classification>
      <restricted>false</restricted>
      <value>Wortt Jillayne</value>
      <source>
        <name>USA Today</name>
        <ts>2015-04-22T23:57:01Z</ts>
      </source>
      <source>
        <name>Washington Post</name>
        <ts>2017-10-13T08:50:17Z</ts>
      </source>
      <source>
        <name>Chicago Tribune</name>
        <ts>2018-05-03T23:19:08Z</ts>
      </source>
    </fullname>
  </nameGroup>
  <emails>
    <email>
      <value>hgogerty0@comsenz.com</value>
      <classification>C</classification>
      <restricted>false</restricted>
    </email>
    <email>
      <value>pchatteris1@answers.com</value>
      <classification>S</classification>
      <restricted>false</restricted>
    </email>
    <email>
      <value>fvanderhoog2@infoseek.co.jp</value>
      <classification>U</classification>
      <restricted>false</restricted>
    </email>
  </emails>
  <phone>445-209-3179</phone>
  <contacts>
    <contact>
      <type>phone</type>
      <value>179-969-2649</value>
    </contact>
    <contact>
      <type>phone</type>
      <value>110-446-2310</value>
    </contact>
    <contact>
      <type>email</type>
      <value>aprestland2@shutterfly.com</value>
    </contact>
  </contacts>
  <ssn>
    <value>176-89-7012</value>
    <classification>(S)</classification>
  </ssn>
  <images>
    <image>
      <url>https://cdn1.marklogic.com/wp-content/uploads/2020/04/JamesKenwood-headshot-600x600-1.jpg</url>
      <source>
        <name>Chicago Tribune</name>
        <ts>2013-10-25T11:51:27Z</ts>
        <uploadedBy>eweathers0</uploadedBy>
      </source>
    </image>
    <image>
      <url>https://cdn1.marklogic.com/wp-content/uploads/2020/04/JamesKenwood-headshot-600x600-1.jpg</url>
      <source>
        <name>New York Times</name>
        <ts>2021-08-28T10:45:35Z</ts>
        <uploadedBy>aforstall0</uploadedBy>
      </source>
    </image>
  </images>
  <addresses>
    <address>
      <street>800 Oxford Alley</street>
      <city>Denver</city>
      <state>CO</state>
      <postal>80204</postal>
      <country>United States</country>
      <latitude>39.734</latitude>
      <longitude>-105.0259</longitude>
    </address>
    <address>
      <street>093 Bayside Way</street>
      <city>Minneapolis</city>
      <state>MN</state>
      <postal>55417</postal>
      <country>United States</country>
      <latitude>44.9054</latitude>
      <longitude>-93.2361</longitude>
    </address>
    <address>
      <street>77354 Cambridge Street</street>
      <city>Des Moines</city>
      <state>IA</state>
      <postal>50305</postal>
      <country>United States</country>
      <latitude>41.6727</latitude>
      <longitude>-93.5722</longitude>
    </address>
  </addresses>
  <schools>
    <school>
      <country>Canada</country>
      <name>Brock University</name>
      <city>Montréal-Ouest</city>
      <state>QC</state>
      <postal>H5B</postal>
      <latitude>45.5080397</latitude>
      <longitude>-73.564543</longitude>
      <source>
        <name>USA Today</name>
        <ts>2013-01-11T10:55:53Z</ts>
      </source>
      <source>
        <name>New York Times</name>
        <ts>2018-11-03T07:11:44Z</ts>
      </source>
      <source>
        <name>Chicago Tribune</name>
        <ts>2012-12-05T12:58:28Z</ts>
      </source>
    </school>
  </schools>
  <status>Inactive</status>
  <sources>
    <source>
      <name>Los Angeles Times</name>
      <ts>2013-06-11T13:04:12Z</ts>
    </source>
  </sources>
  <sources>
    <source>
      <name>Washington Post</name>
      <ts>2020-09-28T11:23:57Z</ts>
    </source>
  </sources>
  <sources>
    <source>
      <name>Washington Post</name>
      <ts>2012-08-21T00:00:46Z</ts>
    </source>
  </sources>
  <relations>
    <relation>
      <id>/person/10011.xml</id>
      <predicate>livesWith</predicate>
      <imageSrc>https://cdn1.marklogic.com/wp-content/uploads/2021/07/chuck-hollis.jpeg</imageSrc>
      <fullname>Vaskin Nowell</fullname>
      <city>Monticello</city>
      <state>MN</state>
    </relation>
    <relation>
      <id>/person/10030.xml</id>
      <predicate>relatedTo</predicate>
      <imageSrc>https://cdn1.marklogic.com/wp-content/uploads/2018/01/Michael-Malgeri-MarkLogic.jpg</imageSrc>
      <fullname>Shann Knox</fullname>
      <city>El Paso</city>
      <state>TX</state>
    </relation>
    <relation>
      <id>/person/10071.xml</id>
      <predicate>worksWith</predicate>
      <imageSrc>https://cdn1.marklogic.com/wp-content/uploads/2020/11/george-bloom-headshot-300x300-1.jpg</imageSrc>
      <fullname>Beardsley Ira</fullname>
      <city>Atlanta</city>
      <state>GA</state>
    </relation>
    <relation>
      <id>/person/10036.xml</id>
      <predicate>worksWith</predicate>
      <imageSrc>https://cdn1.marklogic.com/wp-content/uploads/2018/01/headshot_square_286x286.jpg</imageSrc>
      <fullname>Dunn Clement</fullname>
      <city>Stamford</city>
      <state>CT</state>
    </relation>
    <relation>
      <id>/person/10023.xml</id>
      <predicate>worksWith</predicate>
      <imageSrc>https://cdn1.marklogic.com/wp-content/uploads/2021/02/1612313387205.jpeg</imageSrc>
      <fullname>Stanfield Philippa</fullname>
      <city>Madison</city>
      <state>WI</state>
    </relation>
  </relations>
  <createdOn>
    <ts>2022-02-13T18:03:47Z</ts>
    <user>jwortt22</user>
  </createdOn>
  <lastUpdated>
    <ts>2022-01-14T19:27:41Z</ts>
    <user>jwortt22</user>
  </lastUpdated>
  <socials>
    <social>
      <site>linkedin</site>
      <handle>nstayt0</handle>
      <address>https://dropbox.com/neque/aenean/auctor.aspx</address>
    </social>
    <social>
      <site>twitter</site>
      <handle>awatting1</handle>
      <address>http://loc.gov/in/hac/habitasse/platea/dictumst/maecenas/ut.xml</address>
    </social>
  </socials>
  <memberships>
    <membership>
      <list>list2</list>
      <important>true</important>
      <ts>2022-02-20</ts>
    </membership>
    <membership>
      <list>list7</list>
      <important>true</important>
      <ts>2022-01-16</ts>
    </membership>
  </memberships>
  <links>
    <link>
      <label>Quick View</label>
      <url>http://house.gov</url>
      <icon>faEye</icon>
    </link>
    <link>
      <label>Nomination History</label>
      <url>https://wsj.com</url>
      <icon>faMedal</icon>
    </link>
    <link>
      <label>Comments</label>
      <url>https://desdev.cn</url>
      <icon>faComments</icon>
    </link>
  </links>
  <activities>
    <activity>
      <predicate>transferredTo</predicate>
      <place>Demizz</place>
      <predplace>transferredTo Demizz</predplace>
      <ts>2019-07-16T10:00:35Z</ts>
      <source>
        <name>USA Today</name>
        <ts>2021-11-15T21:09:23Z</ts>
        <createdBy>Neddy Sooley</createdBy>
        <approvedBy>Jedidiah Shipway</approvedBy>
      </source>
    </activity>
    <activity>
      <predicate>transferredTo</predicate>
      <place>Yombu</place>
      <predplace>transferredTo Yombu</predplace>
      <ts>2013-01-26T01:28:06Z</ts>
      <source>
        <name>New York Times</name>
        <ts>2020-01-28T04:47:56Z</ts>
        <createdBy>Craggie Pes</createdBy>
        <approvedBy>Janos Tomsen</approvedBy>
      </source>
    </activity>
    <activity>
      <predicate>transferredTo</predicate>
      <place>Buzzbean</place>
      <predplace>transferredTo Buzzbean</predplace>
      <ts>2014-10-29T03:34:38Z</ts>
      <source>
        <name>Chicago Tribune</name>
        <ts>2020-08-15T14:23:20Z</ts>
        <createdBy>Joelly Towle</createdBy>
        <approvedBy>Chiarra McAlinden</approvedBy>
      </source>
    </activity>
    <activity>
      <predicate>endedAt</predicate>
      <place>Centimia</place>
      <predplace>endedAt Centimia</predplace>
      <ts>2017-09-22T00:23:43Z</ts>
      <source>
        <name>Los Angeles Times</name>
        <ts>2021-06-26T13:36:40Z</ts>
        <createdBy>Alex Marti</createdBy>
        <approvedBy>Gerri Forward</approvedBy>
      </source>
    </activity>
    <activity>
      <predicate>transferredTo</predicate>
      <place>Edgewire</place>
      <predplace>transferredTo Edgewire</predplace>
      <ts>2017-02-07T07:19:02Z</ts>
      <source>
        <name>Wall Street Journal</name>
        <ts>2020-04-07T13:35:46Z</ts>
        <createdBy>Lisha Cornilleau</createdBy>
        <approvedBy>Amye Dohmann</approvedBy>
      </source>
    </activity>
  </activities>
  <events>
    <event>
      <predicate>livedIn</predicate>
      <place>Yemen</place>
      <predplace>livedIn Yemen</predplace>
      <end>2018-09-24T09:12:35Z</end>
      <start>2014-07-29T03:40:23Z</start>
    </event>
  </events>
  <actions>
    <action>
      <url>https://photobucket.com</url>
      <icon>faCog</icon>
    </action>
    <action>
      <url>https://bigcartel.com</url>
      <icon>faCode</icon>
    </action>
    <action>
      <url>http://nih.gov</url>
      <icon>faSync</icon>
    </action>
  </actions>
</person>