<?xml version="1.0" encoding="UTF-8" standalone="yes"?>
<person>
  <personId>10074</personId>
  <nameGroup>
    <givenname>
      <value>Daniele</value>
    </givenname>
    <surname>
      <value>Dadd</value>
    </surname>
    <fullname>
      <classification>U</classification>
      <restricted>false</restricted>
      <value>Dadd Daniele</value>
      <source>
        <name>Los Angeles Times</name>
        <ts>2015-02-17T01:01:02Z</ts>
      </source>
      <source>
        <name>Washington Post</name>
        <ts>2012-08-28T04:56:26Z</ts>
      </source>
      <source>
        <name>Los Angeles Times</name>
        <ts>2016-05-01T13:34:12Z</ts>
      </source>
    </fullname>
  </nameGroup>
  <emails>
    <email>
      <value>ggrealey0@statcounter.com</value>
      <classification>S</classification>
      <restricted>false</restricted>
    </email>
    <email>
      <value>mnorkutt1@fda.gov</value>
      <classification>S</classification>
      <restricted>false</restricted>
    </email>
    <email>
      <value>lemblin2@paypal.com</value>
      <classification>U</classification>
      <restricted>false</restricted>
    </email>
  </emails>
  <phone>724-650-1569</phone>
  <ssn>
    <value>398-52-7413</value>
    <classification>(S)</classification>
  </ssn>
  <images>
    <image>
      <url>https://cdn1.marklogic.com/wp-content/uploads/2018/02/trinh-lieu-profile.jpg</url>
      <source>
        <name>New York Times</name>
        <ts>2018-02-24T12:26:14Z</ts>
        <uploadedBy>abohlje0</uploadedBy>
      </source>
    </image>
    <image>
      <url>https://cdn1.marklogic.com/wp-content/uploads/2021/07/chuck-hollis.jpeg</url>
      <source>
        <name>USA Today</name>
        <ts>2021-12-27T20:24:32Z</ts>
        <uploadedBy>fdematteis0</uploadedBy>
      </source>
    </image>
    <image>
      <url>https://cdn1.marklogic.com/wp-content/uploads/2020/04/JamesKenwood-headshot-600x600-1.jpg</url>
      <source>
        <name>Los Angeles Times</name>
        <ts>2014-01-04T10:35:28Z</ts>
        <uploadedBy>btussaine0</uploadedBy>
      </source>
    </image>
    <image>
      <url>https://cdn1.marklogic.com/wp-content/uploads/2021/05/IS-headshot.jpeg</url>
      <source>
        <name>Washington Post</name>
        <ts>2021-01-13T16:52:49Z</ts>
        <uploadedBy>mkyteley0</uploadedBy>
      </source>
    </image>
  </images>
  <addresses>
    <address>
      <street>690 Center Center</street>
      <city>Charlotte</city>
      <state>NC</state>
      <postal>28220</postal>
      <country>United States</country>
      <latitude>35.26</latitude>
      <longitude>-80.8042</longitude>
    </address>
  </addresses>
  <schools>
    <school>
      <country>Mexico</country>
      <name>Universidad Autónoma de Querétaro</name>
      <city>La Escondida</city>
      <state>NLE</state>
      <postal>64650</postal>
      <latitude>25.6798529</latitude>
      <longitude>-100.3622461</longitude>
      <source>
        <name>USA Today</name>
        <ts>2012-02-15T05:15:14Z</ts>
      </source>
    </school>
  </schools>
  <status>Inactive</status>
  <sources>
    <source>
      <name>Los Angeles Times</name>
      <ts>2015-03-31T09:24:54Z</ts>
    </source>
  </sources>
  <relations>
    <relation>
      <id>/person/10032.xml</id>
      <predicate>livesWith</predicate>
      <imageSrc>https://cdn1.marklogic.com/wp-content/uploads/2020/11/george-bloom-headshot-300x300-1.jpg</imageSrc>
      <fullname>Straine Barbi</fullname>
      <city>Little Rock</city>
      <state>AR</state>
    </relation>
    <relation>
      <id>/person/10020.xml</id>
      <predicate>livesWith</predicate>
      <imageSrc>https://cdn1.marklogic.com/wp-content/uploads/2018/01/Diane-Burley-MarkLogic-2015.jpg</imageSrc>
      <fullname>Ball Naomi</fullname>
      <city>Fort Collins</city>
      <state>CO</state>
    </relation>
    <relation>
      <id>/person/10096.xml</id>
      <predicate>relatedTo</predicate>
      <imageSrc>https://cdn1.marklogic.com/wp-content/uploads/2021/02/1612313387205.jpeg</imageSrc>
      <fullname>Rowden Franny</fullname>
      <city>Cincinnati</city>
      <state>OH</state>
    </relation>
  </relations>
  <createdOn>
    <ts>2022-01-11T01:04:25Z</ts>
    <user>ddadd21</user>
  </createdOn>
  <lastUpdated>
    <ts>2022-01-04T14:57:08Z</ts>
    <user>ddadd21</user>
  </lastUpdated>
  <socials>
    <social>
      <site>twitter</site>
      <handle>alabbe0</handle>
      <address>http://surveymonkey.com/quis.jpg</address>
    </social>
    <social>
      <site>facebook</site>
      <handle>kodooghaine1</handle>
      <address>http://house.gov/hac/habitasse.jsp</address>
    </social>
  </socials>
  <memberships>
    <membership>
      <list>list3</list>
      <important>false</important>
      <ts>2022-01-20</ts>
    </membership>
    <membership>
      <list>list1</list>
      <important>true</important>
      <ts>2022-01-14</ts>
    </membership>
    <membership>
      <list>list1</list>
      <important>false</important>
      <ts>2022-02-07</ts>
    </membership>
    <membership>
      <list>list4</list>
      <important>false</important>
      <ts>2022-01-22</ts>
    </membership>
    <membership>
      <list>list3</list>
      <important>false</important>
      <ts>2022-01-31</ts>
    </membership>
  </memberships>
  <links>
    <link>
      <label>Quick View</label>
      <url>http://timesonline.co.uk</url>
      <icon>faEye</icon>
    </link>
    <link>
      <label>Nomination History</label>
      <url>http://diigo.com</url>
      <icon>faMedal</icon>
    </link>
    <link>
      <label>Comments</label>
      <url>http://deliciousdays.com</url>
      <icon>faComments</icon>
    </link>
  </links>
  <activities>
    <activity>
      <predicate>startedAt</predicate>
      <place>Browsebug</place>
      <predplace>startedAt Browsebug</predplace>
      <ts>2013-12-13T14:09:38Z</ts>
      <source>
        <name>USA Today</name>
        <ts>2021-03-15T23:07:54Z</ts>
        <createdBy>Tadio Hampe</createdBy>
        <approvedBy>Clare Klaaasen</approvedBy>
      </source>
    </activity>
    <activity>
      <predicate>endedAt</predicate>
      <place>Brainverse</place>
      <predplace>endedAt Brainverse</predplace>
      <ts>2012-11-12T11:53:21Z</ts>
      <source>
        <name>New York Times</name>
        <ts>2020-03-08T02:57:04Z</ts>
        <createdBy>Roberta Padillo</createdBy>
        <approvedBy>Rebecca Hanstock</approvedBy>
      </source>
    </activity>
    <activity>
      <predicate>endedAt</predicate>
      <place>Jatri</place>
      <predplace>endedAt Jatri</predplace>
      <ts>2010-11-01T18:25:00Z</ts>
      <source>
        <name>Chicago Tribune</name>
        <ts>2019-02-06T05:17:56Z</ts>
        <createdBy>Mora Doddemeede</createdBy>
        <approvedBy>Giselle Zavattari</approvedBy>
      </source>
    </activity>
  </activities>
  <actions>
    <action>
      <url>https://slideshare.net</url>
      <icon>faCog</icon>
    </action>
    <action>
      <url>https://ifeng.com</url>
      <icon>faCode</icon>
    </action>
    <action>
      <url>http://dedecms.com</url>
      <icon>faSync</icon>
    </action>
  </actions>
</person>