<?xml version="1.0" encoding="UTF-8" standalone="yes"?>
<person>
  <personId>10072</personId>
  <nameGroup>
    <givenname>
      <value>Taryn</value>
    </givenname>
    <surname>
      <value>Falk</value>
    </surname>
    <fullname>
      <classification>S</classification>
      <restricted>false</restricted>
      <value>Falk Taryn</value>
      <source>
        <name>New York Times</name>
        <ts>2014-09-16T16:37:08Z</ts>
      </source>
    </fullname>
  </nameGroup>
  <emails>
    <email>
      <value>gblamire0@usnews.com</value>
      <classification>U</classification>
      <restricted>false</restricted>
    </email>
    <email>
      <value>wprover1@skyrock.com</value>
      <classification>C</classification>
      <restricted>false</restricted>
    </email>
  </emails>
  <phone>128-446-1654</phone>
  <contacts>
    <contact>
      <type>phone</type>
      <value>357-878-2479</value>
    </contact>
    <contact>
      <type>phone</type>
      <value>494-703-4743</value>
    </contact>
    <contact>
      <type>phone</type>
      <value>713-457-8333</value>
    </contact>
  </contacts>
  <ssn>
    <value>535-14-2007</value>
    <classification>(S)</classification>
  </ssn>
  <images>
    <image>
      <url>https://cdn1.marklogic.com/wp-content/uploads/2018/01/headshot_square_286x286.jpg</url>
      <source>
        <name>Wall Street Journal</name>
        <ts>2018-02-03T12:16:50Z</ts>
        <uploadedBy>hsharman0</uploadedBy>
      </source>
    </image>
    <image>
      <url>https://cdn1.marklogic.com/wp-content/uploads/2018/01/headshot_square_286x286.jpg</url>
      <source>
        <name>Chicago Tribune</name>
        <ts>2012-02-15T11:01:39Z</ts>
        <uploadedBy>chassekl0</uploadedBy>
      </source>
    </image>
  </images>
  <addresses>
    <address>
      <street>1 4th Avenue</street>
      <city>Baton Rouge</city>
      <state>LA</state>
      <postal>70820</postal>
      <country>United States</country>
      <latitude>30.3795</latitude>
      <longitude>-91.1671</longitude>
    </address>
    <address>
      <street>1551 Grover Point</street>
      <city>Shawnee Mission</city>
      <state>KS</state>
      <postal>66215</postal>
      <country>United States</country>
      <latitude>38.949</latitude>
      <longitude>-94.7405</longitude>
    </address>
  </addresses>
  <schools>
    <school>
      <country>United States</country>
      <name>State University of New York Upstate Medical University </name>
      <city>Chicago</city>
      <state>IL</state>
      <postal>60674</postal>
      <latitude>41.88</latitude>
      <longitude>-87.63</longitude>
      <source>
        <name>USA Today</name>
        <ts>2014-12-02T14:58:39Z</ts>
      </source>
      <source>
        <name>New York Times</name>
        <ts>2014-02-12T23:12:23Z</ts>
      </source>
    </school>
    <school>
      <country>United States</country>
      <name>Western Michigan University</name>
      <city>Seattle</city>
      <state>WA</state>
      <postal>98140</postal>
      <latitude>47.6025001</latitude>
      <longitude>-122.3385759</longitude>
      <source>
        <name>USA Today</name>
        <ts>2019-06-06T14:03:21Z</ts>
      </source>
    </school>
  </schools>
  <status>Inactive</status>
  <sources>
    <source>
      <name>Los Angeles Times</name>
      <ts>2011-03-04T13:28:27Z</ts>
    </source>
  </sources>
  <relations>
    <relation>
      <id>/person/10041.xml</id>
      <predicate>worksWith</predicate>
      <imageSrc>https://cdn1.marklogic.com/wp-content/uploads/2018/01/Diane-Burley-MarkLogic-2015.jpg</imageSrc>
      <fullname>Boatwright Kerwin</fullname>
      <city>Albuquerque</city>
      <state>NM</state>
    </relation>
    <relation>
      <id>/person/10051.xml</id>
      <predicate>worksWith</predicate>
      <imageSrc>https://cdn1.marklogic.com/wp-content/uploads/2020/04/JamesKenwood-headshot-600x600-1.jpg</imageSrc>
      <fullname>Truckell Meryl</fullname>
      <city>San Bernardino</city>
      <state>CA</state>
    </relation>
  </relations>
  <createdOn>
    <ts>2022-01-08T12:27:07Z</ts>
    <user>tfalk1z</user>
  </createdOn>
  <lastUpdated>
    <ts>2022-01-28T02:44:52Z</ts>
    <user>tfalk1z</user>
  </lastUpdated>
  <socials>
    <social>
      <site>twitter</site>
      <handle>rkneeshaw0</handle>
      <address>http://forbes.com/eget/rutrum/at/lorem/integer/tincidunt.html</address>
    </social>
    <social>
      <site>facebook</site>
      <handle>tavrahamoff1</handle>
      <address>http://freewebs.com/nisl.html</address>
    </social>
  </socials>
  <memberships>
    <membership>
      <list>list9</list>
      <important>false</important>
      <ts>2022-01-26</ts>
    </membership>
    <membership>
      <list>list10</list>
      <important>false</important>
      <ts>2022-02-21</ts>
    </membership>
    <membership>
      <list>list3</list>
      <important>false</important>
      <ts>2022-02-12</ts>
    </membership>
    <membership>
      <list>list9</list>
      <important>false</important>
      <ts>2022-01-08</ts>
    </membership>
    <membership>
      <list>list10</list>
      <important>false</important>
      <ts>2022-01-19</ts>
    </membership>
    <membership>
      <list>list5</list>
      <important>false</important>
      <ts>2022-01-07</ts>
    </membership>
  </memberships>
  <links>
    <link>
      <label>Quick View</label>
      <url>http://ca.gov</url>
      <icon>faEye</icon>
    </link>
    <link>
      <label>Nomination History</label>
      <url>http://com.com</url>
      <icon>faMedal</icon>
    </link>
    <link>
      <label>Comments</label>
      <url>http://oakley.com</url>
      <icon>faComments</icon>
    </link>
  </links>
  <activities>
    <activity>
      <predicate>transferredTo</predicate>
      <place>Cogilith</place>
      <predplace>transferredTo Cogilith</predplace>
      <ts>2017-01-01T03:40:21Z</ts>
      <source>
        <name>USA Today</name>
        <ts>2021-05-01T17:13:28Z</ts>
        <createdBy>Terri-jo Jeste</createdBy>
        <approvedBy>Sadye Roggieri</approvedBy>
      </source>
    </activity>
    <activity>
      <predicate>transferredTo</predicate>
      <place>Realfire</place>
      <predplace>transferredTo Realfire</predplace>
      <ts>2018-07-09T03:39:54Z</ts>
      <source>
        <name>New York Times</name>
        <ts>2020-02-16T12:41:12Z</ts>
        <createdBy>Fowler Flescher</createdBy>
        <approvedBy>Carlo Simecek</approvedBy>
      </source>
    </activity>
    <activity>
      <predicate>movedTo</predicate>
      <place>Kamba</place>
      <predplace>movedTo Kamba</predplace>
      <ts>2016-05-10T08:18:14Z</ts>
      <source>
        <name>Chicago Tribune</name>
        <ts>2021-09-23T13:57:55Z</ts>
        <createdBy>Zebadiah Tille</createdBy>
        <approvedBy>Viviyan Woolston</approvedBy>
      </source>
    </activity>
  </activities>
  <events>
    <event>
      <predicate>livedIn</predicate>
      <place>Indonesia</place>
      <predplace>livedIn Indonesia</predplace>
      <end>2018-06-12T06:46:35Z</end>
      <start>2015-06-30T20:03:28Z</start>
    </event>
  </events>
  <actions>
    <action>
      <url>https://odnoklassniki.ru</url>
      <icon>faCog</icon>
    </action>
    <action>
      <url>https://sbwire.com</url>
      <icon>faCode</icon>
    </action>
    <action>
      <url>http://tripadvisor.com</url>
      <icon>faSync</icon>
    </action>
  </actions>
</person>