<?xml version="1.0" encoding="UTF-8" standalone="yes"?>
<person>
  <personId>10073</personId>
  <nameGroup>
    <givenname>
      <value>Emiline</value>
    </givenname>
    <surname>
      <value>Iori</value>
    </surname>
    <fullname>
      <classification>C</classification>
      <restricted>false</restricted>
      <value>Iori Emiline</value>
      <source>
        <name>USA Today</name>
        <ts>2019-02-27T22:36:45Z</ts>
      </source>
    </fullname>
  </nameGroup>
  <emails>
    <email>
      <value>igowdie0@reference.com</value>
      <classification>S</classification>
      <restricted>false</restricted>
    </email>
    <email>
      <value>tdeetlof1@home.pl</value>
      <classification>S</classification>
      <restricted>false</restricted>
    </email>
    <email>
      <value>wkelston2@t.co</value>
      <classification>S</classification>
      <restricted>false</restricted>
    </email>
  </emails>
  <phone>845-806-4131</phone>
  <contacts>
    <contact>
      <type>email</type>
      <value>kmolden0@vkontakte.ru</value>
    </contact>
    <contact>
      <type>email</type>
      <value>gmckoy1@nydailynews.com</value>
    </contact>
    <contact>
      <type>email</type>
      <value>aritchley2@census.gov</value>
    </contact>
  </contacts>
  <ssn>
    <value>550-03-1243</value>
    <classification>(S)</classification>
  </ssn>
  <images>
    <image>
      <url>https://cdn1.marklogic.com/wp-content/uploads/2020/11/george-bloom-headshot-300x300-1.jpg</url>
      <source>
        <name>Wall Street Journal</name>
        <ts>2014-06-29T20:26:50Z</ts>
        <uploadedBy>amongenot0</uploadedBy>
      </source>
    </image>
  </images>
  <addresses>
    <address>
      <street>39 Main Crossing</street>
      <city>Montgomery</city>
      <state>AL</state>
      <postal>36119</postal>
      <country>United States</country>
      <latitude>32.2334</latitude>
      <longitude>-86.2085</longitude>
    </address>
  </addresses>
  <schools>
    <school>
      <country>Canada</country>
      <name>University of Toronto, Scarborough</name>
      <city>Charlemagne</city>
      <state>QC</state>
      <postal>J6V</postal>
      <latitude>45.7249153</latitude>
      <longitude>-73.4913241</longitude>
      <source>
        <name>USA Today</name>
        <ts>2011-03-12T19:08:55Z</ts>
      </source>
    </school>
  </schools>
  <status>Inactive</status>
  <sources>
    <source>
      <name>Washington Post</name>
      <ts>2017-02-27T21:46:54Z</ts>
    </source>
  </sources>
  <sources>
    <source>
      <name>Los Angeles Times</name>
      <ts>2017-02-14T11:17:48Z</ts>
    </source>
  </sources>
  <sources>
    <source>
      <name>New York Times</name>
      <ts>2020-01-17T03:03:47Z</ts>
    </source>
  </sources>
  <relations>
    <relation>
      <id>/person/10042.xml</id>
      <predicate>worksWith</predicate>
      <imageSrc>https://cdn1.marklogic.com/wp-content/uploads/2020/11/george-bloom-headshot-300x300-1.jpg</imageSrc>
      <fullname>Crinkley Guillemette</fullname>
      <city>New Orleans</city>
      <state>LA</state>
    </relation>
    <relation>
      <id>/person/10076.xml</id>
      <predicate>relatedTo</predicate>
      <imageSrc>https://cdn1.marklogic.com/wp-content/uploads/2018/01/Alicia-Saia-MarkLogic1.jpg</imageSrc>
      <fullname>Morfett Minnaminnie</fullname>
      <city>Colorado Springs</city>
      <state>CO</state>
    </relation>
  </relations>
  <createdOn>
    <ts>2022-02-27T14:28:00Z</ts>
    <user>eiori20</user>
  </createdOn>
  <lastUpdated>
    <ts>2022-02-14T10:23:07Z</ts>
    <user>eiori20</user>
  </lastUpdated>
  <socials>
    <social>
      <site>linkedin</site>
      <handle>fanthes0</handle>
      <address>https://webmd.com/sit.aspx</address>
    </social>
    <social>
      <site>linkedin</site>
      <handle>mponceford1</handle>
      <address>http://artisteer.com/nec/condimentum/neque/sapien.png</address>
    </social>
    <social>
      <site>linkedin</site>
      <handle>gbrenneke2</handle>
      <address>https://mlb.com/sed/vestibulum/sit/amet/cursus/id.html</address>
    </social>
  </socials>
  <memberships>
    <membership>
      <list>list11</list>
      <important>false</important>
      <ts>2022-01-04</ts>
    </membership>
  </memberships>
  <links>
    <link>
      <label>Quick View</label>
      <url>https://cargocollective.com</url>
      <icon>faEye</icon>
    </link>
    <link>
      <label>Nomination History</label>
      <url>http://icio.us</url>
      <icon>faMedal</icon>
    </link>
    <link>
      <label>Comments</label>
      <url>https://google.co.jp</url>
      <icon>faComments</icon>
    </link>
  </links>
  <activities>
    <activity>
      <predicate>endedAt</predicate>
      <place>Fivespan</place>
      <predplace>endedAt Fivespan</predplace>
      <ts>2017-05-28T01:53:24Z</ts>
      <source>
        <name>USA Today</name>
        <ts>2020-12-21T12:37:04Z</ts>
        <createdBy>Antoni Livingstone</createdBy>
        <approvedBy>Kinny Wardlaw</approvedBy>
      </source>
    </activity>
    <activity>
      <predicate>endedAt</predicate>
      <place>Einti</place>
      <predplace>endedAt Einti</predplace>
      <ts>2012-02-20T02:13:14Z</ts>
      <source>
        <name>New York Times</name>
        <ts>2020-04-24T14:51:51Z</ts>
        <createdBy>Levin Drewes</createdBy>
        <approvedBy>Glenine Worswick</approvedBy>
      </source>
    </activity>
    <activity>
      <predicate>movedTo</predicate>
      <place>Kazio</place>
      <predplace>movedTo Kazio</predplace>
      <ts>2013-12-28T12:14:28Z</ts>
      <source>
        <name>Chicago Tribune</name>
        <ts>2020-06-03T13:28:56Z</ts>
        <createdBy>Rafaelita Stanistrete</createdBy>
        <approvedBy>Toiboid Gillyett</approvedBy>
      </source>
    </activity>
  </activities>
  <events>
    <event>
      <predicate>servedIn</predicate>
      <place>China</place>
      <predplace>servedIn China</predplace>
      <end>2017-11-20T16:17:36Z</end>
      <start>2015-01-23T15:20:10Z</start>
    </event>
  </events>
  <actions>
    <action>
      <url>https://zimbio.com</url>
      <icon>faCog</icon>
    </action>
    <action>
      <url>https://posterous.com</url>
      <icon>faCode</icon>
    </action>
    <action>
      <url>http://taobao.com</url>
      <icon>faSync</icon>
    </action>
  </actions>
</person>