<?xml version="1.0" encoding="UTF-8" standalone="yes"?>
<person>
  <personId>10077</personId>
  <nameGroup>
    <givenname>
      <value>Ambur</value>
    </givenname>
    <surname>
      <value>Paike</value>
    </surname>
    <fullname>
      <classification>S</classification>
      <restricted>true</restricted>
      <value>Paike Ambur</value>
      <source>
        <name>New York Times</name>
        <ts>2019-08-08T09:32:57Z</ts>
      </source>
    </fullname>
  </nameGroup>
  <emails>
    <email>
      <value>vgibbeson0@1und1.de</value>
      <classification>U</classification>
      <restricted>false</restricted>
    </email>
  </emails>
  <phone>218-659-8686</phone>
  <contacts>
    <contact>
      <type>phone</type>
      <value>473-415-3198</value>
    </contact>
    <contact>
      <type>phone</type>
      <value>848-789-2155</value>
    </contact>
    <contact>
      <type>phone</type>
      <value>133-623-2453</value>
    </contact>
  </contacts>
  <ssn>
    <value>400-83-7802</value>
    <classification>(S)</classification>
  </ssn>
  <images>
    <image>
      <url>https://cdn1.marklogic.com/wp-content/uploads/2021/07/chuck-hollis.jpeg</url>
      <source>
        <name>USA Today</name>
        <ts>2021-11-23T18:30:16Z</ts>
        <uploadedBy>egrinnov0</uploadedBy>
      </source>
    </image>
    <image>
      <url>https://cdn1.marklogic.com/wp-content/uploads/2020/04/JamesKenwood-headshot-600x600-1.jpg</url>
      <source>
        <name>Chicago Tribune</name>
        <ts>2016-07-06T18:37:33Z</ts>
        <uploadedBy/>
      </source>
    </image>
    <image>
      <url>https://cdn1.marklogic.com/wp-content/uploads/2018/01/Alicia-Saia-MarkLogic1.jpg</url>
      <source>
        <name>Washington Post</name>
        <ts>2019-05-27T00:54:07Z</ts>
        <uploadedBy>krandle0</uploadedBy>
      </source>
    </image>
  </images>
  <addresses>
    <address>
      <street>7499 Sauthoff Court</street>
      <city>Hagerstown</city>
      <state>MD</state>
      <postal>21747</postal>
      <country>United States</country>
      <latitude>39.5207</latitude>
      <longitude>-77.9162</longitude>
    </address>
  </addresses>
  <schools>
    <school>
      <country>Canada</country>
      <name>St. Thomas University</name>
      <city>Bécancour</city>
      <state>QC</state>
      <postal>G9H</postal>
      <latitude>46.4005111</latitude>
      <longitude>-72.2690204</longitude>
      <source>
        <name>USA Today</name>
        <ts>2020-08-07T23:44:49Z</ts>
      </source>
    </school>
  </schools>
  <status>Inactive</status>
  <sources>
    <source>
      <name>New York Times</name>
      <ts>2020-09-24T20:59:57Z</ts>
    </source>
  </sources>
  <sources>
    <source>
      <name>Los Angeles Times</name>
      <ts>2018-10-04T17:16:21Z</ts>
    </source>
  </sources>
  <sources>
    <source>
      <name>New York Times</name>
      <ts>2018-04-13T20:21:27Z</ts>
    </source>
  </sources>
  <relations>
    <relation>
      <id>/person/10012.xml</id>
      <predicate>livesWith</predicate>
      <imageSrc>https://cdn1.marklogic.com/wp-content/uploads/2018/01/Alicia-Saia-MarkLogic1.jpg</imageSrc>
      <fullname>Kenny Angel</fullname>
      <city>Saint Paul</city>
      <state>MN</state>
    </relation>
    <relation>
      <id>/person/10021.xml</id>
      <predicate>worksWith</predicate>
      <imageSrc>https://cdn1.marklogic.com/wp-content/uploads/2018/01/headshot_square_286x286.jpg</imageSrc>
      <fullname>Tapscott Daniele</fullname>
      <city>Oklahoma City</city>
      <state>OK</state>
    </relation>
    <relation>
      <id>/person/10098.xml</id>
      <predicate>livesWith</predicate>
      <imageSrc>https://cdn1.marklogic.com/wp-content/uploads/2020/04/JamesKenwood-headshot-600x600-1.jpg</imageSrc>
      <fullname>McGeneay Genia</fullname>
      <city>Daytona Beach</city>
      <state>FL</state>
    </relation>
  </relations>
  <createdOn>
    <ts>2022-01-31T21:38:27Z</ts>
    <user>apaike24</user>
  </createdOn>
  <lastUpdated>
    <ts>2022-02-22T21:06:57Z</ts>
    <user>apaike24</user>
  </lastUpdated>
  <socials>
    <social>
      <site>twitter</site>
      <handle>agullberg0</handle>
      <address>https://ifeng.com/interdum/venenatis.aspx</address>
    </social>
    <social>
      <site>twitter</site>
      <handle>dlots1</handle>
      <address>https://bigcartel.com/in.xml</address>
    </social>
  </socials>
  <memberships>
    <membership>
      <list>list11</list>
      <important>false</important>
      <ts>2022-01-04</ts>
    </membership>
  </memberships>
  <links>
    <link>
      <label>Quick View</label>
      <url>https://disqus.com</url>
      <icon>faEye</icon>
    </link>
    <link>
      <label>Nomination History</label>
      <url>http://domainmarket.com</url>
      <icon>faMedal</icon>
    </link>
    <link>
      <label>Comments</label>
      <url>https://toplist.cz</url>
      <icon>faComments</icon>
    </link>
  </links>
  <activities>
    <activity>
      <predicate>transferredTo</predicate>
      <place>Teklist</place>
      <predplace>transferredTo Teklist</predplace>
      <ts>2015-05-29T11:10:03Z</ts>
      <source>
        <name>USA Today</name>
        <ts>2021-07-19T05:33:56Z</ts>
        <createdBy>Emelita Vango</createdBy>
        <approvedBy>Brita Rigbye</approvedBy>
      </source>
    </activity>
    <activity>
      <predicate>transferredTo</predicate>
      <place>Jabberstorm</place>
      <predplace>transferredTo Jabberstorm</predplace>
      <ts>2013-06-13T01:21:55Z</ts>
      <source>
        <name>New York Times</name>
        <ts>2021-12-19T18:20:55Z</ts>
        <createdBy>Channa Bonwick</createdBy>
        <approvedBy>Sheridan Majury</approvedBy>
      </source>
    </activity>
    <activity>
      <predicate>endedAt</predicate>
      <place>Meembee</place>
      <predplace>endedAt Meembee</predplace>
      <ts>2017-03-29T22:26:24Z</ts>
      <source>
        <name>Chicago Tribune</name>
        <ts>2020-11-20T12:08:26Z</ts>
        <createdBy>Cayla Herley</createdBy>
        <approvedBy>Valina Darkins</approvedBy>
      </source>
    </activity>
  </activities>
  <events>
    <event>
      <predicate>visited</predicate>
      <place>France</place>
      <predplace>visited France</predplace>
      <end>2018-06-26T03:34:30Z</end>
      <start>2015-11-19T21:25:31Z</start>
    </event>
  </events>
  <actions>
    <action>
      <url>https://pbs.org</url>
      <icon>faCog</icon>
    </action>
    <action>
      <url>http://dailymail.co.uk</url>
      <icon>faCode</icon>
    </action>
    <action>
      <url>https://craigslist.org</url>
      <icon>faSync</icon>
    </action>
  </actions>
</person>