<?xml version="1.0" encoding="UTF-8" standalone="yes"?>
<person>
  <personId>10076</personId>
  <nameGroup>
    <givenname>
      <value>Minnaminnie</value>
    </givenname>
    <surname>
      <value>Morfett</value>
    </surname>
    <fullname>
      <classification>S</classification>
      <restricted>true</restricted>
      <value>Morfett Minnaminnie</value>
      <source>
        <name>Washington Post</name>
        <ts>2020-10-03T17:18:37Z</ts>
      </source>
    </fullname>
  </nameGroup>
  <emails>
    <email>
      <value>fchaffe0@multiply.com</value>
      <classification>S</classification>
      <restricted>false</restricted>
    </email>
    <email>
      <value>ckippin1@symantec.com</value>
      <classification>U</classification>
      <restricted>false</restricted>
    </email>
  </emails>
  <phone>919-613-8403</phone>
  <contacts>
    <contact>
      <type>phone</type>
      <value>770-957-8038</value>
    </contact>
    <contact>
      <type>phone</type>
      <value>883-197-4129</value>
    </contact>
    <contact>
      <type>phone</type>
      <value>996-276-6803</value>
    </contact>
  </contacts>
  <ssn>
    <value>840-57-5775</value>
    <classification>(S)</classification>
  </ssn>
  <images>
    <image>
      <url>https://cdn1.marklogic.com/wp-content/uploads/2018/01/Alicia-Saia-MarkLogic1.jpg</url>
      <source>
        <name>Washington Post</name>
        <ts>2020-01-09T03:20:00Z</ts>
        <uploadedBy/>
      </source>
    </image>
    <image>
      <url>https://cdn1.marklogic.com/wp-content/uploads/2020/11/george-bloom-headshot-300x300-1.jpg</url>
      <source>
        <name>USA Today</name>
        <ts>2020-05-17T22:13:26Z</ts>
        <uploadedBy/>
      </source>
    </image>
    <image>
      <url>https://cdn1.marklogic.com/wp-content/uploads/2018/01/headshot_square_286x286.jpg</url>
      <source>
        <name>New York Times</name>
        <ts>2018-06-02T15:23:49Z</ts>
        <uploadedBy>pbessant0</uploadedBy>
      </source>
    </image>
  </images>
  <addresses>
    <address>
      <street>3 Maple Alley</street>
      <city>Colorado Springs</city>
      <state>CO</state>
      <postal>80925</postal>
      <country>United States</country>
      <latitude>38.7378</latitude>
      <longitude>-104.6459</longitude>
    </address>
    <address>
      <street>923 Rusk Plaza</street>
      <city>Biloxi</city>
      <state>MS</state>
      <postal>39534</postal>
      <country>United States</country>
      <latitude>30.4067</latitude>
      <longitude>-88.9211</longitude>
    </address>
    <address>
      <street>5833 Bultman Terrace</street>
      <city>Charlottesville</city>
      <state>VA</state>
      <postal>22908</postal>
      <country>United States</country>
      <latitude>38.0401</latitude>
      <longitude>-78.4851</longitude>
    </address>
  </addresses>
  <schools>
    <school>
      <country>United States</country>
      <name>Hilbert College</name>
      <city>Charlottesville</city>
      <state>VA</state>
      <postal>22908</postal>
      <latitude>38.031942</latitude>
      <longitude>-78.498585</longitude>
      <source>
        <name>USA Today</name>
        <ts>2021-06-25T13:52:20Z</ts>
      </source>
    </school>
    <school>
      <country>Mexico</country>
      <name>Universidad del Bajío</name>
      <city>Independencia</city>
      <state>OAX</state>
      <postal>70630</postal>
      <latitude>19.3803931</latitude>
      <longitude>-99.1476908</longitude>
      <source>
        <name>USA Today</name>
        <ts>2011-06-05T04:24:53Z</ts>
      </source>
    </school>
  </schools>
  <status>Active</status>
  <sources>
    <source>
      <name>New York Times</name>
      <ts>2020-03-23T03:03:54Z</ts>
    </source>
  </sources>
  <sources>
    <source>
      <name>Washington Post</name>
      <ts>2017-01-13T03:59:15Z</ts>
    </source>
  </sources>
  <relations>
    <relation>
      <id>/person/10043.xml</id>
      <predicate>worksWith</predicate>
      <imageSrc>https://cdn1.marklogic.com/wp-content/uploads/2018/02/trinh-lieu-profile.jpg</imageSrc>
      <fullname>Brodbin Maitilde</fullname>
      <city>Bradenton</city>
      <state>FL</state>
    </relation>
    <relation>
      <id>/person/10029.xml</id>
      <predicate>relatedTo</predicate>
      <imageSrc>https://cdn1.marklogic.com/wp-content/uploads/2021/02/1612313387205.jpeg</imageSrc>
      <fullname>Jozefiak Gianna</fullname>
      <city>Houston</city>
      <state>TX</state>
    </relation>
  </relations>
  <createdOn>
    <ts>2022-01-19T10:50:03Z</ts>
    <user>mmorfett23</user>
  </createdOn>
  <lastUpdated>
    <ts>2022-02-22T06:28:43Z</ts>
    <user>mmorfett23</user>
  </lastUpdated>
  <socials>
    <social>
      <site>twitter</site>
      <handle>acaves0</handle>
      <address>http://facebook.com/in/felis.aspx</address>
    </social>
    <social>
      <site>twitter</site>
      <handle>wmuckloe1</handle>
      <address>https://irs.gov/et/magnis/dis/parturient/montes/nascetur.jpg</address>
    </social>
    <social>
      <site>twitter</site>
      <handle>lbastard2</handle>
      <address>https://prweb.com/dictumst/morbi/vestibulum/velit.html</address>
    </social>
  </socials>
  <memberships>
    <membership>
      <list>list9</list>
      <important>true</important>
      <ts>2022-01-05</ts>
    </membership>
    <membership>
      <list>list6</list>
      <important>false</important>
      <ts>2022-01-07</ts>
    </membership>
    <membership>
      <list>list7</list>
      <important>false</important>
      <ts>2022-01-02</ts>
    </membership>
    <membership>
      <list>list12</list>
      <important>false</important>
      <ts>2022-02-25</ts>
    </membership>
  </memberships>
  <links>
    <link>
      <label>Quick View</label>
      <url>http://pbs.org</url>
      <icon>faEye</icon>
    </link>
    <link>
      <label>Nomination History</label>
      <url>https://slashdot.org</url>
      <icon>faMedal</icon>
    </link>
    <link>
      <label>Comments</label>
      <url>https://abc.net.au</url>
      <icon>faComments</icon>
    </link>
  </links>
  <activities>
    <activity>
      <predicate>endedAt</predicate>
      <place>Eare</place>
      <predplace>endedAt Eare</predplace>
      <ts>2019-01-30T07:15:16Z</ts>
      <source>
        <name>USA Today</name>
        <ts>2021-09-30T17:11:21Z</ts>
        <createdBy>Denna Leiden</createdBy>
        <approvedBy>Connie Doxey</approvedBy>
      </source>
    </activity>
    <activity>
      <predicate>transferredTo</predicate>
      <place>Jaxnation</place>
      <predplace>transferredTo Jaxnation</predplace>
      <ts>2019-09-28T06:31:27Z</ts>
      <source>
        <name>New York Times</name>
        <ts>2020-08-25T01:37:54Z</ts>
        <createdBy>Nonnah Scrowson</createdBy>
        <approvedBy>Tamas Edson</approvedBy>
      </source>
    </activity>
    <activity>
      <predicate>transferredTo</predicate>
      <place>Rhycero</place>
      <predplace>transferredTo Rhycero</predplace>
      <ts>2019-03-24T10:40:25Z</ts>
      <source>
        <name>Chicago Tribune</name>
        <ts>2021-08-26T11:39:26Z</ts>
        <createdBy>Anjanette Shepeard</createdBy>
        <approvedBy>Phip Martellini</approvedBy>
      </source>
    </activity>
  </activities>
  <events>
    <event>
      <predicate>visited</predicate>
      <place>South Africa</place>
      <predplace>visited South Africa</predplace>
      <end>2018-03-31T20:42:58Z</end>
      <start>2015-02-24T03:12:48Z</start>
    </event>
  </events>
  <actions>
    <action>
      <url>http://wikispaces.com</url>
      <icon>faCog</icon>
    </action>
    <action>
      <url>http://ted.com</url>
      <icon>faCode</icon>
    </action>
    <action>
      <url>https://infoseek.co.jp</url>
      <icon>faSync</icon>
    </action>
  </actions>
</person>