<?xml version="1.0" encoding="UTF-8" standalone="yes"?>
<person>
  <personId>10074</personId>
  <nameGroup>
    <givenname>
      <value>Linda</value>
    </givenname>
    <surname>
      <value>Lucchi</value>
    </surname>
    <fullname>
      <classification>C</classification>
      <restricted>false</restricted>
      <value>Lucchi Linda</value>
      <source>
        <name>Los Angeles Times</name>
        <ts>2013-10-28T20:00:13Z</ts>
      </source>
    </fullname>
  </nameGroup>
  <emails>
    <email>
      <value>jmaillard0@google.com.hk</value>
      <classification>U</classification>
      <restricted>false</restricted>
    </email>
    <email>
      <value>dpalmer1@sbwire.com</value>
      <classification>S</classification>
      <restricted>false</restricted>
    </email>
    <email>
      <value>aentwisle2@wikispaces.com</value>
      <classification>U</classification>
      <restricted>false</restricted>
    </email>
  </emails>
  <phone>234-803-0888</phone>
  <contacts>
    <contact>
      <type>phone</type>
      <value>664-335-3294</value>
    </contact>
    <contact>
      <type>email</type>
      <value>dtaile1@smugmug.com</value>
    </contact>
    <contact>
      <type>email</type>
      <value>kchristescu2@feedburner.com</value>
    </contact>
  </contacts>
  <ssn>
    <value>140-27-2071</value>
    <classification>(S)</classification>
  </ssn>
  <images>
    <image>
      <url>https://cdn1.marklogic.com/wp-content/uploads/2021/02/1612313387205.jpeg</url>
      <source>
        <name>Wall Street Journal</name>
        <ts>2011-08-20T08:54:34Z</ts>
        <uploadedBy>icastelyn0</uploadedBy>
      </source>
    </image>
    <image>
      <url>https://cdn1.marklogic.com/wp-content/uploads/2018/01/headshot_square_286x286.jpg</url>
      <source>
        <name>Wall Street Journal</name>
        <ts>2021-08-16T10:16:16Z</ts>
        <uploadedBy/>
      </source>
    </image>
  </images>
  <addresses>
    <address>
      <street>355 Oriole Point</street>
      <city>Portland</city>
      <state>OR</state>
      <postal>97221</postal>
      <country>United States</country>
      <latitude>45.4918</latitude>
      <longitude>-122.7267</longitude>
    </address>
    <address>
      <street>060 Northland Trail</street>
      <city>Las Vegas</city>
      <state>NV</state>
      <postal>89135</postal>
      <country>United States</country>
      <latitude>36.1378</latitude>
      <longitude>-115.3261</longitude>
    </address>
  </addresses>
  <schools>
    <school>
      <country>United States</country>
      <name>Carson-Newman College</name>
      <city>Wilmington</city>
      <state>NC</state>
      <postal>28410</postal>
      <latitude>34.14</latitude>
      <longitude>-77.92</longitude>
      <source>
        <name>USA Today</name>
        <ts>2012-07-19T06:41:44Z</ts>
      </source>
      <source>
        <name>New York Times</name>
        <ts>2015-04-18T01:49:57Z</ts>
      </source>
      <source>
        <name>Chicago Tribune</name>
        <ts>2014-12-09T06:43:03Z</ts>
      </source>
    </school>
  </schools>
  <status>Inactive</status>
  <sources>
    <source>
      <name>Chicago Tribune</name>
      <ts>2019-05-19T07:19:29Z</ts>
    </source>
  </sources>
  <sources>
    <source>
      <name>New York Times</name>
      <ts>2015-07-23T22:19:59Z</ts>
    </source>
  </sources>
  <relations>
    <relation>
      <id>/person/10050.xml</id>
      <predicate>livesWith</predicate>
      <imageSrc>https://cdn1.marklogic.com/wp-content/uploads/2020/04/JamesKenwood-headshot-600x600-1.jpg</imageSrc>
      <fullname>Millar Devi</fullname>
      <city>Portland</city>
      <state>OR</state>
    </relation>
    <relation>
      <id>/person/10015.xml</id>
      <predicate>livesWith</predicate>
      <imageSrc>https://cdn1.marklogic.com/wp-content/uploads/2020/04/JamesKenwood-headshot-600x600-1.jpg</imageSrc>
      <fullname>Worshall Missie</fullname>
      <city>London</city>
      <state>KY</state>
    </relation>
    <relation>
      <id>/person/10008.xml</id>
      <predicate>livesWith</predicate>
      <imageSrc>https://cdn1.marklogic.com/wp-content/uploads/2018/02/trinh-lieu-profile.jpg</imageSrc>
      <fullname>Dell Casa Laverna</fullname>
      <city>Lake Charles</city>
      <state>LA</state>
    </relation>
    <relation>
      <id>/person/10065.xml</id>
      <predicate>worksWith</predicate>
      <imageSrc>https://cdn1.marklogic.com/wp-content/uploads/2020/04/JamesKenwood-headshot-600x600-1.jpg</imageSrc>
      <fullname>Tembridge Brock</fullname>
      <city>San Jose</city>
      <state>CA</state>
    </relation>
    <relation>
      <id>/person/10012.xml</id>
      <predicate>relatedTo</predicate>
      <imageSrc>https://cdn1.marklogic.com/wp-content/uploads/2018/01/Alicia-Saia-MarkLogic1.jpg</imageSrc>
      <fullname>Kenny Angel</fullname>
      <city>Saint Paul</city>
      <state>MN</state>
    </relation>
  </relations>
  <createdOn>
    <ts>2022-02-05T23:48:42Z</ts>
    <user>llucchi21</user>
  </createdOn>
  <lastUpdated>
    <ts>2022-01-14T06:02:15Z</ts>
    <user>llucchi21</user>
  </lastUpdated>
  <socials/>
  <memberships>
    <membership>
      <list>list11</list>
      <important>true</important>
      <ts>2022-01-11</ts>
    </membership>
    <membership>
      <list>list3</list>
      <important>true</important>
      <ts>2022-01-26</ts>
    </membership>
    <membership>
      <list>list9</list>
      <important>false</important>
      <ts>2022-01-04</ts>
    </membership>
    <membership>
      <list>list4</list>
      <important>false</important>
      <ts>2022-02-15</ts>
    </membership>
    <membership>
      <list>list3</list>
      <important>true</important>
      <ts>2022-01-09</ts>
    </membership>
  </memberships>
  <links>
    <link>
      <label>Quick View</label>
      <url>http://feedburner.com</url>
      <icon>faEye</icon>
    </link>
    <link>
      <label>Nomination History</label>
      <url>http://sogou.com</url>
      <icon>faMedal</icon>
    </link>
    <link>
      <label>Comments</label>
      <url>http://github.io</url>
      <icon>faComments</icon>
    </link>
  </links>
  <activities>
    <activity>
      <predicate>endedAt</predicate>
      <place>Wikizz</place>
      <predplace>endedAt Wikizz</predplace>
      <ts>2014-12-14T04:24:49Z</ts>
      <source>
        <name>USA Today</name>
        <ts>2021-10-07T01:39:46Z</ts>
        <createdBy>Lucho Polle</createdBy>
        <approvedBy>Belicia Murfin</approvedBy>
      </source>
    </activity>
    <activity>
      <predicate>movedTo</predicate>
      <place>BlogXS</place>
      <predplace>movedTo BlogXS</predplace>
      <ts>2012-10-07T03:08:37Z</ts>
      <source>
        <name>New York Times</name>
        <ts>2021-09-12T13:43:28Z</ts>
        <createdBy>Riordan Leask</createdBy>
        <approvedBy>Zulema Stanlake</approvedBy>
      </source>
    </activity>
    <activity>
      <predicate>startedAt</predicate>
      <place>Meembee</place>
      <predplace>startedAt Meembee</predplace>
      <ts>2017-09-20T04:04:56Z</ts>
      <source>
        <name>Chicago Tribune</name>
        <ts>2020-08-05T14:15:25Z</ts>
        <createdBy>Elbertine Hayman</createdBy>
        <approvedBy>Celestia MacGorman</approvedBy>
      </source>
    </activity>
  </activities>
  <events>
    <event>
      <predicate>livedIn</predicate>
      <place>China</place>
      <predplace>livedIn China</predplace>
      <end>2018-09-01T14:04:40Z</end>
      <start>2014-10-31T11:59:25Z</start>
    </event>
  </events>
  <actions>
    <action>
      <url>http://hao123.com</url>
      <icon>faCog</icon>
    </action>
    <action>
      <url>http://imdb.com</url>
      <icon>faCode</icon>
    </action>
    <action>
      <url>http://free.fr</url>
      <icon>faSync</icon>
    </action>
  </actions>
</person>