<?xml version="1.0" encoding="UTF-8" standalone="yes"?>
<person>
  <personId>10073</personId>
  <nameGroup>
    <givenname>
      <value>Shelia</value>
    </givenname>
    <surname>
      <value>Drayson</value>
    </surname>
    <fullname>
      <classification>U</classification>
      <restricted>true</restricted>
      <value>Drayson Shelia</value>
      <source>
        <name>Chicago Tribune</name>
        <ts>2013-09-29T12:02:42Z</ts>
      </source>
    </fullname>
  </nameGroup>
  <emails>
    <email>
      <value>ghassent0@mozilla.org</value>
      <classification>C</classification>
      <restricted>false</restricted>
    </email>
    <email>
      <value>ndoy1@about.com</value>
      <classification>C</classification>
      <restricted>false</restricted>
    </email>
    <email>
      <value>hhug2@mapy.cz</value>
      <classification>C</classification>
      <restricted>false</restricted>
    </email>
  </emails>
  <phone>401-353-2902</phone>
  <ssn>
    <value>794-44-2661</value>
    <classification>(S)</classification>
  </ssn>
  <images>
    <image>
      <url>https://cdn1.marklogic.com/wp-content/uploads/2018/02/trinh-lieu-profile.jpg</url>
      <source>
        <name>Wall Street Journal</name>
        <ts>2018-05-21T15:56:57Z</ts>
        <uploadedBy>bmarchand0</uploadedBy>
      </source>
    </image>
    <image>
      <url>https://cdn1.marklogic.com/wp-content/uploads/2021/07/chuck-hollis.jpeg</url>
      <source>
        <name>Washington Post</name>
        <ts>2016-01-31T06:07:11Z</ts>
        <uploadedBy>bgoodley0</uploadedBy>
      </source>
    </image>
  </images>
  <addresses>
    <address>
      <street>52202 Di Loreto Terrace</street>
      <city>Lexington</city>
      <state>KY</state>
      <postal>40581</postal>
      <country>United States</country>
      <latitude>38.0283</latitude>
      <longitude>-84.4715</longitude>
    </address>
    <address>
      <street>8489 Browning Junction</street>
      <city>Oakland</city>
      <state>CA</state>
      <postal>94605</postal>
      <country>United States</country>
      <latitude>37.7641</latitude>
      <longitude>-122.1633</longitude>
    </address>
    <address>
      <street>24 Saint Paul Court</street>
      <city>Chicago</city>
      <state>IL</state>
      <postal>60646</postal>
      <country>United States</country>
      <latitude>41.993</latitude>
      <longitude>-87.7596</longitude>
    </address>
  </addresses>
  <schools>
    <school>
      <country>United States</country>
      <name>North Carolina Agricultural and Technical State University</name>
      <city>Norwalk</city>
      <state>CT</state>
      <postal>06854</postal>
      <latitude>41.0924881</latitude>
      <longitude>-73.4239143</longitude>
      <source>
        <name>USA Today</name>
        <ts>2016-08-27T14:50:22Z</ts>
      </source>
    </school>
  </schools>
  <status>Inactive</status>
  <sources>
    <source>
      <name>New York Times</name>
      <ts>2017-07-12T11:02:31Z</ts>
    </source>
  </sources>
  <sources>
    <source>
      <name>Los Angeles Times</name>
      <ts>2016-10-21T02:59:14Z</ts>
    </source>
  </sources>
  <sources>
    <source>
      <name>Los Angeles Times</name>
      <ts>2010-06-30T05:16:32Z</ts>
    </source>
  </sources>
  <relations>
    <relation>
      <id>/person/10008.xml</id>
      <predicate>worksWith</predicate>
      <imageSrc>https://cdn1.marklogic.com/wp-content/uploads/2018/01/Michael-Malgeri-MarkLogic.jpg</imageSrc>
      <fullname>Reiling Agustin</fullname>
      <city>Huntington</city>
      <state>WV</state>
    </relation>
    <relation>
      <id>/person/10025.xml</id>
      <predicate>relatedTo</predicate>
      <imageSrc>https://cdn1.marklogic.com/wp-content/uploads/2021/05/IS-headshot.jpeg</imageSrc>
      <fullname>Errol Suzanna</fullname>
      <city>Akron</city>
      <state>OH</state>
    </relation>
  </relations>
  <createdOn>
    <ts>2022-02-11T01:45:47Z</ts>
    <user>sdrayson20</user>
  </createdOn>
  <lastUpdated>
    <ts>2022-02-23T06:54:57Z</ts>
    <user>sdrayson20</user>
  </lastUpdated>
  <socials>
    <social>
      <site>twitter</site>
      <handle>mrentilll0</handle>
      <address>http://mozilla.com/diam/neque/vestibulum.png</address>
    </social>
    <social>
      <site>linkedin</site>
      <handle>cpridding1</handle>
      <address>http://gov.uk/quisque/porta/volutpat/erat/quisque/erat/eros.jsp</address>
    </social>
    <social>
      <site>linkedin</site>
      <handle>lbrouard2</handle>
      <address>https://latimes.com/proin/leo/odio/porttitor/id/consequat.jpg</address>
    </social>
  </socials>
  <memberships>
    <membership>
      <list>list7</list>
      <important>false</important>
      <ts>2022-02-17</ts>
    </membership>
    <membership>
      <list>list8</list>
      <important>false</important>
      <ts>2022-01-27</ts>
    </membership>
    <membership>
      <list>list4</list>
      <important>true</important>
      <ts>2022-02-25</ts>
    </membership>
    <membership>
      <list>list8</list>
      <important>false</important>
      <ts>2022-01-30</ts>
    </membership>
    <membership>
      <list>list6</list>
      <important>false</important>
      <ts>2022-01-31</ts>
    </membership>
    <membership>
      <list>list6</list>
      <important>false</important>
      <ts>2022-02-04</ts>
    </membership>
  </memberships>
  <links>
    <link>
      <label>Quick View</label>
      <url>https://xing.com</url>
      <icon>faEye</icon>
    </link>
    <link>
      <label>Nomination History</label>
      <url>http://myspace.com</url>
      <icon>faMedal</icon>
    </link>
    <link>
      <label>Comments</label>
      <url>http://com.com</url>
      <icon>faComments</icon>
    </link>
  </links>
  <activities>
    <activity>
      <predicate>startedAt</predicate>
      <place>Dynazzy</place>
      <predplace>startedAt Dynazzy</predplace>
      <ts>2013-11-11T02:17:53Z</ts>
      <source>
        <name>USA Today</name>
        <ts>2021-06-15T05:48:10Z</ts>
        <createdBy>Antons Togher</createdBy>
        <approvedBy>Mona Stucke</approvedBy>
      </source>
    </activity>
    <activity>
      <predicate>startedAt</predicate>
      <place>Photobug</place>
      <predplace>startedAt Photobug</predplace>
      <ts>2010-12-13T20:31:02Z</ts>
      <source>
        <name>New York Times</name>
        <ts>2018-04-27T18:47:59Z</ts>
        <createdBy>Georgiana Blabie</createdBy>
        <approvedBy>Cobby Bonus</approvedBy>
      </source>
    </activity>
    <activity>
      <predicate>startedAt</predicate>
      <place>Skyba</place>
      <predplace>startedAt Skyba</predplace>
      <ts>2015-05-21T06:44:26Z</ts>
      <source>
        <name>Chicago Tribune</name>
        <ts>2020-06-18T00:04:29Z</ts>
        <createdBy>Saundra Traill</createdBy>
        <approvedBy>Clementius Chesters</approvedBy>
      </source>
    </activity>
  </activities>
  <actions>
    <action>
      <url>https://dell.com</url>
      <icon>faCog</icon>
    </action>
    <action>
      <url>http://sphinn.com</url>
      <icon>faCode</icon>
    </action>
    <action>
      <url>https://jugem.jp</url>
      <icon>faSync</icon>
    </action>
  </actions>
</person>