<?xml version="1.0" encoding="UTF-8" standalone="yes"?>
<person>
  <personId>10077</personId>
  <nameGroup>
    <givenname>
      <value>Trudy</value>
    </givenname>
    <surname>
      <value>Oliff</value>
    </surname>
    <fullname>
      <classification>S</classification>
      <restricted>true</restricted>
      <value>Oliff Trudy</value>
      <source>
        <name>Wall Street Journal</name>
        <ts>2018-10-19T10:26:38Z</ts>
      </source>
      <source>
        <name>USA Today</name>
        <ts>2021-12-07T00:44:04Z</ts>
      </source>
      <source>
        <name>USA Today</name>
        <ts>2017-05-07T12:05:48Z</ts>
      </source>
    </fullname>
  </nameGroup>
  <emails>
    <email>
      <value>dpilmoor0@auda.org.au</value>
      <classification>U</classification>
      <restricted>false</restricted>
    </email>
    <email>
      <value>bblackman1@freewebs.com</value>
      <classification>U</classification>
      <restricted>false</restricted>
    </email>
    <email>
      <value>jcolafate2@statcounter.com</value>
      <classification>S</classification>
      <restricted>false</restricted>
    </email>
  </emails>
  <phone>729-586-1381</phone>
  <ssn>
    <value>112-87-6832</value>
    <classification>(S)</classification>
  </ssn>
  <images>
    <image>
      <url>https://cdn1.marklogic.com/wp-content/uploads/2021/02/1612313387205.jpeg</url>
      <source>
        <name>Washington Post</name>
        <ts>2017-06-19T11:06:07Z</ts>
        <uploadedBy>lmcgeachey0</uploadedBy>
      </source>
    </image>
    <image>
      <url>https://cdn1.marklogic.com/wp-content/uploads/2021/07/chuck-hollis.jpeg</url>
      <source>
        <name>Washington Post</name>
        <ts>2020-10-27T05:07:52Z</ts>
        <uploadedBy/>
      </source>
    </image>
  </images>
  <addresses>
    <address>
      <street>8521 Lotheville Pass</street>
      <city>Helena</city>
      <state>MT</state>
      <postal>59623</postal>
      <country>United States</country>
      <latitude>46.5901</latitude>
      <longitude>-112.0402</longitude>
    </address>
    <address>
      <street>18833 Ramsey Center</street>
      <city>Glendale</city>
      <state>CA</state>
      <postal>91205</postal>
      <country>United States</country>
      <latitude>34.1378</latitude>
      <longitude>-118.2424</longitude>
    </address>
  </addresses>
  <schools>
    <school>
      <country>United States</country>
      <name>Lenoir-Rhyne College</name>
      <city>Tampa</city>
      <state>FL</state>
      <postal>33673</postal>
      <latitude>27.9943858</latitude>
      <longitude>-82.459481</longitude>
      <source>
        <name>USA Today</name>
        <ts>2013-04-06T05:57:12Z</ts>
      </source>
      <source>
        <name>New York Times</name>
        <ts>2017-10-05T00:04:47Z</ts>
      </source>
      <source>
        <name>Chicago Tribune</name>
        <ts>2018-12-20T23:33:19Z</ts>
      </source>
    </school>
  </schools>
  <status>Inactive</status>
  <sources>
    <source>
      <name>Washington Post</name>
      <ts>2016-09-10T07:20:28Z</ts>
    </source>
  </sources>
  <sources>
    <source>
      <name>Los Angeles Times</name>
      <ts>2017-01-20T20:56:11Z</ts>
    </source>
  </sources>
  <sources>
    <source>
      <name>Washington Post</name>
      <ts>2010-03-03T19:51:51Z</ts>
    </source>
  </sources>
  <relations>
    <relation>
      <id>/person/10001.xml</id>
      <predicate>livesWith</predicate>
      <imageSrc>https://cdn1.marklogic.com/wp-content/uploads/2020/04/JamesKenwood-headshot-600x600-1.jpg</imageSrc>
      <fullname>Goodband Hermia</fullname>
      <city>Valdosta</city>
      <state>GA</state>
    </relation>
    <relation>
      <id>/person/10042.xml</id>
      <predicate>livesWith</predicate>
      <imageSrc>https://cdn1.marklogic.com/wp-content/uploads/2020/04/JamesKenwood-headshot-600x600-1.jpg</imageSrc>
      <fullname>Harken Camile</fullname>
      <city>Springfield</city>
      <state>MO</state>
    </relation>
    <relation>
      <id>/person/10041.xml</id>
      <predicate>relatedTo</predicate>
      <imageSrc>https://cdn1.marklogic.com/wp-content/uploads/2021/02/1612313387205.jpeg</imageSrc>
      <fullname>Breward Cari</fullname>
      <city>Dallas</city>
      <state>TX</state>
    </relation>
  </relations>
  <createdOn>
    <ts>2022-01-13T12:16:52Z</ts>
    <user>toliff24</user>
  </createdOn>
  <lastUpdated>
    <ts>2022-01-02T16:18:37Z</ts>
    <user>toliff24</user>
  </lastUpdated>
  <socials>
    <social>
      <site>linkedin</site>
      <handle>msprankling0</handle>
      <address>https://yelp.com/mattis/egestas/metus/aenean.jpg</address>
    </social>
    <social>
      <site>twitter</site>
      <handle>spohl1</handle>
      <address>http://vimeo.com/ac/nulla/sed/vel.xml</address>
    </social>
    <social>
      <site>twitter</site>
      <handle>cstucksbury2</handle>
      <address>http://oaic.gov.au/iaculis/justo/in/hac/habitasse/platea/dictumst.aspx</address>
    </social>
  </socials>
  <memberships>
    <membership>
      <list>list2</list>
      <important>true</important>
      <ts>2022-01-05</ts>
    </membership>
    <membership>
      <list>list2</list>
      <important>true</important>
      <ts>2022-02-01</ts>
    </membership>
    <membership>
      <list>list1</list>
      <important>false</important>
      <ts>2022-02-09</ts>
    </membership>
    <membership>
      <list>list4</list>
      <important>false</important>
      <ts>2022-02-07</ts>
    </membership>
    <membership>
      <list>list7</list>
      <important>false</important>
      <ts>2022-01-12</ts>
    </membership>
    <membership>
      <list>list11</list>
      <important>true</important>
      <ts>2022-01-28</ts>
    </membership>
  </memberships>
  <links>
    <link>
      <label>Quick View</label>
      <url>https://cbsnews.com</url>
      <icon>faEye</icon>
    </link>
    <link>
      <label>Nomination History</label>
      <url>https://yellowpages.com</url>
      <icon>faMedal</icon>
    </link>
    <link>
      <label>Comments</label>
      <url>https://creativecommons.org</url>
      <icon>faComments</icon>
    </link>
  </links>
  <activities>
    <activity>
      <predicate>endedAt</predicate>
      <place>Voonyx</place>
      <predplace>endedAt Voonyx</predplace>
      <ts>2013-02-01T11:49:09Z</ts>
      <source>
        <name>USA Today</name>
        <ts>2019-03-30T04:08:56Z</ts>
        <createdBy>Meris Hedgecock</createdBy>
        <approvedBy>Carlynn Kruszelnicki</approvedBy>
      </source>
    </activity>
    <activity>
      <predicate>endedAt</predicate>
      <place>Jabbersphere</place>
      <predplace>endedAt Jabbersphere</predplace>
      <ts>2012-12-31T11:15:38Z</ts>
      <source>
        <name>New York Times</name>
        <ts>2018-03-19T15:52:42Z</ts>
        <createdBy>Alonzo Couttes</createdBy>
        <approvedBy>Yancy Skellington</approvedBy>
      </source>
    </activity>
    <activity>
      <predicate>movedTo</predicate>
      <place>Pixonyx</place>
      <predplace>movedTo Pixonyx</predplace>
      <ts>2014-09-13T19:42:10Z</ts>
      <source>
        <name>Chicago Tribune</name>
        <ts>2016-01-22T13:43:47Z</ts>
        <createdBy>Rheba Posselwhite</createdBy>
        <approvedBy>Paulina Comford</approvedBy>
      </source>
    </activity>
    <activity>
      <predicate>endedAt</predicate>
      <place>Tagpad</place>
      <predplace>endedAt Tagpad</predplace>
      <ts>2012-08-14T23:39:28Z</ts>
      <source>
        <name>Los Angeles Times</name>
        <ts>2017-08-14T03:27:09Z</ts>
        <createdBy>Anny Ferriere</createdBy>
        <approvedBy>Maurise Hazlewood</approvedBy>
      </source>
    </activity>
    <activity>
      <predicate>movedTo</predicate>
      <place>Vidoo</place>
      <predplace>movedTo Vidoo</predplace>
      <ts>2012-02-17T23:26:45Z</ts>
      <source>
        <name>Wall Street Journal</name>
        <ts>2020-03-31T12:08:10Z</ts>
        <createdBy>Frannie Shemmans</createdBy>
        <approvedBy>Prudence Bassford</approvedBy>
      </source>
    </activity>
    <activity>
      <predicate>transferredTo</predicate>
      <place>Oyoloo</place>
      <predplace>transferredTo Oyoloo</predplace>
      <ts>2011-10-27T18:12:17Z</ts>
      <source>
        <name>Washington Post</name>
        <ts>2020-08-31T12:34:22Z</ts>
        <createdBy>Maxie Bugby</createdBy>
        <approvedBy>Giraud Yarnall</approvedBy>
      </source>
    </activity>
    <activity>
      <predicate>transferredTo</predicate>
      <place>Buzzster</place>
      <predplace>transferredTo Buzzster</predplace>
      <ts>2011-10-11T00:52:39Z</ts>
      <source>
        <name>USA Today</name>
        <ts>2020-04-05T12:47:55Z</ts>
        <createdBy>Minetta McEttigen</createdBy>
        <approvedBy>Jim Van Daalen</approvedBy>
      </source>
    </activity>
  </activities>
  <actions>
    <action>
      <url>https://independent.co.uk</url>
      <icon>faCog</icon>
    </action>
    <action>
      <url>https://ifeng.com</url>
      <icon>faCode</icon>
    </action>
    <action>
      <url>http://g.co</url>
      <icon>faSync</icon>
    </action>
  </actions>
</person>