<?xml version="1.0" encoding="UTF-8" standalone="yes"?>
<person>
  <personId>10078</personId>
  <nameGroup>
    <givenname>
      <value>Kip</value>
    </givenname>
    <surname>
      <value>Petras</value>
    </surname>
    <fullname>
      <classification>U</classification>
      <restricted>true</restricted>
      <value>Petras Kip</value>
      <source>
        <name>Los Angeles Times</name>
        <ts>2010-04-10T01:27:32Z</ts>
      </source>
      <source>
        <name>New York Times</name>
        <ts>2021-06-16T04:48:23Z</ts>
      </source>
    </fullname>
  </nameGroup>
  <emails>
    <email>
      <value>hmacaskie0@sitemeter.com</value>
      <classification>C</classification>
      <restricted>false</restricted>
    </email>
  </emails>
  <phone>508-472-2130</phone>
  <contacts>
    <contact>
      <type>phone</type>
      <value>823-560-6029</value>
    </contact>
    <contact>
      <type>phone</type>
      <value>382-376-9183</value>
    </contact>
    <contact>
      <type>phone</type>
      <value>326-319-0255</value>
    </contact>
  </contacts>
  <ssn>
    <value>322-15-3558</value>
    <classification>(S)</classification>
  </ssn>
  <images>
    <image>
      <url>https://cdn1.marklogic.com/wp-content/uploads/2018/01/Diane-Burley-MarkLogic-2015.jpg</url>
      <source>
        <name>Chicago Tribune</name>
        <ts>2011-04-02T04:24:49Z</ts>
        <uploadedBy>aocorrane0</uploadedBy>
      </source>
    </image>
  </images>
  <addresses>
    <address>
      <street>1976 Dryden Pass</street>
      <city>Omaha</city>
      <state>NE</state>
      <postal>68164</postal>
      <country>United States</country>
      <latitude>41.2955</latitude>
      <longitude>-96.1008</longitude>
    </address>
    <address>
      <street>6 Oakridge Alley</street>
      <city>Dallas</city>
      <state>TX</state>
      <postal>75387</postal>
      <country>United States</country>
      <latitude>32.7673</latitude>
      <longitude>-96.7776</longitude>
    </address>
    <address>
      <street>5 Dorton Pass</street>
      <city>Irvine</city>
      <state>CA</state>
      <postal>92717</postal>
      <country>United States</country>
      <latitude>33.6462</latitude>
      <longitude>-117.8398</longitude>
    </address>
  </addresses>
  <schools>
    <school>
      <country>Mexico</country>
      <name>Universidad Pedagógica Nacional, Unidad León</name>
      <city>Independencia</city>
      <state>VER</state>
      <postal>91891</postal>
      <latitude>19.3803931</latitude>
      <longitude>-99.1476908</longitude>
      <source>
        <name>USA Today</name>
        <ts>2021-01-11T07:15:02Z</ts>
      </source>
    </school>
  </schools>
  <status>Active</status>
  <sources>
    <source>
      <name>USA Today</name>
      <ts>2014-06-26T15:56:09Z</ts>
    </source>
  </sources>
  <sources>
    <source>
      <name>Washington Post</name>
      <ts>2015-10-09T11:13:45Z</ts>
    </source>
  </sources>
  <sources>
    <source>
      <name>Wall Street Journal</name>
      <ts>2011-05-27T01:56:29Z</ts>
    </source>
  </sources>
  <relations>
    <relation>
      <id>/person/10067.xml</id>
      <predicate>worksWith</predicate>
      <imageSrc>https://cdn1.marklogic.com/wp-content/uploads/2018/01/Michael-Malgeri-MarkLogic.jpg</imageSrc>
      <fullname>Wolfers Maritsa</fullname>
      <city>Little Rock</city>
      <state>AR</state>
    </relation>
    <relation>
      <id>/person/10076.xml</id>
      <predicate>livesWith</predicate>
      <imageSrc>https://cdn1.marklogic.com/wp-content/uploads/2018/01/Alicia-Saia-MarkLogic1.jpg</imageSrc>
      <fullname>Morfett Minnaminnie</fullname>
      <city>Colorado Springs</city>
      <state>CO</state>
    </relation>
    <relation>
      <id>/person/10083.xml</id>
      <predicate>worksWith</predicate>
      <imageSrc>https://cdn1.marklogic.com/wp-content/uploads/2018/01/Alicia-Saia-MarkLogic1.jpg</imageSrc>
      <fullname>Martyntsev Camile</fullname>
      <city>Miami</city>
      <state>FL</state>
    </relation>
  </relations>
  <createdOn>
    <ts>2022-02-22T00:47:40Z</ts>
    <user>kpetras25</user>
  </createdOn>
  <lastUpdated>
    <ts>2022-01-15T13:33:55Z</ts>
    <user>kpetras25</user>
  </lastUpdated>
  <socials>
    <social>
      <site>facebook</site>
      <handle>echrichton0</handle>
      <address>https://cyberchimps.com/potenti/nullam/porttitor/lacus/at.js</address>
    </social>
    <social>
      <site>twitter</site>
      <handle>rgodsmark1</handle>
      <address>http://telegraph.co.uk/in/faucibus/orci/luctus/et.aspx</address>
    </social>
    <social>
      <site>facebook</site>
      <handle>htoffalo2</handle>
      <address>http://g.co/sed/augue.html</address>
    </social>
  </socials>
  <memberships>
    <membership>
      <list>list12</list>
      <important>false</important>
      <ts>2022-02-23</ts>
    </membership>
    <membership>
      <list>list12</list>
      <important>true</important>
      <ts>2022-01-17</ts>
    </membership>
    <membership>
      <list>list2</list>
      <important>false</important>
      <ts>2022-01-25</ts>
    </membership>
    <membership>
      <list>list1</list>
      <important>true</important>
      <ts>2022-01-10</ts>
    </membership>
    <membership>
      <list>list7</list>
      <important>true</important>
      <ts>2022-02-11</ts>
    </membership>
  </memberships>
  <links>
    <link>
      <label>Quick View</label>
      <url>http://senate.gov</url>
      <icon>faEye</icon>
    </link>
    <link>
      <label>Nomination History</label>
      <url>https://aol.com</url>
      <icon>faMedal</icon>
    </link>
    <link>
      <label>Comments</label>
      <url>http://themeforest.net</url>
      <icon>faComments</icon>
    </link>
  </links>
  <activities>
    <activity>
      <predicate>startedAt</predicate>
      <place>Edgepulse</place>
      <predplace>startedAt Edgepulse</predplace>
      <ts>2015-02-12T23:51:51Z</ts>
      <source>
        <name>USA Today</name>
        <ts>2021-11-17T16:44:29Z</ts>
        <createdBy>Jakob Bims</createdBy>
        <approvedBy>Guillemette Le Maitre</approvedBy>
      </source>
    </activity>
    <activity>
      <predicate>endedAt</predicate>
      <place>Skipstorm</place>
      <predplace>endedAt Skipstorm</predplace>
      <ts>2017-06-21T22:18:10Z</ts>
      <source>
        <name>New York Times</name>
        <ts>2021-06-22T05:17:36Z</ts>
        <createdBy>Jonis Lighterness</createdBy>
        <approvedBy>Caressa Westwood</approvedBy>
      </source>
    </activity>
    <activity>
      <predicate>endedAt</predicate>
      <place>Topicstorm</place>
      <predplace>endedAt Topicstorm</predplace>
      <ts>2018-06-13T16:59:54Z</ts>
      <source>
        <name>Chicago Tribune</name>
        <ts>2020-07-27T18:10:31Z</ts>
        <createdBy>Neron Iddiens</createdBy>
        <approvedBy>Katee Harness</approvedBy>
      </source>
    </activity>
  </activities>
  <events>
    <event>
      <predicate>livedIn</predicate>
      <place>Poland</place>
      <predplace>livedIn Poland</predplace>
      <end>2018-05-26T16:47:12Z</end>
      <start>2016-05-10T10:59:46Z</start>
    </event>
  </events>
  <actions>
    <action>
      <url>http://sbwire.com</url>
      <icon>faCog</icon>
    </action>
    <action>
      <url>https://ustream.tv</url>
      <icon>faCode</icon>
    </action>
    <action>
      <url>http://example.com</url>
      <icon>faSync</icon>
    </action>
  </actions>
</person>