<?xml version="1.0" encoding="UTF-8" standalone="yes"?>
<person>
  <personId>10088</personId>
  <nameGroup>
    <givenname>
      <value>Cariotta</value>
    </givenname>
    <surname>
      <value>Endersby</value>
    </surname>
    <fullname>
      <classification>C</classification>
      <restricted>false</restricted>
      <value>Endersby Cariotta</value>
      <source>
        <name>Washington Post</name>
        <ts>2013-06-21T05:47:09Z</ts>
      </source>
      <source>
        <name>Washington Post</name>
        <ts>2012-08-04T12:53:03Z</ts>
      </source>
      <source>
        <name>Washington Post</name>
        <ts>2016-01-07T13:19:11Z</ts>
      </source>
    </fullname>
  </nameGroup>
  <emails>
    <email>
      <value>dfearnyhough0@acquirethisname.com</value>
      <classification>S</classification>
      <restricted>false</restricted>
    </email>
  </emails>
  <phone>805-255-4685</phone>
  <ssn>
    <value>373-97-2875</value>
    <classification>(S)</classification>
  </ssn>
  <images>
    <image>
      <url>https://cdn1.marklogic.com/wp-content/uploads/2018/02/trinh-lieu-profile.jpg</url>
      <source>
        <name>New York Times</name>
        <ts>2013-05-17T23:19:06Z</ts>
        <uploadedBy>jbenedikt0</uploadedBy>
      </source>
    </image>
    <image>
      <url>https://cdn1.marklogic.com/wp-content/uploads/2018/01/Diane-Burley-MarkLogic-2015.jpg</url>
      <source>
        <name>Los Angeles Times</name>
        <ts>2018-11-28T19:43:51Z</ts>
        <uploadedBy>sdax0</uploadedBy>
      </source>
    </image>
    <image>
      <url>https://cdn1.marklogic.com/wp-content/uploads/2018/01/headshot_square_286x286.jpg</url>
      <source>
        <name>Chicago Tribune</name>
        <ts>2014-11-12T18:43:15Z</ts>
        <uploadedBy>jworshall0</uploadedBy>
      </source>
    </image>
  </images>
  <addresses>
    <address>
      <street>64952 Eagle Crest Center</street>
      <city>Long Beach</city>
      <state>CA</state>
      <postal>90805</postal>
      <country>United States</country>
      <latitude>33.8635</latitude>
      <longitude>-118.1801</longitude>
    </address>
    <address>
      <street>96242 Fairview Lane</street>
      <city>Oklahoma City</city>
      <state>OK</state>
      <postal>73157</postal>
      <country>United States</country>
      <latitude>35.5514</latitude>
      <longitude>-97.4075</longitude>
    </address>
  </addresses>
  <schools>
    <school>
      <country>United States</country>
      <name>Gordon Conwell Theological Seminary</name>
      <city>Huntington Beach</city>
      <state>CA</state>
      <postal>92648</postal>
      <latitude>33.6781963</latitude>
      <longitude>-118.0127534</longitude>
      <source>
        <name>USA Today</name>
        <ts>2018-03-05T02:37:49Z</ts>
      </source>
      <source>
        <name>New York Times</name>
        <ts>2021-06-22T11:04:18Z</ts>
      </source>
    </school>
    <school>
      <country>Canada</country>
      <name>St. Mary's University</name>
      <city>Napanee Downtown</city>
      <state>ON</state>
      <postal>M5E</postal>
      <latitude>43.6505222</latitude>
      <longitude>-79.3990401</longitude>
      <source>
        <name>USA Today</name>
        <ts>2021-12-18T03:34:01Z</ts>
      </source>
      <source>
        <name>New York Times</name>
        <ts>2012-11-10T23:43:02Z</ts>
      </source>
    </school>
  </schools>
  <status>Inactive</status>
  <sources>
    <source>
      <name>Los Angeles Times</name>
      <ts>2016-10-05T14:08:28Z</ts>
    </source>
  </sources>
  <sources>
    <source>
      <name>Wall Street Journal</name>
      <ts>2012-04-29T08:17:20Z</ts>
    </source>
  </sources>
  <sources>
    <source>
      <name>USA Today</name>
      <ts>2010-10-19T01:54:19Z</ts>
    </source>
  </sources>
  <relations>
    <relation>
      <id>/person/10054.xml</id>
      <predicate>relatedTo</predicate>
      <imageSrc>https://cdn1.marklogic.com/wp-content/uploads/2021/02/1612313387205.jpeg</imageSrc>
      <fullname>Capponeer Uri</fullname>
      <city>Evanston</city>
      <state>IL</state>
    </relation>
    <relation>
      <id>/person/10016.xml</id>
      <predicate>relatedTo</predicate>
      <imageSrc>https://cdn1.marklogic.com/wp-content/uploads/2020/04/JamesKenwood-headshot-600x600-1.jpg</imageSrc>
      <fullname>Idenden Beck</fullname>
      <city>Flushing</city>
      <state>NY</state>
    </relation>
  </relations>
  <createdOn>
    <ts>2022-01-31T11:38:22Z</ts>
    <user>cendersby2f</user>
  </createdOn>
  <lastUpdated>
    <ts>2022-01-13T22:57:46Z</ts>
    <user>cendersby2f</user>
  </lastUpdated>
  <socials/>
  <memberships>
    <membership>
      <list>list1</list>
      <important>false</important>
      <ts>2022-02-10</ts>
    </membership>
    <membership>
      <list>list9</list>
      <important>false</important>
      <ts>2022-01-01</ts>
    </membership>
    <membership>
      <list>list5</list>
      <important>true</important>
      <ts>2022-01-23</ts>
    </membership>
    <membership>
      <list>list6</list>
      <important>false</important>
      <ts>2022-01-05</ts>
    </membership>
    <membership>
      <list>list2</list>
      <important>true</important>
      <ts>2022-01-15</ts>
    </membership>
    <membership>
      <list>list1</list>
      <important>false</important>
      <ts>2022-01-22</ts>
    </membership>
  </memberships>
  <links>
    <link>
      <label>Quick View</label>
      <url>https://51.la</url>
      <icon>faEye</icon>
    </link>
    <link>
      <label>Nomination History</label>
      <url>https://sina.com.cn</url>
      <icon>faMedal</icon>
    </link>
    <link>
      <label>Comments</label>
      <url>https://ning.com</url>
      <icon>faComments</icon>
    </link>
  </links>
  <activities>
    <activity>
      <predicate>transferredTo</predicate>
      <place>Jazzy</place>
      <predplace>transferredTo Jazzy</predplace>
      <ts>2011-09-20T02:29:10Z</ts>
      <source>
        <name>USA Today</name>
        <ts>2020-01-31T01:29:49Z</ts>
        <createdBy>Sarita Salliss</createdBy>
        <approvedBy>Marcille Harmond</approvedBy>
      </source>
    </activity>
    <activity>
      <predicate>startedAt</predicate>
      <place>Quimm</place>
      <predplace>startedAt Quimm</predplace>
      <ts>2010-03-11T20:19:26Z</ts>
      <source>
        <name>New York Times</name>
        <ts>2019-05-16T15:02:19Z</ts>
        <createdBy>Alicea Ranken</createdBy>
        <approvedBy>Maribeth Brawn</approvedBy>
      </source>
    </activity>
    <activity>
      <predicate>movedTo</predicate>
      <place>LiveZ</place>
      <predplace>movedTo LiveZ</predplace>
      <ts>2012-02-25T02:04:47Z</ts>
      <source>
        <name>Chicago Tribune</name>
        <ts>2019-08-23T17:39:15Z</ts>
        <createdBy>Zacherie Pre</createdBy>
        <approvedBy>Erastus Thody</approvedBy>
      </source>
    </activity>
    <activity>
      <predicate>movedTo</predicate>
      <place>Oloo</place>
      <predplace>movedTo Oloo</predplace>
      <ts>2011-02-16T02:55:22Z</ts>
      <source>
        <name>Los Angeles Times</name>
        <ts>2020-05-15T11:58:59Z</ts>
        <createdBy>Erena Delia</createdBy>
        <approvedBy>Olav Stothard</approvedBy>
      </source>
    </activity>
  </activities>
  <actions>
    <action>
      <url>https://wikia.com</url>
      <icon>faCog</icon>
    </action>
    <action>
      <url>http://amazon.de</url>
      <icon>faCode</icon>
    </action>
    <action>
      <url>https://nydailynews.com</url>
      <icon>faSync</icon>
    </action>
  </actions>
</person>