<?xml version="1.0" encoding="UTF-8" standalone="yes"?>
<person>
  <personId>10084</personId>
  <nameGroup>
    <givenname>
      <value>Olivette</value>
    </givenname>
    <surname>
      <value>Jager</value>
    </surname>
    <fullname>
      <classification>S</classification>
      <restricted>true</restricted>
      <value>Jager Olivette</value>
      <source>
        <name>Washington Post</name>
        <ts>2015-12-24T10:05:26Z</ts>
      </source>
      <source>
        <name>USA Today</name>
        <ts>2018-06-18T20:03:41Z</ts>
      </source>
      <source>
        <name>Washington Post</name>
        <ts>2020-02-15T17:48:39Z</ts>
      </source>
    </fullname>
  </nameGroup>
  <emails>
    <email>
      <value>pwaterfield0@t.co</value>
      <classification>S</classification>
      <restricted>false</restricted>
    </email>
    <email>
      <value>jfilipczak1@cyberchimps.com</value>
      <classification>C</classification>
      <restricted>false</restricted>
    </email>
    <email>
      <value>tdarling2@constantcontact.com</value>
      <classification>S</classification>
      <restricted>false</restricted>
    </email>
  </emails>
  <phone>804-350-3377</phone>
  <ssn>
    <value>563-93-2504</value>
    <classification>(S)</classification>
  </ssn>
  <images>
    <image>
      <url>https://cdn1.marklogic.com/wp-content/uploads/2021/02/1612313387205.jpeg</url>
      <source>
        <name>USA Today</name>
        <ts>2010-08-13T11:23:32Z</ts>
        <uploadedBy>nmatula0</uploadedBy>
      </source>
    </image>
    <image>
      <url>https://cdn1.marklogic.com/wp-content/uploads/2021/07/chuck-hollis.jpeg</url>
      <source>
        <name>New York Times</name>
        <ts>2018-03-27T08:33:07Z</ts>
        <uploadedBy>mfinder0</uploadedBy>
      </source>
    </image>
    <image>
      <url>https://cdn1.marklogic.com/wp-content/uploads/2021/02/1612313387205.jpeg</url>
      <source>
        <name>Wall Street Journal</name>
        <ts>2012-10-29T23:56:19Z</ts>
        <uploadedBy>rbayne0</uploadedBy>
      </source>
    </image>
  </images>
  <addresses>
    <address>
      <street>1 New Castle Way</street>
      <city>Sioux City</city>
      <state>IA</state>
      <postal>51105</postal>
      <country>United States</country>
      <latitude>42.5032</latitude>
      <longitude>-96.3829</longitude>
    </address>
    <address>
      <street>3869 Lawn Road</street>
      <city>Fort Worth</city>
      <state>TX</state>
      <postal>76115</postal>
      <country>United States</country>
      <latitude>32.6796</latitude>
      <longitude>-97.3336</longitude>
    </address>
  </addresses>
  <schools>
    <school>
      <country>United States</country>
      <name>Mount Union College</name>
      <city>Harrisburg</city>
      <state>PA</state>
      <postal>17126</postal>
      <latitude>40.2617721</latitude>
      <longitude>-76.8798693</longitude>
      <source>
        <name>USA Today</name>
        <ts>2012-02-02T19:45:25Z</ts>
      </source>
    </school>
    <school>
      <country>United States</country>
      <name>Harvey Mudd College</name>
      <city>Pasadena</city>
      <state>CA</state>
      <postal>91186</postal>
      <latitude>34.1349887</latitude>
      <longitude>-118.1507494</longitude>
      <source>
        <name>USA Today</name>
        <ts>2012-11-08T22:07:53Z</ts>
      </source>
      <source>
        <name>New York Times</name>
        <ts>2018-03-02T10:42:59Z</ts>
      </source>
      <source>
        <name>Chicago Tribune</name>
        <ts>2012-08-09T00:37:28Z</ts>
      </source>
    </school>
  </schools>
  <status>Active</status>
  <sources>
    <source>
      <name>Washington Post</name>
      <ts>2021-11-29T15:38:37Z</ts>
    </source>
  </sources>
  <sources>
    <source>
      <name>Chicago Tribune</name>
      <ts>2021-04-03T22:45:36Z</ts>
    </source>
  </sources>
  <sources>
    <source>
      <name>Wall Street Journal</name>
      <ts>2017-09-04T17:10:06Z</ts>
    </source>
  </sources>
  <relations>
    <relation>
      <id>/person/10063.xml</id>
      <predicate>relatedTo</predicate>
      <imageSrc>https://cdn1.marklogic.com/wp-content/uploads/2018/01/headshot_square_286x286.jpg</imageSrc>
      <fullname>Hamprecht Duncan</fullname>
      <city>Austin</city>
      <state>TX</state>
    </relation>
    <relation>
      <id>/person/10077.xml</id>
      <predicate>worksWith</predicate>
      <imageSrc>https://cdn1.marklogic.com/wp-content/uploads/2021/02/1612313387205.jpeg</imageSrc>
      <fullname>Oliff Trudy</fullname>
      <city>Helena</city>
      <state>MT</state>
    </relation>
    <relation>
      <id>/person/10021.xml</id>
      <predicate>livesWith</predicate>
      <imageSrc>https://cdn1.marklogic.com/wp-content/uploads/2021/07/chuck-hollis.jpeg</imageSrc>
      <fullname>Tumbelty Barbe</fullname>
      <city>South Bend</city>
      <state>IN</state>
    </relation>
    <relation>
      <id>/person/10061.xml</id>
      <predicate>worksWith</predicate>
      <imageSrc>https://cdn1.marklogic.com/wp-content/uploads/2018/01/Michael-Malgeri-MarkLogic.jpg</imageSrc>
      <fullname>Spellesy Ileane</fullname>
      <city>Washington</city>
      <state>DC</state>
    </relation>
    <relation>
      <id>/person/10065.xml</id>
      <predicate>worksWith</predicate>
      <imageSrc>https://cdn1.marklogic.com/wp-content/uploads/2018/02/trinh-lieu-profile.jpg</imageSrc>
      <fullname>Fretter Sidney</fullname>
      <city>York</city>
      <state>PA</state>
    </relation>
  </relations>
  <createdOn>
    <ts>2022-02-25T21:12:26Z</ts>
    <user>ojager2b</user>
  </createdOn>
  <lastUpdated>
    <ts>2022-02-21T13:00:40Z</ts>
    <user>ojager2b</user>
  </lastUpdated>
  <socials>
    <social>
      <site>linkedin</site>
      <handle>bphilippart0</handle>
      <address>https://npr.org/convallis/eget/eleifend/luctus/ultricies/eu/nibh.jsp</address>
    </social>
    <social>
      <site>linkedin</site>
      <handle>sgaunter1</handle>
      <address>http://domainmarket.com/sapien/placerat/ante/nulla/justo/aliquam/quis.js</address>
    </social>
    <social>
      <site>linkedin</site>
      <handle>jclaypole2</handle>
      <address>http://booking.com/nisi/venenatis/tristique/fusce/congue/diam/id.png</address>
    </social>
  </socials>
  <memberships>
    <membership>
      <list>list3</list>
      <important>false</important>
      <ts>2022-02-21</ts>
    </membership>
    <membership>
      <list>list4</list>
      <important>true</important>
      <ts>2022-02-03</ts>
    </membership>
    <membership>
      <list>list11</list>
      <important>false</important>
      <ts>2022-02-21</ts>
    </membership>
    <membership>
      <list>list1</list>
      <important>false</important>
      <ts>2022-01-21</ts>
    </membership>
  </memberships>
  <links>
    <link>
      <label>Quick View</label>
      <url>https://shop-pro.jp</url>
      <icon>faEye</icon>
    </link>
    <link>
      <label>Nomination History</label>
      <url>https://newsvine.com</url>
      <icon>faMedal</icon>
    </link>
    <link>
      <label>Comments</label>
      <url>http://blinklist.com</url>
      <icon>faComments</icon>
    </link>
  </links>
  <activities>
    <activity>
      <predicate>endedAt</predicate>
      <place>Topicshots</place>
      <predplace>endedAt Topicshots</predplace>
      <ts>2010-11-22T21:34:30Z</ts>
      <source>
        <name>USA Today</name>
        <ts>2022-04-22T08:21:44Z</ts>
        <createdBy>Freddie Dennistoun</createdBy>
        <approvedBy>Justin Colebourn</approvedBy>
      </source>
    </activity>
    <activity>
      <predicate>transferredTo</predicate>
      <place>Linktype</place>
      <predplace>transferredTo Linktype</predplace>
      <ts>2013-07-05T10:30:01Z</ts>
      <source>
        <name>New York Times</name>
        <ts>2016-09-27T03:06:21Z</ts>
        <createdBy>Nicholle Ericssen</createdBy>
        <approvedBy>Elias Ramalho</approvedBy>
      </source>
    </activity>
    <activity>
      <predicate>movedTo</predicate>
      <place>Jaloo</place>
      <predplace>movedTo Jaloo</predplace>
      <ts>2013-10-16T04:42:09Z</ts>
      <source>
        <name>Chicago Tribune</name>
        <ts>2018-12-26T06:48:31Z</ts>
        <createdBy>Athene Markovich</createdBy>
        <approvedBy>Dottie Armour</approvedBy>
      </source>
    </activity>
    <activity>
      <predicate>transferredTo</predicate>
      <place>Jayo</place>
      <predplace>transferredTo Jayo</predplace>
      <ts>2014-04-09T14:01:02Z</ts>
      <source>
        <name>Los Angeles Times</name>
        <ts>2019-12-11T01:15:15Z</ts>
        <createdBy>Deva Treversh</createdBy>
        <approvedBy>Joey Jime</approvedBy>
      </source>
    </activity>
    <activity>
      <predicate>endedAt</predicate>
      <place>Blogtag</place>
      <predplace>endedAt Blogtag</predplace>
      <ts>2014-04-28T09:03:59Z</ts>
      <source>
        <name>Wall Street Journal</name>
        <ts>2021-01-14T12:31:32Z</ts>
        <createdBy>Raffarty Hymus</createdBy>
        <approvedBy>Hanna Bereford</approvedBy>
      </source>
    </activity>
    <activity>
      <predicate>transferredTo</predicate>
      <place>Reallinks</place>
      <predplace>transferredTo Reallinks</predplace>
      <ts>2014-04-30T15:07:08Z</ts>
      <source>
        <name>Washington Post</name>
        <ts>2021-07-06T05:38:14Z</ts>
        <createdBy>Elenore Lindmark</createdBy>
        <approvedBy>Cobbie Greatreax</approvedBy>
      </source>
    </activity>
    <activity>
      <predicate>endedAt</predicate>
      <place>Tagfeed</place>
      <predplace>endedAt Tagfeed</predplace>
      <ts>2014-02-12T07:53:56Z</ts>
      <source>
        <name>USA Today</name>
        <ts>2019-06-22T21:10:58Z</ts>
        <createdBy>Tamiko Peffer</createdBy>
        <approvedBy>Livia Flarity</approvedBy>
      </source>
    </activity>
  </activities>
  <actions>
    <action>
      <url>http://unc.edu</url>
      <icon>faCog</icon>
    </action>
    <action>
      <url>http://surveymonkey.com</url>
      <icon>faCode</icon>
    </action>
    <action>
      <url>https://sfgate.com</url>
      <icon>faSync</icon>
    </action>
  </actions>
</person>