<?xml version="1.0" encoding="UTF-8" standalone="yes"?>
<person>
  <personId>10089</personId>
  <nameGroup>
    <givenname>
      <value>Wilhelm</value>
    </givenname>
    <surname>
      <value>Goolden</value>
    </surname>
    <fullname>
      <classification>S</classification>
      <restricted>true</restricted>
      <value>Goolden Wilhelm</value>
      <source>
        <name>USA Today</name>
        <ts>2018-05-20T07:35:59Z</ts>
      </source>
      <source>
        <name>Washington Post</name>
        <ts>2018-06-25T10:33:09Z</ts>
      </source>
    </fullname>
  </nameGroup>
  <emails>
    <email>
      <value>eanthes0@fda.gov</value>
      <classification>U</classification>
      <restricted>false</restricted>
    </email>
    <email>
      <value>afoli1@walmart.com</value>
      <classification>S</classification>
      <restricted>false</restricted>
    </email>
  </emails>
  <phone>917-910-6575</phone>
  <ssn>
    <value>183-48-1885</value>
    <classification>(S)</classification>
  </ssn>
  <images>
    <image>
      <url>https://cdn1.marklogic.com/wp-content/uploads/2018/01/Michael-Malgeri-MarkLogic.jpg</url>
      <source>
        <name>Chicago Tribune</name>
        <ts>2015-07-02T13:05:20Z</ts>
        <uploadedBy>mgrimmert0</uploadedBy>
      </source>
    </image>
    <image>
      <url>https://cdn1.marklogic.com/wp-content/uploads/2018/01/Alicia-Saia-MarkLogic1.jpg</url>
      <source>
        <name>Chicago Tribune</name>
        <ts>2010-04-09T19:00:02Z</ts>
        <uploadedBy>myalden0</uploadedBy>
      </source>
    </image>
  </images>
  <addresses>
    <address>
      <street>5302 Havey Place</street>
      <city>Birmingham</city>
      <state>AL</state>
      <postal>35295</postal>
      <country>United States</country>
      <latitude>33.5446</latitude>
      <longitude>-86.9292</longitude>
    </address>
    <address>
      <street>4 Bluestem Junction</street>
      <city>Frederick</city>
      <state>MD</state>
      <postal>21705</postal>
      <country>United States</country>
      <latitude>39.47</latitude>
      <longitude>-77.3921</longitude>
    </address>
    <address>
      <street>5566 Melody Hill</street>
      <city>Waterbury</city>
      <state>CT</state>
      <postal>06721</postal>
      <country>United States</country>
      <latitude>41.3657</latitude>
      <longitude>-72.9275</longitude>
    </address>
  </addresses>
  <schools>
    <school>
      <country>Canada</country>
      <name>University of Waterloo</name>
      <city>Aylmer</city>
      <state>ON</state>
      <postal>N5H</postal>
      <latitude>42.7729381</latitude>
      <longitude>-80.9828842</longitude>
      <source>
        <name>USA Today</name>
        <ts>2010-03-17T02:51:44Z</ts>
      </source>
      <source>
        <name>New York Times</name>
        <ts>2013-04-05T15:57:38Z</ts>
      </source>
      <source>
        <name>Chicago Tribune</name>
        <ts>2016-05-26T17:28:57Z</ts>
      </source>
    </school>
  </schools>
  <status>Inactive</status>
  <sources>
    <source>
      <name>Washington Post</name>
      <ts>2021-10-12T11:33:06Z</ts>
    </source>
  </sources>
  <sources>
    <source>
      <name>USA Today</name>
      <ts>2019-02-26T10:58:07Z</ts>
    </source>
  </sources>
  <relations>
    <relation>
      <id>/person/10093.xml</id>
      <predicate>livesWith</predicate>
      <imageSrc>https://cdn1.marklogic.com/wp-content/uploads/2021/02/1612313387205.jpeg</imageSrc>
      <fullname>Glassman Nikki</fullname>
      <city>Marietta</city>
      <state>GA</state>
    </relation>
    <relation>
      <id>/person/10082.xml</id>
      <predicate>livesWith</predicate>
      <imageSrc>https://cdn1.marklogic.com/wp-content/uploads/2021/07/chuck-hollis.jpeg</imageSrc>
      <fullname>Hinchon Sylas</fullname>
      <city>Oakland</city>
      <state>CA</state>
    </relation>
    <relation>
      <id>/person/10045.xml</id>
      <predicate>livesWith</predicate>
      <imageSrc>https://cdn1.marklogic.com/wp-content/uploads/2018/02/trinh-lieu-profile.jpg</imageSrc>
      <fullname>Lathwood Ricki</fullname>
      <city>Beaufort</city>
      <state>SC</state>
    </relation>
    <relation>
      <id>/person/10077.xml</id>
      <predicate>livesWith</predicate>
      <imageSrc>https://cdn1.marklogic.com/wp-content/uploads/2021/02/1612313387205.jpeg</imageSrc>
      <fullname>Oliff Trudy</fullname>
      <city>Helena</city>
      <state>MT</state>
    </relation>
    <relation>
      <id>/person/10063.xml</id>
      <predicate>worksWith</predicate>
      <imageSrc>https://cdn1.marklogic.com/wp-content/uploads/2018/01/headshot_square_286x286.jpg</imageSrc>
      <fullname>Hamprecht Duncan</fullname>
      <city>Austin</city>
      <state>TX</state>
    </relation>
  </relations>
  <createdOn>
    <ts>2022-02-01T10:43:02Z</ts>
    <user>wgoolden2g</user>
  </createdOn>
  <lastUpdated>
    <ts>2022-01-09T10:34:49Z</ts>
    <user>wgoolden2g</user>
  </lastUpdated>
  <socials/>
  <memberships>
    <membership>
      <list>list8</list>
      <important>false</important>
      <ts>2022-02-10</ts>
    </membership>
    <membership>
      <list>list8</list>
      <important>true</important>
      <ts>2022-01-09</ts>
    </membership>
    <membership>
      <list>list8</list>
      <important>true</important>
      <ts>2022-02-10</ts>
    </membership>
    <membership>
      <list>list8</list>
      <important>false</important>
      <ts>2022-02-20</ts>
    </membership>
    <membership>
      <list>list11</list>
      <important>false</important>
      <ts>2022-01-05</ts>
    </membership>
    <membership>
      <list>list8</list>
      <important>false</important>
      <ts>2022-01-24</ts>
    </membership>
  </memberships>
  <links>
    <link>
      <label>Quick View</label>
      <url>https://diigo.com</url>
      <icon>faEye</icon>
    </link>
    <link>
      <label>Nomination History</label>
      <url>http://whitehouse.gov</url>
      <icon>faMedal</icon>
    </link>
    <link>
      <label>Comments</label>
      <url>http://over-blog.com</url>
      <icon>faComments</icon>
    </link>
  </links>
  <activities>
    <activity>
      <predicate>transferredTo</predicate>
      <place>BlogXS</place>
      <predplace>transferredTo BlogXS</predplace>
      <ts>2012-05-30T03:33:08Z</ts>
      <source>
        <name>USA Today</name>
        <ts>2019-08-07T18:13:16Z</ts>
        <createdBy>Beatriz Aspey</createdBy>
        <approvedBy>Claudina Juanes</approvedBy>
      </source>
    </activity>
    <activity>
      <predicate>movedTo</predicate>
      <place>Devshare</place>
      <predplace>movedTo Devshare</predplace>
      <ts>2013-04-08T00:30:04Z</ts>
      <source>
        <name>New York Times</name>
        <ts>2017-07-07T06:16:49Z</ts>
        <createdBy>Zared McCreath</createdBy>
        <approvedBy>Tanny Paprotny</approvedBy>
      </source>
    </activity>
    <activity>
      <predicate>transferredTo</predicate>
      <place>Quinu</place>
      <predplace>transferredTo Quinu</predplace>
      <ts>2014-11-25T15:32:32Z</ts>
      <source>
        <name>Chicago Tribune</name>
        <ts>2019-06-09T18:27:33Z</ts>
        <createdBy>Terrill Rama</createdBy>
        <approvedBy>Roosevelt Rookwell</approvedBy>
      </source>
    </activity>
    <activity>
      <predicate>movedTo</predicate>
      <place>Edgeblab</place>
      <predplace>movedTo Edgeblab</predplace>
      <ts>2014-04-17T00:28:20Z</ts>
      <source>
        <name>Los Angeles Times</name>
        <ts>2018-02-21T12:03:06Z</ts>
        <createdBy>Celie Hugenin</createdBy>
        <approvedBy>Daryl Wretham</approvedBy>
      </source>
    </activity>
    <activity>
      <predicate>movedTo</predicate>
      <place>Browsezoom</place>
      <predplace>movedTo Browsezoom</predplace>
      <ts>2013-12-12T07:43:46Z</ts>
      <source>
        <name>Wall Street Journal</name>
        <ts>2019-07-11T04:54:28Z</ts>
        <createdBy>Maddi Aldin</createdBy>
        <approvedBy>Carr Dalyiel</approvedBy>
      </source>
    </activity>
  </activities>
  <actions>
    <action>
      <url>https://deviantart.com</url>
      <icon>faCog</icon>
    </action>
    <action>
      <url>http://google.cn</url>
      <icon>faCode</icon>
    </action>
    <action>
      <url>http://printfriendly.com</url>
      <icon>faSync</icon>
    </action>
  </actions>
</person>