<?xml version="1.0" encoding="UTF-8" standalone="yes"?>
<person>
  <personId>10086</personId>
  <nameGroup>
    <givenname>
      <value>Ronni</value>
    </givenname>
    <surname>
      <value>Mycroft</value>
    </surname>
    <fullname>
      <classification>S</classification>
      <restricted>true</restricted>
      <value>Mycroft Ronni</value>
      <source>
        <name>New York Times</name>
        <ts>2012-01-08T00:08:07Z</ts>
      </source>
      <source>
        <name>Wall Street Journal</name>
        <ts>2015-03-25T23:21:41Z</ts>
      </source>
      <source>
        <name>Wall Street Journal</name>
        <ts>2010-02-14T13:00:41Z</ts>
      </source>
    </fullname>
  </nameGroup>
  <emails>
    <email>
      <value>cglenister0@wix.com</value>
      <classification>U</classification>
      <restricted>false</restricted>
    </email>
    <email>
      <value>cvanin1@infoseek.co.jp</value>
      <classification>C</classification>
      <restricted>false</restricted>
    </email>
    <email>
      <value>amacfadzean2@mlb.com</value>
      <classification>S</classification>
      <restricted>false</restricted>
    </email>
  </emails>
  <phone>460-309-6410</phone>
  <ssn>
    <value>792-03-7935</value>
    <classification>(S)</classification>
  </ssn>
  <images>
    <image>
      <url>https://cdn1.marklogic.com/wp-content/uploads/2021/07/chuck-hollis.jpeg</url>
      <source>
        <name>New York Times</name>
        <ts>2015-07-25T16:48:46Z</ts>
        <uploadedBy>gskeldinge0</uploadedBy>
      </source>
    </image>
    <image>
      <url>https://cdn1.marklogic.com/wp-content/uploads/2021/05/IS-headshot.jpeg</url>
      <source>
        <name>Los Angeles Times</name>
        <ts>2012-02-26T15:46:37Z</ts>
        <uploadedBy>byesson0</uploadedBy>
      </source>
    </image>
  </images>
  <addresses>
    <address>
      <street>0 Cordelia Hill</street>
      <city>Reno</city>
      <state>NV</state>
      <postal>89550</postal>
      <country>United States</country>
      <latitude>39.5387</latitude>
      <longitude>-119.8225</longitude>
    </address>
  </addresses>
  <schools>
    <school>
      <country>Mexico</country>
      <name>Universidad del Valle de Atemajac</name>
      <city>San Martin</city>
      <state>MEX</state>
      <postal>56199</postal>
      <latitude>19.5042619</latitude>
      <longitude>-98.8797029</longitude>
      <source>
        <name>USA Today</name>
        <ts>2018-08-06T23:42:42Z</ts>
      </source>
      <source>
        <name>New York Times</name>
        <ts>2020-04-25T17:50:10Z</ts>
      </source>
      <source>
        <name>Chicago Tribune</name>
        <ts>2010-04-30T23:21:36Z</ts>
      </source>
    </school>
    <school>
      <country>Canada</country>
      <name>École de technologie supérieure, Université du Québec</name>
      <city>Morris</city>
      <state>MB</state>
      <postal>H8P</postal>
      <latitude>49.35499</latitude>
      <longitude>-97.36567</longitude>
      <source>
        <name>USA Today</name>
        <ts>2015-03-12T19:47:33Z</ts>
      </source>
    </school>
  </schools>
  <status>Active</status>
  <sources>
    <source>
      <name>Chicago Tribune</name>
      <ts>2013-04-09T06:18:35Z</ts>
    </source>
  </sources>
  <sources>
    <source>
      <name>Chicago Tribune</name>
      <ts>2011-12-09T06:37:48Z</ts>
    </source>
  </sources>
  <relations>
    <relation>
      <id>/person/10012.xml</id>
      <predicate>relatedTo</predicate>
      <imageSrc>https://cdn1.marklogic.com/wp-content/uploads/2018/02/trinh-lieu-profile.jpg</imageSrc>
      <fullname>Duddle Weider</fullname>
      <city>Tulsa</city>
      <state>OK</state>
    </relation>
    <relation>
      <id>/person/10012.xml</id>
      <predicate>worksWith</predicate>
      <imageSrc>https://cdn1.marklogic.com/wp-content/uploads/2018/02/trinh-lieu-profile.jpg</imageSrc>
      <fullname>Duddle Weider</fullname>
      <city>Tulsa</city>
      <state>OK</state>
    </relation>
    <relation>
      <id>/person/10056.xml</id>
      <predicate>worksWith</predicate>
      <imageSrc>https://cdn1.marklogic.com/wp-content/uploads/2020/04/JamesKenwood-headshot-600x600-1.jpg</imageSrc>
      <fullname>Sexstone Ethelyn</fullname>
      <city>Huntington</city>
      <state>WV</state>
    </relation>
    <relation>
      <id>/person/10014.xml</id>
      <predicate>worksWith</predicate>
      <imageSrc>https://cdn1.marklogic.com/wp-content/uploads/2021/02/1612313387205.jpeg</imageSrc>
      <fullname>Kitchingham Nikolas</fullname>
      <city>Miami</city>
      <state>FL</state>
    </relation>
    <relation>
      <id>/person/10059.xml</id>
      <predicate>relatedTo</predicate>
      <imageSrc>https://cdn1.marklogic.com/wp-content/uploads/2018/01/headshot_square_286x286.jpg</imageSrc>
      <fullname>McNabb Shantee</fullname>
      <city>Saint Petersburg</city>
      <state>FL</state>
    </relation>
  </relations>
  <createdOn>
    <ts>2022-02-03T04:52:02Z</ts>
    <user>rmycroft2d</user>
  </createdOn>
  <lastUpdated>
    <ts>2022-01-29T01:04:57Z</ts>
    <user>rmycroft2d</user>
  </lastUpdated>
  <socials/>
  <memberships>
    <membership>
      <list>list9</list>
      <important>true</important>
      <ts>2022-02-22</ts>
    </membership>
    <membership>
      <list>list9</list>
      <important>true</important>
      <ts>2022-01-17</ts>
    </membership>
  </memberships>
  <links>
    <link>
      <label>Quick View</label>
      <url>https://yelp.com</url>
      <icon>faEye</icon>
    </link>
    <link>
      <label>Nomination History</label>
      <url>https://google.cn</url>
      <icon>faMedal</icon>
    </link>
    <link>
      <label>Comments</label>
      <url>http://wisc.edu</url>
      <icon>faComments</icon>
    </link>
  </links>
  <activities>
    <activity>
      <predicate>startedAt</predicate>
      <place>Roodel</place>
      <predplace>startedAt Roodel</predplace>
      <ts>2014-10-01T20:09:49Z</ts>
      <source>
        <name>USA Today</name>
        <ts>2021-05-19T10:37:57Z</ts>
        <createdBy>Brock Coniff</createdBy>
        <approvedBy>Rockwell Dewdney</approvedBy>
      </source>
    </activity>
    <activity>
      <predicate>movedTo</predicate>
      <place>Topiclounge</place>
      <predplace>movedTo Topiclounge</predplace>
      <ts>2011-10-17T04:19:31Z</ts>
      <source>
        <name>New York Times</name>
        <ts>2018-03-07T23:54:05Z</ts>
        <createdBy>Winn Daout</createdBy>
        <approvedBy>Field Lethby</approvedBy>
      </source>
    </activity>
    <activity>
      <predicate>movedTo</predicate>
      <place>Dynazzy</place>
      <predplace>movedTo Dynazzy</predplace>
      <ts>2013-08-05T03:50:25Z</ts>
      <source>
        <name>Chicago Tribune</name>
        <ts>2016-11-20T10:41:45Z</ts>
        <createdBy>Marita McGuggy</createdBy>
        <approvedBy>Mavis Corse</approvedBy>
      </source>
    </activity>
    <activity>
      <predicate>movedTo</predicate>
      <place>Leexo</place>
      <predplace>movedTo Leexo</predplace>
      <ts>2014-07-28T05:49:58Z</ts>
      <source>
        <name>Los Angeles Times</name>
        <ts>2021-04-21T02:57:39Z</ts>
        <createdBy>Ramon Matokhnin</createdBy>
        <approvedBy>Georgie Kielt</approvedBy>
      </source>
    </activity>
    <activity>
      <predicate>transferredTo</predicate>
      <place>Skyble</place>
      <predplace>transferredTo Skyble</predplace>
      <ts>2015-12-01T07:36:33Z</ts>
      <source>
        <name>Wall Street Journal</name>
        <ts>2017-04-15T22:49:53Z</ts>
        <createdBy>Darwin Bohlens</createdBy>
        <approvedBy>Idalina Garford</approvedBy>
      </source>
    </activity>
  </activities>
  <actions>
    <action>
      <url>http://tiny.cc</url>
      <icon>faCog</icon>
    </action>
    <action>
      <url>http://cbsnews.com</url>
      <icon>faCode</icon>
    </action>
    <action>
      <url>https://arstechnica.com</url>
      <icon>faSync</icon>
    </action>
  </actions>
</person>