<?xml version="1.0" encoding="UTF-8" standalone="yes"?>
<person>
  <personId>10080</personId>
  <nameGroup>
    <givenname>
      <value>Inesita</value>
    </givenname>
    <surname>
      <value>Wateridge</value>
    </surname>
    <fullname>
      <classification>C</classification>
      <restricted>false</restricted>
      <value>Wateridge Inesita</value>
      <source>
        <name>USA Today</name>
        <ts>2010-09-25T13:52:44Z</ts>
      </source>
      <source>
        <name>USA Today</name>
        <ts>2019-10-17T18:57:33Z</ts>
      </source>
      <source>
        <name>New York Times</name>
        <ts>2012-12-29T22:11:41Z</ts>
      </source>
    </fullname>
  </nameGroup>
  <emails>
    <email>
      <value>bcuskery0@slideshare.net</value>
      <classification>U</classification>
      <restricted>false</restricted>
    </email>
    <email>
      <value>rwince1@sciencedirect.com</value>
      <classification>S</classification>
      <restricted>false</restricted>
    </email>
    <email>
      <value>pferraresi2@t-online.de</value>
      <classification>C</classification>
      <restricted>false</restricted>
    </email>
  </emails>
  <phone>429-493-8557</phone>
  <ssn>
    <value>369-69-5015</value>
    <classification>(S)</classification>
  </ssn>
  <images>
    <image>
      <url>https://cdn1.marklogic.com/wp-content/uploads/2018/01/Alicia-Saia-MarkLogic1.jpg</url>
      <source>
        <name>USA Today</name>
        <ts>2016-04-06T05:30:08Z</ts>
        <uploadedBy>htrett0</uploadedBy>
      </source>
    </image>
    <image>
      <url>https://cdn1.marklogic.com/wp-content/uploads/2020/11/george-bloom-headshot-300x300-1.jpg</url>
      <source>
        <name>Wall Street Journal</name>
        <ts>2020-03-06T18:19:00Z</ts>
        <uploadedBy>rrunnalls0</uploadedBy>
      </source>
    </image>
  </images>
  <addresses>
    <address>
      <street>3905 Dunning Center</street>
      <city>Portland</city>
      <state>OR</state>
      <postal>97221</postal>
      <country>United States</country>
      <latitude>45.4918</latitude>
      <longitude>-122.7267</longitude>
    </address>
    <address>
      <street>77853 Surrey Circle</street>
      <city>Greensboro</city>
      <state>NC</state>
      <postal>27499</postal>
      <country>United States</country>
      <latitude>36.0807</latitude>
      <longitude>-80.0244</longitude>
    </address>
    <address>
      <street>316 Hallows Drive</street>
      <city>Washington</city>
      <state>DC</state>
      <postal>20337</postal>
      <country>United States</country>
      <latitude>38.8933</latitude>
      <longitude>-77.0146</longitude>
    </address>
  </addresses>
  <schools>
    <school>
      <country>United States</country>
      <name>Minnesota School of Professional Psychology</name>
      <city>Paterson</city>
      <state>NJ</state>
      <postal>07522</postal>
      <latitude>40.9234909</latitude>
      <longitude>-74.1797766</longitude>
      <source>
        <name>USA Today</name>
        <ts>2010-02-05T17:34:51Z</ts>
      </source>
      <source>
        <name>New York Times</name>
        <ts>2021-01-29T12:20:00Z</ts>
      </source>
    </school>
  </schools>
  <status>Inactive</status>
  <sources>
    <source>
      <name>New York Times</name>
      <ts>2012-10-30T09:36:48Z</ts>
    </source>
  </sources>
  <sources>
    <source>
      <name>Chicago Tribune</name>
      <ts>2011-09-12T14:01:01Z</ts>
    </source>
  </sources>
  <relations>
    <relation>
      <id>/person/10049.xml</id>
      <predicate>livesWith</predicate>
      <imageSrc>https://cdn1.marklogic.com/wp-content/uploads/2020/04/JamesKenwood-headshot-600x600-1.jpg</imageSrc>
      <fullname>Cahey Vin</fullname>
      <city>Columbus</city>
      <state>OH</state>
    </relation>
    <relation>
      <id>/person/10099.xml</id>
      <predicate>worksWith</predicate>
      <imageSrc>https://cdn1.marklogic.com/wp-content/uploads/2020/04/JamesKenwood-headshot-600x600-1.jpg</imageSrc>
      <fullname>Hallatt Glad</fullname>
      <city>Raleigh</city>
      <state>NC</state>
    </relation>
    <relation>
      <id>/person/10042.xml</id>
      <predicate>worksWith</predicate>
      <imageSrc>https://cdn1.marklogic.com/wp-content/uploads/2020/04/JamesKenwood-headshot-600x600-1.jpg</imageSrc>
      <fullname>Harken Camile</fullname>
      <city>Springfield</city>
      <state>MO</state>
    </relation>
    <relation>
      <id>/person/10074.xml</id>
      <predicate>livesWith</predicate>
      <imageSrc>https://cdn1.marklogic.com/wp-content/uploads/2018/02/trinh-lieu-profile.jpg</imageSrc>
      <fullname>Dadd Daniele</fullname>
      <city>Charlotte</city>
      <state>NC</state>
    </relation>
  </relations>
  <createdOn>
    <ts>2022-01-14T01:02:31Z</ts>
    <user>iwateridge27</user>
  </createdOn>
  <lastUpdated>
    <ts>2022-02-24T21:52:40Z</ts>
    <user>iwateridge27</user>
  </lastUpdated>
  <socials/>
  <memberships>
    <membership>
      <list>list6</list>
      <important>false</important>
      <ts>2022-02-18</ts>
    </membership>
    <membership>
      <list>list6</list>
      <important>true</important>
      <ts>2022-02-03</ts>
    </membership>
    <membership>
      <list>list8</list>
      <important>true</important>
      <ts>2022-02-24</ts>
    </membership>
    <membership>
      <list>list7</list>
      <important>false</important>
      <ts>2022-02-25</ts>
    </membership>
  </memberships>
  <links>
    <link>
      <label>Quick View</label>
      <url>http://trellian.com</url>
      <icon>faEye</icon>
    </link>
    <link>
      <label>Nomination History</label>
      <url>https://bloglines.com</url>
      <icon>faMedal</icon>
    </link>
    <link>
      <label>Comments</label>
      <url>https://fc2.com</url>
      <icon>faComments</icon>
    </link>
  </links>
  <activities>
    <activity>
      <predicate>movedTo</predicate>
      <place>Oyonder</place>
      <predplace>movedTo Oyonder</predplace>
      <ts>2010-08-25T01:15:03Z</ts>
      <source>
        <name>USA Today</name>
        <ts>2018-01-30T10:54:40Z</ts>
        <createdBy>Rowena Kayne</createdBy>
        <approvedBy>Sonnie Pashba</approvedBy>
      </source>
    </activity>
    <activity>
      <predicate>movedTo</predicate>
      <place>Katz</place>
      <predplace>movedTo Katz</predplace>
      <ts>2012-04-30T01:55:54Z</ts>
      <source>
        <name>New York Times</name>
        <ts>2018-10-06T00:41:55Z</ts>
        <createdBy>Nikaniki Coltart</createdBy>
        <approvedBy>Beth Buckie</approvedBy>
      </source>
    </activity>
    <activity>
      <predicate>startedAt</predicate>
      <place>Fatz</place>
      <predplace>startedAt Fatz</predplace>
      <ts>2012-03-11T03:14:08Z</ts>
      <source>
        <name>Chicago Tribune</name>
        <ts>2016-03-30T02:05:40Z</ts>
        <createdBy>Adrien Davitti</createdBy>
        <approvedBy>Josh Santoro</approvedBy>
      </source>
    </activity>
    <activity>
      <predicate>startedAt</predicate>
      <place>Eire</place>
      <predplace>startedAt Eire</predplace>
      <ts>2015-04-05T21:22:10Z</ts>
      <source>
        <name>Los Angeles Times</name>
        <ts>2016-10-30T11:21:22Z</ts>
        <createdBy>Johnna Showalter</createdBy>
        <approvedBy>Ranna Bohling</approvedBy>
      </source>
    </activity>
    <activity>
      <predicate>transferredTo</predicate>
      <place>Photobug</place>
      <predplace>transferredTo Photobug</predplace>
      <ts>2012-02-07T10:34:52Z</ts>
      <source>
        <name>Wall Street Journal</name>
        <ts>2021-03-06T03:24:24Z</ts>
        <createdBy>Melinda Delort</createdBy>
        <approvedBy>Brigitte Loweth</approvedBy>
      </source>
    </activity>
    <activity>
      <predicate>movedTo</predicate>
      <place>Feedspan</place>
      <predplace>movedTo Feedspan</predplace>
      <ts>2014-04-19T03:51:57Z</ts>
      <source>
        <name>Washington Post</name>
        <ts>2017-09-15T07:59:21Z</ts>
        <createdBy>Martina Ransbury</createdBy>
        <approvedBy>Rebekkah Dat</approvedBy>
      </source>
    </activity>
  </activities>
  <actions>
    <action>
      <url>https://sina.com.cn</url>
      <icon>faCog</icon>
    </action>
    <action>
      <url>https://plala.or.jp</url>
      <icon>faCode</icon>
    </action>
    <action>
      <url>http://businessweek.com</url>
      <icon>faSync</icon>
    </action>
  </actions>
</person>