<?xml version="1.0" encoding="UTF-8" standalone="yes"?>
<person>
  <personId>10085</personId>
  <nameGroup>
    <givenname>
      <value>Jamal</value>
    </givenname>
    <surname>
      <value>Chadband</value>
    </surname>
    <fullname>
      <classification>S</classification>
      <restricted>true</restricted>
      <value>Chadband Jamal</value>
      <source>
        <name>Chicago Tribune</name>
        <ts>2016-01-19T06:59:53Z</ts>
      </source>
    </fullname>
  </nameGroup>
  <emails>
    <email>
      <value>aklulik0@amazon.de</value>
      <classification>U</classification>
      <restricted>false</restricted>
    </email>
    <email>
      <value>ssawley1@go.com</value>
      <classification>U</classification>
      <restricted>false</restricted>
    </email>
    <email>
      <value>jodoogan2@pbs.org</value>
      <classification>U</classification>
      <restricted>false</restricted>
    </email>
  </emails>
  <phone>172-689-3321</phone>
  <ssn>
    <value>366-54-3135</value>
    <classification>(S)</classification>
  </ssn>
  <images>
    <image>
      <url>https://cdn1.marklogic.com/wp-content/uploads/2018/01/Diane-Burley-MarkLogic-2015.jpg</url>
      <source>
        <name>Washington Post</name>
        <ts>2011-07-04T14:55:18Z</ts>
        <uploadedBy/>
      </source>
    </image>
    <image>
      <url>https://cdn1.marklogic.com/wp-content/uploads/2018/01/Alicia-Saia-MarkLogic1.jpg</url>
      <source>
        <name>Los Angeles Times</name>
        <ts>2012-06-03T16:21:12Z</ts>
        <uploadedBy>ssteely0</uploadedBy>
      </source>
    </image>
    <image>
      <url>https://cdn1.marklogic.com/wp-content/uploads/2018/01/Diane-Burley-MarkLogic-2015.jpg</url>
      <source>
        <name>New York Times</name>
        <ts>2016-03-17T00:52:50Z</ts>
        <uploadedBy>rdeblasiis0</uploadedBy>
      </source>
    </image>
  </images>
  <addresses>
    <address>
      <street>83249 Springs Avenue</street>
      <city>Mobile</city>
      <state>AL</state>
      <postal>36610</postal>
      <country>United States</country>
      <latitude>30.7309</latitude>
      <longitude>-88.0789</longitude>
    </address>
    <address>
      <street>3 Chive Junction</street>
      <city>Tyler</city>
      <state>TX</state>
      <postal>75710</postal>
      <country>United States</country>
      <latitude>32.3475</latitude>
      <longitude>-95.3065</longitude>
    </address>
    <address>
      <street>2288 Anderson Park</street>
      <city>Phoenix</city>
      <state>AZ</state>
      <postal>85010</postal>
      <country>United States</country>
      <latitude>33.2765</latitude>
      <longitude>-112.1872</longitude>
    </address>
  </addresses>
  <schools>
    <school>
      <country>Mexico</country>
      <name>Universidad Champagnat</name>
      <city>Juarez</city>
      <state>COL</state>
      <postal>32630</postal>
      <latitude>31.6903638</latitude>
      <longitude>-106.4245478</longitude>
      <source>
        <name>USA Today</name>
        <ts>2021-02-21T00:29:32Z</ts>
      </source>
      <source>
        <name>New York Times</name>
        <ts>2018-11-27T05:57:12Z</ts>
      </source>
    </school>
    <school>
      <country>United States</country>
      <name>Rasmussen College, Minnesota Campuses</name>
      <city>Montgomery</city>
      <state>AL</state>
      <postal>36104</postal>
      <latitude>32.3989318</latitude>
      <longitude>-86.3224638</longitude>
      <source>
        <name>USA Today</name>
        <ts>2016-01-08T06:59:15Z</ts>
      </source>
      <source>
        <name>New York Times</name>
        <ts>2019-02-02T01:04:17Z</ts>
      </source>
    </school>
  </schools>
  <status>Active</status>
  <sources>
    <source>
      <name>Los Angeles Times</name>
      <ts>2014-04-16T08:57:09Z</ts>
    </source>
  </sources>
  <relations>
    <relation>
      <id>/person/10038.xml</id>
      <predicate>worksWith</predicate>
      <imageSrc>https://cdn1.marklogic.com/wp-content/uploads/2020/04/JamesKenwood-headshot-600x600-1.jpg</imageSrc>
      <fullname>Eyes Juliane</fullname>
      <city>Richmond</city>
      <state>VA</state>
    </relation>
    <relation>
      <id>/person/10024.xml</id>
      <predicate>relatedTo</predicate>
      <imageSrc>https://cdn1.marklogic.com/wp-content/uploads/2020/11/george-bloom-headshot-300x300-1.jpg</imageSrc>
      <fullname>Skett Hugues</fullname>
      <city>San Diego</city>
      <state>CA</state>
    </relation>
    <relation>
      <id>/person/10047.xml</id>
      <predicate>livesWith</predicate>
      <imageSrc>https://cdn1.marklogic.com/wp-content/uploads/2020/04/JamesKenwood-headshot-600x600-1.jpg</imageSrc>
      <fullname>Mountford Todd</fullname>
      <city>Waco</city>
      <state>TX</state>
    </relation>
    <relation>
      <id>/person/10012.xml</id>
      <predicate>worksWith</predicate>
      <imageSrc>https://cdn1.marklogic.com/wp-content/uploads/2018/02/trinh-lieu-profile.jpg</imageSrc>
      <fullname>Duddle Weider</fullname>
      <city>Tulsa</city>
      <state>OK</state>
    </relation>
    <relation>
      <id>/person/10061.xml</id>
      <predicate>relatedTo</predicate>
      <imageSrc>https://cdn1.marklogic.com/wp-content/uploads/2018/01/Michael-Malgeri-MarkLogic.jpg</imageSrc>
      <fullname>Spellesy Ileane</fullname>
      <city>Washington</city>
      <state>DC</state>
    </relation>
  </relations>
  <createdOn>
    <ts>2022-01-12T14:09:02Z</ts>
    <user>jchadband2c</user>
  </createdOn>
  <lastUpdated>
    <ts>2022-02-14T00:35:17Z</ts>
    <user>jchadband2c</user>
  </lastUpdated>
  <socials>
    <social>
      <site>linkedin</site>
      <handle>sriepl0</handle>
      <address>http://europa.eu/tincidunt/eget/tempus/vel/pede/morbi.js</address>
    </social>
    <social>
      <site>facebook</site>
      <handle/>
      <address>https://biglobe.ne.jp/diam/in/magna/bibendum/imperdiet/nullam/orci.js</address>
    </social>
  </socials>
  <memberships>
    <membership>
      <list>list10</list>
      <important>true</important>
      <ts>2022-02-18</ts>
    </membership>
    <membership>
      <list>list11</list>
      <important>true</important>
      <ts>2022-02-02</ts>
    </membership>
    <membership>
      <list>list9</list>
      <important>false</important>
      <ts>2022-02-08</ts>
    </membership>
  </memberships>
  <links>
    <link>
      <label>Quick View</label>
      <url>http://wikia.com</url>
      <icon>faEye</icon>
    </link>
    <link>
      <label>Nomination History</label>
      <url>http://noaa.gov</url>
      <icon>faMedal</icon>
    </link>
    <link>
      <label>Comments</label>
      <url>https://a8.net</url>
      <icon>faComments</icon>
    </link>
  </links>
  <activities>
    <activity>
      <predicate>transferredTo</predicate>
      <place>Skimia</place>
      <predplace>transferredTo Skimia</predplace>
      <ts>2011-06-03T05:39:32Z</ts>
      <source>
        <name>USA Today</name>
        <ts>2016-12-28T11:03:22Z</ts>
        <createdBy>Birgit Helin</createdBy>
        <approvedBy>Julia Burbidge</approvedBy>
      </source>
    </activity>
    <activity>
      <predicate>endedAt</predicate>
      <place>Jabbertype</place>
      <predplace>endedAt Jabbertype</predplace>
      <ts>2010-12-02T00:23:53Z</ts>
      <source>
        <name>New York Times</name>
        <ts>2022-04-15T09:08:58Z</ts>
        <createdBy>Leonardo Danshin</createdBy>
        <approvedBy>Mitchael Wheble</approvedBy>
      </source>
    </activity>
    <activity>
      <predicate>movedTo</predicate>
      <place>Realcube</place>
      <predplace>movedTo Realcube</predplace>
      <ts>2014-08-12T04:50:13Z</ts>
      <source>
        <name>Chicago Tribune</name>
        <ts>2020-02-22T17:58:23Z</ts>
        <createdBy>Franciskus Stoker</createdBy>
        <approvedBy>Madel Lanston</approvedBy>
      </source>
    </activity>
    <activity>
      <predicate>transferredTo</predicate>
      <place>Meejo</place>
      <predplace>transferredTo Meejo</predplace>
      <ts>2013-01-14T04:04:02Z</ts>
      <source>
        <name>Los Angeles Times</name>
        <ts>2018-08-17T20:02:58Z</ts>
        <createdBy>Bonnibelle Harrisson</createdBy>
        <approvedBy>Syd Kennaway</approvedBy>
      </source>
    </activity>
    <activity>
      <predicate>transferredTo</predicate>
      <place>Dynabox</place>
      <predplace>transferredTo Dynabox</predplace>
      <ts>2012-06-26T21:38:06Z</ts>
      <source>
        <name>Wall Street Journal</name>
        <ts>2021-06-15T19:04:13Z</ts>
        <createdBy>Cello Lardeux</createdBy>
        <approvedBy>Martica Spenley</approvedBy>
      </source>
    </activity>
    <activity>
      <predicate>startedAt</predicate>
      <place>Voonix</place>
      <predplace>startedAt Voonix</predplace>
      <ts>2011-05-17T02:34:13Z</ts>
      <source>
        <name>Washington Post</name>
        <ts>2016-04-14T22:02:24Z</ts>
        <createdBy>Rafferty Mateu</createdBy>
        <approvedBy>Todd Rappa</approvedBy>
      </source>
    </activity>
  </activities>
  <actions>
    <action>
      <url>http://about.me</url>
      <icon>faCog</icon>
    </action>
    <action>
      <url>http://etsy.com</url>
      <icon>faCode</icon>
    </action>
    <action>
      <url>https://cdc.gov</url>
      <icon>faSync</icon>
    </action>
  </actions>
</person>