<?xml version="1.0" encoding="UTF-8" standalone="yes"?>
<person>
  <personId>10081</personId>
  <nameGroup>
    <givenname>
      <value>Dukey</value>
    </givenname>
    <surname>
      <value>Bootman</value>
    </surname>
    <fullname>
      <classification>C</classification>
      <restricted>false</restricted>
      <value>Bootman Dukey</value>
      <source>
        <name>Chicago Tribune</name>
        <ts>2013-07-16T12:47:27Z</ts>
      </source>
      <source>
        <name>Chicago Tribune</name>
        <ts>2021-05-31T19:40:17Z</ts>
      </source>
    </fullname>
  </nameGroup>
  <emails>
    <email>
      <value>ssquibb0@multiply.com</value>
      <classification>U</classification>
      <restricted>false</restricted>
    </email>
    <email>
      <value>sstockwell1@wired.com</value>
      <classification>U</classification>
      <restricted>false</restricted>
    </email>
  </emails>
  <phone>236-984-8436</phone>
  <ssn>
    <value>463-93-0234</value>
    <classification>(S)</classification>
  </ssn>
  <images>
    <image>
      <url>https://cdn1.marklogic.com/wp-content/uploads/2018/01/Michael-Malgeri-MarkLogic.jpg</url>
      <source>
        <name>USA Today</name>
        <ts>2018-10-31T12:17:57Z</ts>
        <uploadedBy>slawless0</uploadedBy>
      </source>
    </image>
    <image>
      <url>https://cdn1.marklogic.com/wp-content/uploads/2021/07/chuck-hollis.jpeg</url>
      <source>
        <name>USA Today</name>
        <ts>2015-10-19T19:12:33Z</ts>
        <uploadedBy>cfooter0</uploadedBy>
      </source>
    </image>
    <image>
      <url>https://cdn1.marklogic.com/wp-content/uploads/2020/11/george-bloom-headshot-300x300-1.jpg</url>
      <source>
        <name>USA Today</name>
        <ts>2013-07-25T11:09:34Z</ts>
        <uploadedBy>dhabbema0</uploadedBy>
      </source>
    </image>
  </images>
  <addresses>
    <address>
      <street>261 Shasta Crossing</street>
      <city>Phoenix</city>
      <state>AZ</state>
      <postal>85010</postal>
      <country>United States</country>
      <latitude>33.2765</latitude>
      <longitude>-112.1872</longitude>
    </address>
    <address>
      <street>5 Bultman Place</street>
      <city>Erie</city>
      <state>PA</state>
      <postal>16534</postal>
      <country>United States</country>
      <latitude>42.1827</latitude>
      <longitude>-80.0649</longitude>
    </address>
    <address>
      <street>12782 Carpenter Circle</street>
      <city>Spokane</city>
      <state>WA</state>
      <postal>99215</postal>
      <country>United States</country>
      <latitude>47.6536</latitude>
      <longitude>-117.4317</longitude>
    </address>
  </addresses>
  <schools>
    <school>
      <country>United States</country>
      <name>Atlantic University</name>
      <city>Austin</city>
      <state>TX</state>
      <postal>78769</postal>
      <latitude>30.27</latitude>
      <longitude>-97.74</longitude>
      <source>
        <name>USA Today</name>
        <ts>2014-06-03T15:25:27Z</ts>
      </source>
      <source>
        <name>New York Times</name>
        <ts>2017-07-04T06:47:49Z</ts>
      </source>
    </school>
    <school>
      <country>Canada</country>
      <name>Collège Boréal</name>
      <city>Danville</city>
      <state>QC</state>
      <postal>J0A</postal>
      <latitude>45.7849952</latitude>
      <longitude>-72.0145063</longitude>
      <source>
        <name>USA Today</name>
        <ts>2021-06-09T19:21:04Z</ts>
      </source>
      <source>
        <name>New York Times</name>
        <ts>2010-04-26T20:41:51Z</ts>
      </source>
      <source>
        <name>Chicago Tribune</name>
        <ts>2018-08-27T05:52:16Z</ts>
      </source>
    </school>
  </schools>
  <status>Active</status>
  <sources>
    <source>
      <name>Washington Post</name>
      <ts>2018-07-18T17:52:23Z</ts>
    </source>
  </sources>
  <relations>
    <relation>
      <id>/person/10083.xml</id>
      <predicate>livesWith</predicate>
      <imageSrc>https://cdn1.marklogic.com/wp-content/uploads/2021/05/IS-headshot.jpeg</imageSrc>
      <fullname>Mailes Elwyn</fullname>
      <city>Baton Rouge</city>
      <state>LA</state>
    </relation>
    <relation>
      <id>/person/10007.xml</id>
      <predicate>livesWith</predicate>
      <imageSrc>https://cdn1.marklogic.com/wp-content/uploads/2021/05/IS-headshot.jpeg</imageSrc>
      <fullname>Darnbrough Georgeanna</fullname>
      <city>Abilene</city>
      <state>TX</state>
    </relation>
    <relation>
      <id>/person/10025.xml</id>
      <predicate>livesWith</predicate>
      <imageSrc>https://cdn1.marklogic.com/wp-content/uploads/2021/05/IS-headshot.jpeg</imageSrc>
      <fullname>Errol Suzanna</fullname>
      <city>Akron</city>
      <state>OH</state>
    </relation>
  </relations>
  <createdOn>
    <ts>2022-02-03T18:03:56Z</ts>
    <user>dbootman28</user>
  </createdOn>
  <lastUpdated>
    <ts>2022-02-09T11:38:23Z</ts>
    <user>dbootman28</user>
  </lastUpdated>
  <socials>
    <social>
      <site>twitter</site>
      <handle/>
      <address>https://multiply.com/dolor/morbi/vel/lectus/in.json</address>
    </social>
  </socials>
  <memberships>
    <membership>
      <list>list3</list>
      <important>false</important>
      <ts>2022-01-21</ts>
    </membership>
    <membership>
      <list>list4</list>
      <important>true</important>
      <ts>2022-01-09</ts>
    </membership>
  </memberships>
  <links>
    <link>
      <label>Quick View</label>
      <url>https://blogspot.com</url>
      <icon>faEye</icon>
    </link>
    <link>
      <label>Nomination History</label>
      <url>http://constantcontact.com</url>
      <icon>faMedal</icon>
    </link>
    <link>
      <label>Comments</label>
      <url>https://shutterfly.com</url>
      <icon>faComments</icon>
    </link>
  </links>
  <activities>
    <activity>
      <predicate>startedAt</predicate>
      <place>Yakijo</place>
      <predplace>startedAt Yakijo</predplace>
      <ts>2015-11-04T17:08:31Z</ts>
      <source>
        <name>USA Today</name>
        <ts>2017-10-18T17:41:28Z</ts>
        <createdBy>Aubree Laroux</createdBy>
        <approvedBy>Cindelyn Balling</approvedBy>
      </source>
    </activity>
    <activity>
      <predicate>startedAt</predicate>
      <place>Quimm</place>
      <predplace>startedAt Quimm</predplace>
      <ts>2011-03-16T19:34:23Z</ts>
      <source>
        <name>New York Times</name>
        <ts>2017-04-17T09:19:42Z</ts>
        <createdBy>Izzy Thoms</createdBy>
        <approvedBy>Decca Krimmer</approvedBy>
      </source>
    </activity>
    <activity>
      <predicate>startedAt</predicate>
      <place>Jaxnation</place>
      <predplace>startedAt Jaxnation</predplace>
      <ts>2013-04-04T13:24:39Z</ts>
      <source>
        <name>Chicago Tribune</name>
        <ts>2016-03-28T03:25:05Z</ts>
        <createdBy>Nevil Maffia</createdBy>
        <approvedBy>Shina Midden</approvedBy>
      </source>
    </activity>
    <activity>
      <predicate>startedAt</predicate>
      <place>Lazz</place>
      <predplace>startedAt Lazz</predplace>
      <ts>2012-03-26T15:38:05Z</ts>
      <source>
        <name>Los Angeles Times</name>
        <ts>2019-11-02T05:35:55Z</ts>
        <createdBy>Leta Nuss</createdBy>
        <approvedBy>Torrence Eadie</approvedBy>
      </source>
    </activity>
  </activities>
  <actions>
    <action>
      <url>http://google.de</url>
      <icon>faCog</icon>
    </action>
    <action>
      <url>http://blinklist.com</url>
      <icon>faCode</icon>
    </action>
    <action>
      <url>http://exblog.jp</url>
      <icon>faSync</icon>
    </action>
  </actions>
</person>