<?xml version="1.0" encoding="UTF-8" standalone="yes"?>
<person>
  <personId>10083</personId>
  <nameGroup>
    <givenname>
      <value>Camile</value>
    </givenname>
    <surname>
      <value>Martyntsev</value>
    </surname>
    <fullname>
      <classification>U</classification>
      <restricted>true</restricted>
      <value>Martyntsev Camile</value>
      <source>
        <name>Los Angeles Times</name>
        <ts>2013-07-29T06:26:11Z</ts>
      </source>
    </fullname>
  </nameGroup>
  <emails>
    <email>
      <value>bzima0@webeden.co.uk</value>
      <classification>S</classification>
      <restricted>false</restricted>
    </email>
    <email>
      <value>dscantlebury1@blogspot.com</value>
      <classification>C</classification>
      <restricted>false</restricted>
    </email>
  </emails>
  <phone>646-346-3067</phone>
  <contacts>
    <contact>
      <type>phone</type>
      <value>218-458-5474</value>
    </contact>
    <contact>
      <type>email</type>
      <value>trodrigo1@nationalgeographic.com</value>
    </contact>
    <contact>
      <type>email</type>
      <value>mstearne2@nba.com</value>
    </contact>
  </contacts>
  <ssn>
    <value>569-94-2312</value>
    <classification>(S)</classification>
  </ssn>
  <images>
    <image>
      <url>https://cdn1.marklogic.com/wp-content/uploads/2018/01/Alicia-Saia-MarkLogic1.jpg</url>
      <source>
        <name>Washington Post</name>
        <ts>2013-10-22T09:43:57Z</ts>
        <uploadedBy>kadamski0</uploadedBy>
      </source>
    </image>
    <image>
      <url>https://cdn1.marklogic.com/wp-content/uploads/2018/01/Michael-Malgeri-MarkLogic.jpg</url>
      <source>
        <name>Chicago Tribune</name>
        <ts>2010-08-24T23:31:47Z</ts>
        <uploadedBy/>
      </source>
    </image>
  </images>
  <addresses>
    <address>
      <street>78 Colorado Trail</street>
      <city>Miami</city>
      <state>FL</state>
      <postal>33180</postal>
      <country>United States</country>
      <latitude>25.9597</latitude>
      <longitude>-80.1403</longitude>
    </address>
    <address>
      <street>2 Carpenter Trail</street>
      <city>Buffalo</city>
      <state>NY</state>
      <postal>14220</postal>
      <country>United States</country>
      <latitude>42.8441</latitude>
      <longitude>-78.8182</longitude>
    </address>
    <address>
      <street>35950 Dahle Plaza</street>
      <city>Bryan</city>
      <state>TX</state>
      <postal>77806</postal>
      <country>United States</country>
      <latitude>30.6521</latitude>
      <longitude>-96.341</longitude>
    </address>
  </addresses>
  <schools>
    <school>
      <country>United States</country>
      <name>Lamar University - Port Arthur</name>
      <city>Denver</city>
      <state>CO</state>
      <postal>80262</postal>
      <latitude>39.7167888</latitude>
      <longitude>-104.9665815</longitude>
      <source>
        <name>USA Today</name>
        <ts>2011-04-17T08:03:10Z</ts>
      </source>
    </school>
  </schools>
  <status>Active</status>
  <sources>
    <source>
      <name>Wall Street Journal</name>
      <ts>2010-12-03T09:35:43Z</ts>
    </source>
  </sources>
  <sources>
    <source>
      <name>USA Today</name>
      <ts>2021-11-26T23:39:59Z</ts>
    </source>
  </sources>
  <relations>
    <relation>
      <id>/person/10039.xml</id>
      <predicate>worksWith</predicate>
      <imageSrc>https://cdn1.marklogic.com/wp-content/uploads/2018/02/trinh-lieu-profile.jpg</imageSrc>
      <fullname>Killelay Selene</fullname>
      <city>Riverside</city>
      <state>CA</state>
    </relation>
    <relation>
      <id>/person/10088.xml</id>
      <predicate>relatedTo</predicate>
      <imageSrc>https://cdn1.marklogic.com/wp-content/uploads/2018/01/Alicia-Saia-MarkLogic1.jpg</imageSrc>
      <fullname>Wearing Gareth</fullname>
      <city>Northridge</city>
      <state>CA</state>
    </relation>
    <relation>
      <id>/person/10037.xml</id>
      <predicate>livesWith</predicate>
      <imageSrc>https://cdn1.marklogic.com/wp-content/uploads/2018/01/Diane-Burley-MarkLogic-2015.jpg</imageSrc>
      <fullname>MacGillivray Mano</fullname>
      <city>Boise</city>
      <state>ID</state>
    </relation>
    <relation>
      <id>/person/10071.xml</id>
      <predicate>relatedTo</predicate>
      <imageSrc>https://cdn1.marklogic.com/wp-content/uploads/2020/11/george-bloom-headshot-300x300-1.jpg</imageSrc>
      <fullname>Beardsley Ira</fullname>
      <city>Atlanta</city>
      <state>GA</state>
    </relation>
    <relation>
      <id>/person/10090.xml</id>
      <predicate>livesWith</predicate>
      <imageSrc>https://cdn1.marklogic.com/wp-content/uploads/2020/04/JamesKenwood-headshot-600x600-1.jpg</imageSrc>
      <fullname>Ware Sherlock</fullname>
      <city>Reno</city>
      <state>NV</state>
    </relation>
  </relations>
  <createdOn>
    <ts>2022-01-10T10:02:12Z</ts>
    <user>cmartyntsev2a</user>
  </createdOn>
  <lastUpdated>
    <ts>2022-01-15T03:26:01Z</ts>
    <user>cmartyntsev2a</user>
  </lastUpdated>
  <socials>
    <social>
      <site>linkedin</site>
      <handle>bloughan0</handle>
      <address>https://arizona.edu/metus/sapien/ut/nunc/vestibulum.html</address>
    </social>
    <social>
      <site>facebook</site>
      <handle>icleever1</handle>
      <address>http://phoca.cz/donec/diam.html</address>
    </social>
  </socials>
  <memberships>
    <membership>
      <list>list1</list>
      <important>false</important>
      <ts>2022-01-05</ts>
    </membership>
    <membership>
      <list>list10</list>
      <important>true</important>
      <ts>2022-02-17</ts>
    </membership>
    <membership>
      <list>list1</list>
      <important>false</important>
      <ts>2022-01-11</ts>
    </membership>
    <membership>
      <list>list11</list>
      <important>true</important>
      <ts>2022-02-15</ts>
    </membership>
    <membership>
      <list>list12</list>
      <important>true</important>
      <ts>2022-01-27</ts>
    </membership>
    <membership>
      <list>list7</list>
      <important>true</important>
      <ts>2022-02-05</ts>
    </membership>
  </memberships>
  <links>
    <link>
      <label>Quick View</label>
      <url>https://hostgator.com</url>
      <icon>faEye</icon>
    </link>
    <link>
      <label>Nomination History</label>
      <url>https://latimes.com</url>
      <icon>faMedal</icon>
    </link>
    <link>
      <label>Comments</label>
      <url>https://bravesites.com</url>
      <icon>faComments</icon>
    </link>
  </links>
  <activities>
    <activity>
      <predicate>endedAt</predicate>
      <place>Zoomlounge</place>
      <predplace>endedAt Zoomlounge</predplace>
      <ts>2016-05-06T06:21:24Z</ts>
      <source>
        <name>USA Today</name>
        <ts>2020-04-13T20:00:56Z</ts>
        <createdBy>Carson Shilito</createdBy>
        <approvedBy>Vernice Coales</approvedBy>
      </source>
    </activity>
    <activity>
      <predicate>startedAt</predicate>
      <place>Oyonder</place>
      <predplace>startedAt Oyonder</predplace>
      <ts>2014-02-14T12:11:23Z</ts>
      <source>
        <name>New York Times</name>
        <ts>2020-08-22T16:07:58Z</ts>
        <createdBy>Bernita Free</createdBy>
        <approvedBy>Fabiano Comettoi</approvedBy>
      </source>
    </activity>
  </activities>
  <events>
    <event>
      <predicate>livedIn</predicate>
      <place>Tunisia</place>
      <predplace>livedIn Tunisia</predplace>
      <end>2018-03-25T23:52:22Z</end>
      <start>2016-01-31T01:21:22Z</start>
    </event>
  </events>
  <actions>
    <action>
      <url>http://hc360.com</url>
      <icon>faCog</icon>
    </action>
    <action>
      <url>https://sbwire.com</url>
      <icon>faCode</icon>
    </action>
    <action>
      <url>http://va.gov</url>
      <icon>faSync</icon>
    </action>
  </actions>
</person>