<?xml version="1.0" encoding="UTF-8" standalone="yes"?>
<person>
  <personId>10080</personId>
  <nameGroup>
    <givenname>
      <value>Adriane</value>
    </givenname>
    <surname>
      <value>Chesterman</value>
    </surname>
    <fullname>
      <classification>C</classification>
      <restricted>false</restricted>
      <value>Chesterman Adriane</value>
      <source>
        <name>USA Today</name>
        <ts>2017-01-29T07:02:38Z</ts>
      </source>
    </fullname>
  </nameGroup>
  <emails>
    <email>
      <value>jmather0@instagram.com</value>
      <classification>S</classification>
      <restricted>false</restricted>
    </email>
    <email>
      <value>hlosbie1@t.co</value>
      <classification>S</classification>
      <restricted>false</restricted>
    </email>
  </emails>
  <phone>106-476-5920</phone>
  <contacts>
    <contact>
      <type>phone</type>
      <value>329-682-0683</value>
    </contact>
    <contact>
      <type>phone</type>
      <value>192-249-7925</value>
    </contact>
    <contact>
      <type>email</type>
      <value>bcleobury2@bing.com</value>
    </contact>
  </contacts>
  <ssn>
    <value>280-08-1329</value>
    <classification>(S)</classification>
  </ssn>
  <images>
    <image>
      <url>https://cdn1.marklogic.com/wp-content/uploads/2020/11/george-bloom-headshot-300x300-1.jpg</url>
      <source>
        <name>Wall Street Journal</name>
        <ts>2017-12-10T15:33:07Z</ts>
        <uploadedBy>gdegowe0</uploadedBy>
      </source>
    </image>
    <image>
      <url>https://cdn1.marklogic.com/wp-content/uploads/2018/01/headshot_square_286x286.jpg</url>
      <source>
        <name>Wall Street Journal</name>
        <ts>2018-07-18T20:25:18Z</ts>
        <uploadedBy/>
      </source>
    </image>
  </images>
  <addresses>
    <address>
      <street>2 Darwin Avenue</street>
      <city>Helena</city>
      <state>MT</state>
      <postal>59623</postal>
      <country>United States</country>
      <latitude>46.5901</latitude>
      <longitude>-112.0402</longitude>
    </address>
    <address>
      <street>258 Melody Park</street>
      <city>Philadelphia</city>
      <state>PA</state>
      <postal>19109</postal>
      <country>United States</country>
      <latitude>39.9496</latitude>
      <longitude>-75.1637</longitude>
    </address>
  </addresses>
  <schools>
    <school>
      <country>Mexico</country>
      <name>Universidad del Mayab</name>
      <city>Bellavista</city>
      <state>VER</state>
      <postal>92736</postal>
      <latitude>19.3972335</latitude>
      <longitude>-99.1933664</longitude>
      <source>
        <name>USA Today</name>
        <ts>2013-10-07T17:11:32Z</ts>
      </source>
      <source>
        <name>New York Times</name>
        <ts>2010-09-09T17:33:51Z</ts>
      </source>
    </school>
    <school>
      <country>United States</country>
      <name>Loyola University of Chicago</name>
      <city>Roanoke</city>
      <state>VA</state>
      <postal>24040</postal>
      <latitude>37.27</latitude>
      <longitude>-79.94</longitude>
      <source>
        <name>USA Today</name>
        <ts>2010-12-20T13:02:35Z</ts>
      </source>
    </school>
  </schools>
  <status>Active</status>
  <sources>
    <source>
      <name>Washington Post</name>
      <ts>2012-03-30T13:10:06Z</ts>
    </source>
  </sources>
  <sources>
    <source>
      <name>Chicago Tribune</name>
      <ts>2011-02-08T23:41:33Z</ts>
    </source>
  </sources>
  <sources>
    <source>
      <name>Chicago Tribune</name>
      <ts>2021-02-22T07:47:15Z</ts>
    </source>
  </sources>
  <relations>
    <relation>
      <id>/person/10061.xml</id>
      <predicate>relatedTo</predicate>
      <imageSrc>https://cdn1.marklogic.com/wp-content/uploads/2018/01/Michael-Malgeri-MarkLogic.jpg</imageSrc>
      <fullname>Yves Josepha</fullname>
      <city>Minneapolis</city>
      <state>MN</state>
    </relation>
    <relation>
      <id>/person/10008.xml</id>
      <predicate>worksWith</predicate>
      <imageSrc>https://cdn1.marklogic.com/wp-content/uploads/2018/02/trinh-lieu-profile.jpg</imageSrc>
      <fullname>Dell Casa Laverna</fullname>
      <city>Lake Charles</city>
      <state>LA</state>
    </relation>
    <relation>
      <id>/person/10016.xml</id>
      <predicate>relatedTo</predicate>
      <imageSrc>https://cdn1.marklogic.com/wp-content/uploads/2021/05/IS-headshot.jpeg</imageSrc>
      <fullname>Patek Veronica</fullname>
      <city>Milwaukee</city>
      <state>WI</state>
    </relation>
  </relations>
  <createdOn>
    <ts>2022-01-29T23:29:34Z</ts>
    <user>achesterman27</user>
  </createdOn>
  <lastUpdated>
    <ts>2022-02-04T09:36:28Z</ts>
    <user>achesterman27</user>
  </lastUpdated>
  <socials>
    <social>
      <site>linkedin</site>
      <handle>myanin0</handle>
      <address>https://webs.com/in/consequat/ut.jsp</address>
    </social>
    <social>
      <site>facebook</site>
      <handle>mdudmarsh1</handle>
      <address>https://cbslocal.com/dui/proin/leo/odio/porttitor.json</address>
    </social>
    <social>
      <site>linkedin</site>
      <handle>rairton2</handle>
      <address>http://nsw.gov.au/tortor/risus/dapibus/augue.jsp</address>
    </social>
  </socials>
  <memberships>
    <membership>
      <list>list6</list>
      <important>true</important>
      <ts>2022-01-13</ts>
    </membership>
    <membership>
      <list>list2</list>
      <important>false</important>
      <ts>2022-01-08</ts>
    </membership>
  </memberships>
  <links>
    <link>
      <label>Quick View</label>
      <url>http://elpais.com</url>
      <icon>faEye</icon>
    </link>
    <link>
      <label>Nomination History</label>
      <url>https://theglobeandmail.com</url>
      <icon>faMedal</icon>
    </link>
    <link>
      <label>Comments</label>
      <url>http://list-manage.com</url>
      <icon>faComments</icon>
    </link>
  </links>
  <activities>
    <activity>
      <predicate>endedAt</predicate>
      <place>Skimia</place>
      <predplace>endedAt Skimia</predplace>
      <ts>2015-09-05T12:29:41Z</ts>
      <source>
        <name>USA Today</name>
        <ts>2021-01-18T06:18:48Z</ts>
        <createdBy>Nettle Filipic</createdBy>
        <approvedBy>Perice Worster</approvedBy>
      </source>
    </activity>
    <activity>
      <predicate>transferredTo</predicate>
      <place>Yamia</place>
      <predplace>transferredTo Yamia</predplace>
      <ts>2016-08-18T04:26:59Z</ts>
      <source>
        <name>New York Times</name>
        <ts>2020-12-06T14:14:35Z</ts>
        <createdBy>Ramonda Corpe</createdBy>
        <approvedBy>Thadeus Eudall</approvedBy>
      </source>
    </activity>
  </activities>
  <events>
    <event>
      <predicate>servedIn</predicate>
      <place>Russia</place>
      <predplace>servedIn Russia</predplace>
      <end>2018-04-13T08:58:09Z</end>
      <start>2016-04-06T11:12:27Z</start>
    </event>
  </events>
  <actions>
    <action>
      <url>https://slashdot.org</url>
      <icon>faCog</icon>
    </action>
    <action>
      <url>https://icq.com</url>
      <icon>faCode</icon>
    </action>
    <action>
      <url>http://wordpress.com</url>
      <icon>faSync</icon>
    </action>
  </actions>
</person>