<?xml version="1.0" encoding="UTF-8" standalone="yes"?>
<person>
  <personId>10083</personId>
  <nameGroup>
    <givenname>
      <value>Elwyn</value>
    </givenname>
    <surname>
      <value>Mailes</value>
    </surname>
    <fullname>
      <classification>S</classification>
      <restricted>false</restricted>
      <value>Mailes Elwyn</value>
      <source>
        <name>Los Angeles Times</name>
        <ts>2015-06-12T16:05:21Z</ts>
      </source>
      <source>
        <name>New York Times</name>
        <ts>2010-07-28T03:30:25Z</ts>
      </source>
      <source>
        <name>Wall Street Journal</name>
        <ts>2018-12-21T17:33:21Z</ts>
      </source>
    </fullname>
  </nameGroup>
  <emails>
    <email>
      <value>bpetett0@themeforest.net</value>
      <classification>S</classification>
      <restricted>false</restricted>
    </email>
    <email>
      <value>mmacdonell1@guardian.co.uk</value>
      <classification>S</classification>
      <restricted>false</restricted>
    </email>
    <email>
      <value>lgwalter2@tripod.com</value>
      <classification>C</classification>
      <restricted>false</restricted>
    </email>
  </emails>
  <phone>384-967-6416</phone>
  <ssn>
    <value>893-06-2586</value>
    <classification>(S)</classification>
  </ssn>
  <images>
    <image>
      <url>https://cdn1.marklogic.com/wp-content/uploads/2021/05/IS-headshot.jpeg</url>
      <source>
        <name>Wall Street Journal</name>
        <ts>2012-12-15T16:30:08Z</ts>
        <uploadedBy/>
      </source>
    </image>
  </images>
  <addresses>
    <address>
      <street>5066 Westridge Way</street>
      <city>Baton Rouge</city>
      <state>LA</state>
      <postal>70810</postal>
      <country>United States</country>
      <latitude>30.3633</latitude>
      <longitude>-91.0919</longitude>
    </address>
  </addresses>
  <schools>
    <school>
      <country>United States</country>
      <name>Bellin College of Nursing</name>
      <city>Pensacola</city>
      <state>FL</state>
      <postal>32575</postal>
      <latitude>30.475663</latitude>
      <longitude>-87.193563</longitude>
      <source>
        <name>USA Today</name>
        <ts>2015-09-19T00:02:38Z</ts>
      </source>
      <source>
        <name>New York Times</name>
        <ts>2014-06-29T10:39:43Z</ts>
      </source>
    </school>
  </schools>
  <status>Active</status>
  <sources>
    <source>
      <name>Washington Post</name>
      <ts>2020-12-21T15:24:32Z</ts>
    </source>
  </sources>
  <sources>
    <source>
      <name>Chicago Tribune</name>
      <ts>2011-07-13T10:40:19Z</ts>
    </source>
  </sources>
  <sources>
    <source>
      <name>Washington Post</name>
      <ts>2015-06-05T17:20:59Z</ts>
    </source>
  </sources>
  <relations>
    <relation>
      <id>/person/10035.xml</id>
      <predicate>relatedTo</predicate>
      <imageSrc>https://cdn1.marklogic.com/wp-content/uploads/2018/01/Alicia-Saia-MarkLogic1.jpg</imageSrc>
      <fullname>Van den Broek Gilda</fullname>
      <city>Buffalo</city>
      <state>NY</state>
    </relation>
    <relation>
      <id>/person/10030.xml</id>
      <predicate>worksWith</predicate>
      <imageSrc>https://cdn1.marklogic.com/wp-content/uploads/2020/04/JamesKenwood-headshot-600x600-1.jpg</imageSrc>
      <fullname>Glader Muire</fullname>
      <city>Pensacola</city>
      <state>FL</state>
    </relation>
    <relation>
      <id>/person/10094.xml</id>
      <predicate>livesWith</predicate>
      <imageSrc>https://cdn1.marklogic.com/wp-content/uploads/2021/05/IS-headshot.jpeg</imageSrc>
      <fullname>Brierley Koren</fullname>
      <city>Miami</city>
      <state>FL</state>
    </relation>
    <relation>
      <id>/person/10083.xml</id>
      <predicate>worksWith</predicate>
      <imageSrc>https://cdn1.marklogic.com/wp-content/uploads/2021/05/IS-headshot.jpeg</imageSrc>
      <fullname>Mailes Elwyn</fullname>
      <city>Baton Rouge</city>
      <state>LA</state>
    </relation>
    <relation>
      <id>/person/10041.xml</id>
      <predicate>livesWith</predicate>
      <imageSrc>https://cdn1.marklogic.com/wp-content/uploads/2021/02/1612313387205.jpeg</imageSrc>
      <fullname>Breward Cari</fullname>
      <city>Dallas</city>
      <state>TX</state>
    </relation>
  </relations>
  <createdOn>
    <ts>2022-02-07T05:44:16Z</ts>
    <user>emailes2a</user>
  </createdOn>
  <lastUpdated>
    <ts>2022-02-07T01:34:03Z</ts>
    <user>emailes2a</user>
  </lastUpdated>
  <socials>
    <social>
      <site>linkedin</site>
      <handle>pmacpeake0</handle>
      <address>https://unc.edu/mauris/non/ligula/pellentesque.jpg</address>
    </social>
  </socials>
  <memberships>
    <membership>
      <list>list4</list>
      <important>false</important>
      <ts>2022-02-24</ts>
    </membership>
    <membership>
      <list>list12</list>
      <important>false</important>
      <ts>2022-02-17</ts>
    </membership>
    <membership>
      <list>list11</list>
      <important>true</important>
      <ts>2022-01-30</ts>
    </membership>
    <membership>
      <list>list9</list>
      <important>false</important>
      <ts>2022-02-19</ts>
    </membership>
    <membership>
      <list>list8</list>
      <important>true</important>
      <ts>2022-01-15</ts>
    </membership>
  </memberships>
  <links>
    <link>
      <label>Quick View</label>
      <url>https://flickr.com</url>
      <icon>faEye</icon>
    </link>
    <link>
      <label>Nomination History</label>
      <url>https://netscape.com</url>
      <icon>faMedal</icon>
    </link>
    <link>
      <label>Comments</label>
      <url>http://china.com.cn</url>
      <icon>faComments</icon>
    </link>
  </links>
  <activities>
    <activity>
      <predicate>transferredTo</predicate>
      <place>Realbridge</place>
      <predplace>transferredTo Realbridge</predplace>
      <ts>2014-04-16T05:16:32Z</ts>
      <source>
        <name>USA Today</name>
        <ts>2016-10-01T19:11:18Z</ts>
        <createdBy>Andi Besque</createdBy>
        <approvedBy>Catie Fareweather</approvedBy>
      </source>
    </activity>
    <activity>
      <predicate>startedAt</predicate>
      <place>Quinu</place>
      <predplace>startedAt Quinu</predplace>
      <ts>2014-09-27T10:41:48Z</ts>
      <source>
        <name>New York Times</name>
        <ts>2020-01-19T14:54:19Z</ts>
        <createdBy>Ulrikaumeko Kirkwood</createdBy>
        <approvedBy>Merwin Seine</approvedBy>
      </source>
    </activity>
    <activity>
      <predicate>startedAt</predicate>
      <place>Bluejam</place>
      <predplace>startedAt Bluejam</predplace>
      <ts>2015-05-03T19:17:26Z</ts>
      <source>
        <name>Chicago Tribune</name>
        <ts>2016-10-27T12:42:39Z</ts>
        <createdBy>Marys Doogood</createdBy>
        <approvedBy>Bradney Braime</approvedBy>
      </source>
    </activity>
    <activity>
      <predicate>transferredTo</predicate>
      <place>Twitterwire</place>
      <predplace>transferredTo Twitterwire</predplace>
      <ts>2011-11-26T19:30:39Z</ts>
      <source>
        <name>Los Angeles Times</name>
        <ts>2021-01-22T01:56:35Z</ts>
        <createdBy>Nathan Roscoe</createdBy>
        <approvedBy>Danna Growcock</approvedBy>
      </source>
    </activity>
    <activity>
      <predicate>transferredTo</predicate>
      <place>Minyx</place>
      <predplace>transferredTo Minyx</predplace>
      <ts>2015-06-01T01:12:11Z</ts>
      <source>
        <name>Wall Street Journal</name>
        <ts>2020-08-01T15:27:44Z</ts>
        <createdBy>Horten Pountain</createdBy>
        <approvedBy>Emelen Latchford</approvedBy>
      </source>
    </activity>
    <activity>
      <predicate>transferredTo</predicate>
      <place>Riffwire</place>
      <predplace>transferredTo Riffwire</predplace>
      <ts>2013-10-16T06:19:35Z</ts>
      <source>
        <name>Washington Post</name>
        <ts>2021-03-08T09:17:15Z</ts>
        <createdBy>Costanza O'Nion</createdBy>
        <approvedBy>Karola Cunah</approvedBy>
      </source>
    </activity>
    <activity>
      <predicate>endedAt</predicate>
      <place>Devcast</place>
      <predplace>endedAt Devcast</predplace>
      <ts>2013-01-06T02:28:48Z</ts>
      <source>
        <name>USA Today</name>
        <ts>2016-03-01T14:13:59Z</ts>
        <createdBy>Bryant Santostefano.</createdBy>
        <approvedBy>Cindelyn Brennen</approvedBy>
      </source>
    </activity>
  </activities>
  <actions>
    <action>
      <url>https://blogtalkradio.com</url>
      <icon>faCog</icon>
    </action>
    <action>
      <url>http://gravatar.com</url>
      <icon>faCode</icon>
    </action>
    <action>
      <url>https://kickstarter.com</url>
      <icon>faSync</icon>
    </action>
  </actions>
</person>