<?xml version="1.0" encoding="UTF-8" standalone="yes"?>
<person>
  <personId>10084</personId>
  <nameGroup>
    <givenname>
      <value>Rora</value>
    </givenname>
    <surname>
      <value>Stienham</value>
    </surname>
    <fullname>
      <classification>U</classification>
      <restricted>false</restricted>
      <value>Stienham Rora</value>
      <source>
        <name>Los Angeles Times</name>
        <ts>2019-05-06T09:24:43Z</ts>
      </source>
      <source>
        <name>New York Times</name>
        <ts>2020-09-03T10:39:19Z</ts>
      </source>
      <source>
        <name>New York Times</name>
        <ts>2016-02-27T11:04:48Z</ts>
      </source>
    </fullname>
  </nameGroup>
  <emails>
    <email>
      <value>ageram0@seesaa.net</value>
      <classification>U</classification>
      <restricted>false</restricted>
    </email>
    <email>
      <value>fpirnie1@army.mil</value>
      <classification>C</classification>
      <restricted>false</restricted>
    </email>
  </emails>
  <phone>422-347-9260</phone>
  <contacts>
    <contact>
      <type>phone</type>
      <value>767-127-3992</value>
    </contact>
    <contact>
      <type>email</type>
      <value>nenstone1@alibaba.com</value>
    </contact>
    <contact>
      <type>phone</type>
      <value>767-720-6354</value>
    </contact>
  </contacts>
  <ssn>
    <value>784-14-1739</value>
    <classification>(S)</classification>
  </ssn>
  <images>
    <image>
      <url>https://cdn1.marklogic.com/wp-content/uploads/2021/05/IS-headshot.jpeg</url>
      <source>
        <name>Chicago Tribune</name>
        <ts>2010-07-20T07:52:20Z</ts>
        <uploadedBy>rproschke0</uploadedBy>
      </source>
    </image>
    <image>
      <url>https://cdn1.marklogic.com/wp-content/uploads/2020/11/george-bloom-headshot-300x300-1.jpg</url>
      <source>
        <name>Wall Street Journal</name>
        <ts>2014-05-04T22:47:23Z</ts>
        <uploadedBy>eadelman0</uploadedBy>
      </source>
    </image>
  </images>
  <addresses>
    <address>
      <street>004 Huxley Alley</street>
      <city>Fresno</city>
      <state>CA</state>
      <postal>93773</postal>
      <country>United States</country>
      <latitude>36.7464</latitude>
      <longitude>-119.6397</longitude>
    </address>
    <address>
      <street>6081 Columbus Parkway</street>
      <city>Mobile</city>
      <state>AL</state>
      <postal>36641</postal>
      <country>United States</country>
      <latitude>30.6589</latitude>
      <longitude>-88.178</longitude>
    </address>
    <address>
      <street>93132 Prairieview Road</street>
      <city>Mobile</city>
      <state>AL</state>
      <postal>36610</postal>
      <country>United States</country>
      <latitude>30.7309</latitude>
      <longitude>-88.0789</longitude>
    </address>
  </addresses>
  <schools>
    <school>
      <country>Mexico</country>
      <name>Universidad Autónoma Metropolitana - Xochimilco</name>
      <city>San Sebastian</city>
      <state>MEX</state>
      <postal>51950</postal>
      <latitude>19.782027</latitude>
      <longitude>-99.0598732</longitude>
      <source>
        <name>USA Today</name>
        <ts>2012-08-25T15:47:35Z</ts>
      </source>
      <source>
        <name>New York Times</name>
        <ts>2018-09-22T02:14:36Z</ts>
      </source>
      <source>
        <name>Chicago Tribune</name>
        <ts>2014-08-27T22:24:59Z</ts>
      </source>
    </school>
  </schools>
  <status>Inactive</status>
  <sources>
    <source>
      <name>Wall Street Journal</name>
      <ts>2015-11-06T00:00:42Z</ts>
    </source>
  </sources>
  <relations>
    <relation>
      <id>/person/10007.xml</id>
      <predicate>livesWith</predicate>
      <imageSrc>https://cdn1.marklogic.com/wp-content/uploads/2018/01/Michael-Malgeri-MarkLogic.jpg</imageSrc>
      <fullname>Heims Riccardo</fullname>
      <city>Saginaw</city>
      <state>MI</state>
    </relation>
    <relation>
      <id>/person/10075.xml</id>
      <predicate>livesWith</predicate>
      <imageSrc>https://cdn1.marklogic.com/wp-content/uploads/2020/04/JamesKenwood-headshot-600x600-1.jpg</imageSrc>
      <fullname>Wortt Jillayne</fullname>
      <city>Denver</city>
      <state>CO</state>
    </relation>
    <relation>
      <id>/person/10035.xml</id>
      <predicate>relatedTo</predicate>
      <imageSrc>https://cdn1.marklogic.com/wp-content/uploads/2018/01/Diane-Burley-MarkLogic-2015.jpg</imageSrc>
      <fullname>Portchmouth Pauletta</fullname>
      <city>San Antonio</city>
      <state>TX</state>
    </relation>
    <relation>
      <id>/person/10049.xml</id>
      <predicate>worksWith</predicate>
      <imageSrc>https://cdn1.marklogic.com/wp-content/uploads/2018/01/Alicia-Saia-MarkLogic1.jpg</imageSrc>
      <fullname>Gatheridge Chip</fullname>
      <city>Washington</city>
      <state>DC</state>
    </relation>
  </relations>
  <createdOn>
    <ts>2022-02-21T13:57:39Z</ts>
    <user>rstienham2b</user>
  </createdOn>
  <lastUpdated>
    <ts>2022-02-15T10:11:07Z</ts>
    <user>rstienham2b</user>
  </lastUpdated>
  <socials>
    <social>
      <site>twitter</site>
      <handle/>
      <address>http://twitpic.com/id/sapien/in/sapien.aspx</address>
    </social>
  </socials>
  <memberships/>
  <links>
    <link>
      <label>Quick View</label>
      <url>http://discuz.net</url>
      <icon>faEye</icon>
    </link>
    <link>
      <label>Nomination History</label>
      <url>https://dedecms.com</url>
      <icon>faMedal</icon>
    </link>
    <link>
      <label>Comments</label>
      <url>http://spiegel.de</url>
      <icon>faComments</icon>
    </link>
  </links>
  <activities>
    <activity>
      <predicate>movedTo</predicate>
      <place>Katz</place>
      <predplace>movedTo Katz</predplace>
      <ts>2015-06-14T00:48:53Z</ts>
      <source>
        <name>USA Today</name>
        <ts>2020-09-24T05:31:08Z</ts>
        <createdBy>Sherill Tomkowicz</createdBy>
        <approvedBy>Lauraine Sextone</approvedBy>
      </source>
    </activity>
    <activity>
      <predicate>transferredTo</predicate>
      <place>Wikibox</place>
      <predplace>transferredTo Wikibox</predplace>
      <ts>2019-12-28T01:40:56Z</ts>
      <source>
        <name>New York Times</name>
        <ts>2020-11-02T01:42:44Z</ts>
        <createdBy>Isabella Roussel</createdBy>
        <approvedBy>Mike Bennit</approvedBy>
      </source>
    </activity>
    <activity>
      <predicate>movedTo</predicate>
      <place>Skalith</place>
      <predplace>movedTo Skalith</predplace>
      <ts>2015-07-13T01:46:10Z</ts>
      <source>
        <name>Chicago Tribune</name>
        <ts>2020-11-28T20:24:11Z</ts>
        <createdBy>Maureen Elphinstone</createdBy>
        <approvedBy>Niles Ohm</approvedBy>
      </source>
    </activity>
  </activities>
  <events>
    <event>
      <predicate>visited</predicate>
      <place>Macedonia</place>
      <predplace>visited Macedonia</predplace>
      <end>2017-12-24T09:02:17Z</end>
      <start>2015-03-17T03:06:11Z</start>
    </event>
  </events>
  <actions>
    <action>
      <url>http://blog.com</url>
      <icon>faCog</icon>
    </action>
    <action>
      <url>https://europa.eu</url>
      <icon>faCode</icon>
    </action>
    <action>
      <url>https://seesaa.net</url>
      <icon>faSync</icon>
    </action>
  </actions>
</person>