<?xml version="1.0" encoding="UTF-8" standalone="yes"?>
<person>
  <personId>10087</personId>
  <nameGroup>
    <givenname>
      <value>Margaretha</value>
    </givenname>
    <surname>
      <value>Windless</value>
    </surname>
    <fullname>
      <classification>U</classification>
      <restricted>true</restricted>
      <value>Windless Margaretha</value>
      <source>
        <name>Wall Street Journal</name>
        <ts>2014-02-28T10:47:18Z</ts>
      </source>
      <source>
        <name>Chicago Tribune</name>
        <ts>2018-07-13T00:36:21Z</ts>
      </source>
      <source>
        <name>Los Angeles Times</name>
        <ts>2014-05-10T16:07:54Z</ts>
      </source>
    </fullname>
  </nameGroup>
  <emails>
    <email>
      <value>agandrich0@blogs.com</value>
      <classification>U</classification>
      <restricted>false</restricted>
    </email>
    <email>
      <value>vhegley1@upenn.edu</value>
      <classification>U</classification>
      <restricted>false</restricted>
    </email>
    <email>
      <value>ddearan2@accuweather.com</value>
      <classification>U</classification>
      <restricted>false</restricted>
    </email>
  </emails>
  <phone>317-811-9433</phone>
  <ssn>
    <value>841-48-5537</value>
    <classification>(S)</classification>
  </ssn>
  <images>
    <image>
      <url>https://cdn1.marklogic.com/wp-content/uploads/2018/01/Alicia-Saia-MarkLogic1.jpg</url>
      <source>
        <name>Los Angeles Times</name>
        <ts>2017-02-08T09:05:30Z</ts>
        <uploadedBy/>
      </source>
    </image>
    <image>
      <url>https://cdn1.marklogic.com/wp-content/uploads/2021/05/IS-headshot.jpeg</url>
      <source>
        <name>Washington Post</name>
        <ts>2010-09-25T12:57:03Z</ts>
        <uploadedBy>thoudhury0</uploadedBy>
      </source>
    </image>
  </images>
  <addresses>
    <address>
      <street>8 Superior Place</street>
      <city>Seattle</city>
      <state>WA</state>
      <postal>98115</postal>
      <country>United States</country>
      <latitude>47.6849</latitude>
      <longitude>-122.2968</longitude>
    </address>
  </addresses>
  <schools>
    <school>
      <country>Mexico</country>
      <name>Universidad de las Américas - Puebla</name>
      <city>El Limon</city>
      <state>VER</state>
      <postal>92105</postal>
      <latitude>19.75</latitude>
      <longitude>-104.016667</longitude>
      <source>
        <name>USA Today</name>
        <ts>2011-05-10T14:58:54Z</ts>
      </source>
      <source>
        <name>New York Times</name>
        <ts>2013-11-25T19:50:11Z</ts>
      </source>
    </school>
    <school>
      <country>Canada</country>
      <name>Campion College</name>
      <city>Norman Wells</city>
      <state>NT</state>
      <postal>H3G</postal>
      <latitude>65.2813951</latitude>
      <longitude>-126.7987848</longitude>
      <source>
        <name>USA Today</name>
        <ts>2011-12-13T14:29:53Z</ts>
      </source>
    </school>
  </schools>
  <status>Active</status>
  <sources>
    <source>
      <name>Chicago Tribune</name>
      <ts>2015-03-16T08:03:07Z</ts>
    </source>
  </sources>
  <sources>
    <source>
      <name>Wall Street Journal</name>
      <ts>2016-05-24T07:57:38Z</ts>
    </source>
  </sources>
  <sources>
    <source>
      <name>Wall Street Journal</name>
      <ts>2016-03-14T20:47:55Z</ts>
    </source>
  </sources>
  <relations>
    <relation>
      <id>/person/10064.xml</id>
      <predicate>livesWith</predicate>
      <imageSrc>https://cdn1.marklogic.com/wp-content/uploads/2018/02/trinh-lieu-profile.jpg</imageSrc>
      <fullname>Leyban Bel</fullname>
      <city>Tempe</city>
      <state>AZ</state>
    </relation>
    <relation>
      <id>/person/10052.xml</id>
      <predicate>worksWith</predicate>
      <imageSrc>https://cdn1.marklogic.com/wp-content/uploads/2018/01/Alicia-Saia-MarkLogic1.jpg</imageSrc>
      <fullname>Posten Ariel</fullname>
      <city>Fort Worth</city>
      <state>TX</state>
    </relation>
    <relation>
      <id>/person/10003.xml</id>
      <predicate>worksWith</predicate>
      <imageSrc>https://cdn1.marklogic.com/wp-content/uploads/2018/01/headshot_square_286x286.jpg</imageSrc>
      <fullname>Dayment Leesa</fullname>
      <city>Macon</city>
      <state>GA</state>
    </relation>
  </relations>
  <createdOn>
    <ts>2022-02-04T17:18:54Z</ts>
    <user>mwindless2e</user>
  </createdOn>
  <lastUpdated>
    <ts>2022-01-15T15:33:08Z</ts>
    <user>mwindless2e</user>
  </lastUpdated>
  <socials>
    <social>
      <site>twitter</site>
      <handle>dclipson0</handle>
      <address>http://pbs.org/penatibus/et/magnis.aspx</address>
    </social>
    <social>
      <site>facebook</site>
      <handle>gbullman1</handle>
      <address>https://opera.com/erat/eros/viverra/eget.aspx</address>
    </social>
    <social>
      <site>facebook</site>
      <handle>wcaine2</handle>
      <address>https://t-online.de/magna.jsp</address>
    </social>
  </socials>
  <memberships>
    <membership>
      <list>list10</list>
      <important>false</important>
      <ts>2022-01-01</ts>
    </membership>
  </memberships>
  <links>
    <link>
      <label>Quick View</label>
      <url>https://hud.gov</url>
      <icon>faEye</icon>
    </link>
    <link>
      <label>Nomination History</label>
      <url>https://cnn.com</url>
      <icon>faMedal</icon>
    </link>
    <link>
      <label>Comments</label>
      <url>http://baidu.com</url>
      <icon>faComments</icon>
    </link>
  </links>
  <activities>
    <activity>
      <predicate>movedTo</predicate>
      <place>Demizz</place>
      <predplace>movedTo Demizz</predplace>
      <ts>2013-03-01T21:58:06Z</ts>
      <source>
        <name>USA Today</name>
        <ts>2020-11-23T11:39:35Z</ts>
        <createdBy>Keriann Guild</createdBy>
        <approvedBy>Brunhilde Booij</approvedBy>
      </source>
    </activity>
    <activity>
      <predicate>movedTo</predicate>
      <place>Skiba</place>
      <predplace>movedTo Skiba</predplace>
      <ts>2013-09-02T19:13:05Z</ts>
      <source>
        <name>New York Times</name>
        <ts>2021-11-09T23:45:23Z</ts>
        <createdBy>Dianemarie Behnecken</createdBy>
        <approvedBy>Caprice Ralston</approvedBy>
      </source>
    </activity>
    <activity>
      <predicate>startedAt</predicate>
      <place>Youopia</place>
      <predplace>startedAt Youopia</predplace>
      <ts>2013-09-08T16:17:55Z</ts>
      <source>
        <name>Chicago Tribune</name>
        <ts>2019-04-12T20:58:26Z</ts>
        <createdBy>Krissy Abden</createdBy>
        <approvedBy>Jaquith Lorain</approvedBy>
      </source>
    </activity>
  </activities>
  <actions>
    <action>
      <url>https://over-blog.com</url>
      <icon>faCog</icon>
    </action>
    <action>
      <url>http://fc2.com</url>
      <icon>faCode</icon>
    </action>
    <action>
      <url>http://slideshare.net</url>
      <icon>faSync</icon>
    </action>
  </actions>
</person>