<?xml version="1.0" encoding="UTF-8" standalone="yes"?>
<person>
  <personId>10086</personId>
  <nameGroup>
    <givenname>
      <value>Ema</value>
    </givenname>
    <surname>
      <value>Noulton</value>
    </surname>
    <fullname>
      <classification>C</classification>
      <restricted>true</restricted>
      <value>Noulton Ema</value>
      <source>
        <name>New York Times</name>
        <ts>2021-08-31T00:45:53Z</ts>
      </source>
      <source>
        <name>Wall Street Journal</name>
        <ts>2014-12-20T18:52:59Z</ts>
      </source>
    </fullname>
  </nameGroup>
  <emails>
    <email>
      <value>djonke0@slashdot.org</value>
      <classification>C</classification>
      <restricted>false</restricted>
    </email>
  </emails>
  <phone>875-527-5866</phone>
  <contacts>
    <contact>
      <type>phone</type>
      <value>984-948-8633</value>
    </contact>
    <contact>
      <type>email</type>
      <value>wdunstall1@webmd.com</value>
    </contact>
    <contact>
      <type>phone</type>
      <value>504-212-2219</value>
    </contact>
  </contacts>
  <ssn>
    <value>247-48-0599</value>
    <classification>(S)</classification>
  </ssn>
  <images>
    <image>
      <url>https://cdn1.marklogic.com/wp-content/uploads/2018/01/Diane-Burley-MarkLogic-2015.jpg</url>
      <source>
        <name>Washington Post</name>
        <ts>2018-08-12T15:04:16Z</ts>
        <uploadedBy>bpayton0</uploadedBy>
      </source>
    </image>
    <image>
      <url>https://cdn1.marklogic.com/wp-content/uploads/2020/11/george-bloom-headshot-300x300-1.jpg</url>
      <source>
        <name>Chicago Tribune</name>
        <ts>2021-10-27T09:54:43Z</ts>
        <uploadedBy>efifield0</uploadedBy>
      </source>
    </image>
    <image>
      <url>https://cdn1.marklogic.com/wp-content/uploads/2018/01/Michael-Malgeri-MarkLogic.jpg</url>
      <source>
        <name>Wall Street Journal</name>
        <ts>2010-01-13T09:29:26Z</ts>
        <uploadedBy>kobell0</uploadedBy>
      </source>
    </image>
    <image>
      <url>https://cdn1.marklogic.com/wp-content/uploads/2018/01/Alicia-Saia-MarkLogic1.jpg</url>
      <source>
        <name>Chicago Tribune</name>
        <ts>2017-03-03T16:55:44Z</ts>
        <uploadedBy>bsivell0</uploadedBy>
      </source>
    </image>
  </images>
  <addresses>
    <address>
      <street>6385 Anderson Terrace</street>
      <city>Colorado Springs</city>
      <state>CO</state>
      <postal>80935</postal>
      <country>United States</country>
      <latitude>38.8247</latitude>
      <longitude>-104.562</longitude>
    </address>
    <address>
      <street>37 Pearson Court</street>
      <city>Houston</city>
      <state>TX</state>
      <postal>77218</postal>
      <country>United States</country>
      <latitude>29.834</latitude>
      <longitude>-95.4342</longitude>
    </address>
    <address>
      <street>968 Mandrake Place</street>
      <city>Tampa</city>
      <state>FL</state>
      <postal>33633</postal>
      <country>United States</country>
      <latitude>27.872</latitude>
      <longitude>-82.4388</longitude>
    </address>
  </addresses>
  <schools>
    <school>
      <country>United States</country>
      <name>Northeastern Illinois University</name>
      <city>Pasadena</city>
      <state>CA</state>
      <postal>91103</postal>
      <latitude>34.1672881</latitude>
      <longitude>-118.153228</longitude>
      <source>
        <name>USA Today</name>
        <ts>2014-06-01T21:54:18Z</ts>
      </source>
      <source>
        <name>New York Times</name>
        <ts>2014-06-23T22:48:33Z</ts>
      </source>
    </school>
  </schools>
  <status>Inactive</status>
  <sources>
    <source>
      <name>Washington Post</name>
      <ts>2015-12-04T18:07:20Z</ts>
    </source>
  </sources>
  <relations>
    <relation>
      <id>/person/10039.xml</id>
      <predicate>livesWith</predicate>
      <imageSrc>https://cdn1.marklogic.com/wp-content/uploads/2018/02/trinh-lieu-profile.jpg</imageSrc>
      <fullname>Killelay Selene</fullname>
      <city>Riverside</city>
      <state>CA</state>
    </relation>
    <relation>
      <id>/person/10096.xml</id>
      <predicate>livesWith</predicate>
      <imageSrc>https://cdn1.marklogic.com/wp-content/uploads/2018/01/Michael-Malgeri-MarkLogic.jpg</imageSrc>
      <fullname>Grisard Egan</fullname>
      <city>Detroit</city>
      <state>MI</state>
    </relation>
    <relation>
      <id>/person/10089.xml</id>
      <predicate>relatedTo</predicate>
      <imageSrc>https://cdn1.marklogic.com/wp-content/uploads/2018/01/Alicia-Saia-MarkLogic1.jpg</imageSrc>
      <fullname>Waywell Kaleb</fullname>
      <city>Miami</city>
      <state>FL</state>
    </relation>
    <relation>
      <id>/person/10054.xml</id>
      <predicate>worksWith</predicate>
      <imageSrc>https://cdn1.marklogic.com/wp-content/uploads/2020/11/george-bloom-headshot-300x300-1.jpg</imageSrc>
      <fullname>Evamy Odelia</fullname>
      <city>Lansing</city>
      <state>MI</state>
    </relation>
    <relation>
      <id>/person/10023.xml</id>
      <predicate>worksWith</predicate>
      <imageSrc>https://cdn1.marklogic.com/wp-content/uploads/2021/02/1612313387205.jpeg</imageSrc>
      <fullname>Stanfield Philippa</fullname>
      <city>Madison</city>
      <state>WI</state>
    </relation>
  </relations>
  <createdOn>
    <ts>2022-02-03T18:49:37Z</ts>
    <user>enoulton2d</user>
  </createdOn>
  <lastUpdated>
    <ts>2022-02-03T00:48:22Z</ts>
    <user>enoulton2d</user>
  </lastUpdated>
  <socials/>
  <memberships>
    <membership>
      <list>list3</list>
      <important>false</important>
      <ts>2022-02-12</ts>
    </membership>
    <membership>
      <list>list4</list>
      <important>false</important>
      <ts>2022-02-21</ts>
    </membership>
  </memberships>
  <links>
    <link>
      <label>Quick View</label>
      <url>https://constantcontact.com</url>
      <icon>faEye</icon>
    </link>
    <link>
      <label>Nomination History</label>
      <url>https://blog.com</url>
      <icon>faMedal</icon>
    </link>
    <link>
      <label>Comments</label>
      <url>http://goo.ne.jp</url>
      <icon>faComments</icon>
    </link>
  </links>
  <activities>
    <activity>
      <predicate>endedAt</predicate>
      <place>Tazz</place>
      <predplace>endedAt Tazz</predplace>
      <ts>2015-02-13T19:44:02Z</ts>
      <source>
        <name>USA Today</name>
        <ts>2021-11-18T13:32:15Z</ts>
        <createdBy>Kevon Rhubottom</createdBy>
        <approvedBy>Louisa Henner</approvedBy>
      </source>
    </activity>
    <activity>
      <predicate>endedAt</predicate>
      <place>Meejo</place>
      <predplace>endedAt Meejo</predplace>
      <ts>2017-11-08T01:38:53Z</ts>
      <source>
        <name>New York Times</name>
        <ts>2021-08-16T10:03:29Z</ts>
        <createdBy>Debor Rochford</createdBy>
        <approvedBy>Flo Nannoni</approvedBy>
      </source>
    </activity>
  </activities>
  <events>
    <event>
      <predicate>servedIn</predicate>
      <place>Ghana</place>
      <predplace>servedIn Ghana</predplace>
      <end>2017-07-17T21:54:40Z</end>
      <start>2014-10-31T03:17:18Z</start>
    </event>
  </events>
  <actions>
    <action>
      <url>https://xrea.com</url>
      <icon>faCog</icon>
    </action>
    <action>
      <url>http://behance.net</url>
      <icon>faCode</icon>
    </action>
    <action>
      <url>http://mtv.com</url>
      <icon>faSync</icon>
    </action>
  </actions>
</person>