<?xml version="1.0" encoding="UTF-8" standalone="yes"?>
<person>
  <personId>10082</personId>
  <nameGroup>
    <givenname>
      <value>Misty</value>
    </givenname>
    <surname>
      <value>Hallor</value>
    </surname>
    <fullname>
      <classification>U</classification>
      <restricted>true</restricted>
      <value>Hallor Misty</value>
      <source>
        <name>New York Times</name>
        <ts>2017-12-03T07:41:00Z</ts>
      </source>
    </fullname>
  </nameGroup>
  <emails>
    <email>
      <value>afiggen0@merriam-webster.com</value>
      <classification>S</classification>
      <restricted>false</restricted>
    </email>
  </emails>
  <phone>405-386-5801</phone>
  <contacts>
    <contact>
      <type>phone</type>
      <value>858-802-4738</value>
    </contact>
    <contact>
      <type>phone</type>
      <value>769-620-1668</value>
    </contact>
    <contact>
      <type>phone</type>
      <value>882-366-7403</value>
    </contact>
  </contacts>
  <ssn>
    <value>495-12-1647</value>
    <classification>(S)</classification>
  </ssn>
  <images>
    <image>
      <url>https://cdn1.marklogic.com/wp-content/uploads/2018/02/trinh-lieu-profile.jpg</url>
      <source>
        <name>Wall Street Journal</name>
        <ts>2011-02-22T00:43:24Z</ts>
        <uploadedBy>fdyster0</uploadedBy>
      </source>
    </image>
    <image>
      <url>https://cdn1.marklogic.com/wp-content/uploads/2020/11/george-bloom-headshot-300x300-1.jpg</url>
      <source>
        <name>Washington Post</name>
        <ts>2014-10-30T02:33:45Z</ts>
        <uploadedBy>mflannery0</uploadedBy>
      </source>
    </image>
  </images>
  <addresses>
    <address>
      <street>847 Sachs Hill</street>
      <city>Springfield</city>
      <state>MO</state>
      <postal>65805</postal>
      <country>United States</country>
      <latitude>37.2581</latitude>
      <longitude>-93.3437</longitude>
    </address>
    <address>
      <street>9 Clyde Gallagher Place</street>
      <city>Richmond</city>
      <state>VA</state>
      <postal>23208</postal>
      <country>United States</country>
      <latitude>37.5593</latitude>
      <longitude>-77.4471</longitude>
    </address>
    <address>
      <street>6424 Dakota Lane</street>
      <city>Elizabeth</city>
      <state>NJ</state>
      <postal>07208</postal>
      <country>United States</country>
      <latitude>40.6747</latitude>
      <longitude>-74.2239</longitude>
    </address>
  </addresses>
  <schools>
    <school>
      <country>Canada</country>
      <name>University College of the Fraser Valley</name>
      <city>Invermere</city>
      <state>BC</state>
      <postal>J1K</postal>
      <latitude>50.51666</latitude>
      <longitude>-116.03538</longitude>
      <source>
        <name>USA Today</name>
        <ts>2012-08-13T17:22:47Z</ts>
      </source>
    </school>
    <school>
      <country>Canada</country>
      <name>Université du Québec à Trois-Rivières</name>
      <city>Arnprior</city>
      <state>ON</state>
      <postal>K7S</postal>
      <latitude>45.4331407</latitude>
      <longitude>-76.3609305</longitude>
      <source>
        <name>USA Today</name>
        <ts>2021-02-11T18:17:33Z</ts>
      </source>
    </school>
  </schools>
  <status>Active</status>
  <sources>
    <source>
      <name>New York Times</name>
      <ts>2021-10-18T14:32:17Z</ts>
    </source>
  </sources>
  <sources>
    <source>
      <name>New York Times</name>
      <ts>2014-08-02T12:32:27Z</ts>
    </source>
  </sources>
  <relations>
    <relation>
      <id>/person/10001.xml</id>
      <predicate>worksWith</predicate>
      <imageSrc>https://cdn1.marklogic.com/wp-content/uploads/2018/02/trinh-lieu-profile.jpg</imageSrc>
      <fullname>Jarrell Homere</fullname>
      <city>Waterbury</city>
      <state>CT</state>
    </relation>
    <relation>
      <id>/person/10012.xml</id>
      <predicate>livesWith</predicate>
      <imageSrc>https://cdn1.marklogic.com/wp-content/uploads/2018/01/Alicia-Saia-MarkLogic1.jpg</imageSrc>
      <fullname>Kenny Angel</fullname>
      <city>Saint Paul</city>
      <state>MN</state>
    </relation>
    <relation>
      <id>/person/10038.xml</id>
      <predicate>relatedTo</predicate>
      <imageSrc>https://cdn1.marklogic.com/wp-content/uploads/2021/07/chuck-hollis.jpeg</imageSrc>
      <fullname>Pippin Shelby</fullname>
      <city>New Orleans</city>
      <state>LA</state>
    </relation>
    <relation>
      <id>/person/10021.xml</id>
      <predicate>livesWith</predicate>
      <imageSrc>https://cdn1.marklogic.com/wp-content/uploads/2018/01/headshot_square_286x286.jpg</imageSrc>
      <fullname>Tapscott Daniele</fullname>
      <city>Oklahoma City</city>
      <state>OK</state>
    </relation>
    <relation>
      <id>/person/10073.xml</id>
      <predicate>livesWith</predicate>
      <imageSrc>https://cdn1.marklogic.com/wp-content/uploads/2020/11/george-bloom-headshot-300x300-1.jpg</imageSrc>
      <fullname>Iori Emiline</fullname>
      <city>Montgomery</city>
      <state>AL</state>
    </relation>
  </relations>
  <createdOn>
    <ts>2022-01-08T12:52:15Z</ts>
    <user>mhallor29</user>
  </createdOn>
  <lastUpdated>
    <ts>2022-02-11T05:38:18Z</ts>
    <user>mhallor29</user>
  </lastUpdated>
  <socials>
    <social>
      <site>twitter</site>
      <handle>rmacqueen0</handle>
      <address>http://behance.net/blandit/ultrices/enim/lorem/ipsum/dolor.jsp</address>
    </social>
    <social>
      <site>linkedin</site>
      <handle>tgodsafe1</handle>
      <address>https://123-reg.co.uk/pede/ac/diam/cras/pellentesque.aspx</address>
    </social>
    <social>
      <site>linkedin</site>
      <handle>shanning2</handle>
      <address>http://bizjournals.com/id.jpg</address>
    </social>
  </socials>
  <memberships>
    <membership>
      <list>list2</list>
      <important>true</important>
      <ts>2022-01-01</ts>
    </membership>
    <membership>
      <list>list5</list>
      <important>true</important>
      <ts>2022-01-22</ts>
    </membership>
  </memberships>
  <links>
    <link>
      <label>Quick View</label>
      <url>https://oracle.com</url>
      <icon>faEye</icon>
    </link>
    <link>
      <label>Nomination History</label>
      <url>http://ezinearticles.com</url>
      <icon>faMedal</icon>
    </link>
    <link>
      <label>Comments</label>
      <url>http://slashdot.org</url>
      <icon>faComments</icon>
    </link>
  </links>
  <activities>
    <activity>
      <predicate>startedAt</predicate>
      <place>Rhyzio</place>
      <predplace>startedAt Rhyzio</predplace>
      <ts>2015-09-12T08:28:28Z</ts>
      <source>
        <name>USA Today</name>
        <ts>2021-10-01T13:43:56Z</ts>
        <createdBy>Cecilla Clemonts</createdBy>
        <approvedBy>Livvy Brandrick</approvedBy>
      </source>
    </activity>
    <activity>
      <predicate>endedAt</predicate>
      <place>Wikizz</place>
      <predplace>endedAt Wikizz</predplace>
      <ts>2019-12-22T15:41:51Z</ts>
      <source>
        <name>New York Times</name>
        <ts>2022-02-20T06:41:56Z</ts>
        <createdBy>Morley Shortland</createdBy>
        <approvedBy>Miof mela Pendell</approvedBy>
      </source>
    </activity>
    <activity>
      <predicate>endedAt</predicate>
      <place>Feedspan</place>
      <predplace>endedAt Feedspan</predplace>
      <ts>2016-01-19T23:14:47Z</ts>
      <source>
        <name>Chicago Tribune</name>
        <ts>2020-04-12T11:49:43Z</ts>
        <createdBy>Poppy Schroter</createdBy>
        <approvedBy>Ailina McCarron</approvedBy>
      </source>
    </activity>
    <activity>
      <predicate>movedTo</predicate>
      <place>Flipstorm</place>
      <predplace>movedTo Flipstorm</predplace>
      <ts>2012-05-17T01:26:53Z</ts>
      <source>
        <name>Los Angeles Times</name>
        <ts>2021-05-23T02:37:46Z</ts>
        <createdBy>Ario Greenalf</createdBy>
        <approvedBy>Piotr Sausman</approvedBy>
      </source>
    </activity>
  </activities>
  <events>
    <event>
      <predicate>servedIn</predicate>
      <place>Madagascar</place>
      <predplace>servedIn Madagascar</predplace>
      <end>2018-04-12T16:12:46Z</end>
      <start>2016-06-25T18:35:09Z</start>
    </event>
  </events>
  <actions>
    <action>
      <url>http://cbc.ca</url>
      <icon>faCog</icon>
    </action>
    <action>
      <url>https://sakura.ne.jp</url>
      <icon>faCode</icon>
    </action>
    <action>
      <url>http://prweb.com</url>
      <icon>faSync</icon>
    </action>
  </actions>
</person>