<?xml version="1.0" encoding="UTF-8" standalone="yes"?>
<person>
  <personId>10089</personId>
  <nameGroup>
    <givenname>
      <value>Kaleb</value>
    </givenname>
    <surname>
      <value>Waywell</value>
    </surname>
    <fullname>
      <classification>S</classification>
      <restricted>false</restricted>
      <value>Waywell Kaleb</value>
      <source>
        <name>Los Angeles Times</name>
        <ts>2020-06-16T22:01:25Z</ts>
      </source>
      <source>
        <name>New York Times</name>
        <ts>2015-03-13T17:39:17Z</ts>
      </source>
      <source>
        <name>Chicago Tribune</name>
        <ts>2015-04-29T03:48:35Z</ts>
      </source>
    </fullname>
  </nameGroup>
  <emails>
    <email>
      <value>dcalton0@nydailynews.com</value>
      <classification>S</classification>
      <restricted>false</restricted>
    </email>
    <email>
      <value>iblanchet1@bizjournals.com</value>
      <classification>U</classification>
      <restricted>false</restricted>
    </email>
    <email>
      <value>ecampanelli2@answers.com</value>
      <classification>S</classification>
      <restricted>false</restricted>
    </email>
  </emails>
  <phone>466-482-7597</phone>
  <contacts>
    <contact>
      <type>email</type>
      <value>ecavalier0@privacy.gov.au</value>
    </contact>
    <contact>
      <type>phone</type>
      <value>914-828-5257</value>
    </contact>
    <contact>
      <type>phone</type>
      <value>352-192-3565</value>
    </contact>
  </contacts>
  <ssn>
    <value>145-98-9779</value>
    <classification>(S)</classification>
  </ssn>
  <images>
    <image>
      <url>https://cdn1.marklogic.com/wp-content/uploads/2018/01/Alicia-Saia-MarkLogic1.jpg</url>
      <source>
        <name>Chicago Tribune</name>
        <ts>2018-12-31T11:40:46Z</ts>
        <uploadedBy>gwildish0</uploadedBy>
      </source>
    </image>
    <image>
      <url>https://cdn1.marklogic.com/wp-content/uploads/2018/01/Diane-Burley-MarkLogic-2015.jpg</url>
      <source>
        <name>USA Today</name>
        <ts>2014-09-28T22:31:02Z</ts>
        <uploadedBy>epetrecz0</uploadedBy>
      </source>
    </image>
    <image>
      <url>https://cdn1.marklogic.com/wp-content/uploads/2020/04/JamesKenwood-headshot-600x600-1.jpg</url>
      <source>
        <name>Los Angeles Times</name>
        <ts>2020-04-03T20:04:11Z</ts>
        <uploadedBy>jmabone0</uploadedBy>
      </source>
    </image>
  </images>
  <addresses>
    <address>
      <street>8 Sachtjen Parkway</street>
      <city>Miami</city>
      <state>FL</state>
      <postal>33233</postal>
      <country>United States</country>
      <latitude>25.5584</latitude>
      <longitude>-80.4582</longitude>
    </address>
    <address>
      <street>2 Continental Junction</street>
      <city>San Antonio</city>
      <state>TX</state>
      <postal>78265</postal>
      <country>United States</country>
      <latitude>29.4375</latitude>
      <longitude>-98.4616</longitude>
    </address>
    <address>
      <street>74 Evergreen Junction</street>
      <city>Baton Rouge</city>
      <state>LA</state>
      <postal>70826</postal>
      <country>United States</country>
      <latitude>30.5159</latitude>
      <longitude>-91.0804</longitude>
    </address>
  </addresses>
  <schools>
    <school>
      <country>United States</country>
      <name>Texas Tech University Health Science Center</name>
      <city>Palmdale</city>
      <state>CA</state>
      <postal>93591</postal>
      <latitude>34.5925622</latitude>
      <longitude>-117.8194197</longitude>
      <source>
        <name>USA Today</name>
        <ts>2019-12-16T05:06:25Z</ts>
      </source>
      <source>
        <name>New York Times</name>
        <ts>2019-11-10T21:55:57Z</ts>
      </source>
      <source>
        <name>Chicago Tribune</name>
        <ts>2015-08-20T18:19:21Z</ts>
      </source>
    </school>
    <school>
      <country>Mexico</country>
      <name>Universidad Autónoma de Veracruz Villa Rica</name>
      <city>Magisterial</city>
      <state>COL</state>
      <postal>32350</postal>
      <latitude>19.2949759</latitude>
      <longitude>-99.110685</longitude>
      <source>
        <name>USA Today</name>
        <ts>2018-02-21T21:47:28Z</ts>
      </source>
      <source>
        <name>New York Times</name>
        <ts>2021-08-27T15:44:34Z</ts>
      </source>
      <source>
        <name>Chicago Tribune</name>
        <ts>2018-08-30T06:47:16Z</ts>
      </source>
    </school>
  </schools>
  <status>Inactive</status>
  <sources>
    <source>
      <name>Chicago Tribune</name>
      <ts>2020-04-04T11:12:06Z</ts>
    </source>
  </sources>
  <sources>
    <source>
      <name>Los Angeles Times</name>
      <ts>2011-12-20T14:08:49Z</ts>
    </source>
  </sources>
  <relations>
    <relation>
      <id>/person/10074.xml</id>
      <predicate>worksWith</predicate>
      <imageSrc>https://cdn1.marklogic.com/wp-content/uploads/2021/02/1612313387205.jpeg</imageSrc>
      <fullname>Lucchi Linda</fullname>
      <city>Portland</city>
      <state>OR</state>
    </relation>
    <relation>
      <id>/person/10059.xml</id>
      <predicate>relatedTo</predicate>
      <imageSrc>https://cdn1.marklogic.com/wp-content/uploads/2018/01/headshot_square_286x286.jpg</imageSrc>
      <fullname>Minshull Gauthier</fullname>
      <city>Hartford</city>
      <state>CT</state>
    </relation>
  </relations>
  <createdOn>
    <ts>2022-01-16T16:53:19Z</ts>
    <user>kwaywell2g</user>
  </createdOn>
  <lastUpdated>
    <ts>2022-01-17T17:21:09Z</ts>
    <user>kwaywell2g</user>
  </lastUpdated>
  <socials>
    <social>
      <site>twitter</site>
      <handle>jmacconaghy0</handle>
      <address>https://oaic.gov.au/a/feugiat.aspx</address>
    </social>
    <social>
      <site>facebook</site>
      <handle>dalvy1</handle>
      <address>https://hubpages.com/tristique/fusce/congue.jpg</address>
    </social>
    <social>
      <site>facebook</site>
      <handle>tkeighly2</handle>
      <address>https://e-recht24.de/metus/sapien/ut.jpg</address>
    </social>
  </socials>
  <memberships>
    <membership>
      <list>list2</list>
      <important>false</important>
      <ts>2022-01-08</ts>
    </membership>
    <membership>
      <list>list5</list>
      <important>false</important>
      <ts>2022-01-17</ts>
    </membership>
    <membership>
      <list>list11</list>
      <important>true</important>
      <ts>2022-01-13</ts>
    </membership>
    <membership>
      <list>list4</list>
      <important>false</important>
      <ts>2022-02-25</ts>
    </membership>
    <membership>
      <list>list7</list>
      <important>true</important>
      <ts>2022-02-22</ts>
    </membership>
  </memberships>
  <links>
    <link>
      <label>Quick View</label>
      <url>https://domainmarket.com</url>
      <icon>faEye</icon>
    </link>
    <link>
      <label>Nomination History</label>
      <url>http://rakuten.co.jp</url>
      <icon>faMedal</icon>
    </link>
    <link>
      <label>Comments</label>
      <url>http://hc360.com</url>
      <icon>faComments</icon>
    </link>
  </links>
  <activities>
    <activity>
      <predicate>startedAt</predicate>
      <place>Demimbu</place>
      <predplace>startedAt Demimbu</predplace>
      <ts>2013-10-30T22:50:04Z</ts>
      <source>
        <name>USA Today</name>
        <ts>2021-02-20T14:49:16Z</ts>
        <createdBy>Dulcea McComb</createdBy>
        <approvedBy>Coleen Pluvier</approvedBy>
      </source>
    </activity>
    <activity>
      <predicate>movedTo</predicate>
      <place>Twinte</place>
      <predplace>movedTo Twinte</predplace>
      <ts>2014-10-16T21:21:08Z</ts>
      <source>
        <name>New York Times</name>
        <ts>2022-02-23T05:50:37Z</ts>
        <createdBy>Reyna Abry</createdBy>
        <approvedBy>Avril Bourbon</approvedBy>
      </source>
    </activity>
  </activities>
  <events>
    <event>
      <predicate>servedIn</predicate>
      <place>Spain</place>
      <predplace>servedIn Spain</predplace>
      <end>2017-05-02T21:44:41Z</end>
      <start>2015-03-22T13:00:51Z</start>
    </event>
  </events>
  <actions>
    <action>
      <url>http://weather.com</url>
      <icon>faCog</icon>
    </action>
    <action>
      <url>http://over-blog.com</url>
      <icon>faCode</icon>
    </action>
    <action>
      <url>https://ed.gov</url>
      <icon>faSync</icon>
    </action>
  </actions>
</person>