<?xml version="1.0" encoding="UTF-8" standalone="yes"?>
<person>
  <personId>10082</personId>
  <nameGroup>
    <givenname>
      <value>Sylas</value>
    </givenname>
    <surname>
      <value>Hinchon</value>
    </surname>
    <fullname>
      <classification>C</classification>
      <restricted>false</restricted>
      <value>Hinchon Sylas</value>
      <source>
        <name>Wall Street Journal</name>
        <ts>2013-08-26T22:56:53Z</ts>
      </source>
      <source>
        <name>Washington Post</name>
        <ts>2010-12-21T18:02:07Z</ts>
      </source>
      <source>
        <name>Chicago Tribune</name>
        <ts>2010-03-15T07:14:57Z</ts>
      </source>
    </fullname>
  </nameGroup>
  <emails>
    <email>
      <value>lwaddoups0@pbs.org</value>
      <classification>C</classification>
      <restricted>false</restricted>
    </email>
    <email>
      <value>rgethen1@wordpress.com</value>
      <classification>S</classification>
      <restricted>false</restricted>
    </email>
    <email>
      <value>egillyett2@ehow.com</value>
      <classification>C</classification>
      <restricted>false</restricted>
    </email>
  </emails>
  <phone>517-615-7680</phone>
  <ssn>
    <value>128-34-0055</value>
    <classification>(S)</classification>
  </ssn>
  <images>
    <image>
      <url>https://cdn1.marklogic.com/wp-content/uploads/2021/07/chuck-hollis.jpeg</url>
      <source>
        <name>Los Angeles Times</name>
        <ts>2014-04-04T14:17:21Z</ts>
        <uploadedBy/>
      </source>
    </image>
    <image>
      <url>https://cdn1.marklogic.com/wp-content/uploads/2021/05/IS-headshot.jpeg</url>
      <source>
        <name>New York Times</name>
        <ts>2015-04-17T19:14:32Z</ts>
        <uploadedBy>mgalletley0</uploadedBy>
      </source>
    </image>
    <image>
      <url>https://cdn1.marklogic.com/wp-content/uploads/2021/02/1612313387205.jpeg</url>
      <source>
        <name>Washington Post</name>
        <ts>2012-04-07T23:36:10Z</ts>
        <uploadedBy>rtuckey0</uploadedBy>
      </source>
    </image>
  </images>
  <addresses>
    <address>
      <street>44 Gina Terrace</street>
      <city>Oakland</city>
      <state>CA</state>
      <postal>94605</postal>
      <country>United States</country>
      <latitude>37.7641</latitude>
      <longitude>-122.1633</longitude>
    </address>
    <address>
      <street>85737 Victoria Plaza</street>
      <city>Riverside</city>
      <state>CA</state>
      <postal>92513</postal>
      <country>United States</country>
      <latitude>33.7529</latitude>
      <longitude>-116.0556</longitude>
    </address>
    <address>
      <street>0 Lerdahl Street</street>
      <city>Dayton</city>
      <state>OH</state>
      <postal>45419</postal>
      <country>United States</country>
      <latitude>39.7155</latitude>
      <longitude>-84.1637</longitude>
    </address>
  </addresses>
  <schools>
    <school>
      <country>Mexico</country>
      <name>Universidad Autónoma de San Luis Potosí</name>
      <city>Fernando Gutierrez Barrios</city>
      <state>VER</state>
      <postal>93420</postal>
      <latitude>20.4360818</latitude>
      <longitude>-97.3401785</longitude>
      <source>
        <name>USA Today</name>
        <ts>2013-05-09T15:20:18Z</ts>
      </source>
      <source>
        <name>New York Times</name>
        <ts>2017-05-27T11:34:37Z</ts>
      </source>
    </school>
  </schools>
  <status>Active</status>
  <sources>
    <source>
      <name>Wall Street Journal</name>
      <ts>2013-07-26T23:34:12Z</ts>
    </source>
  </sources>
  <sources>
    <source>
      <name>Los Angeles Times</name>
      <ts>2019-07-26T09:17:27Z</ts>
    </source>
  </sources>
  <sources>
    <source>
      <name>USA Today</name>
      <ts>2017-02-04T05:27:08Z</ts>
    </source>
  </sources>
  <relations>
    <relation>
      <id>/person/10026.xml</id>
      <predicate>livesWith</predicate>
      <imageSrc>https://cdn1.marklogic.com/wp-content/uploads/2018/01/Diane-Burley-MarkLogic-2015.jpg</imageSrc>
      <fullname>Lepoidevin Bary</fullname>
      <city>San Diego</city>
      <state>CA</state>
    </relation>
    <relation>
      <id>/person/10015.xml</id>
      <predicate>livesWith</predicate>
      <imageSrc>https://cdn1.marklogic.com/wp-content/uploads/2018/01/headshot_square_286x286.jpg</imageSrc>
      <fullname>Tolomio Dru</fullname>
      <city>Arvada</city>
      <state>CO</state>
    </relation>
    <relation>
      <id>/person/10023.xml</id>
      <predicate>worksWith</predicate>
      <imageSrc>https://cdn1.marklogic.com/wp-content/uploads/2018/01/Diane-Burley-MarkLogic-2015.jpg</imageSrc>
      <fullname>Rigts Sada</fullname>
      <city>Rochester</city>
      <state>NY</state>
    </relation>
  </relations>
  <createdOn>
    <ts>2022-02-06T08:17:10Z</ts>
    <user>shinchon29</user>
  </createdOn>
  <lastUpdated>
    <ts>2022-02-01T20:15:56Z</ts>
    <user>shinchon29</user>
  </lastUpdated>
  <socials>
    <social>
      <site>linkedin</site>
      <handle>bpervoe0</handle>
      <address>http://sitemeter.com/sapien/cum/sociis/natoque/penatibus/et/magnis.png</address>
    </social>
  </socials>
  <memberships/>
  <links>
    <link>
      <label>Quick View</label>
      <url>https://twitpic.com</url>
      <icon>faEye</icon>
    </link>
    <link>
      <label>Nomination History</label>
      <url>http://twitpic.com</url>
      <icon>faMedal</icon>
    </link>
    <link>
      <label>Comments</label>
      <url>http://springer.com</url>
      <icon>faComments</icon>
    </link>
  </links>
  <activities>
    <activity>
      <predicate>endedAt</predicate>
      <place>Eire</place>
      <predplace>endedAt Eire</predplace>
      <ts>2013-06-27T20:35:09Z</ts>
      <source>
        <name>USA Today</name>
        <ts>2019-04-17T15:10:29Z</ts>
        <createdBy>Melanie Kielty</createdBy>
        <approvedBy>Georgette Rosenberger</approvedBy>
      </source>
    </activity>
    <activity>
      <predicate>movedTo</predicate>
      <place>Tavu</place>
      <predplace>movedTo Tavu</predplace>
      <ts>2011-11-13T03:57:14Z</ts>
      <source>
        <name>New York Times</name>
        <ts>2020-06-17T08:47:04Z</ts>
        <createdBy>Bondy Allwright</createdBy>
        <approvedBy>Kirbie Northcliffe</approvedBy>
      </source>
    </activity>
    <activity>
      <predicate>movedTo</predicate>
      <place>Bubblemix</place>
      <predplace>movedTo Bubblemix</predplace>
      <ts>2010-05-16T16:03:04Z</ts>
      <source>
        <name>Chicago Tribune</name>
        <ts>2020-06-20T00:38:28Z</ts>
        <createdBy>Abbie Attwill</createdBy>
        <approvedBy>Murdock Mineghelli</approvedBy>
      </source>
    </activity>
    <activity>
      <predicate>endedAt</predicate>
      <place>Twitterbridge</place>
      <predplace>endedAt Twitterbridge</predplace>
      <ts>2011-11-06T00:21:44Z</ts>
      <source>
        <name>Los Angeles Times</name>
        <ts>2016-03-15T12:15:20Z</ts>
        <createdBy>Gabey Penwell</createdBy>
        <approvedBy>Freedman Purshouse</approvedBy>
      </source>
    </activity>
    <activity>
      <predicate>startedAt</predicate>
      <place>Meedoo</place>
      <predplace>startedAt Meedoo</predplace>
      <ts>2014-05-07T01:44:16Z</ts>
      <source>
        <name>Wall Street Journal</name>
        <ts>2017-12-19T15:37:09Z</ts>
        <createdBy>Veronique Winslow</createdBy>
        <approvedBy>Justus Brewett</approvedBy>
      </source>
    </activity>
  </activities>
  <actions>
    <action>
      <url>http://hostgator.com</url>
      <icon>faCog</icon>
    </action>
    <action>
      <url>http://pagesperso-orange.fr</url>
      <icon>faCode</icon>
    </action>
    <action>
      <url>https://hibu.com</url>
      <icon>faSync</icon>
    </action>
  </actions>
</person>