<?xml version="1.0" encoding="UTF-8" standalone="yes"?>
<person>
  <personId>10099</personId>
  <nameGroup>
    <givenname>
      <value>Guilbert</value>
    </givenname>
    <surname>
      <value>Hutchin</value>
    </surname>
    <fullname>
      <classification>U</classification>
      <restricted>true</restricted>
      <value>Hutchin Guilbert</value>
      <source>
        <name>New York Times</name>
        <ts>2014-01-11T11:34:13Z</ts>
      </source>
      <source>
        <name>Washington Post</name>
        <ts>2018-03-14T11:32:27Z</ts>
      </source>
      <source>
        <name>Chicago Tribune</name>
        <ts>2019-08-15T07:44:07Z</ts>
      </source>
    </fullname>
  </nameGroup>
  <emails>
    <email>
      <value>shaithwaite0@issuu.com</value>
      <classification>C</classification>
      <restricted>false</restricted>
    </email>
    <email>
      <value>gyanele1@github.io</value>
      <classification>U</classification>
      <restricted>false</restricted>
    </email>
  </emails>
  <phone>522-728-6249</phone>
  <contacts>
    <contact>
      <type>email</type>
      <value>lyoskowitz0@rakuten.co.jp</value>
    </contact>
    <contact>
      <type>phone</type>
      <value>221-849-8792</value>
    </contact>
    <contact>
      <type>email</type>
      <value>kbowery2@wp.com</value>
    </contact>
  </contacts>
  <ssn>
    <value>595-37-1314</value>
    <classification>(S)</classification>
  </ssn>
  <images>
    <image>
      <url>https://cdn1.marklogic.com/wp-content/uploads/2018/02/trinh-lieu-profile.jpg</url>
      <source>
        <name>Washington Post</name>
        <ts>2018-02-27T13:29:30Z</ts>
        <uploadedBy>csparwell0</uploadedBy>
      </source>
    </image>
  </images>
  <addresses>
    <address>
      <street>5432 Upham Hill</street>
      <city>Monroe</city>
      <state>LA</state>
      <postal>71213</postal>
      <country>United States</country>
      <latitude>32.4908</latitude>
      <longitude>-92.1594</longitude>
    </address>
  </addresses>
  <schools>
    <school>
      <country>United States</country>
      <name>Eugene Bible College</name>
      <city>Hyattsville</city>
      <state>MD</state>
      <postal>20784</postal>
      <latitude>38.9477341</latitude>
      <longitude>-76.8807437</longitude>
      <source>
        <name>USA Today</name>
        <ts>2011-01-18T21:07:29Z</ts>
      </source>
    </school>
  </schools>
  <status>Active</status>
  <sources>
    <source>
      <name>Chicago Tribune</name>
      <ts>2011-03-11T03:15:26Z</ts>
    </source>
  </sources>
  <relations>
    <relation>
      <id>/person/10005.xml</id>
      <predicate>worksWith</predicate>
      <imageSrc>https://cdn1.marklogic.com/wp-content/uploads/2020/04/JamesKenwood-headshot-600x600-1.jpg</imageSrc>
      <fullname>Rist Dolf</fullname>
      <city>Seattle</city>
      <state>WA</state>
    </relation>
    <relation>
      <id>/person/10011.xml</id>
      <predicate>livesWith</predicate>
      <imageSrc>https://cdn1.marklogic.com/wp-content/uploads/2021/07/chuck-hollis.jpeg</imageSrc>
      <fullname>Vaskin Nowell</fullname>
      <city>Monticello</city>
      <state>MN</state>
    </relation>
    <relation>
      <id>/person/10100.xml</id>
      <predicate>worksWith</predicate>
      <imageSrc>https://cdn1.marklogic.com/wp-content/uploads/2021/05/IS-headshot.jpeg</imageSrc>
      <fullname>Mazzia Marna</fullname>
      <city>Washington</city>
      <state>DC</state>
    </relation>
    <relation>
      <id>/person/10047.xml</id>
      <predicate>relatedTo</predicate>
      <imageSrc>https://cdn1.marklogic.com/wp-content/uploads/2021/05/IS-headshot.jpeg</imageSrc>
      <fullname>Brunker Buffy</fullname>
      <city>Midland</city>
      <state>MI</state>
    </relation>
  </relations>
  <createdOn>
    <ts>2022-01-23T07:44:58Z</ts>
    <user>ghutchin2q</user>
  </createdOn>
  <lastUpdated>
    <ts>2022-02-08T19:09:38Z</ts>
    <user>ghutchin2q</user>
  </lastUpdated>
  <socials>
    <social>
      <site>facebook</site>
      <handle/>
      <address>http://printfriendly.com/et/ultrices/posuere/cubilia/curae/duis.xml</address>
    </social>
    <social>
      <site>facebook</site>
      <handle>hcorwood1</handle>
      <address>https://youtu.be/morbi/vel.json</address>
    </social>
    <social>
      <site>twitter</site>
      <handle>astretton2</handle>
      <address>https://walmart.com/vulputate/elementum/nullam/varius.aspx</address>
    </social>
  </socials>
  <memberships>
    <membership>
      <list>list3</list>
      <important>true</important>
      <ts>2022-01-03</ts>
    </membership>
  </memberships>
  <links>
    <link>
      <label>Quick View</label>
      <url>https://com.com</url>
      <icon>faEye</icon>
    </link>
    <link>
      <label>Nomination History</label>
      <url>https://google.com</url>
      <icon>faMedal</icon>
    </link>
    <link>
      <label>Comments</label>
      <url>https://desdev.cn</url>
      <icon>faComments</icon>
    </link>
  </links>
  <activities>
    <activity>
      <predicate>transferredTo</predicate>
      <place>Digitube</place>
      <predplace>transferredTo Digitube</predplace>
      <ts>2015-11-09T07:49:39Z</ts>
      <source>
        <name>USA Today</name>
        <ts>2021-08-21T11:15:28Z</ts>
        <createdBy>Gene Benmore</createdBy>
        <approvedBy>Lorenza Popley</approvedBy>
      </source>
    </activity>
    <activity>
      <predicate>transferredTo</predicate>
      <place>Twiyo</place>
      <predplace>transferredTo Twiyo</predplace>
      <ts>2013-06-07T18:12:21Z</ts>
      <source>
        <name>New York Times</name>
        <ts>2021-10-29T04:01:56Z</ts>
        <createdBy>Elly Crispe</createdBy>
        <approvedBy>Aubree Gardner</approvedBy>
      </source>
    </activity>
    <activity>
      <predicate>startedAt</predicate>
      <place>Zoozzy</place>
      <predplace>startedAt Zoozzy</predplace>
      <ts>2017-02-10T00:36:15Z</ts>
      <source>
        <name>Chicago Tribune</name>
        <ts>2020-08-07T06:05:11Z</ts>
        <createdBy>Richmond Dimitriev</createdBy>
        <approvedBy>Gloria Northridge</approvedBy>
      </source>
    </activity>
    <activity>
      <predicate>startedAt</predicate>
      <place>Agimba</place>
      <predplace>startedAt Agimba</predplace>
      <ts>2012-07-03T10:41:13Z</ts>
      <source>
        <name>Los Angeles Times</name>
        <ts>2021-12-12T04:52:22Z</ts>
        <createdBy>Emmit Tumasian</createdBy>
        <approvedBy>Chastity Mendonca</approvedBy>
      </source>
    </activity>
    <activity>
      <predicate>endedAt</predicate>
      <place>Babbleblab</place>
      <predplace>endedAt Babbleblab</predplace>
      <ts>2018-04-22T21:57:38Z</ts>
      <source>
        <name>Wall Street Journal</name>
        <ts>2021-10-02T20:59:45Z</ts>
        <createdBy>Dyanna Scandred</createdBy>
        <approvedBy>Nadia Weild</approvedBy>
      </source>
    </activity>
  </activities>
  <events>
    <event>
      <predicate>visited</predicate>
      <place>Slovenia</place>
      <predplace>visited Slovenia</predplace>
      <end>2017-11-26T08:18:40Z</end>
      <start>2014-08-07T03:23:51Z</start>
    </event>
  </events>
  <actions>
    <action>
      <url>http://canalblog.com</url>
      <icon>faCog</icon>
    </action>
    <action>
      <url>https://myspace.com</url>
      <icon>faCode</icon>
    </action>
    <action>
      <url>http://hostgator.com</url>
      <icon>faSync</icon>
    </action>
  </actions>
</person>