<?xml version="1.0" encoding="UTF-8" standalone="yes"?>
<person>
  <personId>10098</personId>
  <nameGroup>
    <givenname>
      <value>Genia</value>
    </givenname>
    <surname>
      <value>McGeneay</value>
    </surname>
    <fullname>
      <classification>U</classification>
      <restricted>true</restricted>
      <value>McGeneay Genia</value>
      <source>
        <name>USA Today</name>
        <ts>2015-11-23T18:29:45Z</ts>
      </source>
    </fullname>
  </nameGroup>
  <emails>
    <email>
      <value>wsexti0@rakuten.co.jp</value>
      <classification>U</classification>
      <restricted>false</restricted>
    </email>
    <email>
      <value>bainscow1@github.com</value>
      <classification>U</classification>
      <restricted>false</restricted>
    </email>
  </emails>
  <phone>616-820-4050</phone>
  <contacts>
    <contact>
      <type>phone</type>
      <value>711-793-1533</value>
    </contact>
    <contact>
      <type>phone</type>
      <value>671-920-8724</value>
    </contact>
    <contact>
      <type>phone</type>
      <value>754-120-7409</value>
    </contact>
  </contacts>
  <ssn>
    <value>123-43-9749</value>
    <classification>(S)</classification>
  </ssn>
  <images>
    <image>
      <url>https://cdn1.marklogic.com/wp-content/uploads/2020/04/JamesKenwood-headshot-600x600-1.jpg</url>
      <source>
        <name>Los Angeles Times</name>
        <ts>2016-12-31T06:05:57Z</ts>
        <uploadedBy>lerie0</uploadedBy>
      </source>
    </image>
    <image>
      <url>https://cdn1.marklogic.com/wp-content/uploads/2021/07/chuck-hollis.jpeg</url>
      <source>
        <name>Wall Street Journal</name>
        <ts>2014-07-19T15:12:48Z</ts>
        <uploadedBy>lgosling0</uploadedBy>
      </source>
    </image>
  </images>
  <addresses>
    <address>
      <street>9 Scoville Avenue</street>
      <city>Daytona Beach</city>
      <state>FL</state>
      <postal>32123</postal>
      <country>United States</country>
      <latitude>29.0227</latitude>
      <longitude>-81.1722</longitude>
    </address>
    <address>
      <street>47 Kim Place</street>
      <city>Dallas</city>
      <state>TX</state>
      <postal>75210</postal>
      <country>United States</country>
      <latitude>32.7699</latitude>
      <longitude>-96.743</longitude>
    </address>
    <address>
      <street>81 Gateway Road</street>
      <city>Orlando</city>
      <state>FL</state>
      <postal>32813</postal>
      <country>United States</country>
      <latitude>28.5679</latitude>
      <longitude>-81.3258</longitude>
    </address>
  </addresses>
  <schools>
    <school>
      <country>United States</country>
      <name>University of New England</name>
      <city>Grand Rapids</city>
      <state>MI</state>
      <postal>49505</postal>
      <latitude>43.0043693</latitude>
      <longitude>-85.6332093</longitude>
      <source>
        <name>USA Today</name>
        <ts>2016-02-15T08:47:47Z</ts>
      </source>
      <source>
        <name>New York Times</name>
        <ts>2014-01-13T08:03:56Z</ts>
      </source>
    </school>
  </schools>
  <status>Active</status>
  <sources>
    <source>
      <name>New York Times</name>
      <ts>2020-01-02T21:21:07Z</ts>
    </source>
  </sources>
  <sources>
    <source>
      <name>USA Today</name>
      <ts>2020-05-30T08:24:59Z</ts>
    </source>
  </sources>
  <relations>
    <relation>
      <id>/person/10035.xml</id>
      <predicate>relatedTo</predicate>
      <imageSrc>https://cdn1.marklogic.com/wp-content/uploads/2018/01/Diane-Burley-MarkLogic-2015.jpg</imageSrc>
      <fullname>Portchmouth Pauletta</fullname>
      <city>San Antonio</city>
      <state>TX</state>
    </relation>
    <relation>
      <id>/person/10054.xml</id>
      <predicate>relatedTo</predicate>
      <imageSrc>https://cdn1.marklogic.com/wp-content/uploads/2020/11/george-bloom-headshot-300x300-1.jpg</imageSrc>
      <fullname>Evamy Odelia</fullname>
      <city>Lansing</city>
      <state>MI</state>
    </relation>
  </relations>
  <createdOn>
    <ts>2022-01-26T19:58:35Z</ts>
    <user>gmcgeneay2p</user>
  </createdOn>
  <lastUpdated>
    <ts>2022-01-25T13:57:59Z</ts>
    <user>gmcgeneay2p</user>
  </lastUpdated>
  <socials/>
  <memberships>
    <membership>
      <list>list9</list>
      <important>true</important>
      <ts>2022-02-20</ts>
    </membership>
    <membership>
      <list>list9</list>
      <important>false</important>
      <ts>2022-01-19</ts>
    </membership>
    <membership>
      <list>list9</list>
      <important>false</important>
      <ts>2022-01-08</ts>
    </membership>
  </memberships>
  <links>
    <link>
      <label>Quick View</label>
      <url>http://mozilla.org</url>
      <icon>faEye</icon>
    </link>
    <link>
      <label>Nomination History</label>
      <url>https://acquirethisname.com</url>
      <icon>faMedal</icon>
    </link>
    <link>
      <label>Comments</label>
      <url>https://linkedin.com</url>
      <icon>faComments</icon>
    </link>
  </links>
  <activities>
    <activity>
      <predicate>startedAt</predicate>
      <place>Abatz</place>
      <predplace>startedAt Abatz</predplace>
      <ts>2019-08-28T02:57:06Z</ts>
      <source>
        <name>USA Today</name>
        <ts>2021-11-23T17:52:35Z</ts>
        <createdBy>Sheff Freebury</createdBy>
        <approvedBy>Felicity Blethyn</approvedBy>
      </source>
    </activity>
    <activity>
      <predicate>endedAt</predicate>
      <place>Linklinks</place>
      <predplace>endedAt Linklinks</predplace>
      <ts>2012-01-12T09:26:42Z</ts>
      <source>
        <name>New York Times</name>
        <ts>2021-01-14T15:28:08Z</ts>
        <createdBy>Hervey Swarbrigg</createdBy>
        <approvedBy>Trevar Wressell</approvedBy>
      </source>
    </activity>
  </activities>
  <events>
    <event>
      <predicate>livedIn</predicate>
      <place>China</place>
      <predplace>livedIn China</predplace>
      <end>2018-04-29T06:12:52Z</end>
      <start>2014-06-30T05:05:49Z</start>
    </event>
  </events>
  <actions>
    <action>
      <url>http://about.com</url>
      <icon>faCog</icon>
    </action>
    <action>
      <url>http://amazon.co.uk</url>
      <icon>faCode</icon>
    </action>
    <action>
      <url>http://gov.uk</url>
      <icon>faSync</icon>
    </action>
  </actions>
</person>