<?xml version="1.0" encoding="UTF-8" standalone="yes"?>
<person>
  <personId>10091</personId>
  <nameGroup>
    <givenname>
      <value>Miner</value>
    </givenname>
    <surname>
      <value>Burditt</value>
    </surname>
    <fullname>
      <classification>U</classification>
      <restricted>true</restricted>
      <value>Burditt Miner</value>
      <source>
        <name>New York Times</name>
        <ts>2020-09-07T23:03:18Z</ts>
      </source>
      <source>
        <name>USA Today</name>
        <ts>2010-09-07T02:13:03Z</ts>
      </source>
      <source>
        <name>Los Angeles Times</name>
        <ts>2011-12-05T09:47:58Z</ts>
      </source>
    </fullname>
  </nameGroup>
  <emails>
    <email>
      <value>cdrakard0@kickstarter.com</value>
      <classification>C</classification>
      <restricted>false</restricted>
    </email>
    <email>
      <value>rrahl1@ifeng.com</value>
      <classification>C</classification>
      <restricted>false</restricted>
    </email>
  </emails>
  <phone>409-306-7649</phone>
  <ssn>
    <value>146-76-2583</value>
    <classification>(S)</classification>
  </ssn>
  <images>
    <image>
      <url>https://cdn1.marklogic.com/wp-content/uploads/2021/05/IS-headshot.jpeg</url>
      <source>
        <name>USA Today</name>
        <ts>2014-07-19T12:52:54Z</ts>
        <uploadedBy>hscorthorne0</uploadedBy>
      </source>
    </image>
    <image>
      <url>https://cdn1.marklogic.com/wp-content/uploads/2020/11/george-bloom-headshot-300x300-1.jpg</url>
      <source>
        <name>Wall Street Journal</name>
        <ts>2015-07-27T08:44:04Z</ts>
        <uploadedBy>agoosey0</uploadedBy>
      </source>
    </image>
    <image>
      <url>https://cdn1.marklogic.com/wp-content/uploads/2018/02/trinh-lieu-profile.jpg</url>
      <source>
        <name>Washington Post</name>
        <ts>2017-10-30T18:24:05Z</ts>
        <uploadedBy>gzollner0</uploadedBy>
      </source>
    </image>
    <image>
      <url>https://cdn1.marklogic.com/wp-content/uploads/2021/02/1612313387205.jpeg</url>
      <source>
        <name>Wall Street Journal</name>
        <ts>2018-12-29T15:29:23Z</ts>
        <uploadedBy>jbrome0</uploadedBy>
      </source>
    </image>
  </images>
  <addresses>
    <address>
      <street>7 Sundown Crossing</street>
      <city>El Paso</city>
      <state>TX</state>
      <postal>79999</postal>
      <country>United States</country>
      <latitude>31.6948</latitude>
      <longitude>-106.3</longitude>
    </address>
  </addresses>
  <schools>
    <school>
      <country>United Kingdom</country>
      <name>Institue of Historical Research, University of London</name>
      <city>Marston</city>
      <state>ENG</state>
      <postal>ST20</postal>
      <latitude>52.721723</latitude>
      <longitude>-2.244703</longitude>
      <source>
        <name>USA Today</name>
        <ts>2011-01-20T11:41:14Z</ts>
      </source>
      <source>
        <name>New York Times</name>
        <ts>2012-02-08T05:26:28Z</ts>
      </source>
      <source>
        <name>Chicago Tribune</name>
        <ts>2012-07-18T11:13:48Z</ts>
      </source>
    </school>
  </schools>
  <status>Active</status>
  <sources>
    <source>
      <name>Wall Street Journal</name>
      <ts>2017-11-15T07:16:03Z</ts>
    </source>
  </sources>
  <relations>
    <relation>
      <id>/person/10095.xml</id>
      <predicate>worksWith</predicate>
      <imageSrc>https://cdn1.marklogic.com/wp-content/uploads/2020/04/JamesKenwood-headshot-600x600-1.jpg</imageSrc>
      <fullname>Dumini Lisle</fullname>
      <city>Bakersfield</city>
      <state>CA</state>
    </relation>
    <relation>
      <id>/person/10015.xml</id>
      <predicate>worksWith</predicate>
      <imageSrc>https://cdn1.marklogic.com/wp-content/uploads/2018/01/headshot_square_286x286.jpg</imageSrc>
      <fullname>Tolomio Dru</fullname>
      <city>Arvada</city>
      <state>CO</state>
    </relation>
  </relations>
  <createdOn>
    <ts>2022-01-16T12:12:03Z</ts>
    <user>mburditt2i</user>
  </createdOn>
  <lastUpdated>
    <ts>2022-01-09T15:27:12Z</ts>
    <user>mburditt2i</user>
  </lastUpdated>
  <socials>
    <social>
      <site>twitter</site>
      <handle>kkenworth0</handle>
      <address>https://freewebs.com/ligula/pellentesque/ultrices/phasellus/id/sapien.xml</address>
    </social>
    <social>
      <site>facebook</site>
      <handle>abaake1</handle>
      <address>https://vinaora.com/sit/amet/turpis/elementum/ligula/vehicula.png</address>
    </social>
  </socials>
  <memberships/>
  <links>
    <link>
      <label>Quick View</label>
      <url>http://dot.gov</url>
      <icon>faEye</icon>
    </link>
    <link>
      <label>Nomination History</label>
      <url>http://virginia.edu</url>
      <icon>faMedal</icon>
    </link>
    <link>
      <label>Comments</label>
      <url>https://mlb.com</url>
      <icon>faComments</icon>
    </link>
  </links>
  <activities>
    <activity>
      <predicate>startedAt</predicate>
      <place>Tazz</place>
      <predplace>startedAt Tazz</predplace>
      <ts>2014-02-04T04:43:50Z</ts>
      <source>
        <name>USA Today</name>
        <ts>2020-02-13T02:08:19Z</ts>
        <createdBy>Kerry Surmeir</createdBy>
        <approvedBy>Darrick Titcumb</approvedBy>
      </source>
    </activity>
    <activity>
      <predicate>movedTo</predicate>
      <place>Wordtune</place>
      <predplace>movedTo Wordtune</predplace>
      <ts>2011-11-25T23:37:46Z</ts>
      <source>
        <name>New York Times</name>
        <ts>2021-03-14T17:30:55Z</ts>
        <createdBy>Ruby Gildersleaves</createdBy>
        <approvedBy>Shea Nellis</approvedBy>
      </source>
    </activity>
    <activity>
      <predicate>transferredTo</predicate>
      <place>Tazzy</place>
      <predplace>transferredTo Tazzy</predplace>
      <ts>2015-12-03T19:46:13Z</ts>
      <source>
        <name>Chicago Tribune</name>
        <ts>2016-09-27T01:58:12Z</ts>
        <createdBy>Garrett Wilman</createdBy>
        <approvedBy>Sarge Josipovic</approvedBy>
      </source>
    </activity>
    <activity>
      <predicate>endedAt</predicate>
      <place>Buzzshare</place>
      <predplace>endedAt Buzzshare</predplace>
      <ts>2015-04-08T21:51:45Z</ts>
      <source>
        <name>Los Angeles Times</name>
        <ts>2022-03-27T20:43:59Z</ts>
        <createdBy>Miner Puckring</createdBy>
        <approvedBy>Pauli Seggie</approvedBy>
      </source>
    </activity>
    <activity>
      <predicate>transferredTo</predicate>
      <place>Agivu</place>
      <predplace>transferredTo Agivu</predplace>
      <ts>2012-05-01T08:19:16Z</ts>
      <source>
        <name>Wall Street Journal</name>
        <ts>2020-10-24T12:52:49Z</ts>
        <createdBy>Aurelia Hillatt</createdBy>
        <approvedBy>Viviene Gronow</approvedBy>
      </source>
    </activity>
  </activities>
  <actions>
    <action>
      <url>http://shinystat.com</url>
      <icon>faCog</icon>
    </action>
    <action>
      <url>http://google.com.hk</url>
      <icon>faCode</icon>
    </action>
    <action>
      <url>http://dell.com</url>
      <icon>faSync</icon>
    </action>
  </actions>
</person>