<?xml version="1.0" encoding="UTF-8" standalone="yes"?>
<person>
  <personId>10098</personId>
  <nameGroup>
    <givenname>
      <value>Austen</value>
    </givenname>
    <surname>
      <value>Loins</value>
    </surname>
    <fullname>
      <classification>C</classification>
      <restricted>false</restricted>
      <value>Loins Austen</value>
      <source>
        <name>Washington Post</name>
        <ts>2014-10-14T08:50:37Z</ts>
      </source>
      <source>
        <name>New York Times</name>
        <ts>2010-11-04T09:57:30Z</ts>
      </source>
    </fullname>
  </nameGroup>
  <emails>
    <email>
      <value>wgarvan0@ft.com</value>
      <classification>C</classification>
      <restricted>false</restricted>
    </email>
    <email>
      <value>jjeram1@vk.com</value>
      <classification>U</classification>
      <restricted>false</restricted>
    </email>
    <email>
      <value>rgleeson2@zdnet.com</value>
      <classification>U</classification>
      <restricted>false</restricted>
    </email>
  </emails>
  <phone>388-516-0093</phone>
  <ssn>
    <value>440-95-2108</value>
    <classification>(S)</classification>
  </ssn>
  <images>
    <image>
      <url>https://cdn1.marklogic.com/wp-content/uploads/2018/01/Diane-Burley-MarkLogic-2015.jpg</url>
      <source>
        <name>Washington Post</name>
        <ts>2021-01-20T17:19:59Z</ts>
        <uploadedBy>vmannie0</uploadedBy>
      </source>
    </image>
    <image>
      <url>https://cdn1.marklogic.com/wp-content/uploads/2020/11/george-bloom-headshot-300x300-1.jpg</url>
      <source>
        <name>Wall Street Journal</name>
        <ts>2020-03-02T07:36:41Z</ts>
        <uploadedBy>wklemmt0</uploadedBy>
      </source>
    </image>
  </images>
  <addresses>
    <address>
      <street>79833 Morning Parkway</street>
      <city>Moreno Valley</city>
      <state>CA</state>
      <postal>92555</postal>
      <country>United States</country>
      <latitude>33.9377</latitude>
      <longitude>-117.1851</longitude>
    </address>
    <address>
      <street>0027 Spohn Center</street>
      <city>Corpus Christi</city>
      <state>TX</state>
      <postal>78415</postal>
      <country>United States</country>
      <latitude>27.7262</latitude>
      <longitude>-97.4078</longitude>
    </address>
    <address>
      <street>35887 Ohio Circle</street>
      <city>Peoria</city>
      <state>AZ</state>
      <postal>85383</postal>
      <country>United States</country>
      <latitude>33.7169</latitude>
      <longitude>-112.238</longitude>
    </address>
  </addresses>
  <schools>
    <school>
      <country>United States</country>
      <name>University of Missouri - Kansas City</name>
      <city>Huntington Beach</city>
      <state>CA</state>
      <postal>92648</postal>
      <latitude>33.6781963</latitude>
      <longitude>-118.0127534</longitude>
      <source>
        <name>USA Today</name>
        <ts>2018-09-23T04:30:05Z</ts>
      </source>
      <source>
        <name>New York Times</name>
        <ts>2020-02-24T20:21:00Z</ts>
      </source>
      <source>
        <name>Chicago Tribune</name>
        <ts>2017-04-16T04:29:05Z</ts>
      </source>
    </school>
    <school>
      <country>United States</country>
      <name>Eastern Conservatory of Music</name>
      <city>Newport Beach</city>
      <state>CA</state>
      <postal>92662</postal>
      <latitude>33.6061462</latitude>
      <longitude>-117.8912117</longitude>
      <source>
        <name>USA Today</name>
        <ts>2015-02-01T15:13:33Z</ts>
      </source>
      <source>
        <name>New York Times</name>
        <ts>2010-12-20T18:39:29Z</ts>
      </source>
      <source>
        <name>Chicago Tribune</name>
        <ts>2011-10-03T00:39:54Z</ts>
      </source>
    </school>
  </schools>
  <status>Active</status>
  <sources>
    <source>
      <name>Washington Post</name>
      <ts>2010-02-25T11:44:20Z</ts>
    </source>
  </sources>
  <sources>
    <source>
      <name>Los Angeles Times</name>
      <ts>2013-04-11T13:34:05Z</ts>
    </source>
  </sources>
  <sources>
    <source>
      <name>Wall Street Journal</name>
      <ts>2019-11-29T12:24:55Z</ts>
    </source>
  </sources>
  <relations>
    <relation>
      <id>/person/10099.xml</id>
      <predicate>livesWith</predicate>
      <imageSrc>https://cdn1.marklogic.com/wp-content/uploads/2020/04/JamesKenwood-headshot-600x600-1.jpg</imageSrc>
      <fullname>Hallatt Glad</fullname>
      <city>Raleigh</city>
      <state>NC</state>
    </relation>
    <relation>
      <id>/person/10004.xml</id>
      <predicate>worksWith</predicate>
      <imageSrc>https://cdn1.marklogic.com/wp-content/uploads/2018/01/Michael-Malgeri-MarkLogic.jpg</imageSrc>
      <fullname>Siege Freeland</fullname>
      <city>Huntington</city>
      <state>WV</state>
    </relation>
    <relation>
      <id>/person/10092.xml</id>
      <predicate>relatedTo</predicate>
      <imageSrc>https://cdn1.marklogic.com/wp-content/uploads/2020/04/JamesKenwood-headshot-600x600-1.jpg</imageSrc>
      <fullname>Strange Irita</fullname>
      <city>El Paso</city>
      <state>TX</state>
    </relation>
  </relations>
  <createdOn>
    <ts>2022-02-22T21:54:04Z</ts>
    <user>aloins2p</user>
  </createdOn>
  <lastUpdated>
    <ts>2022-02-25T16:35:41Z</ts>
    <user>aloins2p</user>
  </lastUpdated>
  <socials>
    <social>
      <site>facebook</site>
      <handle>mcount0</handle>
      <address>https://home.pl/blandit/non/interdum/in/ante/vestibulum.xml</address>
    </social>
  </socials>
  <memberships>
    <membership>
      <list>list1</list>
      <important>false</important>
      <ts>2022-01-30</ts>
    </membership>
    <membership>
      <list>list1</list>
      <important>false</important>
      <ts>2022-02-13</ts>
    </membership>
    <membership>
      <list>list10</list>
      <important>false</important>
      <ts>2022-02-20</ts>
    </membership>
  </memberships>
  <links>
    <link>
      <label>Quick View</label>
      <url>https://mail.ru</url>
      <icon>faEye</icon>
    </link>
    <link>
      <label>Nomination History</label>
      <url>http://ow.ly</url>
      <icon>faMedal</icon>
    </link>
    <link>
      <label>Comments</label>
      <url>http://desdev.cn</url>
      <icon>faComments</icon>
    </link>
  </links>
  <activities>
    <activity>
      <predicate>startedAt</predicate>
      <place>Riffpedia</place>
      <predplace>startedAt Riffpedia</predplace>
      <ts>2010-01-19T15:28:04Z</ts>
      <source>
        <name>USA Today</name>
        <ts>2019-12-20T12:36:42Z</ts>
        <createdBy>Arlyn Nana</createdBy>
        <approvedBy>Alfie Hurley</approvedBy>
      </source>
    </activity>
    <activity>
      <predicate>startedAt</predicate>
      <place>Oyoba</place>
      <predplace>startedAt Oyoba</predplace>
      <ts>2011-10-31T13:02:57Z</ts>
      <source>
        <name>New York Times</name>
        <ts>2016-10-12T10:58:36Z</ts>
        <createdBy>Eolanda Dawes</createdBy>
        <approvedBy>Jacobo Newlove</approvedBy>
      </source>
    </activity>
    <activity>
      <predicate>transferredTo</predicate>
      <place>Twimm</place>
      <predplace>transferredTo Twimm</predplace>
      <ts>2015-03-22T07:46:37Z</ts>
      <source>
        <name>Chicago Tribune</name>
        <ts>2021-11-29T03:50:26Z</ts>
        <createdBy>Jessee Blench</createdBy>
        <approvedBy>Carline Ayce</approvedBy>
      </source>
    </activity>
    <activity>
      <predicate>startedAt</predicate>
      <place>Yakitri</place>
      <predplace>startedAt Yakitri</predplace>
      <ts>2010-05-26T05:05:49Z</ts>
      <source>
        <name>Los Angeles Times</name>
        <ts>2019-06-10T01:04:20Z</ts>
        <createdBy>Leo Greed</createdBy>
        <approvedBy>Sandra Cadwallader</approvedBy>
      </source>
    </activity>
    <activity>
      <predicate>endedAt</predicate>
      <place>Kwinu</place>
      <predplace>endedAt Kwinu</predplace>
      <ts>2012-09-16T17:47:52Z</ts>
      <source>
        <name>Wall Street Journal</name>
        <ts>2016-08-01T00:09:48Z</ts>
        <createdBy>Mitch O'Reilly</createdBy>
        <approvedBy>Sander Kirkam</approvedBy>
      </source>
    </activity>
  </activities>
  <actions>
    <action>
      <url>https://lulu.com</url>
      <icon>faCog</icon>
    </action>
    <action>
      <url>https://yellowbook.com</url>
      <icon>faCode</icon>
    </action>
    <action>
      <url>http://bluehost.com</url>
      <icon>faSync</icon>
    </action>
  </actions>
</person>