<?xml version="1.0" encoding="UTF-8" standalone="yes"?>
<person>
  <personId>10095</personId>
  <nameGroup>
    <givenname>
      <value>Franny</value>
    </givenname>
    <surname>
      <value>Goffe</value>
    </surname>
    <fullname>
      <classification>U</classification>
      <restricted>false</restricted>
      <value>Goffe Franny</value>
      <source>
        <name>Washington Post</name>
        <ts>2014-09-12T02:56:04Z</ts>
      </source>
    </fullname>
  </nameGroup>
  <emails>
    <email>
      <value>kpattison0@hao123.com</value>
      <classification>U</classification>
      <restricted>false</restricted>
    </email>
    <email>
      <value>ksanto1@spotify.com</value>
      <classification>C</classification>
      <restricted>false</restricted>
    </email>
    <email>
      <value>sweagener2@mozilla.com</value>
      <classification>U</classification>
      <restricted>false</restricted>
    </email>
  </emails>
  <phone>160-655-3319</phone>
  <contacts>
    <contact>
      <type>phone</type>
      <value>374-471-0766</value>
    </contact>
    <contact>
      <type>email</type>
      <value>tlongina1@spotify.com</value>
    </contact>
    <contact>
      <type>email</type>
      <value>ctrumble2@deviantart.com</value>
    </contact>
  </contacts>
  <ssn>
    <value>256-64-3185</value>
    <classification>(S)</classification>
  </ssn>
  <images>
    <image>
      <url>https://cdn1.marklogic.com/wp-content/uploads/2021/05/IS-headshot.jpeg</url>
      <source>
        <name>Los Angeles Times</name>
        <ts>2010-03-18T09:27:28Z</ts>
        <uploadedBy>elockyer0</uploadedBy>
      </source>
    </image>
    <image>
      <url>https://cdn1.marklogic.com/wp-content/uploads/2021/05/IS-headshot.jpeg</url>
      <source>
        <name>New York Times</name>
        <ts>2021-11-10T00:21:54Z</ts>
        <uploadedBy/>
      </source>
    </image>
    <image>
      <url>https://cdn1.marklogic.com/wp-content/uploads/2018/01/Alicia-Saia-MarkLogic1.jpg</url>
      <source>
        <name>Chicago Tribune</name>
        <ts>2020-07-28T05:28:12Z</ts>
        <uploadedBy>ahawyes0</uploadedBy>
      </source>
    </image>
  </images>
  <addresses>
    <address>
      <street>112 Fieldstone Center</street>
      <city>Phoenix</city>
      <state>AZ</state>
      <postal>85020</postal>
      <country>United States</country>
      <latitude>33.5623</latitude>
      <longitude>-112.0559</longitude>
    </address>
    <address>
      <street>0396 Raven Plaza</street>
      <city>Washington</city>
      <state>DC</state>
      <postal>20409</postal>
      <country>United States</country>
      <latitude>38.8933</latitude>
      <longitude>-77.0146</longitude>
    </address>
    <address>
      <street>9 Russell Trail</street>
      <city>Sioux Falls</city>
      <state>SD</state>
      <postal>57198</postal>
      <country>United States</country>
      <latitude>43.6746</latitude>
      <longitude>-96.7913</longitude>
    </address>
  </addresses>
  <schools>
    <school>
      <country>Mexico</country>
      <name>Universidad Autónoma de Querétaro</name>
      <city>Guadalupe</city>
      <state>OAX</state>
      <postal>70533</postal>
      <latitude>25.6765837</latitude>
      <longitude>-100.2602364</longitude>
      <source>
        <name>USA Today</name>
        <ts>2010-11-06T08:13:41Z</ts>
      </source>
      <source>
        <name>New York Times</name>
        <ts>2017-10-29T04:57:39Z</ts>
      </source>
      <source>
        <name>Chicago Tribune</name>
        <ts>2017-07-09T01:21:40Z</ts>
      </source>
    </school>
  </schools>
  <status>Active</status>
  <sources>
    <source>
      <name>New York Times</name>
      <ts>2021-04-22T17:29:51Z</ts>
    </source>
  </sources>
  <relations>
    <relation>
      <id>/person/10075.xml</id>
      <predicate>livesWith</predicate>
      <imageSrc>https://cdn1.marklogic.com/wp-content/uploads/2020/04/JamesKenwood-headshot-600x600-1.jpg</imageSrc>
      <fullname>Wortt Jillayne</fullname>
      <city>Denver</city>
      <state>CO</state>
    </relation>
    <relation>
      <id>/person/10045.xml</id>
      <predicate>relatedTo</predicate>
      <imageSrc>https://cdn1.marklogic.com/wp-content/uploads/2018/01/Michael-Malgeri-MarkLogic.jpg</imageSrc>
      <fullname>Hullah Arie</fullname>
      <city>Shreveport</city>
      <state>LA</state>
    </relation>
    <relation>
      <id>/person/10047.xml</id>
      <predicate>relatedTo</predicate>
      <imageSrc>https://cdn1.marklogic.com/wp-content/uploads/2021/05/IS-headshot.jpeg</imageSrc>
      <fullname>Brunker Buffy</fullname>
      <city>Midland</city>
      <state>MI</state>
    </relation>
  </relations>
  <createdOn>
    <ts>2022-01-04T23:14:14Z</ts>
    <user>fgoffe2m</user>
  </createdOn>
  <lastUpdated>
    <ts>2022-01-04T07:00:35Z</ts>
    <user>fgoffe2m</user>
  </lastUpdated>
  <socials>
    <social>
      <site>linkedin</site>
      <handle>hgambie0</handle>
      <address>http://technorati.com/nullam/varius/nulla/facilisi/cras/non/velit.png</address>
    </social>
  </socials>
  <memberships>
    <membership>
      <list>list4</list>
      <important>true</important>
      <ts>2022-01-08</ts>
    </membership>
    <membership>
      <list>list7</list>
      <important>true</important>
      <ts>2022-01-14</ts>
    </membership>
  </memberships>
  <links>
    <link>
      <label>Quick View</label>
      <url>https://51.la</url>
      <icon>faEye</icon>
    </link>
    <link>
      <label>Nomination History</label>
      <url>https://wisc.edu</url>
      <icon>faMedal</icon>
    </link>
    <link>
      <label>Comments</label>
      <url>https://un.org</url>
      <icon>faComments</icon>
    </link>
  </links>
  <activities>
    <activity>
      <predicate>transferredTo</predicate>
      <place>Browseblab</place>
      <predplace>transferredTo Browseblab</predplace>
      <ts>2013-04-25T22:41:01Z</ts>
      <source>
        <name>USA Today</name>
        <ts>2020-12-26T08:57:27Z</ts>
        <createdBy>Joyous Bissex</createdBy>
        <approvedBy>Faydra Rockall</approvedBy>
      </source>
    </activity>
    <activity>
      <predicate>startedAt</predicate>
      <place>Kare</place>
      <predplace>startedAt Kare</predplace>
      <ts>2014-09-10T08:22:59Z</ts>
      <source>
        <name>New York Times</name>
        <ts>2021-02-28T19:01:27Z</ts>
        <createdBy>Audrie Gane</createdBy>
        <approvedBy>Obed Lathwood</approvedBy>
      </source>
    </activity>
    <activity>
      <predicate>endedAt</predicate>
      <place>Kwilith</place>
      <predplace>endedAt Kwilith</predplace>
      <ts>2012-07-14T12:55:19Z</ts>
      <source>
        <name>Chicago Tribune</name>
        <ts>2021-06-17T10:37:06Z</ts>
        <createdBy>Germaine McGrady</createdBy>
        <approvedBy>Sergent MacClure</approvedBy>
      </source>
    </activity>
    <activity>
      <predicate>movedTo</predicate>
      <place>Leenti</place>
      <predplace>movedTo Leenti</predplace>
      <ts>2017-04-09T19:45:07Z</ts>
      <source>
        <name>Los Angeles Times</name>
        <ts>2020-10-24T02:39:26Z</ts>
        <createdBy>Danica Duchasteau</createdBy>
        <approvedBy>Cyrus Kearsley</approvedBy>
      </source>
    </activity>
  </activities>
  <events>
    <event>
      <predicate>livedIn</predicate>
      <place>Ukraine</place>
      <predplace>livedIn Ukraine</predplace>
      <end>2017-03-12T07:54:15Z</end>
      <start>2014-03-02T16:53:55Z</start>
    </event>
  </events>
  <actions>
    <action>
      <url>https://a8.net</url>
      <icon>faCog</icon>
    </action>
    <action>
      <url>http://instagram.com</url>
      <icon>faCode</icon>
    </action>
    <action>
      <url>http://npr.org</url>
      <icon>faSync</icon>
    </action>
  </actions>
</person>