<?xml version="1.0" encoding="UTF-8" standalone="yes"?>
<person>
  <personId>10097</personId>
  <nameGroup>
    <givenname>
      <value>Iolande</value>
    </givenname>
    <surname>
      <value>Myhan</value>
    </surname>
    <fullname>
      <classification>C</classification>
      <restricted>true</restricted>
      <value>Myhan Iolande</value>
      <source>
        <name>Washington Post</name>
        <ts>2018-07-09T23:23:58Z</ts>
      </source>
      <source>
        <name>Wall Street Journal</name>
        <ts>2021-04-18T04:49:18Z</ts>
      </source>
      <source>
        <name>Chicago Tribune</name>
        <ts>2021-06-21T10:06:10Z</ts>
      </source>
    </fullname>
  </nameGroup>
  <emails>
    <email>
      <value>ebramelt0@yale.edu</value>
      <classification>C</classification>
      <restricted>false</restricted>
    </email>
    <email>
      <value>bhinz1@nps.gov</value>
      <classification>U</classification>
      <restricted>false</restricted>
    </email>
    <email>
      <value>season2@bizjournals.com</value>
      <classification>S</classification>
      <restricted>false</restricted>
    </email>
  </emails>
  <phone>776-500-1208</phone>
  <contacts>
    <contact>
      <type>phone</type>
      <value>830-534-1341</value>
    </contact>
    <contact>
      <type>phone</type>
      <value>863-931-3481</value>
    </contact>
    <contact>
      <type>phone</type>
      <value>406-502-5354</value>
    </contact>
  </contacts>
  <ssn>
    <value>802-91-6961</value>
    <classification>(S)</classification>
  </ssn>
  <images>
    <image>
      <url>https://cdn1.marklogic.com/wp-content/uploads/2018/01/headshot_square_286x286.jpg</url>
      <source>
        <name>Los Angeles Times</name>
        <ts>2013-04-09T06:26:54Z</ts>
        <uploadedBy/>
      </source>
    </image>
  </images>
  <addresses>
    <address>
      <street>264 Elmside Trail</street>
      <city>Anniston</city>
      <state>AL</state>
      <postal>36205</postal>
      <country>United States</country>
      <latitude>33.7358</latitude>
      <longitude>-85.7933</longitude>
    </address>
  </addresses>
  <schools>
    <school>
      <country>Canada</country>
      <name>Regent College</name>
      <city>Barraute</city>
      <state>QC</state>
      <postal>P0M</postal>
      <latitude>48.43349</latitude>
      <longitude>-77.63279</longitude>
      <source>
        <name>USA Today</name>
        <ts>2012-12-18T10:59:04Z</ts>
      </source>
      <source>
        <name>New York Times</name>
        <ts>2019-09-14T04:29:34Z</ts>
      </source>
    </school>
  </schools>
  <status>Active</status>
  <sources>
    <source>
      <name>Chicago Tribune</name>
      <ts>2019-04-17T15:53:40Z</ts>
    </source>
  </sources>
  <relations>
    <relation>
      <id>/person/10021.xml</id>
      <predicate>livesWith</predicate>
      <imageSrc>https://cdn1.marklogic.com/wp-content/uploads/2018/01/headshot_square_286x286.jpg</imageSrc>
      <fullname>Tapscott Daniele</fullname>
      <city>Oklahoma City</city>
      <state>OK</state>
    </relation>
    <relation>
      <id>/person/10008.xml</id>
      <predicate>relatedTo</predicate>
      <imageSrc>https://cdn1.marklogic.com/wp-content/uploads/2018/02/trinh-lieu-profile.jpg</imageSrc>
      <fullname>Dell Casa Laverna</fullname>
      <city>Lake Charles</city>
      <state>LA</state>
    </relation>
    <relation>
      <id>/person/10070.xml</id>
      <predicate>relatedTo</predicate>
      <imageSrc>https://cdn1.marklogic.com/wp-content/uploads/2021/07/chuck-hollis.jpeg</imageSrc>
      <fullname>Mertsching Francis</fullname>
      <city>Lexington</city>
      <state>KY</state>
    </relation>
    <relation>
      <id>/person/10049.xml</id>
      <predicate>livesWith</predicate>
      <imageSrc>https://cdn1.marklogic.com/wp-content/uploads/2018/01/Alicia-Saia-MarkLogic1.jpg</imageSrc>
      <fullname>Gatheridge Chip</fullname>
      <city>Washington</city>
      <state>DC</state>
    </relation>
  </relations>
  <createdOn>
    <ts>2022-02-27T09:23:11Z</ts>
    <user>imyhan2o</user>
  </createdOn>
  <lastUpdated>
    <ts>2022-01-27T19:59:55Z</ts>
    <user>imyhan2o</user>
  </lastUpdated>
  <socials>
    <social>
      <site>facebook</site>
      <handle>tdombrell0</handle>
      <address>https://businessinsider.com/morbi/non/quam.jsp</address>
    </social>
    <social>
      <site>linkedin</site>
      <handle>linstrell1</handle>
      <address>https://loc.gov/nunc/purus.html</address>
    </social>
    <social>
      <site>twitter</site>
      <handle>pmouncey2</handle>
      <address>https://constantcontact.com/proin.json</address>
    </social>
  </socials>
  <memberships>
    <membership>
      <list>list6</list>
      <important>false</important>
      <ts>2022-01-12</ts>
    </membership>
    <membership>
      <list>list7</list>
      <important>true</important>
      <ts>2022-02-05</ts>
    </membership>
    <membership>
      <list>list4</list>
      <important>false</important>
      <ts>2022-01-02</ts>
    </membership>
  </memberships>
  <links>
    <link>
      <label>Quick View</label>
      <url>http://scribd.com</url>
      <icon>faEye</icon>
    </link>
    <link>
      <label>Nomination History</label>
      <url>https://jimdo.com</url>
      <icon>faMedal</icon>
    </link>
    <link>
      <label>Comments</label>
      <url>http://techcrunch.com</url>
      <icon>faComments</icon>
    </link>
  </links>
  <activities>
    <activity>
      <predicate>endedAt</predicate>
      <place>InnoZ</place>
      <predplace>endedAt InnoZ</predplace>
      <ts>2012-10-13T16:29:53Z</ts>
      <source>
        <name>USA Today</name>
        <ts>2021-12-31T17:11:49Z</ts>
        <createdBy>Carree Shackell</createdBy>
        <approvedBy>Maribeth Tineman</approvedBy>
      </source>
    </activity>
    <activity>
      <predicate>transferredTo</predicate>
      <place>Rhyloo</place>
      <predplace>transferredTo Rhyloo</predplace>
      <ts>2013-09-25T18:13:14Z</ts>
      <source>
        <name>New York Times</name>
        <ts>2021-05-07T19:53:48Z</ts>
        <createdBy>Alfie Grigolon</createdBy>
        <approvedBy>Zaccaria Tappington</approvedBy>
      </source>
    </activity>
    <activity>
      <predicate>movedTo</predicate>
      <place>Twitterworks</place>
      <predplace>movedTo Twitterworks</predplace>
      <ts>2013-07-16T04:59:12Z</ts>
      <source>
        <name>Chicago Tribune</name>
        <ts>2021-10-26T17:33:59Z</ts>
        <createdBy>Susanetta Croxley</createdBy>
        <approvedBy>Bogey Dykes</approvedBy>
      </source>
    </activity>
    <activity>
      <predicate>endedAt</predicate>
      <place>Demizz</place>
      <predplace>endedAt Demizz</predplace>
      <ts>2019-11-17T16:16:28Z</ts>
      <source>
        <name>Los Angeles Times</name>
        <ts>2021-02-09T15:09:38Z</ts>
        <createdBy>Anthia Arckoll</createdBy>
        <approvedBy>Conan Nyssen</approvedBy>
      </source>
    </activity>
    <activity>
      <predicate>startedAt</predicate>
      <place>Edgepulse</place>
      <predplace>startedAt Edgepulse</predplace>
      <ts>2019-11-19T23:21:03Z</ts>
      <source>
        <name>Wall Street Journal</name>
        <ts>2020-08-20T04:35:09Z</ts>
        <createdBy>Federica Cullinan</createdBy>
        <approvedBy>Salvatore Farries</approvedBy>
      </source>
    </activity>
  </activities>
  <events>
    <event>
      <predicate>visited</predicate>
      <place>Thailand</place>
      <predplace>visited Thailand</predplace>
      <end>2017-01-23T10:40:45Z</end>
      <start>2014-08-25T12:54:22Z</start>
    </event>
  </events>
  <actions>
    <action>
      <url>https://google.com.hk</url>
      <icon>faCog</icon>
    </action>
    <action>
      <url>https://wsj.com</url>
      <icon>faCode</icon>
    </action>
    <action>
      <url>http://tripadvisor.com</url>
      <icon>faSync</icon>
    </action>
  </actions>
</person>