<?xml version="1.0" encoding="UTF-8" standalone="yes"?>
<person>
  <personId>10096</personId>
  <nameGroup>
    <givenname>
      <value>Franny</value>
    </givenname>
    <surname>
      <value>Rowden</value>
    </surname>
    <fullname>
      <classification>S</classification>
      <restricted>false</restricted>
      <value>Rowden Franny</value>
      <source>
        <name>Chicago Tribune</name>
        <ts>2019-01-28T09:42:23Z</ts>
      </source>
      <source>
        <name>New York Times</name>
        <ts>2016-12-02T11:40:18Z</ts>
      </source>
    </fullname>
  </nameGroup>
  <emails>
    <email>
      <value>mkenchington0@gmpg.org</value>
      <classification>C</classification>
      <restricted>false</restricted>
    </email>
  </emails>
  <phone>910-407-5666</phone>
  <ssn>
    <value>254-08-1120</value>
    <classification>(S)</classification>
  </ssn>
  <images>
    <image>
      <url>https://cdn1.marklogic.com/wp-content/uploads/2021/02/1612313387205.jpeg</url>
      <source>
        <name>Chicago Tribune</name>
        <ts>2017-01-28T19:01:25Z</ts>
        <uploadedBy>gparfrey0</uploadedBy>
      </source>
    </image>
  </images>
  <addresses>
    <address>
      <street>4 Thompson Circle</street>
      <city>Cincinnati</city>
      <state>OH</state>
      <postal>45254</postal>
      <country>United States</country>
      <latitude>39.1668</latitude>
      <longitude>-84.5382</longitude>
    </address>
  </addresses>
  <schools>
    <school>
      <country>Mexico</country>
      <name>Universidad del Bajío</name>
      <city>Emiliano Zapata</city>
      <state>VER</state>
      <postal>92773</postal>
      <latitude>19.3624962</latitude>
      <longitude>-96.6565439</longitude>
      <source>
        <name>USA Today</name>
        <ts>2017-04-27T01:04:58Z</ts>
      </source>
    </school>
  </schools>
  <status>Inactive</status>
  <sources>
    <source>
      <name>USA Today</name>
      <ts>2015-04-13T21:18:51Z</ts>
    </source>
  </sources>
  <sources>
    <source>
      <name>Washington Post</name>
      <ts>2012-05-21T20:10:45Z</ts>
    </source>
  </sources>
  <sources>
    <source>
      <name>Wall Street Journal</name>
      <ts>2020-10-23T07:11:06Z</ts>
    </source>
  </sources>
  <relations>
    <relation>
      <id>/person/10060.xml</id>
      <predicate>worksWith</predicate>
      <imageSrc>https://cdn1.marklogic.com/wp-content/uploads/2020/11/george-bloom-headshot-300x300-1.jpg</imageSrc>
      <fullname>Tremayne Sabine</fullname>
      <city>Lynchburg</city>
      <state>VA</state>
    </relation>
    <relation>
      <id>/person/10067.xml</id>
      <predicate>worksWith</predicate>
      <imageSrc>https://cdn1.marklogic.com/wp-content/uploads/2021/05/IS-headshot.jpeg</imageSrc>
      <fullname>Brosius Atalanta</fullname>
      <city>Salt Lake City</city>
      <state>UT</state>
    </relation>
    <relation>
      <id>/person/10001.xml</id>
      <predicate>worksWith</predicate>
      <imageSrc>https://cdn1.marklogic.com/wp-content/uploads/2020/04/JamesKenwood-headshot-600x600-1.jpg</imageSrc>
      <fullname>Goodband Hermia</fullname>
      <city>Valdosta</city>
      <state>GA</state>
    </relation>
    <relation>
      <id>/person/10080.xml</id>
      <predicate>relatedTo</predicate>
      <imageSrc>https://cdn1.marklogic.com/wp-content/uploads/2018/01/Alicia-Saia-MarkLogic1.jpg</imageSrc>
      <fullname>Wateridge Inesita</fullname>
      <city>Portland</city>
      <state>OR</state>
    </relation>
  </relations>
  <createdOn>
    <ts>2022-02-17T02:16:46Z</ts>
    <user>frowden2n</user>
  </createdOn>
  <lastUpdated>
    <ts>2022-01-07T13:33:32Z</ts>
    <user>frowden2n</user>
  </lastUpdated>
  <socials>
    <social>
      <site>facebook</site>
      <handle/>
      <address>http://xing.com/tempus/vivamus/in.json</address>
    </social>
    <social>
      <site>linkedin</site>
      <handle/>
      <address>http://ucoz.ru/erat/fermentum/justo/nec/condimentum/neque.jpg</address>
    </social>
    <social>
      <site>twitter</site>
      <handle>sleaver2</handle>
      <address>http://disqus.com/egestas/metus/aenean/fermentum.jpg</address>
    </social>
  </socials>
  <memberships>
    <membership>
      <list>list7</list>
      <important>false</important>
      <ts>2022-02-01</ts>
    </membership>
    <membership>
      <list>list1</list>
      <important>true</important>
      <ts>2022-01-04</ts>
    </membership>
    <membership>
      <list>list6</list>
      <important>true</important>
      <ts>2022-02-25</ts>
    </membership>
    <membership>
      <list>list12</list>
      <important>true</important>
      <ts>2022-02-17</ts>
    </membership>
    <membership>
      <list>list11</list>
      <important>true</important>
      <ts>2022-01-30</ts>
    </membership>
  </memberships>
  <links>
    <link>
      <label>Quick View</label>
      <url>https://youtu.be</url>
      <icon>faEye</icon>
    </link>
    <link>
      <label>Nomination History</label>
      <url>https://multiply.com</url>
      <icon>faMedal</icon>
    </link>
    <link>
      <label>Comments</label>
      <url>http://twitpic.com</url>
      <icon>faComments</icon>
    </link>
  </links>
  <activities>
    <activity>
      <predicate>endedAt</predicate>
      <place>Cogilith</place>
      <predplace>endedAt Cogilith</predplace>
      <ts>2013-12-23T15:22:10Z</ts>
      <source>
        <name>USA Today</name>
        <ts>2017-02-26T13:38:22Z</ts>
        <createdBy>Cecile Wyldbore</createdBy>
        <approvedBy>Conrado Neenan</approvedBy>
      </source>
    </activity>
    <activity>
      <predicate>startedAt</predicate>
      <place>Dabtype</place>
      <predplace>startedAt Dabtype</predplace>
      <ts>2014-08-18T06:52:28Z</ts>
      <source>
        <name>New York Times</name>
        <ts>2021-02-27T21:52:53Z</ts>
        <createdBy>Berkeley Castanyer</createdBy>
        <approvedBy>Imojean McGraffin</approvedBy>
      </source>
    </activity>
    <activity>
      <predicate>startedAt</predicate>
      <place>Kimia</place>
      <predplace>startedAt Kimia</predplace>
      <ts>2015-03-23T13:30:15Z</ts>
      <source>
        <name>Chicago Tribune</name>
        <ts>2017-03-17T00:32:36Z</ts>
        <createdBy>Isa Signori</createdBy>
        <approvedBy>Jock Rugieri</approvedBy>
      </source>
    </activity>
    <activity>
      <predicate>movedTo</predicate>
      <place>Rhynyx</place>
      <predplace>movedTo Rhynyx</predplace>
      <ts>2011-10-16T08:22:20Z</ts>
      <source>
        <name>Los Angeles Times</name>
        <ts>2016-03-06T05:25:24Z</ts>
        <createdBy>Sheba Eva</createdBy>
        <approvedBy>Ryun Iban</approvedBy>
      </source>
    </activity>
    <activity>
      <predicate>endedAt</predicate>
      <place>Demivee</place>
      <predplace>endedAt Demivee</predplace>
      <ts>2010-04-07T20:30:22Z</ts>
      <source>
        <name>Wall Street Journal</name>
        <ts>2019-03-08T19:32:39Z</ts>
        <createdBy>Thatch Leschelle</createdBy>
        <approvedBy>Fransisco Gilardone</approvedBy>
      </source>
    </activity>
    <activity>
      <predicate>endedAt</predicate>
      <place>Dynabox</place>
      <predplace>endedAt Dynabox</predplace>
      <ts>2010-11-12T18:58:53Z</ts>
      <source>
        <name>Washington Post</name>
        <ts>2018-03-26T11:01:03Z</ts>
        <createdBy>Amby McMeeking</createdBy>
        <approvedBy>Marabel Oury</approvedBy>
      </source>
    </activity>
  </activities>
  <actions>
    <action>
      <url>https://xrea.com</url>
      <icon>faCog</icon>
    </action>
    <action>
      <url>http://addtoany.com</url>
      <icon>faCode</icon>
    </action>
    <action>
      <url>https://netlog.com</url>
      <icon>faSync</icon>
    </action>
  </actions>
</person>