<?xml version="1.0" encoding="UTF-8" standalone="yes"?>
<person>
  <personId>10095</personId>
  <nameGroup>
    <givenname>
      <value>Lisle</value>
    </givenname>
    <surname>
      <value>Dumini</value>
    </surname>
    <fullname>
      <classification>C</classification>
      <restricted>true</restricted>
      <value>Dumini Lisle</value>
      <source>
        <name>Wall Street Journal</name>
        <ts>2014-09-07T14:16:25Z</ts>
      </source>
      <source>
        <name>Chicago Tribune</name>
        <ts>2020-12-27T09:18:02Z</ts>
      </source>
    </fullname>
  </nameGroup>
  <emails>
    <email>
      <value>tcastelletti0@ucla.edu</value>
      <classification>S</classification>
      <restricted>false</restricted>
    </email>
    <email>
      <value>rgeraudel1@symantec.com</value>
      <classification>U</classification>
      <restricted>false</restricted>
    </email>
  </emails>
  <phone>636-678-8954</phone>
  <ssn>
    <value>458-25-6212</value>
    <classification>(S)</classification>
  </ssn>
  <images>
    <image>
      <url>https://cdn1.marklogic.com/wp-content/uploads/2020/04/JamesKenwood-headshot-600x600-1.jpg</url>
      <source>
        <name>New York Times</name>
        <ts>2017-09-15T18:16:42Z</ts>
        <uploadedBy>mbewlie0</uploadedBy>
      </source>
    </image>
  </images>
  <addresses>
    <address>
      <street>881 Grover Road</street>
      <city>Bakersfield</city>
      <state>CA</state>
      <postal>93311</postal>
      <country>United States</country>
      <latitude>35.3039</latitude>
      <longitude>-119.1056</longitude>
    </address>
    <address>
      <street>4768 Fulton Alley</street>
      <city>Lansing</city>
      <state>MI</state>
      <postal>48901</postal>
      <country>United States</country>
      <latitude>42.5992</latitude>
      <longitude>-84.372</longitude>
    </address>
  </addresses>
  <schools>
    <school>
      <country>United States</country>
      <name>Winston-Salem State University</name>
      <city>Seattle</city>
      <state>WA</state>
      <postal>98175</postal>
      <latitude>47.61</latitude>
      <longitude>-122.33</longitude>
      <source>
        <name>USA Today</name>
        <ts>2019-11-15T04:02:28Z</ts>
      </source>
      <source>
        <name>New York Times</name>
        <ts>2017-03-20T17:34:11Z</ts>
      </source>
    </school>
  </schools>
  <status>Inactive</status>
  <sources>
    <source>
      <name>Wall Street Journal</name>
      <ts>2020-05-12T13:57:52Z</ts>
    </source>
  </sources>
  <sources>
    <source>
      <name>Los Angeles Times</name>
      <ts>2017-02-09T15:38:56Z</ts>
    </source>
  </sources>
  <sources>
    <source>
      <name>Chicago Tribune</name>
      <ts>2015-11-11T21:41:51Z</ts>
    </source>
  </sources>
  <relations>
    <relation>
      <id>/person/10009.xml</id>
      <predicate>livesWith</predicate>
      <imageSrc>https://cdn1.marklogic.com/wp-content/uploads/2020/11/george-bloom-headshot-300x300-1.jpg</imageSrc>
      <fullname>McGilmartin Cathrin</fullname>
      <city>Montgomery</city>
      <state>AL</state>
    </relation>
    <relation>
      <id>/person/10001.xml</id>
      <predicate>livesWith</predicate>
      <imageSrc>https://cdn1.marklogic.com/wp-content/uploads/2020/04/JamesKenwood-headshot-600x600-1.jpg</imageSrc>
      <fullname>Goodband Hermia</fullname>
      <city>Valdosta</city>
      <state>GA</state>
    </relation>
    <relation>
      <id>/person/10019.xml</id>
      <predicate>livesWith</predicate>
      <imageSrc>https://cdn1.marklogic.com/wp-content/uploads/2021/07/chuck-hollis.jpeg</imageSrc>
      <fullname>Brommage Hilde</fullname>
      <city>Brockton</city>
      <state>MA</state>
    </relation>
    <relation>
      <id>/person/10054.xml</id>
      <predicate>relatedTo</predicate>
      <imageSrc>https://cdn1.marklogic.com/wp-content/uploads/2021/02/1612313387205.jpeg</imageSrc>
      <fullname>Capponeer Uri</fullname>
      <city>Evanston</city>
      <state>IL</state>
    </relation>
    <relation>
      <id>/person/10055.xml</id>
      <predicate>worksWith</predicate>
      <imageSrc>https://cdn1.marklogic.com/wp-content/uploads/2018/01/Michael-Malgeri-MarkLogic.jpg</imageSrc>
      <fullname>Alekhov Tasha</fullname>
      <city>Midland</city>
      <state>TX</state>
    </relation>
  </relations>
  <createdOn>
    <ts>2022-01-20T17:46:26Z</ts>
    <user>ldumini2m</user>
  </createdOn>
  <lastUpdated>
    <ts>2022-01-18T23:27:47Z</ts>
    <user>ldumini2m</user>
  </lastUpdated>
  <socials>
    <social>
      <site>twitter</site>
      <handle/>
      <address>http://telegraph.co.uk/tincidunt/lacus/at/velit/vivamus.html</address>
    </social>
    <social>
      <site>twitter</site>
      <handle>mwaberer1</handle>
      <address>http://elegantthemes.com/justo/sit/amet/sapien/dignissim/vestibulum/vestibulum.js</address>
    </social>
    <social>
      <site>linkedin</site>
      <handle>spizzey2</handle>
      <address>http://xrea.com/integer.xml</address>
    </social>
  </socials>
  <memberships/>
  <links>
    <link>
      <label>Quick View</label>
      <url>https://phoca.cz</url>
      <icon>faEye</icon>
    </link>
    <link>
      <label>Nomination History</label>
      <url>http://issuu.com</url>
      <icon>faMedal</icon>
    </link>
    <link>
      <label>Comments</label>
      <url>https://feedburner.com</url>
      <icon>faComments</icon>
    </link>
  </links>
  <activities>
    <activity>
      <predicate>movedTo</predicate>
      <place>Yodoo</place>
      <predplace>movedTo Yodoo</predplace>
      <ts>2012-03-17T23:27:01Z</ts>
      <source>
        <name>USA Today</name>
        <ts>2016-06-10T06:38:17Z</ts>
        <createdBy>Catie Cramond</createdBy>
        <approvedBy>Skylar Fairs</approvedBy>
      </source>
    </activity>
    <activity>
      <predicate>movedTo</predicate>
      <place>Jaloo</place>
      <predplace>movedTo Jaloo</predplace>
      <ts>2010-11-24T08:40:39Z</ts>
      <source>
        <name>New York Times</name>
        <ts>2019-02-19T01:18:26Z</ts>
        <createdBy>Martin Easseby</createdBy>
        <approvedBy>Wynn Dellenbroker</approvedBy>
      </source>
    </activity>
    <activity>
      <predicate>transferredTo</predicate>
      <place>Yadel</place>
      <predplace>transferredTo Yadel</predplace>
      <ts>2015-12-06T13:46:53Z</ts>
      <source>
        <name>Chicago Tribune</name>
        <ts>2017-09-20T09:10:56Z</ts>
        <createdBy>Lu Gunnell</createdBy>
        <approvedBy>Rosamond Shivlin</approvedBy>
      </source>
    </activity>
    <activity>
      <predicate>movedTo</predicate>
      <place>Jaxworks</place>
      <predplace>movedTo Jaxworks</predplace>
      <ts>2011-07-12T11:08:32Z</ts>
      <source>
        <name>Los Angeles Times</name>
        <ts>2021-07-30T09:37:06Z</ts>
        <createdBy>Gillie Phillot</createdBy>
        <approvedBy>Maryjane Chisholme</approvedBy>
      </source>
    </activity>
  </activities>
  <actions>
    <action>
      <url>https://over-blog.com</url>
      <icon>faCog</icon>
    </action>
    <action>
      <url>https://cnbc.com</url>
      <icon>faCode</icon>
    </action>
    <action>
      <url>https://last.fm</url>
      <icon>faSync</icon>
    </action>
  </actions>
</person>