<?xml version="1.0" encoding="UTF-8" standalone="yes"?>
<person>
  <personId>10096</personId>
  <nameGroup>
    <givenname>
      <value>Egan</value>
    </givenname>
    <surname>
      <value>Grisard</value>
    </surname>
    <fullname>
      <classification>C</classification>
      <restricted>false</restricted>
      <value>Grisard Egan</value>
      <source>
        <name>Wall Street Journal</name>
        <ts>2014-10-12T23:42:37Z</ts>
      </source>
      <source>
        <name>New York Times</name>
        <ts>2021-09-23T08:48:27Z</ts>
      </source>
      <source>
        <name>Los Angeles Times</name>
        <ts>2014-01-25T14:31:48Z</ts>
      </source>
    </fullname>
  </nameGroup>
  <emails>
    <email>
      <value>vmabbe0@stanford.edu</value>
      <classification>S</classification>
      <restricted>false</restricted>
    </email>
    <email>
      <value>jskedge1@shutterfly.com</value>
      <classification>S</classification>
      <restricted>false</restricted>
    </email>
    <email>
      <value>pcumbers2@clickbank.net</value>
      <classification>U</classification>
      <restricted>false</restricted>
    </email>
  </emails>
  <phone>877-655-0778</phone>
  <contacts>
    <contact>
      <type>phone</type>
      <value>653-599-7586</value>
    </contact>
    <contact>
      <type>email</type>
      <value>wmaclean1@ning.com</value>
    </contact>
    <contact>
      <type>email</type>
      <value>acardillo2@flickr.com</value>
    </contact>
  </contacts>
  <ssn>
    <value>631-87-2063</value>
    <classification>(S)</classification>
  </ssn>
  <images>
    <image>
      <url>https://cdn1.marklogic.com/wp-content/uploads/2018/01/Michael-Malgeri-MarkLogic.jpg</url>
      <source>
        <name>USA Today</name>
        <ts>2012-05-06T12:28:39Z</ts>
        <uploadedBy>galabastar0</uploadedBy>
      </source>
    </image>
    <image>
      <url>https://cdn1.marklogic.com/wp-content/uploads/2020/11/george-bloom-headshot-300x300-1.jpg</url>
      <source>
        <name>Chicago Tribune</name>
        <ts>2011-11-30T17:51:49Z</ts>
        <uploadedBy>nreddyhoff0</uploadedBy>
      </source>
    </image>
    <image>
      <url>https://cdn1.marklogic.com/wp-content/uploads/2018/01/Alicia-Saia-MarkLogic1.jpg</url>
      <source>
        <name>Washington Post</name>
        <ts>2019-03-21T06:38:49Z</ts>
        <uploadedBy>mrusling0</uploadedBy>
      </source>
    </image>
    <image>
      <url>https://cdn1.marklogic.com/wp-content/uploads/2018/01/Alicia-Saia-MarkLogic1.jpg</url>
      <source>
        <name>Wall Street Journal</name>
        <ts>2020-04-14T07:45:56Z</ts>
        <uploadedBy>dmcrobert0</uploadedBy>
      </source>
    </image>
  </images>
  <addresses>
    <address>
      <street>988 Duke Road</street>
      <city>Detroit</city>
      <state>MI</state>
      <postal>48258</postal>
      <country>United States</country>
      <latitude>42.2399</latitude>
      <longitude>-83.1508</longitude>
    </address>
    <address>
      <street>3298 Meadow Ridge Trail</street>
      <city>Gilbert</city>
      <state>AZ</state>
      <postal>85297</postal>
      <country>United States</country>
      <latitude>33.2781</latitude>
      <longitude>-111.7096</longitude>
    </address>
  </addresses>
  <schools>
    <school>
      <country>United States</country>
      <name>Queens College</name>
      <city>San Jose</city>
      <state>CA</state>
      <postal>95108</postal>
      <latitude>37.34</latitude>
      <longitude>-121.89</longitude>
      <source>
        <name>USA Today</name>
        <ts>2015-01-29T15:58:10Z</ts>
      </source>
    </school>
    <school>
      <country>Canada</country>
      <name>Mount Royal College</name>
      <city>East Angus</city>
      <state>QC</state>
      <postal>N2B</postal>
      <latitude>45.48338</latitude>
      <longitude>-71.66577</longitude>
      <source>
        <name>USA Today</name>
        <ts>2015-07-05T02:40:27Z</ts>
      </source>
      <source>
        <name>New York Times</name>
        <ts>2021-06-29T13:51:08Z</ts>
      </source>
      <source>
        <name>Chicago Tribune</name>
        <ts>2011-08-30T05:06:45Z</ts>
      </source>
    </school>
  </schools>
  <status>Inactive</status>
  <sources>
    <source>
      <name>Wall Street Journal</name>
      <ts>2010-11-23T15:36:56Z</ts>
    </source>
  </sources>
  <sources>
    <source>
      <name>New York Times</name>
      <ts>2012-04-09T05:58:05Z</ts>
    </source>
  </sources>
  <sources>
    <source>
      <name>Washington Post</name>
      <ts>2014-10-02T14:16:17Z</ts>
    </source>
  </sources>
  <relations>
    <relation>
      <id>/person/10072.xml</id>
      <predicate>worksWith</predicate>
      <imageSrc>https://cdn1.marklogic.com/wp-content/uploads/2018/01/headshot_square_286x286.jpg</imageSrc>
      <fullname>Falk Taryn</fullname>
      <city>Baton Rouge</city>
      <state>LA</state>
    </relation>
    <relation>
      <id>/person/10053.xml</id>
      <predicate>relatedTo</predicate>
      <imageSrc>https://cdn1.marklogic.com/wp-content/uploads/2020/04/JamesKenwood-headshot-600x600-1.jpg</imageSrc>
      <fullname>Coase Yelena</fullname>
      <city>Madison</city>
      <state>WI</state>
    </relation>
    <relation>
      <id>/person/10012.xml</id>
      <predicate>livesWith</predicate>
      <imageSrc>https://cdn1.marklogic.com/wp-content/uploads/2018/01/Alicia-Saia-MarkLogic1.jpg</imageSrc>
      <fullname>Kenny Angel</fullname>
      <city>Saint Paul</city>
      <state>MN</state>
    </relation>
  </relations>
  <createdOn>
    <ts>2022-02-26T12:42:04Z</ts>
    <user>egrisard2n</user>
  </createdOn>
  <lastUpdated>
    <ts>2022-02-17T04:11:24Z</ts>
    <user>egrisard2n</user>
  </lastUpdated>
  <socials>
    <social>
      <site>linkedin</site>
      <handle/>
      <address>https://tinypic.com/consequat/varius.json</address>
    </social>
  </socials>
  <memberships>
    <membership>
      <list>list6</list>
      <important>false</important>
      <ts>2022-02-19</ts>
    </membership>
    <membership>
      <list>list3</list>
      <important>true</important>
      <ts>2022-01-20</ts>
    </membership>
    <membership>
      <list>list10</list>
      <important>false</important>
      <ts>2022-02-23</ts>
    </membership>
  </memberships>
  <links>
    <link>
      <label>Quick View</label>
      <url>https://timesonline.co.uk</url>
      <icon>faEye</icon>
    </link>
    <link>
      <label>Nomination History</label>
      <url>https://123-reg.co.uk</url>
      <icon>faMedal</icon>
    </link>
    <link>
      <label>Comments</label>
      <url>http://cnn.com</url>
      <icon>faComments</icon>
    </link>
  </links>
  <activities>
    <activity>
      <predicate>startedAt</predicate>
      <place>Innotype</place>
      <predplace>startedAt Innotype</predplace>
      <ts>2017-12-03T10:33:23Z</ts>
      <source>
        <name>USA Today</name>
        <ts>2021-09-06T08:14:34Z</ts>
        <createdBy>Florida Baitson</createdBy>
        <approvedBy>Case Suero</approvedBy>
      </source>
    </activity>
    <activity>
      <predicate>movedTo</predicate>
      <place>Wikivu</place>
      <predplace>movedTo Wikivu</predplace>
      <ts>2015-04-20T04:00:23Z</ts>
      <source>
        <name>New York Times</name>
        <ts>2021-05-15T10:00:51Z</ts>
        <createdBy>Von Langworthy</createdBy>
        <approvedBy>Whitby Godsal</approvedBy>
      </source>
    </activity>
    <activity>
      <predicate>transferredTo</predicate>
      <place>Fanoodle</place>
      <predplace>transferredTo Fanoodle</predplace>
      <ts>2016-03-30T20:51:35Z</ts>
      <source>
        <name>Chicago Tribune</name>
        <ts>2020-04-30T17:09:34Z</ts>
        <createdBy>Mariejeanne Patry</createdBy>
        <approvedBy>Anderson Klasen</approvedBy>
      </source>
    </activity>
    <activity>
      <predicate>transferredTo</predicate>
      <place>Feedfish</place>
      <predplace>transferredTo Feedfish</predplace>
      <ts>2016-02-04T19:53:40Z</ts>
      <source>
        <name>Los Angeles Times</name>
        <ts>2021-06-25T01:58:34Z</ts>
        <createdBy>Tilly Lamonby</createdBy>
        <approvedBy>Vidovik Yard</approvedBy>
      </source>
    </activity>
  </activities>
  <events>
    <event>
      <predicate>livedIn</predicate>
      <place>Ireland</place>
      <predplace>livedIn Ireland</predplace>
      <end>2018-10-16T00:10:55Z</end>
      <start>2014-01-08T15:55:29Z</start>
    </event>
  </events>
  <actions>
    <action>
      <url>https://ucla.edu</url>
      <icon>faCog</icon>
    </action>
    <action>
      <url>http://blogger.com</url>
      <icon>faCode</icon>
    </action>
    <action>
      <url>http://qq.com</url>
      <icon>faSync</icon>
    </action>
  </actions>
</person>