<?xml version="1.0" encoding="UTF-8" standalone="yes"?>
<person>
  <personId>10093</personId>
  <nameGroup>
    <givenname>
      <value>Marita</value>
    </givenname>
    <surname>
      <value>Melarkey</value>
    </surname>
    <fullname>
      <classification>S</classification>
      <restricted>false</restricted>
      <value>Melarkey Marita</value>
      <source>
        <name>Wall Street Journal</name>
        <ts>2010-03-13T18:16:11Z</ts>
      </source>
      <source>
        <name>Los Angeles Times</name>
        <ts>2017-01-26T00:37:30Z</ts>
      </source>
    </fullname>
  </nameGroup>
  <emails>
    <email>
      <value>hcapelle0@upenn.edu</value>
      <classification>U</classification>
      <restricted>false</restricted>
    </email>
    <email>
      <value>skindle1@joomla.org</value>
      <classification>C</classification>
      <restricted>false</restricted>
    </email>
  </emails>
  <phone>895-569-9991</phone>
  <contacts>
    <contact>
      <type>email</type>
      <value>gpoetz0@dot.gov</value>
    </contact>
    <contact>
      <type>phone</type>
      <value>804-928-9107</value>
    </contact>
    <contact>
      <type>phone</type>
      <value>243-848-5381</value>
    </contact>
  </contacts>
  <ssn>
    <value>505-04-0641</value>
    <classification>(S)</classification>
  </ssn>
  <images>
    <image>
      <url>https://cdn1.marklogic.com/wp-content/uploads/2018/01/Alicia-Saia-MarkLogic1.jpg</url>
      <source>
        <name>New York Times</name>
        <ts>2012-10-09T05:07:35Z</ts>
        <uploadedBy>fbedell0</uploadedBy>
      </source>
    </image>
    <image>
      <url>https://cdn1.marklogic.com/wp-content/uploads/2018/02/trinh-lieu-profile.jpg</url>
      <source>
        <name>Chicago Tribune</name>
        <ts>2012-11-26T01:04:30Z</ts>
        <uploadedBy>rschinetti0</uploadedBy>
      </source>
    </image>
  </images>
  <addresses>
    <address>
      <street>73 Ridgeview Hill</street>
      <city>Warren</city>
      <state>MI</state>
      <postal>48092</postal>
      <country>United States</country>
      <latitude>42.5125</latitude>
      <longitude>-83.0643</longitude>
    </address>
  </addresses>
  <schools>
    <school>
      <country>Canada</country>
      <name>University of Toronto, Scarborough</name>
      <city>Fermont</city>
      <state>QC</state>
      <postal>J1E</postal>
      <latitude>52.78345</latitude>
      <longitude>-67.08204</longitude>
      <source>
        <name>USA Today</name>
        <ts>2012-03-13T10:52:16Z</ts>
      </source>
      <source>
        <name>New York Times</name>
        <ts>2012-09-01T11:49:47Z</ts>
      </source>
      <source>
        <name>Chicago Tribune</name>
        <ts>2018-05-06T07:50:51Z</ts>
      </source>
    </school>
    <school>
      <country>Mexico</country>
      <name>Universidad del Valle del Bravo</name>
      <city>Bellavista</city>
      <state>JAL</state>
      <postal>47203</postal>
      <latitude>19.3972335</latitude>
      <longitude>-99.1933664</longitude>
      <source>
        <name>USA Today</name>
        <ts>2010-12-26T15:02:25Z</ts>
      </source>
      <source>
        <name>New York Times</name>
        <ts>2015-09-11T03:32:52Z</ts>
      </source>
    </school>
  </schools>
  <status>Inactive</status>
  <sources>
    <source>
      <name>Wall Street Journal</name>
      <ts>2012-05-09T09:54:00Z</ts>
    </source>
  </sources>
  <sources>
    <source>
      <name>USA Today</name>
      <ts>2019-04-18T06:49:15Z</ts>
    </source>
  </sources>
  <relations>
    <relation>
      <id>/person/10003.xml</id>
      <predicate>livesWith</predicate>
      <imageSrc>https://cdn1.marklogic.com/wp-content/uploads/2021/07/chuck-hollis.jpeg</imageSrc>
      <fullname>Iiannoni Sara</fullname>
      <city>Asheville</city>
      <state>NC</state>
    </relation>
    <relation>
      <id>/person/10049.xml</id>
      <predicate>worksWith</predicate>
      <imageSrc>https://cdn1.marklogic.com/wp-content/uploads/2018/01/Alicia-Saia-MarkLogic1.jpg</imageSrc>
      <fullname>Gatheridge Chip</fullname>
      <city>Washington</city>
      <state>DC</state>
    </relation>
    <relation>
      <id>/person/10072.xml</id>
      <predicate>livesWith</predicate>
      <imageSrc>https://cdn1.marklogic.com/wp-content/uploads/2018/01/headshot_square_286x286.jpg</imageSrc>
      <fullname>Falk Taryn</fullname>
      <city>Baton Rouge</city>
      <state>LA</state>
    </relation>
  </relations>
  <createdOn>
    <ts>2022-01-11T22:12:45Z</ts>
    <user>mmelarkey2k</user>
  </createdOn>
  <lastUpdated>
    <ts>2022-01-16T19:17:04Z</ts>
    <user>mmelarkey2k</user>
  </lastUpdated>
  <socials>
    <social>
      <site>facebook</site>
      <handle>dwinger0</handle>
      <address>http://dion.ne.jp/porttitor/pede/justo/eu/massa.html</address>
    </social>
  </socials>
  <memberships>
    <membership>
      <list>list5</list>
      <important>false</important>
      <ts>2022-01-21</ts>
    </membership>
    <membership>
      <list>list4</list>
      <important>true</important>
      <ts>2022-01-03</ts>
    </membership>
  </memberships>
  <links>
    <link>
      <label>Quick View</label>
      <url>http://nyu.edu</url>
      <icon>faEye</icon>
    </link>
    <link>
      <label>Nomination History</label>
      <url>http://shop-pro.jp</url>
      <icon>faMedal</icon>
    </link>
    <link>
      <label>Comments</label>
      <url>https://ezinearticles.com</url>
      <icon>faComments</icon>
    </link>
  </links>
  <activities>
    <activity>
      <predicate>movedTo</predicate>
      <place>Photobug</place>
      <predplace>movedTo Photobug</predplace>
      <ts>2014-01-30T09:44:30Z</ts>
      <source>
        <name>USA Today</name>
        <ts>2021-12-10T10:49:20Z</ts>
        <createdBy>Pacorro Linkin</createdBy>
        <approvedBy>Cynthia Ricioppo</approvedBy>
      </source>
    </activity>
    <activity>
      <predicate>transferredTo</predicate>
      <place>Shuffledrive</place>
      <predplace>transferredTo Shuffledrive</predplace>
      <ts>2015-05-14T22:21:50Z</ts>
      <source>
        <name>New York Times</name>
        <ts>2020-12-12T21:19:57Z</ts>
        <createdBy>Iolande Roylance</createdBy>
        <approvedBy>Enriqueta Coxwell</approvedBy>
      </source>
    </activity>
  </activities>
  <events>
    <event>
      <predicate>servedIn</predicate>
      <place>Syria</place>
      <predplace>servedIn Syria</predplace>
      <end>2017-10-16T04:02:41Z</end>
      <start>2016-04-12T10:58:30Z</start>
    </event>
  </events>
  <actions>
    <action>
      <url>http://yandex.ru</url>
      <icon>faCog</icon>
    </action>
    <action>
      <url>http://samsung.com</url>
      <icon>faCode</icon>
    </action>
    <action>
      <url>http://google.com</url>
      <icon>faSync</icon>
    </action>
  </actions>
</person>