<?xml version="1.0" encoding="UTF-8" standalone="yes"?>
<person>
  <personId>10097</personId>
  <nameGroup>
    <givenname>
      <value>Pammy</value>
    </givenname>
    <surname>
      <value>Danielou</value>
    </surname>
    <fullname>
      <classification>U</classification>
      <restricted>true</restricted>
      <value>Danielou Pammy</value>
      <source>
        <name>Chicago Tribune</name>
        <ts>2020-07-06T02:36:49Z</ts>
      </source>
    </fullname>
  </nameGroup>
  <emails>
    <email>
      <value>atraill0@livejournal.com</value>
      <classification>S</classification>
      <restricted>false</restricted>
    </email>
    <email>
      <value>fminchinden1@jigsy.com</value>
      <classification>C</classification>
      <restricted>false</restricted>
    </email>
    <email>
      <value>ccordobes2@huffingtonpost.com</value>
      <classification>U</classification>
      <restricted>false</restricted>
    </email>
  </emails>
  <phone>862-199-5003</phone>
  <ssn>
    <value>224-39-4391</value>
    <classification>(S)</classification>
  </ssn>
  <images>
    <image>
      <url>https://cdn1.marklogic.com/wp-content/uploads/2018/01/Michael-Malgeri-MarkLogic.jpg</url>
      <source>
        <name>Chicago Tribune</name>
        <ts>2010-02-25T03:27:32Z</ts>
        <uploadedBy>jkennermann0</uploadedBy>
      </source>
    </image>
    <image>
      <url>https://cdn1.marklogic.com/wp-content/uploads/2021/07/chuck-hollis.jpeg</url>
      <source>
        <name>Washington Post</name>
        <ts>2018-07-04T23:25:34Z</ts>
        <uploadedBy>billes0</uploadedBy>
      </source>
    </image>
    <image>
      <url>https://cdn1.marklogic.com/wp-content/uploads/2021/07/chuck-hollis.jpeg</url>
      <source>
        <name>New York Times</name>
        <ts>2018-08-13T02:50:41Z</ts>
        <uploadedBy>lscolding0</uploadedBy>
      </source>
    </image>
    <image>
      <url>https://cdn1.marklogic.com/wp-content/uploads/2020/04/JamesKenwood-headshot-600x600-1.jpg</url>
      <source>
        <name>Wall Street Journal</name>
        <ts>2015-10-13T11:21:48Z</ts>
        <uploadedBy/>
      </source>
    </image>
  </images>
  <addresses>
    <address>
      <street>65 Weeping Birch Trail</street>
      <city>Edmond</city>
      <state>OK</state>
      <postal>73034</postal>
      <country>United States</country>
      <latitude>35.6665</latitude>
      <longitude>-97.4798</longitude>
    </address>
    <address>
      <street>2538 Northview Drive</street>
      <city>Asheville</city>
      <state>NC</state>
      <postal>28815</postal>
      <country>United States</country>
      <latitude>35.6203</latitude>
      <longitude>-82.5286</longitude>
    </address>
    <address>
      <street>94737 Sundown Center</street>
      <city>Nashville</city>
      <state>TN</state>
      <postal>37250</postal>
      <country>United States</country>
      <latitude>36.1866</latitude>
      <longitude>-86.7852</longitude>
    </address>
  </addresses>
  <schools>
    <school>
      <country>Canada</country>
      <name>Concordia University College of Alberta</name>
      <city>Saint-Rémi</city>
      <state>QC</state>
      <postal>K1G</postal>
      <latitude>45.26678</latitude>
      <longitude>-73.61588</longitude>
      <source>
        <name>USA Today</name>
        <ts>2015-03-14T14:39:51Z</ts>
      </source>
    </school>
  </schools>
  <status>Active</status>
  <sources>
    <source>
      <name>Los Angeles Times</name>
      <ts>2020-05-23T04:02:48Z</ts>
    </source>
  </sources>
  <relations>
    <relation>
      <id>/person/10051.xml</id>
      <predicate>worksWith</predicate>
      <imageSrc>https://cdn1.marklogic.com/wp-content/uploads/2020/11/george-bloom-headshot-300x300-1.jpg</imageSrc>
      <fullname>Carnelley Dacie</fullname>
      <city>Dallas</city>
      <state>TX</state>
    </relation>
    <relation>
      <id>/person/10030.xml</id>
      <predicate>worksWith</predicate>
      <imageSrc>https://cdn1.marklogic.com/wp-content/uploads/2020/04/JamesKenwood-headshot-600x600-1.jpg</imageSrc>
      <fullname>Glader Muire</fullname>
      <city>Pensacola</city>
      <state>FL</state>
    </relation>
    <relation>
      <id>/person/10042.xml</id>
      <predicate>livesWith</predicate>
      <imageSrc>https://cdn1.marklogic.com/wp-content/uploads/2020/04/JamesKenwood-headshot-600x600-1.jpg</imageSrc>
      <fullname>Harken Camile</fullname>
      <city>Springfield</city>
      <state>MO</state>
    </relation>
    <relation>
      <id>/person/10062.xml</id>
      <predicate>livesWith</predicate>
      <imageSrc>https://cdn1.marklogic.com/wp-content/uploads/2020/04/JamesKenwood-headshot-600x600-1.jpg</imageSrc>
      <fullname>Greedier Yulma</fullname>
      <city>Evansville</city>
      <state>IN</state>
    </relation>
    <relation>
      <id>/person/10005.xml</id>
      <predicate>worksWith</predicate>
      <imageSrc>https://cdn1.marklogic.com/wp-content/uploads/2021/05/IS-headshot.jpeg</imageSrc>
      <fullname>Alywen Oswald</fullname>
      <city>Aurora</city>
      <state>IL</state>
    </relation>
  </relations>
  <createdOn>
    <ts>2022-02-23T02:21:03Z</ts>
    <user>pdanielou2o</user>
  </createdOn>
  <lastUpdated>
    <ts>2022-02-12T06:42:00Z</ts>
    <user>pdanielou2o</user>
  </lastUpdated>
  <socials>
    <social>
      <site>twitter</site>
      <handle>lrice0</handle>
      <address>http://salon.com/mauris/non/ligula/pellentesque/ultrices/phasellus/id.js</address>
    </social>
    <social>
      <site>facebook</site>
      <handle>lfullman1</handle>
      <address>https://weather.com/tempor/turpis/nec/euismod.xml</address>
    </social>
    <social>
      <site>facebook</site>
      <handle>aaronow2</handle>
      <address>https://storify.com/cubilia/curae/mauris/viverra/diam.js</address>
    </social>
  </socials>
  <memberships>
    <membership>
      <list>list7</list>
      <important>true</important>
      <ts>2022-02-01</ts>
    </membership>
    <membership>
      <list>list1</list>
      <important>true</important>
      <ts>2022-01-24</ts>
    </membership>
    <membership>
      <list>list6</list>
      <important>true</important>
      <ts>2022-01-24</ts>
    </membership>
    <membership>
      <list>list10</list>
      <important>true</important>
      <ts>2022-02-17</ts>
    </membership>
    <membership>
      <list>list10</list>
      <important>true</important>
      <ts>2022-01-02</ts>
    </membership>
    <membership>
      <list>list10</list>
      <important>false</important>
      <ts>2022-01-28</ts>
    </membership>
  </memberships>
  <links>
    <link>
      <label>Quick View</label>
      <url>http://seesaa.net</url>
      <icon>faEye</icon>
    </link>
    <link>
      <label>Nomination History</label>
      <url>http://dropbox.com</url>
      <icon>faMedal</icon>
    </link>
    <link>
      <label>Comments</label>
      <url>https://quantcast.com</url>
      <icon>faComments</icon>
    </link>
  </links>
  <activities>
    <activity>
      <predicate>transferredTo</predicate>
      <place>Oyonder</place>
      <predplace>transferredTo Oyonder</predplace>
      <ts>2013-07-28T05:00:58Z</ts>
      <source>
        <name>USA Today</name>
        <ts>2019-10-20T11:56:17Z</ts>
        <createdBy>Maia Ram</createdBy>
        <approvedBy>Bibby Brawley</approvedBy>
      </source>
    </activity>
    <activity>
      <predicate>endedAt</predicate>
      <place>Brainbox</place>
      <predplace>endedAt Brainbox</predplace>
      <ts>2010-01-03T10:02:45Z</ts>
      <source>
        <name>New York Times</name>
        <ts>2019-12-31T14:04:04Z</ts>
        <createdBy>Manfred Barnardo</createdBy>
        <approvedBy>Emily Elham</approvedBy>
      </source>
    </activity>
    <activity>
      <predicate>transferredTo</predicate>
      <place>Thoughtblab</place>
      <predplace>transferredTo Thoughtblab</predplace>
      <ts>2014-08-18T23:36:11Z</ts>
      <source>
        <name>Chicago Tribune</name>
        <ts>2016-10-22T19:49:50Z</ts>
        <createdBy>Jacquelynn Mendel</createdBy>
        <approvedBy>Colette Gregh</approvedBy>
      </source>
    </activity>
  </activities>
  <actions>
    <action>
      <url>https://elpais.com</url>
      <icon>faCog</icon>
    </action>
    <action>
      <url>https://issuu.com</url>
      <icon>faCode</icon>
    </action>
    <action>
      <url>https://nyu.edu</url>
      <icon>faSync</icon>
    </action>
  </actions>
</person>