<?xml version="1.0" encoding="UTF-8" standalone="yes"?>
<person>
  <personId>10091</personId>
  <nameGroup>
    <givenname>
      <value>Rozamond</value>
    </givenname>
    <surname>
      <value>Dealy</value>
    </surname>
    <fullname>
      <classification>C</classification>
      <restricted>false</restricted>
      <value>Dealy Rozamond</value>
      <source>
        <name>Los Angeles Times</name>
        <ts>2012-12-05T13:39:08Z</ts>
      </source>
      <source>
        <name>New York Times</name>
        <ts>2021-05-28T01:45:57Z</ts>
      </source>
      <source>
        <name>New York Times</name>
        <ts>2010-07-22T05:23:51Z</ts>
      </source>
    </fullname>
  </nameGroup>
  <emails>
    <email>
      <value>fstrelitzki0@walmart.com</value>
      <classification>C</classification>
      <restricted>false</restricted>
    </email>
  </emails>
  <phone>504-460-7212</phone>
  <contacts>
    <contact>
      <type>phone</type>
      <value>735-464-2232</value>
    </contact>
    <contact>
      <type>email</type>
      <value>bapperley1@ebay.co.uk</value>
    </contact>
    <contact>
      <type>phone</type>
      <value>501-202-2411</value>
    </contact>
  </contacts>
  <ssn>
    <value>853-77-3152</value>
    <classification>(S)</classification>
  </ssn>
  <images>
    <image>
      <url>https://cdn1.marklogic.com/wp-content/uploads/2021/05/IS-headshot.jpeg</url>
      <source>
        <name>New York Times</name>
        <ts>2019-06-02T15:52:47Z</ts>
        <uploadedBy>ctomlins0</uploadedBy>
      </source>
    </image>
    <image>
      <url>https://cdn1.marklogic.com/wp-content/uploads/2020/11/george-bloom-headshot-300x300-1.jpg</url>
      <source>
        <name>New York Times</name>
        <ts>2014-04-27T12:06:06Z</ts>
        <uploadedBy>bsydry0</uploadedBy>
      </source>
    </image>
    <image>
      <url>https://cdn1.marklogic.com/wp-content/uploads/2020/04/JamesKenwood-headshot-600x600-1.jpg</url>
      <source>
        <name>USA Today</name>
        <ts>2015-09-19T23:49:11Z</ts>
        <uploadedBy>jstrond0</uploadedBy>
      </source>
    </image>
  </images>
  <addresses>
    <address>
      <street>4 Eagan Point</street>
      <city>Phoenix</city>
      <state>AZ</state>
      <postal>85040</postal>
      <country>United States</country>
      <latitude>33.4061</latitude>
      <longitude>-112.0265</longitude>
    </address>
  </addresses>
  <schools>
    <school>
      <country>United States</country>
      <name>Duquesne University</name>
      <city>Springfield</city>
      <state>IL</state>
      <postal>62764</postal>
      <latitude>39.7761758</latitude>
      <longitude>-89.6051502</longitude>
      <source>
        <name>USA Today</name>
        <ts>2015-10-18T17:20:10Z</ts>
      </source>
    </school>
    <school>
      <country>Canada</country>
      <name>Seneca College</name>
      <city>Berthierville</city>
      <state>QC</state>
      <postal>S3N</postal>
      <latitude>46.08336</latitude>
      <longitude>-73.18245</longitude>
      <source>
        <name>USA Today</name>
        <ts>2012-10-04T19:03:58Z</ts>
      </source>
      <source>
        <name>New York Times</name>
        <ts>2020-08-20T00:20:50Z</ts>
      </source>
    </school>
  </schools>
  <status>Inactive</status>
  <sources>
    <source>
      <name>Wall Street Journal</name>
      <ts>2014-12-17T11:25:01Z</ts>
    </source>
  </sources>
  <sources>
    <source>
      <name>Los Angeles Times</name>
      <ts>2015-01-03T21:29:54Z</ts>
    </source>
  </sources>
  <relations>
    <relation>
      <id>/person/10025.xml</id>
      <predicate>relatedTo</predicate>
      <imageSrc>https://cdn1.marklogic.com/wp-content/uploads/2018/01/Alicia-Saia-MarkLogic1.jpg</imageSrc>
      <fullname>Crofts Kally</fullname>
      <city>Evansville</city>
      <state>IN</state>
    </relation>
    <relation>
      <id>/person/10028.xml</id>
      <predicate>livesWith</predicate>
      <imageSrc>https://cdn1.marklogic.com/wp-content/uploads/2021/02/1612313387205.jpeg</imageSrc>
      <fullname>MacAndie Haywood</fullname>
      <city>Omaha</city>
      <state>NE</state>
    </relation>
  </relations>
  <createdOn>
    <ts>2022-01-25T23:30:57Z</ts>
    <user>rdealy2i</user>
  </createdOn>
  <lastUpdated>
    <ts>2022-01-07T03:24:41Z</ts>
    <user>rdealy2i</user>
  </lastUpdated>
  <socials>
    <social>
      <site>linkedin</site>
      <handle>sdelea0</handle>
      <address>https://mail.ru/congue/elementum/in/hac/habitasse.json</address>
    </social>
    <social>
      <site>facebook</site>
      <handle>bcoggins1</handle>
      <address>https://alexa.com/nullam/molestie/nibh/in/lectus.html</address>
    </social>
    <social>
      <site>linkedin</site>
      <handle>lnarup2</handle>
      <address>https://mapy.cz/amet/eros/suspendisse/accumsan/tortor.html</address>
    </social>
  </socials>
  <memberships>
    <membership>
      <list>list12</list>
      <important>false</important>
      <ts>2022-01-03</ts>
    </membership>
    <membership>
      <list>list10</list>
      <important>true</important>
      <ts>2022-01-24</ts>
    </membership>
    <membership>
      <list>list11</list>
      <important>true</important>
      <ts>2022-02-04</ts>
    </membership>
    <membership>
      <list>list8</list>
      <important>true</important>
      <ts>2022-02-08</ts>
    </membership>
    <membership>
      <list>list12</list>
      <important>false</important>
      <ts>2022-01-02</ts>
    </membership>
  </memberships>
  <links>
    <link>
      <label>Quick View</label>
      <url>https://sciencedirect.com</url>
      <icon>faEye</icon>
    </link>
    <link>
      <label>Nomination History</label>
      <url>http://uol.com.br</url>
      <icon>faMedal</icon>
    </link>
    <link>
      <label>Comments</label>
      <url>http://state.tx.us</url>
      <icon>faComments</icon>
    </link>
  </links>
  <activities>
    <activity>
      <predicate>endedAt</predicate>
      <place>Viva</place>
      <predplace>endedAt Viva</predplace>
      <ts>2015-07-07T00:26:48Z</ts>
      <source>
        <name>USA Today</name>
        <ts>2020-03-03T00:35:51Z</ts>
        <createdBy>Vilhelmina Levicount</createdBy>
        <approvedBy>Addison Skones</approvedBy>
      </source>
    </activity>
    <activity>
      <predicate>startedAt</predicate>
      <place>Kayveo</place>
      <predplace>startedAt Kayveo</predplace>
      <ts>2012-06-26T00:34:40Z</ts>
      <source>
        <name>New York Times</name>
        <ts>2020-01-11T02:20:05Z</ts>
        <createdBy>Oswell Beadnall</createdBy>
        <approvedBy>Hillier Glitherow</approvedBy>
      </source>
    </activity>
    <activity>
      <predicate>movedTo</predicate>
      <place>Skimia</place>
      <predplace>movedTo Skimia</predplace>
      <ts>2017-11-18T15:07:35Z</ts>
      <source>
        <name>Chicago Tribune</name>
        <ts>2020-02-04T19:04:47Z</ts>
        <createdBy>Raymund Hursthouse</createdBy>
        <approvedBy>Roanna Fryd</approvedBy>
      </source>
    </activity>
    <activity>
      <predicate>startedAt</predicate>
      <place>Devify</place>
      <predplace>startedAt Devify</predplace>
      <ts>2015-08-30T04:25:47Z</ts>
      <source>
        <name>Los Angeles Times</name>
        <ts>2020-04-28T08:13:27Z</ts>
        <createdBy>Essie Strongman</createdBy>
        <approvedBy>Bob Heggie</approvedBy>
      </source>
    </activity>
    <activity>
      <predicate>movedTo</predicate>
      <place>Fiveclub</place>
      <predplace>movedTo Fiveclub</predplace>
      <ts>2018-06-16T18:41:28Z</ts>
      <source>
        <name>Wall Street Journal</name>
        <ts>2022-01-31T14:42:44Z</ts>
        <createdBy>Chantalle Davydochkin</createdBy>
        <approvedBy>Krystal Hrinchenko</approvedBy>
      </source>
    </activity>
  </activities>
  <events>
    <event>
      <predicate>servedIn</predicate>
      <place>Greece</place>
      <predplace>servedIn Greece</predplace>
      <end>2017-05-11T18:04:20Z</end>
      <start>2015-10-11T13:41:56Z</start>
    </event>
  </events>
  <actions>
    <action>
      <url>http://youtube.com</url>
      <icon>faCog</icon>
    </action>
    <action>
      <url>http://fastcompany.com</url>
      <icon>faCode</icon>
    </action>
    <action>
      <url>http://merriam-webster.com</url>
      <icon>faSync</icon>
    </action>
  </actions>
</person>