<?xml version="1.0" encoding="UTF-8" standalone="yes"?>
<person>
  <personId>10090</personId>
  <nameGroup>
    <givenname>
      <value>Berkeley</value>
    </givenname>
    <surname>
      <value>Pavlasek</value>
    </surname>
    <fullname>
      <classification>C</classification>
      <restricted>true</restricted>
      <value>Pavlasek Berkeley</value>
      <source>
        <name>Chicago Tribune</name>
        <ts>2011-10-21T09:26:06Z</ts>
      </source>
      <source>
        <name>USA Today</name>
        <ts>2021-05-12T20:53:46Z</ts>
      </source>
      <source>
        <name>Chicago Tribune</name>
        <ts>2021-05-05T11:12:15Z</ts>
      </source>
    </fullname>
  </nameGroup>
  <emails>
    <email>
      <value>ncowser0@seesaa.net</value>
      <classification>U</classification>
      <restricted>false</restricted>
    </email>
  </emails>
  <phone>349-851-2836</phone>
  <ssn>
    <value>144-47-6092</value>
    <classification>(S)</classification>
  </ssn>
  <images>
    <image>
      <url>https://cdn1.marklogic.com/wp-content/uploads/2020/11/george-bloom-headshot-300x300-1.jpg</url>
      <source>
        <name>Wall Street Journal</name>
        <ts>2010-11-28T07:49:21Z</ts>
        <uploadedBy>bgarbutt0</uploadedBy>
      </source>
    </image>
    <image>
      <url>https://cdn1.marklogic.com/wp-content/uploads/2020/11/george-bloom-headshot-300x300-1.jpg</url>
      <source>
        <name>USA Today</name>
        <ts>2018-01-16T18:11:55Z</ts>
        <uploadedBy>sblumsom0</uploadedBy>
      </source>
    </image>
    <image>
      <url>https://cdn1.marklogic.com/wp-content/uploads/2018/01/headshot_square_286x286.jpg</url>
      <source>
        <name>Chicago Tribune</name>
        <ts>2016-05-04T20:44:26Z</ts>
        <uploadedBy>lmuglestone0</uploadedBy>
      </source>
    </image>
  </images>
  <addresses>
    <address>
      <street>1473 Veith Center</street>
      <city>Sacramento</city>
      <state>CA</state>
      <postal>95852</postal>
      <country>United States</country>
      <latitude>38.6026</latitude>
      <longitude>-121.4475</longitude>
    </address>
  </addresses>
  <schools>
    <school>
      <country>Canada</country>
      <name>University of Windsor</name>
      <city>Kingston</city>
      <state>ON</state>
      <postal>E5S</postal>
      <latitude>45.4136084</latitude>
      <longitude>-66.0783767</longitude>
      <source>
        <name>USA Today</name>
        <ts>2019-05-27T22:57:21Z</ts>
      </source>
    </school>
    <school>
      <country>United States</country>
      <name>Florida State University</name>
      <city>Arlington</city>
      <state>VA</state>
      <postal>22212</postal>
      <latitude>38.88</latitude>
      <longitude>-76.85</longitude>
      <source>
        <name>USA Today</name>
        <ts>2011-09-29T16:43:53Z</ts>
      </source>
    </school>
  </schools>
  <status>Active</status>
  <sources>
    <source>
      <name>USA Today</name>
      <ts>2017-03-26T23:18:54Z</ts>
    </source>
  </sources>
  <sources>
    <source>
      <name>New York Times</name>
      <ts>2019-11-08T08:53:15Z</ts>
    </source>
  </sources>
  <relations>
    <relation>
      <id>/person/10078.xml</id>
      <predicate>livesWith</predicate>
      <imageSrc>https://cdn1.marklogic.com/wp-content/uploads/2020/11/george-bloom-headshot-300x300-1.jpg</imageSrc>
      <fullname>Iacovozzo Brandie</fullname>
      <city>Mobile</city>
      <state>AL</state>
    </relation>
    <relation>
      <id>/person/10035.xml</id>
      <predicate>livesWith</predicate>
      <imageSrc>https://cdn1.marklogic.com/wp-content/uploads/2018/01/Alicia-Saia-MarkLogic1.jpg</imageSrc>
      <fullname>Van den Broek Gilda</fullname>
      <city>Buffalo</city>
      <state>NY</state>
    </relation>
    <relation>
      <id>/person/10092.xml</id>
      <predicate>livesWith</predicate>
      <imageSrc>https://cdn1.marklogic.com/wp-content/uploads/2020/04/JamesKenwood-headshot-600x600-1.jpg</imageSrc>
      <fullname>Strange Irita</fullname>
      <city>El Paso</city>
      <state>TX</state>
    </relation>
    <relation>
      <id>/person/10016.xml</id>
      <predicate>livesWith</predicate>
      <imageSrc>https://cdn1.marklogic.com/wp-content/uploads/2020/04/JamesKenwood-headshot-600x600-1.jpg</imageSrc>
      <fullname>Idenden Beck</fullname>
      <city>Flushing</city>
      <state>NY</state>
    </relation>
  </relations>
  <createdOn>
    <ts>2022-01-02T04:52:53Z</ts>
    <user>bpavlasek2h</user>
  </createdOn>
  <lastUpdated>
    <ts>2022-01-23T10:24:36Z</ts>
    <user>bpavlasek2h</user>
  </lastUpdated>
  <socials>
    <social>
      <site>linkedin</site>
      <handle>vellerington0</handle>
      <address>https://nydailynews.com/lorem/ipsum/dolor/sit/amet/consectetuer/adipiscing.js</address>
    </social>
    <social>
      <site>twitter</site>
      <handle>gnand1</handle>
      <address>http://typepad.com/mattis/egestas/metus/aenean.xml</address>
    </social>
    <social>
      <site>linkedin</site>
      <handle>kallaway2</handle>
      <address>https://webmd.com/nisl/duis.xml</address>
    </social>
  </socials>
  <memberships>
    <membership>
      <list>list3</list>
      <important>true</important>
      <ts>2022-01-04</ts>
    </membership>
    <membership>
      <list>list12</list>
      <important>false</important>
      <ts>2022-02-15</ts>
    </membership>
  </memberships>
  <links>
    <link>
      <label>Quick View</label>
      <url>http://un.org</url>
      <icon>faEye</icon>
    </link>
    <link>
      <label>Nomination History</label>
      <url>https://indiatimes.com</url>
      <icon>faMedal</icon>
    </link>
    <link>
      <label>Comments</label>
      <url>https://wufoo.com</url>
      <icon>faComments</icon>
    </link>
  </links>
  <activities>
    <activity>
      <predicate>startedAt</predicate>
      <place>Tazzy</place>
      <predplace>startedAt Tazzy</predplace>
      <ts>2010-03-24T11:52:42Z</ts>
      <source>
        <name>USA Today</name>
        <ts>2022-02-06T02:04:50Z</ts>
        <createdBy>Flory Foggo</createdBy>
        <approvedBy>Brockie Emblow</approvedBy>
      </source>
    </activity>
    <activity>
      <predicate>endedAt</predicate>
      <place>Quamba</place>
      <predplace>endedAt Quamba</predplace>
      <ts>2013-12-14T18:13:37Z</ts>
      <source>
        <name>New York Times</name>
        <ts>2018-08-10T05:23:48Z</ts>
        <createdBy>Lexy Kynd</createdBy>
        <approvedBy>Shaylyn Kun</approvedBy>
      </source>
    </activity>
    <activity>
      <predicate>transferredTo</predicate>
      <place>Snaptags</place>
      <predplace>transferredTo Snaptags</predplace>
      <ts>2012-03-06T17:48:11Z</ts>
      <source>
        <name>Chicago Tribune</name>
        <ts>2019-04-27T01:39:35Z</ts>
        <createdBy>Leonora Seldner</createdBy>
        <approvedBy>Becki Blues</approvedBy>
      </source>
    </activity>
    <activity>
      <predicate>movedTo</predicate>
      <place>Skiptube</place>
      <predplace>movedTo Skiptube</predplace>
      <ts>2012-03-31T18:03:10Z</ts>
      <source>
        <name>Los Angeles Times</name>
        <ts>2021-10-25T08:31:45Z</ts>
        <createdBy>Dave Furby</createdBy>
        <approvedBy>Zack Regglar</approvedBy>
      </source>
    </activity>
    <activity>
      <predicate>transferredTo</predicate>
      <place>Photobean</place>
      <predplace>transferredTo Photobean</predplace>
      <ts>2012-09-04T02:28:09Z</ts>
      <source>
        <name>Wall Street Journal</name>
        <ts>2016-12-25T12:12:10Z</ts>
        <createdBy>Tabbi Livesay</createdBy>
        <approvedBy>Belva de Nore</approvedBy>
      </source>
    </activity>
    <activity>
      <predicate>movedTo</predicate>
      <place>Babbleblab</place>
      <predplace>movedTo Babbleblab</predplace>
      <ts>2012-09-04T07:51:17Z</ts>
      <source>
        <name>Washington Post</name>
        <ts>2018-04-03T19:47:12Z</ts>
        <createdBy>Correy Kippling</createdBy>
        <approvedBy>Cymbre Pancoust</approvedBy>
      </source>
    </activity>
  </activities>
  <actions>
    <action>
      <url>https://mail.ru</url>
      <icon>faCog</icon>
    </action>
    <action>
      <url>https://weather.com</url>
      <icon>faCode</icon>
    </action>
    <action>
      <url>https://booking.com</url>
      <icon>faSync</icon>
    </action>
  </actions>
</person>