<?xml version="1.0" encoding="UTF-8" standalone="yes"?>
<person>
  <personId>10092</personId>
  <nameGroup>
    <givenname>
      <value>Irita</value>
    </givenname>
    <surname>
      <value>Strange</value>
    </surname>
    <fullname>
      <classification>S</classification>
      <restricted>false</restricted>
      <value>Strange Irita</value>
      <source>
        <name>Washington Post</name>
        <ts>2011-08-02T03:13:37Z</ts>
      </source>
      <source>
        <name>Wall Street Journal</name>
        <ts>2018-12-16T20:09:10Z</ts>
      </source>
    </fullname>
  </nameGroup>
  <emails>
    <email>
      <value>yjeaves0@springer.com</value>
      <classification>U</classification>
      <restricted>false</restricted>
    </email>
  </emails>
  <phone>179-416-1289</phone>
  <ssn>
    <value>551-84-7269</value>
    <classification>(S)</classification>
  </ssn>
  <images>
    <image>
      <url>https://cdn1.marklogic.com/wp-content/uploads/2020/04/JamesKenwood-headshot-600x600-1.jpg</url>
      <source>
        <name>Chicago Tribune</name>
        <ts>2019-07-29T09:57:07Z</ts>
        <uploadedBy>dcoaten0</uploadedBy>
      </source>
    </image>
    <image>
      <url>https://cdn1.marklogic.com/wp-content/uploads/2018/01/Diane-Burley-MarkLogic-2015.jpg</url>
      <source>
        <name>New York Times</name>
        <ts>2014-06-26T03:38:46Z</ts>
        <uploadedBy>pgrand0</uploadedBy>
      </source>
    </image>
    <image>
      <url>https://cdn1.marklogic.com/wp-content/uploads/2021/05/IS-headshot.jpeg</url>
      <source>
        <name>Wall Street Journal</name>
        <ts>2012-11-04T01:33:48Z</ts>
        <uploadedBy>nfinlason0</uploadedBy>
      </source>
    </image>
    <image>
      <url>https://cdn1.marklogic.com/wp-content/uploads/2018/01/Alicia-Saia-MarkLogic1.jpg</url>
      <source>
        <name>Los Angeles Times</name>
        <ts>2021-12-21T00:19:16Z</ts>
        <uploadedBy>gskase0</uploadedBy>
      </source>
    </image>
  </images>
  <addresses>
    <address>
      <street>12401 Superior Point</street>
      <city>El Paso</city>
      <state>TX</state>
      <postal>88579</postal>
      <country>United States</country>
      <latitude>31.6948</latitude>
      <longitude>-106.3</longitude>
    </address>
  </addresses>
  <schools>
    <school>
      <country>United States</country>
      <name>Presbyterian College</name>
      <city>Savannah</city>
      <state>GA</state>
      <postal>31422</postal>
      <latitude>42.6862558</latitude>
      <longitude>-82.7625747</longitude>
      <source>
        <name>USA Today</name>
        <ts>2012-01-20T20:04:58Z</ts>
      </source>
      <source>
        <name>New York Times</name>
        <ts>2021-06-14T06:22:11Z</ts>
      </source>
      <source>
        <name>Chicago Tribune</name>
        <ts>2016-09-24T08:58:47Z</ts>
      </source>
    </school>
  </schools>
  <status>Active</status>
  <sources>
    <source>
      <name>Washington Post</name>
      <ts>2011-11-26T22:20:19Z</ts>
    </source>
  </sources>
  <relations>
    <relation>
      <id>/person/10067.xml</id>
      <predicate>relatedTo</predicate>
      <imageSrc>https://cdn1.marklogic.com/wp-content/uploads/2021/05/IS-headshot.jpeg</imageSrc>
      <fullname>Brosius Atalanta</fullname>
      <city>Salt Lake City</city>
      <state>UT</state>
    </relation>
    <relation>
      <id>/person/10051.xml</id>
      <predicate>livesWith</predicate>
      <imageSrc>https://cdn1.marklogic.com/wp-content/uploads/2020/11/george-bloom-headshot-300x300-1.jpg</imageSrc>
      <fullname>Carnelley Dacie</fullname>
      <city>Dallas</city>
      <state>TX</state>
    </relation>
    <relation>
      <id>/person/10014.xml</id>
      <predicate>livesWith</predicate>
      <imageSrc>https://cdn1.marklogic.com/wp-content/uploads/2021/02/1612313387205.jpeg</imageSrc>
      <fullname>Kitchingham Nikolas</fullname>
      <city>Miami</city>
      <state>FL</state>
    </relation>
  </relations>
  <createdOn>
    <ts>2022-02-21T11:50:25Z</ts>
    <user>istrange2j</user>
  </createdOn>
  <lastUpdated>
    <ts>2022-01-31T17:50:09Z</ts>
    <user>istrange2j</user>
  </lastUpdated>
  <socials>
    <social>
      <site>linkedin</site>
      <handle>kdregan0</handle>
      <address>http://jimdo.com/imperdiet/nullam/orci.xml</address>
    </social>
  </socials>
  <memberships/>
  <links>
    <link>
      <label>Quick View</label>
      <url>http://accuweather.com</url>
      <icon>faEye</icon>
    </link>
    <link>
      <label>Nomination History</label>
      <url>https://elegantthemes.com</url>
      <icon>faMedal</icon>
    </link>
    <link>
      <label>Comments</label>
      <url>http://nymag.com</url>
      <icon>faComments</icon>
    </link>
  </links>
  <activities>
    <activity>
      <predicate>movedTo</predicate>
      <place>Browsetype</place>
      <predplace>movedTo Browsetype</predplace>
      <ts>2010-02-14T16:40:43Z</ts>
      <source>
        <name>USA Today</name>
        <ts>2019-10-28T19:50:15Z</ts>
        <createdBy>Teri Kleinber</createdBy>
        <approvedBy>Brear Blesli</approvedBy>
      </source>
    </activity>
    <activity>
      <predicate>endedAt</predicate>
      <place>Devify</place>
      <predplace>endedAt Devify</predplace>
      <ts>2013-05-02T00:59:24Z</ts>
      <source>
        <name>New York Times</name>
        <ts>2018-02-20T18:09:25Z</ts>
        <createdBy>Nick Channon</createdBy>
        <approvedBy>Stanwood Peddersen</approvedBy>
      </source>
    </activity>
    <activity>
      <predicate>startedAt</predicate>
      <place>Yambee</place>
      <predplace>startedAt Yambee</predplace>
      <ts>2014-03-30T11:51:03Z</ts>
      <source>
        <name>Chicago Tribune</name>
        <ts>2017-02-10T18:56:25Z</ts>
        <createdBy>Avrit Golt</createdBy>
        <approvedBy>Lurleen Breznovic</approvedBy>
      </source>
    </activity>
    <activity>
      <predicate>startedAt</predicate>
      <place>Jayo</place>
      <predplace>startedAt Jayo</predplace>
      <ts>2013-10-05T17:51:01Z</ts>
      <source>
        <name>Los Angeles Times</name>
        <ts>2019-10-17T08:01:57Z</ts>
        <createdBy>Darcie Hugill</createdBy>
        <approvedBy>Karola Skep</approvedBy>
      </source>
    </activity>
    <activity>
      <predicate>movedTo</predicate>
      <place>Yamia</place>
      <predplace>movedTo Yamia</predplace>
      <ts>2010-02-17T14:43:32Z</ts>
      <source>
        <name>Wall Street Journal</name>
        <ts>2017-01-10T23:54:56Z</ts>
        <createdBy>Danya Farley</createdBy>
        <approvedBy>Christie Guyton</approvedBy>
      </source>
    </activity>
  </activities>
  <actions>
    <action>
      <url>http://ycombinator.com</url>
      <icon>faCog</icon>
    </action>
    <action>
      <url>http://flickr.com</url>
      <icon>faCode</icon>
    </action>
    <action>
      <url>https://histats.com</url>
      <icon>faSync</icon>
    </action>
  </actions>
</person>