<?xml version="1.0" encoding="UTF-8" standalone="yes"?>
<person>
  <personId>10094</personId>
  <nameGroup>
    <givenname>
      <value>Koren</value>
    </givenname>
    <surname>
      <value>Brierley</value>
    </surname>
    <fullname>
      <classification>U</classification>
      <restricted>false</restricted>
      <value>Brierley Koren</value>
      <source>
        <name>Los Angeles Times</name>
        <ts>2015-03-28T22:31:09Z</ts>
      </source>
      <source>
        <name>Wall Street Journal</name>
        <ts>2020-05-15T09:52:12Z</ts>
      </source>
      <source>
        <name>Washington Post</name>
        <ts>2018-02-13T13:35:11Z</ts>
      </source>
    </fullname>
  </nameGroup>
  <emails>
    <email>
      <value>zdorrington0@jimdo.com</value>
      <classification>S</classification>
      <restricted>false</restricted>
    </email>
    <email>
      <value>sattwell1@howstuffworks.com</value>
      <classification>U</classification>
      <restricted>false</restricted>
    </email>
  </emails>
  <phone>952-436-5196</phone>
  <ssn>
    <value>506-06-7982</value>
    <classification>(S)</classification>
  </ssn>
  <images>
    <image>
      <url>https://cdn1.marklogic.com/wp-content/uploads/2021/05/IS-headshot.jpeg</url>
      <source>
        <name>Washington Post</name>
        <ts>2018-10-09T07:32:17Z</ts>
        <uploadedBy>cleggott0</uploadedBy>
      </source>
    </image>
    <image>
      <url>https://cdn1.marklogic.com/wp-content/uploads/2018/01/headshot_square_286x286.jpg</url>
      <source>
        <name>Washington Post</name>
        <ts>2020-01-12T14:28:44Z</ts>
        <uploadedBy>nalmond0</uploadedBy>
      </source>
    </image>
    <image>
      <url>https://cdn1.marklogic.com/wp-content/uploads/2018/01/headshot_square_286x286.jpg</url>
      <source>
        <name>Washington Post</name>
        <ts>2017-03-04T03:01:24Z</ts>
        <uploadedBy>bsappell0</uploadedBy>
      </source>
    </image>
  </images>
  <addresses>
    <address>
      <street>29620 Warrior Point</street>
      <city>Miami</city>
      <state>FL</state>
      <postal>33169</postal>
      <country>United States</country>
      <latitude>25.9441</latitude>
      <longitude>-80.2144</longitude>
    </address>
    <address>
      <street>0488 Corben Parkway</street>
      <city>Memphis</city>
      <state>TN</state>
      <postal>38168</postal>
      <country>United States</country>
      <latitude>35.2017</latitude>
      <longitude>-89.9715</longitude>
    </address>
    <address>
      <street>72440 Banding Street</street>
      <city>Madison</city>
      <state>WI</state>
      <postal>53710</postal>
      <country>United States</country>
      <latitude>43.0696</latitude>
      <longitude>-89.4239</longitude>
    </address>
  </addresses>
  <schools>
    <school>
      <country>United Kingdom</country>
      <name>University of Central Lancashire</name>
      <city>Kinloch</city>
      <state>SCT</state>
      <postal>PH43</postal>
      <latitude>57.013064</latitude>
      <longitude>-6.2823331</longitude>
      <source>
        <name>USA Today</name>
        <ts>2015-07-11T10:07:57Z</ts>
      </source>
      <source>
        <name>New York Times</name>
        <ts>2019-12-17T14:48:09Z</ts>
      </source>
      <source>
        <name>Chicago Tribune</name>
        <ts>2011-08-10T03:48:05Z</ts>
      </source>
    </school>
  </schools>
  <status>Inactive</status>
  <sources>
    <source>
      <name>Chicago Tribune</name>
      <ts>2016-03-06T08:19:33Z</ts>
    </source>
  </sources>
  <relations>
    <relation>
      <id>/person/10009.xml</id>
      <predicate>worksWith</predicate>
      <imageSrc>https://cdn1.marklogic.com/wp-content/uploads/2020/11/george-bloom-headshot-300x300-1.jpg</imageSrc>
      <fullname>McGilmartin Cathrin</fullname>
      <city>Montgomery</city>
      <state>AL</state>
    </relation>
    <relation>
      <id>/person/10077.xml</id>
      <predicate>relatedTo</predicate>
      <imageSrc>https://cdn1.marklogic.com/wp-content/uploads/2021/02/1612313387205.jpeg</imageSrc>
      <fullname>Oliff Trudy</fullname>
      <city>Helena</city>
      <state>MT</state>
    </relation>
    <relation>
      <id>/person/10099.xml</id>
      <predicate>relatedTo</predicate>
      <imageSrc>https://cdn1.marklogic.com/wp-content/uploads/2020/04/JamesKenwood-headshot-600x600-1.jpg</imageSrc>
      <fullname>Hallatt Glad</fullname>
      <city>Raleigh</city>
      <state>NC</state>
    </relation>
    <relation>
      <id>/person/10040.xml</id>
      <predicate>worksWith</predicate>
      <imageSrc>https://cdn1.marklogic.com/wp-content/uploads/2020/04/JamesKenwood-headshot-600x600-1.jpg</imageSrc>
      <fullname>Bushaway Seth</fullname>
      <city>Odessa</city>
      <state>TX</state>
    </relation>
    <relation>
      <id>/person/10018.xml</id>
      <predicate>livesWith</predicate>
      <imageSrc>https://cdn1.marklogic.com/wp-content/uploads/2018/01/headshot_square_286x286.jpg</imageSrc>
      <fullname>Klaes Aubree</fullname>
      <city>Knoxville</city>
      <state>TN</state>
    </relation>
  </relations>
  <createdOn>
    <ts>2022-01-12T09:42:41Z</ts>
    <user>kbrierley2l</user>
  </createdOn>
  <lastUpdated>
    <ts>2022-01-29T21:02:55Z</ts>
    <user>kbrierley2l</user>
  </lastUpdated>
  <socials>
    <social>
      <site>linkedin</site>
      <handle>chuxster0</handle>
      <address>https://skype.com/vestibulum/ac.aspx</address>
    </social>
    <social>
      <site>linkedin</site>
      <handle>smenico1</handle>
      <address>https://shinystat.com/ultrices/mattis/odio/donec/vitae.json</address>
    </social>
    <social>
      <site>linkedin</site>
      <handle>malen2</handle>
      <address>http://epa.gov/sem/sed/sagittis/nam.html</address>
    </social>
  </socials>
  <memberships>
    <membership>
      <list>list1</list>
      <important>true</important>
      <ts>2022-02-06</ts>
    </membership>
    <membership>
      <list>list4</list>
      <important>true</important>
      <ts>2022-01-27</ts>
    </membership>
    <membership>
      <list>list9</list>
      <important>false</important>
      <ts>2022-01-24</ts>
    </membership>
    <membership>
      <list>list10</list>
      <important>true</important>
      <ts>2022-02-13</ts>
    </membership>
    <membership>
      <list>list9</list>
      <important>true</important>
      <ts>2022-01-03</ts>
    </membership>
  </memberships>
  <links>
    <link>
      <label>Quick View</label>
      <url>https://irs.gov</url>
      <icon>faEye</icon>
    </link>
    <link>
      <label>Nomination History</label>
      <url>http://elegantthemes.com</url>
      <icon>faMedal</icon>
    </link>
    <link>
      <label>Comments</label>
      <url>https://mozilla.org</url>
      <icon>faComments</icon>
    </link>
  </links>
  <activities>
    <activity>
      <predicate>movedTo</predicate>
      <place>Trilia</place>
      <predplace>movedTo Trilia</predplace>
      <ts>2015-10-07T02:30:34Z</ts>
      <source>
        <name>USA Today</name>
        <ts>2016-07-04T21:00:21Z</ts>
        <createdBy>Baryram Sorbie</createdBy>
        <approvedBy>Abra Slaght</approvedBy>
      </source>
    </activity>
    <activity>
      <predicate>endedAt</predicate>
      <place>Meetz</place>
      <predplace>endedAt Meetz</predplace>
      <ts>2014-03-31T17:28:55Z</ts>
      <source>
        <name>New York Times</name>
        <ts>2022-01-03T14:17:30Z</ts>
        <createdBy>Trude Bellison</createdBy>
        <approvedBy>Wes Guillou</approvedBy>
      </source>
    </activity>
    <activity>
      <predicate>endedAt</predicate>
      <place>Leenti</place>
      <predplace>endedAt Leenti</predplace>
      <ts>2011-08-11T20:19:30Z</ts>
      <source>
        <name>Chicago Tribune</name>
        <ts>2017-12-25T23:44:39Z</ts>
        <createdBy>Kareem Scinelli</createdBy>
        <approvedBy>Dominik Delph</approvedBy>
      </source>
    </activity>
    <activity>
      <predicate>transferredTo</predicate>
      <place>Eare</place>
      <predplace>transferredTo Eare</predplace>
      <ts>2014-03-31T07:50:34Z</ts>
      <source>
        <name>Los Angeles Times</name>
        <ts>2019-08-05T18:19:31Z</ts>
        <createdBy>Loree Rimes</createdBy>
        <approvedBy>Carmita McCleary</approvedBy>
      </source>
    </activity>
  </activities>
  <actions>
    <action>
      <url>https://sbwire.com</url>
      <icon>faCog</icon>
    </action>
    <action>
      <url>http://soundcloud.com</url>
      <icon>faCode</icon>
    </action>
    <action>
      <url>http://plala.or.jp</url>
      <icon>faSync</icon>
    </action>
  </actions>
</person>