<?xml version="1.0" encoding="UTF-8" standalone="yes"?>
<person>
  <personId>10094</personId>
  <nameGroup>
    <givenname>
      <value>Zerk</value>
    </givenname>
    <surname>
      <value>Beltzner</value>
    </surname>
    <fullname>
      <classification>C</classification>
      <restricted>true</restricted>
      <value>Beltzner Zerk</value>
      <source>
        <name>Wall Street Journal</name>
        <ts>2010-12-15T05:15:13Z</ts>
      </source>
    </fullname>
  </nameGroup>
  <emails>
    <email>
      <value>brivel0@gizmodo.com</value>
      <classification>C</classification>
      <restricted>false</restricted>
    </email>
  </emails>
  <phone>623-952-7455</phone>
  <contacts>
    <contact>
      <type>email</type>
      <value>tbridywater0@bluehost.com</value>
    </contact>
    <contact>
      <type>email</type>
      <value>lvize1@ibm.com</value>
    </contact>
    <contact>
      <type>phone</type>
      <value>133-794-3461</value>
    </contact>
  </contacts>
  <ssn>
    <value>502-40-5186</value>
    <classification>(S)</classification>
  </ssn>
  <images>
    <image>
      <url>https://cdn1.marklogic.com/wp-content/uploads/2020/11/george-bloom-headshot-300x300-1.jpg</url>
      <source>
        <name>USA Today</name>
        <ts>2014-09-15T14:02:08Z</ts>
        <uploadedBy>aaitkin0</uploadedBy>
      </source>
    </image>
    <image>
      <url>https://cdn1.marklogic.com/wp-content/uploads/2018/01/headshot_square_286x286.jpg</url>
      <source>
        <name>Chicago Tribune</name>
        <ts>2012-07-31T16:02:13Z</ts>
        <uploadedBy/>
      </source>
    </image>
    <image>
      <url>https://cdn1.marklogic.com/wp-content/uploads/2021/02/1612313387205.jpeg</url>
      <source>
        <name>Washington Post</name>
        <ts>2018-03-31T19:23:08Z</ts>
        <uploadedBy>alepage0</uploadedBy>
      </source>
    </image>
  </images>
  <addresses>
    <address>
      <street>5 Maple Plaza</street>
      <city>Albany</city>
      <state>NY</state>
      <postal>12210</postal>
      <country>United States</country>
      <latitude>42.6568</latitude>
      <longitude>-73.7605</longitude>
    </address>
    <address>
      <street>34908 Manley Park</street>
      <city>Colorado Springs</city>
      <state>CO</state>
      <postal>80910</postal>
      <country>United States</country>
      <latitude>38.8152</latitude>
      <longitude>-104.7703</longitude>
    </address>
  </addresses>
  <schools>
    <school>
      <country>United States</country>
      <name>University of Colorado at Denver</name>
      <city>Richmond</city>
      <state>CA</state>
      <postal>94807</postal>
      <latitude>37.93</latitude>
      <longitude>-122.38</longitude>
      <source>
        <name>USA Today</name>
        <ts>2019-05-31T19:30:01Z</ts>
      </source>
      <source>
        <name>New York Times</name>
        <ts>2010-04-30T04:44:02Z</ts>
      </source>
    </school>
    <school>
      <country>Mexico</country>
      <name>Universidad Autónoma de Chiapas</name>
      <city>Santa Rosa</city>
      <state>VER</state>
      <postal>96556</postal>
      <latitude>19.5250552</latitude>
      <longitude>-99.1712174</longitude>
      <source>
        <name>USA Today</name>
        <ts>2018-10-02T15:21:41Z</ts>
      </source>
    </school>
  </schools>
  <status>Inactive</status>
  <sources>
    <source>
      <name>Wall Street Journal</name>
      <ts>2016-01-30T01:55:22Z</ts>
    </source>
  </sources>
  <sources>
    <source>
      <name>USA Today</name>
      <ts>2016-01-23T12:43:29Z</ts>
    </source>
  </sources>
  <relations>
    <relation>
      <id>/person/10035.xml</id>
      <predicate>livesWith</predicate>
      <imageSrc>https://cdn1.marklogic.com/wp-content/uploads/2018/01/Diane-Burley-MarkLogic-2015.jpg</imageSrc>
      <fullname>Portchmouth Pauletta</fullname>
      <city>San Antonio</city>
      <state>TX</state>
    </relation>
    <relation>
      <id>/person/10017.xml</id>
      <predicate>livesWith</predicate>
      <imageSrc>https://cdn1.marklogic.com/wp-content/uploads/2021/05/IS-headshot.jpeg</imageSrc>
      <fullname>Grimble Nara</fullname>
      <city>Oakland</city>
      <state>CA</state>
    </relation>
    <relation>
      <id>/person/10095.xml</id>
      <predicate>worksWith</predicate>
      <imageSrc>https://cdn1.marklogic.com/wp-content/uploads/2021/05/IS-headshot.jpeg</imageSrc>
      <fullname>Goffe Franny</fullname>
      <city>Phoenix</city>
      <state>AZ</state>
    </relation>
  </relations>
  <createdOn>
    <ts>2022-01-16T04:13:24Z</ts>
    <user>zbeltzner2l</user>
  </createdOn>
  <lastUpdated>
    <ts>2022-02-06T23:43:51Z</ts>
    <user>zbeltzner2l</user>
  </lastUpdated>
  <socials/>
  <memberships>
    <membership>
      <list>list3</list>
      <important>true</important>
      <ts>2022-02-27</ts>
    </membership>
    <membership>
      <list>list5</list>
      <important>true</important>
      <ts>2022-01-28</ts>
    </membership>
    <membership>
      <list>list3</list>
      <important>false</important>
      <ts>2022-01-19</ts>
    </membership>
    <membership>
      <list>list8</list>
      <important>false</important>
      <ts>2022-01-28</ts>
    </membership>
    <membership>
      <list>list9</list>
      <important>true</important>
      <ts>2022-02-04</ts>
    </membership>
    <membership>
      <list>list9</list>
      <important>true</important>
      <ts>2022-02-20</ts>
    </membership>
  </memberships>
  <links>
    <link>
      <label>Quick View</label>
      <url>https://shutterfly.com</url>
      <icon>faEye</icon>
    </link>
    <link>
      <label>Nomination History</label>
      <url>http://edublogs.org</url>
      <icon>faMedal</icon>
    </link>
    <link>
      <label>Comments</label>
      <url>http://e-recht24.de</url>
      <icon>faComments</icon>
    </link>
  </links>
  <activities>
    <activity>
      <predicate>endedAt</predicate>
      <place>Wordtune</place>
      <predplace>endedAt Wordtune</predplace>
      <ts>2019-08-09T09:37:14Z</ts>
      <source>
        <name>USA Today</name>
        <ts>2021-12-24T18:23:04Z</ts>
        <createdBy>George Quinnet</createdBy>
        <approvedBy>Marjory Gatteridge</approvedBy>
      </source>
    </activity>
    <activity>
      <predicate>startedAt</predicate>
      <place>Youfeed</place>
      <predplace>startedAt Youfeed</predplace>
      <ts>2017-01-06T06:38:34Z</ts>
      <source>
        <name>New York Times</name>
        <ts>2021-06-21T07:38:07Z</ts>
        <createdBy>Brendis Crombleholme</createdBy>
        <approvedBy>Celine Perrott</approvedBy>
      </source>
    </activity>
  </activities>
  <events>
    <event>
      <predicate>servedIn</predicate>
      <place>Philippines</place>
      <predplace>servedIn Philippines</predplace>
      <end>2018-02-08T22:34:15Z</end>
      <start>2014-03-08T19:24:59Z</start>
    </event>
  </events>
  <actions>
    <action>
      <url>https://scientificamerican.com</url>
      <icon>faCog</icon>
    </action>
    <action>
      <url>https://apple.com</url>
      <icon>faCode</icon>
    </action>
    <action>
      <url>http://php.net</url>
      <icon>faSync</icon>
    </action>
  </actions>
</person>