<?xml version="1.0" encoding="UTF-8" standalone="yes"?>
<person>
  <personId>10099</personId>
  <nameGroup>
    <givenname>
      <value>Glad</value>
    </givenname>
    <surname>
      <value>Hallatt</value>
    </surname>
    <fullname>
      <classification>C</classification>
      <restricted>true</restricted>
      <value>Hallatt Glad</value>
      <source>
        <name>USA Today</name>
        <ts>2010-04-15T19:43:58Z</ts>
      </source>
    </fullname>
  </nameGroup>
  <emails>
    <email>
      <value>atarbet0@imgur.com</value>
      <classification>U</classification>
      <restricted>false</restricted>
    </email>
    <email>
      <value>uspargo1@free.fr</value>
      <classification>U</classification>
      <restricted>false</restricted>
    </email>
  </emails>
  <phone>413-299-5847</phone>
  <ssn>
    <value>807-19-6154</value>
    <classification>(S)</classification>
  </ssn>
  <images>
    <image>
      <url>https://cdn1.marklogic.com/wp-content/uploads/2020/04/JamesKenwood-headshot-600x600-1.jpg</url>
      <source>
        <name>Wall Street Journal</name>
        <ts>2019-08-27T21:46:57Z</ts>
        <uploadedBy>atreske0</uploadedBy>
      </source>
    </image>
  </images>
  <addresses>
    <address>
      <street>94 Eagle Crest Pass</street>
      <city>Raleigh</city>
      <state>NC</state>
      <postal>27635</postal>
      <country>United States</country>
      <latitude>35.7977</latitude>
      <longitude>-78.6253</longitude>
    </address>
  </addresses>
  <schools>
    <school>
      <country>Mexico</country>
      <name>Centro de Enseñanza Técnica Industrial</name>
      <city>Miguel Hidalgo</city>
      <state>TAM</state>
      <postal>87090</postal>
      <latitude>23.7318903</latitude>
      <longitude>-99.1502962</longitude>
      <source>
        <name>USA Today</name>
        <ts>2010-04-26T14:43:37Z</ts>
      </source>
    </school>
    <school>
      <country>United States</country>
      <name>State University of New York (SUNY)</name>
      <city>Rochester</city>
      <state>NY</state>
      <postal>14609</postal>
      <latitude>43.1770344</latitude>
      <longitude>-77.5504779</longitude>
      <source>
        <name>USA Today</name>
        <ts>2020-12-15T04:33:07Z</ts>
      </source>
      <source>
        <name>New York Times</name>
        <ts>2021-11-09T10:47:50Z</ts>
      </source>
    </school>
  </schools>
  <status>Active</status>
  <sources>
    <source>
      <name>Washington Post</name>
      <ts>2012-06-20T08:48:19Z</ts>
    </source>
  </sources>
  <relations>
    <relation>
      <id>/person/10033.xml</id>
      <predicate>livesWith</predicate>
      <imageSrc>https://cdn1.marklogic.com/wp-content/uploads/2020/04/JamesKenwood-headshot-600x600-1.jpg</imageSrc>
      <fullname>Saw Gilbertine</fullname>
      <city>Harrisburg</city>
      <state>PA</state>
    </relation>
    <relation>
      <id>/person/10052.xml</id>
      <predicate>livesWith</predicate>
      <imageSrc>https://cdn1.marklogic.com/wp-content/uploads/2018/01/Alicia-Saia-MarkLogic1.jpg</imageSrc>
      <fullname>Posten Ariel</fullname>
      <city>Fort Worth</city>
      <state>TX</state>
    </relation>
    <relation>
      <id>/person/10077.xml</id>
      <predicate>livesWith</predicate>
      <imageSrc>https://cdn1.marklogic.com/wp-content/uploads/2021/02/1612313387205.jpeg</imageSrc>
      <fullname>Oliff Trudy</fullname>
      <city>Helena</city>
      <state>MT</state>
    </relation>
    <relation>
      <id>/person/10043.xml</id>
      <predicate>livesWith</predicate>
      <imageSrc>https://cdn1.marklogic.com/wp-content/uploads/2018/01/headshot_square_286x286.jpg</imageSrc>
      <fullname>Littledike Del</fullname>
      <city>Anaheim</city>
      <state>CA</state>
    </relation>
    <relation>
      <id>/person/10010.xml</id>
      <predicate>relatedTo</predicate>
      <imageSrc>https://cdn1.marklogic.com/wp-content/uploads/2018/01/Alicia-Saia-MarkLogic1.jpg</imageSrc>
      <fullname>Shevell Gertruda</fullname>
      <city>Orlando</city>
      <state>FL</state>
    </relation>
  </relations>
  <createdOn>
    <ts>2022-01-19T09:38:17Z</ts>
    <user>ghallatt2q</user>
  </createdOn>
  <lastUpdated>
    <ts>2022-01-30T07:02:47Z</ts>
    <user>ghallatt2q</user>
  </lastUpdated>
  <socials>
    <social>
      <site>facebook</site>
      <handle>rmcilrath0</handle>
      <address>http://icio.us/et.png</address>
    </social>
    <social>
      <site>facebook</site>
      <handle>fburcombe1</handle>
      <address>https://clickbank.net/duis/faucibus.json</address>
    </social>
  </socials>
  <memberships/>
  <links>
    <link>
      <label>Quick View</label>
      <url>https://clickbank.net</url>
      <icon>faEye</icon>
    </link>
    <link>
      <label>Nomination History</label>
      <url>http://businesswire.com</url>
      <icon>faMedal</icon>
    </link>
    <link>
      <label>Comments</label>
      <url>http://stumbleupon.com</url>
      <icon>faComments</icon>
    </link>
  </links>
  <activities>
    <activity>
      <predicate>transferredTo</predicate>
      <place>Miboo</place>
      <predplace>transferredTo Miboo</predplace>
      <ts>2011-01-29T03:38:27Z</ts>
      <source>
        <name>USA Today</name>
        <ts>2016-07-19T10:53:22Z</ts>
        <createdBy>Conchita Hulburd</createdBy>
        <approvedBy>Dynah Snellman</approvedBy>
      </source>
    </activity>
    <activity>
      <predicate>transferredTo</predicate>
      <place>Rhycero</place>
      <predplace>transferredTo Rhycero</predplace>
      <ts>2014-10-18T16:46:05Z</ts>
      <source>
        <name>New York Times</name>
        <ts>2016-08-16T19:11:56Z</ts>
        <createdBy>Nicoline Humphery</createdBy>
        <approvedBy>Vernon Moult</approvedBy>
      </source>
    </activity>
    <activity>
      <predicate>startedAt</predicate>
      <place>Brightdog</place>
      <predplace>startedAt Brightdog</predplace>
      <ts>2015-04-16T10:54:04Z</ts>
      <source>
        <name>Chicago Tribune</name>
        <ts>2020-03-08T08:55:49Z</ts>
        <createdBy>Claudetta Glyssanne</createdBy>
        <approvedBy>Claiborne Waddingham</approvedBy>
      </source>
    </activity>
    <activity>
      <predicate>endedAt</predicate>
      <place>Browsezoom</place>
      <predplace>endedAt Browsezoom</predplace>
      <ts>2011-09-04T15:05:32Z</ts>
      <source>
        <name>Los Angeles Times</name>
        <ts>2021-12-18T10:43:27Z</ts>
        <createdBy>Alfi Haselhurst</createdBy>
        <approvedBy>Emalee Beddie</approvedBy>
      </source>
    </activity>
    <activity>
      <predicate>transferredTo</predicate>
      <place>Latz</place>
      <predplace>transferredTo Latz</predplace>
      <ts>2011-10-05T20:35:22Z</ts>
      <source>
        <name>Wall Street Journal</name>
        <ts>2016-01-15T23:12:44Z</ts>
        <createdBy>Nicolina Quinion</createdBy>
        <approvedBy>Godfrey Kornel</approvedBy>
      </source>
    </activity>
  </activities>
  <actions>
    <action>
      <url>http://theguardian.com</url>
      <icon>faCog</icon>
    </action>
    <action>
      <url>http://sbwire.com</url>
      <icon>faCode</icon>
    </action>
    <action>
      <url>https://skyrock.com</url>
      <icon>faSync</icon>
    </action>
  </actions>
</person>