<?xml version="1.0" encoding="UTF-8" standalone="yes"?>
<person>
  <personId>10100</personId>
  <nameGroup>
    <givenname>
      <value>Mortimer</value>
    </givenname>
    <surname>
      <value>Puckett</value>
    </surname>
    <fullname>
      <classification>U</classification>
      <restricted>false</restricted>
      <value>Puckett Mortimer</value>
      <source>
        <name>Washington Post</name>
        <ts>2012-06-10T13:09:03Z</ts>
      </source>
    </fullname>
  </nameGroup>
  <emails>
    <email>
      <value>edannell0@spotify.com</value>
      <classification>U</classification>
      <restricted>false</restricted>
    </email>
  </emails>
  <phone>557-922-0258</phone>
  <ssn>
    <value>696-14-2652</value>
    <classification>(S)</classification>
  </ssn>
  <images>
    <image>
      <url>https://cdn1.marklogic.com/wp-content/uploads/2018/01/Diane-Burley-MarkLogic-2015.jpg</url>
      <source>
        <name>Chicago Tribune</name>
        <ts>2010-08-07T10:12:51Z</ts>
        <uploadedBy>kwince0</uploadedBy>
      </source>
    </image>
    <image>
      <url>https://cdn1.marklogic.com/wp-content/uploads/2021/02/1612313387205.jpeg</url>
      <source>
        <name>New York Times</name>
        <ts>2020-12-21T03:15:45Z</ts>
        <uploadedBy>jcaygill0</uploadedBy>
      </source>
    </image>
    <image>
      <url>https://cdn1.marklogic.com/wp-content/uploads/2021/02/1612313387205.jpeg</url>
      <source>
        <name>Los Angeles Times</name>
        <ts>2018-05-24T11:41:44Z</ts>
        <uploadedBy>tlepoidevin0</uploadedBy>
      </source>
    </image>
    <image>
      <url>https://cdn1.marklogic.com/wp-content/uploads/2018/02/trinh-lieu-profile.jpg</url>
      <source>
        <name>Chicago Tribune</name>
        <ts>2010-03-31T06:20:16Z</ts>
        <uploadedBy>ssherrington0</uploadedBy>
      </source>
    </image>
  </images>
  <addresses>
    <address>
      <street>2504 Emmet Place</street>
      <city>Dallas</city>
      <state>TX</state>
      <postal>75353</postal>
      <country>United States</country>
      <latitude>32.7673</latitude>
      <longitude>-96.7776</longitude>
    </address>
    <address>
      <street>3715 Fair Oaks Crossing</street>
      <city>Austin</city>
      <state>TX</state>
      <postal>78783</postal>
      <country>United States</country>
      <latitude>30.3264</latitude>
      <longitude>-97.7713</longitude>
    </address>
    <address>
      <street>718 Brickson Park Place</street>
      <city>Tacoma</city>
      <state>WA</state>
      <postal>98417</postal>
      <country>United States</country>
      <latitude>47.2061</latitude>
      <longitude>-122.4822</longitude>
    </address>
  </addresses>
  <schools>
    <school>
      <country>United States</country>
      <name>Lyon College</name>
      <city>San Francisco</city>
      <state>CA</state>
      <postal>94121</postal>
      <latitude>37.7813454</latitude>
      <longitude>-122.497668</longitude>
      <source>
        <name>USA Today</name>
        <ts>2014-06-02T17:32:20Z</ts>
      </source>
      <source>
        <name>New York Times</name>
        <ts>2011-12-07T17:17:33Z</ts>
      </source>
    </school>
  </schools>
  <status>Active</status>
  <sources>
    <source>
      <name>Chicago Tribune</name>
      <ts>2020-04-27T21:30:22Z</ts>
    </source>
  </sources>
  <sources>
    <source>
      <name>Wall Street Journal</name>
      <ts>2021-04-30T23:31:41Z</ts>
    </source>
  </sources>
  <relations>
    <relation>
      <id>/person/10011.xml</id>
      <predicate>relatedTo</predicate>
      <imageSrc>https://cdn1.marklogic.com/wp-content/uploads/2021/02/1612313387205.jpeg</imageSrc>
      <fullname>Taaffe El</fullname>
      <city>Winter Haven</city>
      <state>FL</state>
    </relation>
    <relation>
      <id>/person/10053.xml</id>
      <predicate>livesWith</predicate>
      <imageSrc>https://cdn1.marklogic.com/wp-content/uploads/2020/11/george-bloom-headshot-300x300-1.jpg</imageSrc>
      <fullname>Waby Tommi</fullname>
      <city>Chicago</city>
      <state>IL</state>
    </relation>
  </relations>
  <createdOn>
    <ts>2022-02-02T18:44:38Z</ts>
    <user>mpuckett2r</user>
  </createdOn>
  <lastUpdated>
    <ts>2022-01-27T18:51:41Z</ts>
    <user>mpuckett2r</user>
  </lastUpdated>
  <socials>
    <social>
      <site>facebook</site>
      <handle/>
      <address>https://microsoft.com/scelerisque/quam.html</address>
    </social>
    <social>
      <site>twitter</site>
      <handle>ccastane1</handle>
      <address>http://npr.org/vel/dapibus.js</address>
    </social>
  </socials>
  <memberships>
    <membership>
      <list>list4</list>
      <important>true</important>
      <ts>2022-02-16</ts>
    </membership>
    <membership>
      <list>list11</list>
      <important>false</important>
      <ts>2022-02-22</ts>
    </membership>
    <membership>
      <list>list10</list>
      <important>false</important>
      <ts>2022-01-23</ts>
    </membership>
    <membership>
      <list>list2</list>
      <important>false</important>
      <ts>2022-01-24</ts>
    </membership>
  </memberships>
  <links>
    <link>
      <label>Quick View</label>
      <url>http://cbsnews.com</url>
      <icon>faEye</icon>
    </link>
    <link>
      <label>Nomination History</label>
      <url>https://statcounter.com</url>
      <icon>faMedal</icon>
    </link>
    <link>
      <label>Comments</label>
      <url>https://jimdo.com</url>
      <icon>faComments</icon>
    </link>
  </links>
  <activities>
    <activity>
      <predicate>movedTo</predicate>
      <place>JumpXS</place>
      <predplace>movedTo JumpXS</predplace>
      <ts>2012-12-22T15:16:54Z</ts>
      <source>
        <name>USA Today</name>
        <ts>2018-10-20T19:18:02Z</ts>
        <createdBy>Oberon Pettiward</createdBy>
        <approvedBy>Gerri Castagnasso</approvedBy>
      </source>
    </activity>
    <activity>
      <predicate>movedTo</predicate>
      <place>Thoughtworks</place>
      <predplace>movedTo Thoughtworks</predplace>
      <ts>2013-09-12T14:16:47Z</ts>
      <source>
        <name>New York Times</name>
        <ts>2017-03-22T04:06:09Z</ts>
        <createdBy>Lowell Sutty</createdBy>
        <approvedBy>Benjamen Simla</approvedBy>
      </source>
    </activity>
    <activity>
      <predicate>movedTo</predicate>
      <place>Twitternation</place>
      <predplace>movedTo Twitternation</predplace>
      <ts>2010-07-12T16:38:03Z</ts>
      <source>
        <name>Chicago Tribune</name>
        <ts>2017-06-02T15:57:27Z</ts>
        <createdBy>Kathryn Boerderman</createdBy>
        <approvedBy>Cahra Bazelle</approvedBy>
      </source>
    </activity>
    <activity>
      <predicate>endedAt</predicate>
      <place>Edgetag</place>
      <predplace>endedAt Edgetag</predplace>
      <ts>2011-12-06T20:38:41Z</ts>
      <source>
        <name>Los Angeles Times</name>
        <ts>2021-10-14T20:01:08Z</ts>
        <createdBy>Herman MacIlhagga</createdBy>
        <approvedBy>Jane Pawsey</approvedBy>
      </source>
    </activity>
  </activities>
  <actions>
    <action>
      <url>http://scribd.com</url>
      <icon>faCog</icon>
    </action>
    <action>
      <url>http://drupal.org</url>
      <icon>faCode</icon>
    </action>
    <action>
      <url>https://fotki.com</url>
      <icon>faSync</icon>
    </action>
  </actions>
</person>