<?xml version="1.0" encoding="UTF-8" standalone="yes"?>
<person>
  <personId>10100</personId>
  <nameGroup>
    <givenname>
      <value>Marna</value>
    </givenname>
    <surname>
      <value>Mazzia</value>
    </surname>
    <fullname>
      <classification>S</classification>
      <restricted>true</restricted>
      <value>Mazzia Marna</value>
      <source>
        <name>Los Angeles Times</name>
        <ts>2012-09-22T04:58:48Z</ts>
      </source>
      <source>
        <name>Wall Street Journal</name>
        <ts>2015-07-09T20:19:20Z</ts>
      </source>
      <source>
        <name>Washington Post</name>
        <ts>2018-05-03T21:33:23Z</ts>
      </source>
    </fullname>
  </nameGroup>
  <emails>
    <email>
      <value>ctremelling0@i2i.jp</value>
      <classification>U</classification>
      <restricted>false</restricted>
    </email>
  </emails>
  <phone>377-370-7234</phone>
  <contacts>
    <contact>
      <type>email</type>
      <value>igomery0@webmd.com</value>
    </contact>
    <contact>
      <type>email</type>
      <value>kcaldow1@sciencedaily.com</value>
    </contact>
    <contact>
      <type>phone</type>
      <value>231-793-6387</value>
    </contact>
  </contacts>
  <ssn>
    <value>302-64-9171</value>
    <classification>(S)</classification>
  </ssn>
  <images>
    <image>
      <url>https://cdn1.marklogic.com/wp-content/uploads/2021/05/IS-headshot.jpeg</url>
      <source>
        <name>Chicago Tribune</name>
        <ts>2013-09-07T17:43:52Z</ts>
        <uploadedBy/>
      </source>
    </image>
  </images>
  <addresses>
    <address>
      <street>4 Rieder Place</street>
      <city>Washington</city>
      <state>DC</state>
      <postal>20599</postal>
      <country>United States</country>
      <latitude>38.8933</latitude>
      <longitude>-77.0146</longitude>
    </address>
    <address>
      <street>4482 Scofield Road</street>
      <city>Washington</city>
      <state>DC</state>
      <postal>20535</postal>
      <country>United States</country>
      <latitude>38.8941</latitude>
      <longitude>-77.0251</longitude>
    </address>
    <address>
      <street>3621 Northport Parkway</street>
      <city>Palo Alto</city>
      <state>CA</state>
      <postal>94302</postal>
      <country>United States</country>
      <latitude>37.1894</latitude>
      <longitude>-121.7053</longitude>
    </address>
  </addresses>
  <schools>
    <school>
      <country>United States</country>
      <name>University of Wyoming</name>
      <city>Honolulu</city>
      <state>HI</state>
      <postal>96840</postal>
      <latitude>21.31</latitude>
      <longitude>-157.86</longitude>
      <source>
        <name>USA Today</name>
        <ts>2010-06-30T00:00:49Z</ts>
      </source>
      <source>
        <name>New York Times</name>
        <ts>2020-06-15T08:21:40Z</ts>
      </source>
      <source>
        <name>Chicago Tribune</name>
        <ts>2020-05-11T06:52:45Z</ts>
      </source>
    </school>
    <school>
      <country>United States</country>
      <name>Massachusetts College of Art</name>
      <city>Jacksonville</city>
      <state>FL</state>
      <postal>32204</postal>
      <latitude>30.3152434</latitude>
      <longitude>-81.6856808</longitude>
      <source>
        <name>USA Today</name>
        <ts>2017-07-31T05:53:40Z</ts>
      </source>
    </school>
  </schools>
  <status>Inactive</status>
  <sources>
    <source>
      <name>Chicago Tribune</name>
      <ts>2014-02-01T14:26:46Z</ts>
    </source>
  </sources>
  <sources>
    <source>
      <name>Chicago Tribune</name>
      <ts>2015-12-17T10:58:52Z</ts>
    </source>
  </sources>
  <relations>
    <relation>
      <id>/person/10045.xml</id>
      <predicate>livesWith</predicate>
      <imageSrc>https://cdn1.marklogic.com/wp-content/uploads/2018/01/Michael-Malgeri-MarkLogic.jpg</imageSrc>
      <fullname>Hullah Arie</fullname>
      <city>Shreveport</city>
      <state>LA</state>
    </relation>
    <relation>
      <id>/person/10086.xml</id>
      <predicate>worksWith</predicate>
      <imageSrc>https://cdn1.marklogic.com/wp-content/uploads/2018/01/Diane-Burley-MarkLogic-2015.jpg</imageSrc>
      <fullname>Noulton Ema</fullname>
      <city>Colorado Springs</city>
      <state>CO</state>
    </relation>
    <relation>
      <id>/person/10039.xml</id>
      <predicate>livesWith</predicate>
      <imageSrc>https://cdn1.marklogic.com/wp-content/uploads/2018/02/trinh-lieu-profile.jpg</imageSrc>
      <fullname>Killelay Selene</fullname>
      <city>Riverside</city>
      <state>CA</state>
    </relation>
    <relation>
      <id>/person/10070.xml</id>
      <predicate>relatedTo</predicate>
      <imageSrc>https://cdn1.marklogic.com/wp-content/uploads/2021/07/chuck-hollis.jpeg</imageSrc>
      <fullname>Mertsching Francis</fullname>
      <city>Lexington</city>
      <state>KY</state>
    </relation>
  </relations>
  <createdOn>
    <ts>2022-02-08T23:08:07Z</ts>
    <user>mmazzia2r</user>
  </createdOn>
  <lastUpdated>
    <ts>2022-01-04T04:07:40Z</ts>
    <user>mmazzia2r</user>
  </lastUpdated>
  <socials>
    <social>
      <site>twitter</site>
      <handle>tscown0</handle>
      <address>http://sciencedirect.com/convallis/duis/consequat/dui/nec/nisi.js</address>
    </social>
    <social>
      <site>linkedin</site>
      <handle>lharriot1</handle>
      <address>https://cam.ac.uk/et/ultrices/posuere/cubilia.html</address>
    </social>
  </socials>
  <memberships>
    <membership>
      <list>list2</list>
      <important>false</important>
      <ts>2022-02-08</ts>
    </membership>
    <membership>
      <list>list2</list>
      <important>true</important>
      <ts>2022-01-16</ts>
    </membership>
  </memberships>
  <links>
    <link>
      <label>Quick View</label>
      <url>http://dyndns.org</url>
      <icon>faEye</icon>
    </link>
    <link>
      <label>Nomination History</label>
      <url>http://statcounter.com</url>
      <icon>faMedal</icon>
    </link>
    <link>
      <label>Comments</label>
      <url>http://de.vu</url>
      <icon>faComments</icon>
    </link>
  </links>
  <activities>
    <activity>
      <predicate>movedTo</predicate>
      <place>Vinder</place>
      <predplace>movedTo Vinder</predplace>
      <ts>2012-08-10T11:22:42Z</ts>
      <source>
        <name>USA Today</name>
        <ts>2021-05-31T21:55:33Z</ts>
        <createdBy>Reinhold Bullocke</createdBy>
        <approvedBy>My Welsby</approvedBy>
      </source>
    </activity>
    <activity>
      <predicate>transferredTo</predicate>
      <place>Voomm</place>
      <predplace>transferredTo Voomm</predplace>
      <ts>2019-11-12T19:53:08Z</ts>
      <source>
        <name>New York Times</name>
        <ts>2022-01-18T07:53:35Z</ts>
        <createdBy>Hillie Ridler</createdBy>
        <approvedBy>Roselle Milward</approvedBy>
      </source>
    </activity>
  </activities>
  <events>
    <event>
      <predicate>visited</predicate>
      <place>Poland</place>
      <predplace>visited Poland</predplace>
      <end>2017-08-01T23:05:58Z</end>
      <start>2014-12-29T06:47:43Z</start>
    </event>
  </events>
  <actions>
    <action>
      <url>https://a8.net</url>
      <icon>faCog</icon>
    </action>
    <action>
      <url>http://admin.ch</url>
      <icon>faCode</icon>
    </action>
    <action>
      <url>http://mapquest.com</url>
      <icon>faSync</icon>
    </action>
  </actions>
</person>