{
  "headers": {
    "sources": [
      {
        "stepName": "e2eTest"
      }
    ],
    "createdOn": "currentDateTime",
    "createdBy": "currentUser"
  },
  "collections": [
    "cyCardView"
  ],
  "permissions": "data-hub-common,read,data-hub-common,update",
  "batchSize": "200",
  "name": "cyCardView",
  "description": "UPDATE",
  "sourceFormat": "json",
  "targetFormat": "JSON",
  "sourceName": "",
  "sourceType": "",
  "outputURIPrefix": "/e2eJSON/",
  "additionalCollections": [
    "e2eTestCollection",
    "test1",
    "test2"
  ],
  "targetDatabase": "data-hub-STAGING",
  "interceptors": [ ],
  "provenanceGranularityLevel": "off",
  "customHook": { },
  "stepDefinitionName": "default-ingestion",
  "stepDefinitionType": "ingestion",
  "stepId": "cyCardView-ingestion",
  "lastUpdated": "2021-04-23T09:06:59.7333223-05:00"
}