{
  "headers": {
    "sources": [
      {
        "name": "ingestion-step"
      }
    ],
    "createdOn": "currentDateTime",
    "createdBy": "currentUser"
  },
  "collections": [
    "cusIngTest",
    "ingestion-step"
  ],
  "permissions": "data-hub-common,read,data-hub-common,update",
  "batchSize": 100,
  "name": "ingestion-step",
  "description": "This is the default ingestion step",
  "threadCount": 4,
  "stepDefinitionName": "cusIngTest",
  "stepDefinitionType": "INGESTION",
  "targetDatabase": "data-hub-STAGING",
  "targetFormat": "json",
  "inputFilePath": "input/json/customers",
  "outputURIReplacement": ".*input,'/cusIngTest/'",
  "sourceFormat": "json",
  "stepId": "ingestion-step-ingestion",
  "sourceQuery": "cts.collectionQuery([])",
  "outputFormat": "json",
  "lastUpdated": "2021-04-23T08:51:59.9167543-05:00"
}