{
  "headers": {
    "sources": [
      {
        "name": "ingest-orders"
      }
    ],
    "createdOn": "currentDateTime",
    "createdBy": "currentUser"
  },
  "collections": [
    "order-input",
    "ingest-orders"
  ],
  "permissions": "data-hub-common,read,data-hub-common,update",
  "batchSize": 100,
  "name": "ingest-orders",
  "stepDefinitionName": "default-ingestion",
  "stepDefinitionType": "INGESTION",
  "targetDatabase": "data-hub-STAGING",
  "targetFormat": "json",
  "inputFilePath": "input/json/orders",
  "outputURIReplacement": ".*input,''",
  "sourceFormat": "json",
  "sourceName": "OrdersSourceName",
  "sourceType": "OrdersSourceType",
  "stepId": "ingest-orders-ingestion",
  "outputFormat": "json",
  "provenanceGranularityLevel": "coarse",
  "lastUpdated": "2021-04-23T08:51:59.9075149-05:00"
}