{
  "headers": {
    "sources": [
      {
        "name": "loadCustomersJSON"
      }
    ],
    "createdOn": "currentDateTime",
    "createdBy": "currentUser"
  },
  "collections": [
    "loadCustomersJSON"
  ],
  "permissions": "data-hub-common,read,data-hub-common,update",
  "batchSize": 100,
  "name": "loadCustomersJSON",
  "stepDefinitionName": "default-ingestion",
  "stepDefinitionType": "ingestion",
  "stepId": "loadCustomersJSON-ingestion",
  "description": "",
  "sourceFormat": "json",
  "targetFormat": "json",
  "sourceName": "CustomerSourceName",
  "sourceType": "CustomerSourceType",
  "inputFilePath": "input/json/customers",
  "outputURIReplacement": ".*input,''",
  "sourceDatabase": null,
  "targetDatabase": "data-hub-STAGING",
  "provenanceGranularityLevel": "coarse",
  "lastUpdated": "2021-04-23T08:51:59.9315018-05:00",
  "outputFormat": "json"
}