{
  "headers": {
    "sources": [
      {
        "name": "loadClientJSON"
      }
    ],
    "createdOn": "currentDateTime",
    "createdBy": "currentUser"
  },
  "collections": [
    "loadClientJSON"
  ],
  "permissions": "data-hub-common,read,data-hub-common,update",
  "batchSize": 100,
  "name": "loadClientJSON",
  "stepDefinitionName": "default-ingestion",
  "stepDefinitionType": "ingestion",
  "stepId": "loadClientJSON-ingestion",
  "description": "",
  "sourceFormat": "json",
  "targetFormat": "json",
  "inputFilePath": "input/json/clients",
  "outputURIReplacement": ".*input,''",
  "sourceDatabase": null,
  "targetDatabase": "data-hub-STAGING",
  "provenanceGranularityLevel": "coarse",
  "lastUpdated": "2021-04-23T08:51:59.9236946-05:00",
  "outputFormat": "json"
}