{
  "headers": {
    "sources": [
      {
        "name": "loadPersonJSON"
      }
    ],
    "createdOn": "currentDateTime",
    "createdBy": "currentUser"
  },
  "collections": [
    "loadPersonJSON"
  ],
  "permissions": "data-hub-common,read,data-hub-common,update",
  "batchSize": 100,
  "name": "loadPersonJSON",
  "description": "",
  "sourceFormat": "json",
  "targetFormat": "json",
  "sourceName": "PersonSourceName",
  "sourceType": "PersonSourceType",
  "inputFilePath": "input/json/persons",
  "outputURIPrefix": "/json/persons/",
  "stepDefinitionName": "default-ingestion",
  "stepDefinitionType": "ingestion",
  "stepId": "loadPersonJSON-ingestion",
  "targetDatabase": "data-hub-STAGING",
  "provenanceGranularityLevel": "coarse",
  "lastUpdated": "2021-04-23T08:51:59.9457564-05:00"
}