{
  "headers": {
    "sources": [
      {
        "name": "loadPersonXML"
      }
    ],
    "createdOn": "currentDateTime",
    "createdBy": "currentUser"
  },
  "collections": [
    "loadPersonXML"
  ],
  "permissions": "data-hub-common,read,data-hub-common,update",
  "batchSize": 100,
  "name": "loadPersonXML",
  "description": "",
  "sourceFormat": "xml",
  "targetFormat": "xml",
  "inputFilePath": "input/xml/persons",
  "outputURIPrefix": "/xml/persons/",
  "stepDefinitionName": "default-ingestion",
  "stepDefinitionType": "ingestion",
  "stepId": "loadPersonXML-ingestion",
  "targetDatabase": "data-hub-STAGING",
  "provenanceGranularityLevel": "coarse",
  "lastUpdated": "2021-04-23T08:51:59.9529358-05:00"
}