{
  "collections": [
    "map-orders",
    "Order"
  ],
  "additionalCollections": [ ],
  "permissions": "data-hub-common,read,data-hub-common,update",
  "batchSize": 100,
  "validateEntity": "doNotValidate",
  "name": "map-orders",
  "stepDefinitionName": "entity-services-mapping",
  "stepDefinitionType": "MAPPING",
  "sourceQuery": "cts.collectionQuery('order-input')",
  "sourceDatabase": "data-hub-STAGING",
  "targetDatabase": "data-hub-FINAL",
  "targetFormat": "json",
  "targetEntityType": "http://marklogic.com/example/Order-0.0.1/Order",
  "properties": {
    "orderDetails": {
      "sourcedFrom": "/",
      "properties": {
        "productID": {
          "sourcedFrom": "OrderDetails/ProductID"
        },
        "unitPrice": {
          "sourcedFrom": "head(OrderDetails/UnitPrice)"
        },
        "quantity": {
          "sourcedFrom": "OrderDetails/Quantity"
        },
        "discount": {
          "sourcedFrom": "head(OrderDetails/Discount)"
        }
      },
      "targetEntityType": "#/definitions/OrderDetails"
    },
    "address": {
      "sourcedFrom": "/",
      "properties": {
        "city": {
          "sourcedFrom": "ShipCity"
        },
        "state": {
          "sourcedFrom": "ShipAddress"
        }
      },
      "targetEntityType": "#/definitions/Address"
    },
    "orderId": {
      "sourcedFrom": "OrderID"
    },
    "shipRegion": {
      "sourcedFrom": "ShipRegion"
    },
    "shippedDate": {
      "sourcedFrom": "ShippedDate"
    }
  },
  "namespaces": { },
  "selectedSource": "query",
  "stepId": "map-orders-mapping",
  "provenanceGranularityLevel": "coarse",
  "lastUpdated": "2021-04-23T08:51:59.9601076-05:00"
}