{
  "collections": [
    "Customer",
    "mapCustomersXML"
  ],
  "additionalCollections": [ ],
  "permissions": "data-hub-common,read,data-hub-operator,update",
  "batchSize": 100,
  "validateEntity": "doNotValidate",
  "name": "mapCustomersXML",
  "stepDefinitionName": "entity-services-mapping",
  "stepDefinitionType": "mapping",
  "stepId": "mapCustomersXML-mapping",
  "targetEntityType": "http://example.org/Customer-0.0.1/Customer",
  "description": "",
  "selectedSource": "collection",
  "sourceQuery": "cts.collectionQuery(['loadCustomersXML'])",
  "namespaces": {
    "entity-services": "http://marklogic.com/entity-services",
    "custOrderInfo": "custOrderInfo"
  },
  "lastUpdated": "2021-04-23T08:52:00.3200807-05:00",
  "sourceDatabase": "data-hub-STAGING",
  "targetDatabase": "data-hub-FINAL",
  "targetFormat": "XML",
  "provenanceGranularityLevel": "coarse",
  "properties": {
    "customerId": {
      "sourcedFrom": "/node()/custOrderInfo:CustomerID"
    },
    "shipping": {
      "sourcedFrom": "//*:Shipping",
      "properties": {
        "street": {
          "sourcedFrom": "*:Street"
        },
        "city": {
          "sourcedFrom": "*:City"
        },
        "zip": {
          "sourcedFrom": ".",
          "properties": {
            "fiveDigit": {
              "sourcedFrom": "substring(*:Postal, 1, 5)"
            },
            "plusFour": {
              "sourcedFrom": "substring(*:Postal, 7)"
            }
          },
          "targetEntityType": "#/definitions/Zip"
        },
        "state": {
          "sourcedFrom": "*:State"
        }
      },
      "targetEntityType": "#/definitions/Address"
    },
    "billing": {
      "sourcedFrom": "//*:Billing",
      "properties": {
        "street": {
          "sourcedFrom": "*:Street"
        },
        "zip": {
          "sourcedFrom": ".",
          "properties": {
            "fiveDigit": {
              "sourcedFrom": "substring(*:Postal, 1, 5)"
            },
            "plusFour": {
              "sourcedFrom": "substring(*:Postal, 7)"
            }
          },
          "targetEntityType": "#/definitions/Zip"
        },
        "city": {
          "sourcedFrom": "*:City"
        },
        "state": {
          "sourcedFrom": "*:State"
        }
      },
      "targetEntityType": "#/definitions/Address"
    },
    "name": {
      "sourcedFrom": "string-join((//*:Name/*:FirstName/text(), //*:Name/*:LastName/text()), \" \")"
    },
    "nicknames": {
      "sourcedFrom": "//*:Name/*:FirstName"
    },
    "email": {
      "sourcedFrom": "custOrderInfo:CustOrders/custOrderInfo:Email"
    },
    "pin": {
      "sourcedFrom": "custOrderInfo:CustOrders/custOrderInfo:PIN"
    }
  }
}