{
  "collections": [
    "Customer",
    "mapCustomersJSON"
  ],
  "additionalCollections": [ ],
  "permissions": "data-hub-common,read,data-hub-operator,update",
  "batchSize": 100,
  "validateEntity": "doNotValidate",
  "name": "mapCustomersJSON",
  "stepDefinitionName": "entity-services-mapping",
  "stepDefinitionType": "mapping",
  "stepId": "mapCustomersJSON-mapping",
  "targetEntityType": "http://example.org/Customer-0.0.1/Customer",
  "description": "",
  "selectedSource": "collection",
  "sourceQuery": "cts.collectionQuery(['loadCustomersJSON'])",
  "sourceDatabase": "data-hub-STAGING",
  "targetDatabase": "data-hub-FINAL",
  "targetFormat": "JSON",
  "provenanceGranularityLevel": "coarse",
  "properties": {
    "customerId": {
      "sourcedFrom": "CustomerID"
    },
    "name": {
      "sourcedFrom": "concat(Name/FirstName, ' ', Name/LastName)"
    },
    "shipping": {
      "sourcedFrom": "/Address/Shipping",
      "properties": {
        "street": {
          "sourcedFrom": "Street"
        },
        "city": {
          "sourcedFrom": "City"
        },
        "state": {
          "sourcedFrom": "State"
        },
        "zip": {
          "sourcedFrom": ".",
          "properties": {
            "fiveDigit": {
              "sourcedFrom": "substring(Postal, 1, 5)"
            },
            "plusFour": {
              "sourcedFrom": "substring(Postal, 7)"
            }
          },
          "targetEntityType": "#/definitions/Zip"
        }
      },
      "targetEntityType": "#/definitions/Address"
    },
    "billing": {
      "sourcedFrom": "/Address/Billing",
      "properties": {
        "street": {
          "sourcedFrom": "Street"
        },
        "city": {
          "sourcedFrom": "City"
        },
        "state": {
          "sourcedFrom": "State"
        },
        "zip": {
          "sourcedFrom": ".",
          "properties": {
            "fiveDigit": {
              "sourcedFrom": "substring(Postal, 1, 5)"
            },
            "plusFour": {
              "sourcedFrom": "substring(Postal, 7)"
            }
          },
          "targetEntityType": "#/definitions/Zip"
        }
      },
      "targetEntityType": "#/definitions/Address"
    },
    "customerSince": {
      "sourcedFrom": "parseDate(Created,'MM/DD/YYYY')"
    },
    "email": {
      "sourcedFrom": "Email"
    },
    "pin": {
      "sourcedFrom": "PIN"
    },
    "nicknames": {
      "sourcedFrom": "nicknames"
    }
  },
  "lastUpdated": "2021-04-23T08:52:00.2586023-05:00",
  "customHook": {
    "module": "",
    "parameters": "{}",
    "user": "",
    "runBefore": false
  }
}