<root xmlns="">
  <__tax_id>9606</__tax_id>
  <GeneID>1289</GeneID>
  <Symbol>COL5A1</Symbol>
  <LocusTag>-</LocusTag>
  <Synonyms>EDSC|EDSCL1</Synonyms>
  <dbXrefs>MIM:120215|HGNC:HGNC:2209|Ensembl:ENSG00000130635</dbXrefs>
  <chromosome>9</chromosome>
  <map_location>9q34.3</map_location>
  <description>collagen type V alpha 1 chain</description>
  <type_of_gene>protein-coding</type_of_gene>
  <Symbol_from_nomenclature_authority>COL5A1</Symbol_from_nomenclature_authority>
  <Full_name_from_nomenclature_authority>collagen type V alpha 1 chain</Full_name_from_nomenclature_authority>
  <Nomenclature_status>O</Nomenclature_status>
  <Other_designations>collagen alpha-1(V) chain|collagen, type V, alpha 1</Other_designations>
  <Modification_date>20190213</Modification_date>
  <Feature_type>-</Feature_type>
</root>