{
  "created_at": "Mon Mar 21 16:37:00 +0000 2016",
  "id": 711954777005948900,
  "id_str": "711954777005948928",
  "text": "Mainframe costs go up every single year; consolidate your #data with a NoSQL/ @Intel solution. Webinar 3/23 https://t.co/E9rgm5xFk5",
  "truncated": false,
  "source": "<a href=\"http://sproutsocial.com\" rel=\"nofollow\">Sprout Social</a>",
  "in_reply_to_status_id": null,
  "in_reply_to_status_id_str": null,
  "in_reply_to_user_id": null,
  "in_reply_to_user_id_str": null,
  "in_reply_to_screen_name": null,
  "user":  {
    "id": 18295289,
    "id_str": "18295289",
    "name": "MarkLogic",
    "screen_name": "MarkLogic",
    "location": "Silicon Valley",
    "description": "As the world’s experts at integrating data from silos, MarkLogic’s database platform empowers our customers to get a unified, 360-degree view of their data.",
    "url": "http://t.co/iQHRDEgn5Z",
    "entities":  {
      "url":  {
        "urls":  [
           {
            "url": "http://t.co/iQHRDEgn5Z",
            "expanded_url": "http://www.marklogic.com",
            "display_url": "marklogic.com",
            "indices":  [
              0,
              22
            ]
          }
        ]
      },
      "description":  {
        "urls":  []
      }
    },
    "protected": false,
    "followers_count": 19136,
    "friends_count": 440,
    "listed_count": 450,
    "created_at": "Sun Dec 21 23:24:13 +0000 2008",
    "favourites_count": 784,
    "utc_offset": -25200,
    "time_zone": "Pacific Time (US & Canada)",
    "geo_enabled": true,
    "verified": false,
    "statuses_count": 7524,
    "lang": "en",
    "contributors_enabled": false,
    "is_translator": false,
    "is_translation_enabled": false,
    "profile_background_color": "000000",
    "profile_background_image_url": "http://pbs.twimg.com/profile_background_images/378800000101284681/8c5e66729a002e6793ae3ac49ef64577.jpeg",
    "profile_background_image_url_https": "https://pbs.twimg.com/profile_background_images/378800000101284681/8c5e66729a002e6793ae3ac49ef64577.jpeg",
    "profile_background_tile": false,
    "profile_image_url": "http://pbs.twimg.com/profile_images/378800000643754543/de62f189973ff066c9705b5c035f6b86_normal.png",
    "profile_image_url_https": "https://pbs.twimg.com/profile_images/378800000643754543/de62f189973ff066c9705b5c035f6b86_normal.png",
    "profile_banner_url": "https://pbs.twimg.com/profile_banners/18295289/1455672262",
    "profile_link_color": "115391",
    "profile_sidebar_border_color": "000000",
    "profile_sidebar_fill_color": "C0DFEC",
    "profile_text_color": "333333",
    "profile_use_background_image": true,
    "has_extended_profile": false,
    "default_profile": false,
    "default_profile_image": false,
    "following": true,
    "follow_request_sent": false,
    "notifications": false
  },
  "geo": null,
  "coordinates": null,
  "place": null,
  "contributors": null,
  "is_quote_status": false,
  "retweet_count": 1,
  "favorite_count": 2,
  "entities":  {
    "hashtags":  [
       {
        "text": "data",
        "indices":  [
          58,
          63
        ]
      }
    ],
    "symbols":  [],
    "user_mentions":  [
       {
        "screen_name": "intel",
        "name": "Intel",
        "id": 2803191,
        "id_str": "2803191",
        "indices":  [
          78,
          84
        ]
      }
    ],
    "urls":  [
       {
        "url": "https://t.co/E9rgm5xFk5",
        "expanded_url": "http://po.st/ROkTKx",
        "display_url": "po.st/ROkTKx",
        "indices":  [
          108,
          131
        ]
      }
    ]
  },
  "favorited": false,
  "retweeted": false,
  "possibly_sensitive": false,
  "possibly_sensitive_appealable": false,
  "lang": "en"
}
