{
  "created_at": "Wed Mar 23 14:37:20 +0000 2016",
  "id": 712649433884831700,
  "id_str": "712649433884831744",
  "text": "Mongo is celebrating #NationalPuppyDay in style! https://t.co/0FuOJclK3M",
  "truncated": false,
  "source": "<a href=\"http://sproutsocial.com\" rel=\"nofollow\">Sprout Social</a>",
  "in_reply_to_status_id": null,
  "in_reply_to_status_id_str": null,
  "in_reply_to_user_id": null,
  "in_reply_to_user_id_str": null,
  "in_reply_to_screen_name": null,
  "user":  {
    "id": 18295289,
    "id_str": "18295289",
    "name": "MarkLogic",
    "screen_name": "MarkLogic",
    "location": "Silicon Valley",
    "description": "As the world’s experts at integrating data from silos, MarkLogic’s database platform empowers our customers to get a unified, 360-degree view of their data.",
    "url": "http://t.co/iQHRDEgn5Z",
    "entities":  {
      "url":  {
        "urls":  [
           {
            "url": "http://t.co/iQHRDEgn5Z",
            "expanded_url": "http://www.marklogic.com",
            "display_url": "marklogic.com",
            "indices":  [
              0,
              22
            ]
          }
        ]
      },
      "description":  {
        "urls":  []
      }
    },
    "protected": false,
    "followers_count": 19136,
    "friends_count": 440,
    "listed_count": 450,
    "created_at": "Sun Dec 21 23:24:13 +0000 2008",
    "favourites_count": 784,
    "utc_offset": -25200,
    "time_zone": "Pacific Time (US & Canada)",
    "geo_enabled": true,
    "verified": false,
    "statuses_count": 7524,
    "lang": "en",
    "contributors_enabled": false,
    "is_translator": false,
    "is_translation_enabled": false,
    "profile_background_color": "000000",
    "profile_background_image_url": "http://pbs.twimg.com/profile_background_images/378800000101284681/8c5e66729a002e6793ae3ac49ef64577.jpeg",
    "profile_background_image_url_https": "https://pbs.twimg.com/profile_background_images/378800000101284681/8c5e66729a002e6793ae3ac49ef64577.jpeg",
    "profile_background_tile": false,
    "profile_image_url": "http://pbs.twimg.com/profile_images/378800000643754543/de62f189973ff066c9705b5c035f6b86_normal.png",
    "profile_image_url_https": "https://pbs.twimg.com/profile_images/378800000643754543/de62f189973ff066c9705b5c035f6b86_normal.png",
    "profile_banner_url": "https://pbs.twimg.com/profile_banners/18295289/1455672262",
    "profile_link_color": "115391",
    "profile_sidebar_border_color": "000000",
    "profile_sidebar_fill_color": "C0DFEC",
    "profile_text_color": "333333",
    "profile_use_background_image": true,
    "has_extended_profile": false,
    "default_profile": false,
    "default_profile_image": false,
    "following": true,
    "follow_request_sent": false,
    "notifications": false
  },
  "geo": null,
  "coordinates": null,
  "place": null,
  "contributors": null,
  "is_quote_status": false,
  "retweet_count": 3,
  "favorite_count": 4,
  "entities":  {
    "hashtags":  [
       {
        "text": "NationalPuppyDay",
        "indices":  [
          21,
          38
        ]
      }
    ],
    "symbols":  [],
    "user_mentions":  [],
    "urls":  [],
    "media":  [
       {
        "id": 712649433519931400,
        "id_str": "712649433519931392",
        "indices":  [
          49,
          72
        ],
        "media_url": "http://pbs.twimg.com/media/CePW4k5WwAAnUlr.jpg",
        "media_url_https": "https://pbs.twimg.com/media/CePW4k5WwAAnUlr.jpg",
        "url": "https://t.co/0FuOJclK3M",
        "display_url": "pic.twitter.com/0FuOJclK3M",
        "expanded_url": "http://twitter.com/MarkLogic/status/712649433884831744/photo/1",
        "type": "photo",
        "sizes":  {
          "medium":  {
            "w": 600,
            "h": 600,
            "resize": "fit"
          },
          "thumb":  {
            "w": 150,
            "h": 150,
            "resize": "crop"
          },
          "small":  {
            "w": 340,
            "h": 340,
            "resize": "fit"
          },
          "large":  {
            "w": 1024,
            "h": 1024,
            "resize": "fit"
          }
        }
      }
    ]
  },
  "extended_entities":  {
    "media":  [
       {
        "id": 712649433519931400,
        "id_str": "712649433519931392",
        "indices":  [
          49,
          72
        ],
        "media_url": "http://pbs.twimg.com/media/CePW4k5WwAAnUlr.jpg",
        "media_url_https": "https://pbs.twimg.com/media/CePW4k5WwAAnUlr.jpg",
        "url": "https://t.co/0FuOJclK3M",
        "display_url": "pic.twitter.com/0FuOJclK3M",
        "expanded_url": "http://twitter.com/MarkLogic/status/712649433884831744/photo/1",
        "type": "photo",
        "sizes":  {
          "medium":  {
            "w": 600,
            "h": 600,
            "resize": "fit"
          },
          "thumb":  {
            "w": 150,
            "h": 150,
            "resize": "crop"
          },
          "small":  {
            "w": 340,
            "h": 340,
            "resize": "fit"
          },
          "large":  {
            "w": 1024,
            "h": 1024,
            "resize": "fit"
          }
        }
      }
    ]
  },
  "favorited": false,
  "retweeted": false,
  "possibly_sensitive": false,
  "possibly_sensitive_appealable": false,
  "lang": "en"
}
