{
  "lang": "zxx",
  "path-namespace": [
    {
      "prefix": "es",
      "namespace-uri": "http://marklogic.com/entity-services"
    }
  ],
  "range-path-index": [
    {
      "invalid-values": "reject",
      "path-expression": "/(es:envelope|envelope)/(es:instance|instance)/Customer/customerId",
      "range-value-positions": false,
      "scalar-type": "decimal"
    },
    {
      "invalid-values": "reject",
      "path-expression": "/(es:envelope|envelope)/(es:instance|instance)/Customer/name",
      "range-value-positions": false,
      "scalar-type": "string",
      "collation": "http://marklogic.com/collation//S2"
    },
    {
      "invalid-values": "reject",
      "path-expression": "/(es:envelope|envelope)/(es:instance|instance)/Customer/email",
      "range-value-positions": false,
      "scalar-type": "string",
      "collation": "http://marklogic.com/collation//S2"
    },
    {
      "invalid-values": "reject",
      "path-expression": "/(es:envelope|envelope)/(es:instance|instance)/Customer/pin",
      "range-value-positions": false,
      "scalar-type": "decimal"
    },
    {
      "invalid-values": "reject",
      "path-expression": "/(es:envelope|envelope)/(es:instance|instance)/Customer/birthDate",
      "range-value-positions": false,
      "scalar-type": "date"
    },
    {
      "invalid-values": "reject",
      "path-expression": "/(es:envelope|envelope)/(es:instance|instance)/Person/fname",
      "range-value-positions": false,
      "scalar-type": "string",
      "collation": "http://marklogic.com/collation//S2"
    },
    {
      "invalid-values": "reject",
      "path-expression": "/(es:envelope|envelope)/(es:instance|instance)/Person/lname",
      "range-value-positions": false,
      "scalar-type": "string",
      "collation": "http://marklogic.com/collation//S2"
    },
    {
      "invalid-values": "reject",
      "path-expression": "/(es:envelope|envelope)/(es:instance|instance)/Client/firstname",
      "range-value-positions": false,
      "scalar-type": "string",
      "collation": "http://marklogic.com/collation//S2"
    },
    {
      "invalid-values": "reject",
      "path-expression": "/(es:envelope|envelope)/(es:instance|instance)/Client/lastname",
      "range-value-positions": false,
      "scalar-type": "string",
      "collation": "http://marklogic.com/collation//S2"
    },
    {
      "invalid-values": "reject",
      "path-expression": "/(es:envelope|envelope)/(es:instance|instance)/Client/email",
      "range-value-positions": false,
      "scalar-type": "string",
      "collation": "http://marklogic.com/collation//S2"
    },
    {
      "invalid-values": "reject",
      "path-expression": "/(es:envelope|envelope)/(es:instance|instance)/Client/postal",
      "range-value-positions": false,
      "scalar-type": "string",
      "collation": "http://marklogic.com/collation//S2"
    },
    {
      "invalid-values": "reject",
      "path-expression": "/(es:envelope|envelope)/(es:instance|instance)/Client/phone",
      "range-value-positions": false,
      "scalar-type": "string",
      "collation": "http://marklogic.com/collation//S2"
    },
    {
      "invalid-values": "reject",
      "path-expression": "/(es:envelope|envelope)/(es:instance|instance)/Client/pin",
      "range-value-positions": false,
      "scalar-type": "int"
    },
    {
      "invalid-values": "reject",
      "path-expression": "/(es:envelope|envelope)/(es:instance|instance)/Client/updated",
      "range-value-positions": false,
      "scalar-type": "dateTime"
    }
  ],
  "database-name": "data-hub-FINAL"
}