{
  "name": "merge-person",
  "description": "",
  "stepDefinitionName": "default-merging",
  "stepDefinitionType": "MERGING",
  "additionalCollections": [ ],
  "sourceQuery": "cts.collectionQuery([\"match-person\"])",
  "provenanceGranularityLevel": "fine",
  "sourceDatabase": "data-hub-FINAL",
  "collections": [
    "master-person",
    "Person",
    "merge-person"
  ],
  "targetDatabase": "data-hub-FINAL",
  "targetFormat": "json",
  "stepId": "merge-person-merging",
  "targetEntityType": "http://example.org/Person-0.0.1/Person",
  "mergeStrategies": [
    {
      "strategyName": "retain-single-value",
      "maxValues": 1,
      "priorityOrder": {
        "lengthWeight": 10,
        "sources": [ ]
      }
    }
  ],
  "mergeRules": [
    {
      "entityPropertyPath": "Address",
      "mergeStrategyName": "retain-single-value",
      "maxValues": 1,
      "priorityOrder": {
        "lengthWeight": "10",
        "sources": [ ]
      }
    },
    {
      "entityPropertyPath": "DateOfBirth",
      "priorityOrder": {
        "sources": [ ]
      }
    },
    {
      "entityPropertyPath": "ZipCode",
      "mergeStrategyName": "retain-single-value",
      "maxValues": 1,
      "priorityOrder": {
        "lengthWeight": "10",
        "sources": [ ]
      }
    }
  ],
  "targetCollections": {
    "onMerge": {
      "remove": [
        "no-match",
        "likely-match"
      ]
    },
    "onNoMatch": {
      "add": [
        "no-match"
      ]
    },
    "onNotification": {
      "add": [
        "likely-match"
      ]
    }
  },
  "lastUpdatedLocation": {
    "documentXPath": "/envelope/headers/createdOn"
  },
  "lastUpdated": "2021-04-23T08:52:00.4660825-05:00"
}