{
  "batchSize": 100,
  "threadCount": 1,
  "sourceDatabase": "data-hub-FINAL",
  "targetDatabase": "data-hub-FINAL",
  "permissions": "data-hub-common,read,data-hub-common,update",
  "sourceQuery": "cts.collectionQuery('match-xml-person')",
  "collections": [
    "master-xml-person",
    "merge-xml-person"
  ],
  "targetFormat": "xml",
  "name": "merge-xml-person",
  "description": "",
  "stepDefinitionType": "merging",
  "selectedSource": "query",
  "stepDefinitionName": "default-merging",
  "stepId": "merge-xml-person-merging",
  "acceptsBatch": false,
  "stepUpdate": false,
  "provenanceGranularityLevel": "fine",
  "lastUpdated": "2021-04-23T08:52:00.4744895-05:00",
  "targetEntityType": "http://example.org/Person-0.0.1/Person",
  "mergeStrategies": [
    {
      "strategyName": "retain-single-value",
      "maxValues": 1,
      "priorityOrder": {
        "lengthWeight": 10,
        "sources": [ ]
      }
    }
  ],
  "mergeRules": [ ],
  "targetCollections": {
    "onMerge": {
      "remove": [
        "no-match",
        "likely-match"
      ]
    },
    "onNoMatch": {
      "add": [
        "no-match"
      ]
    },
    "onNotification": {
      "add": [
        "likely-match"
      ]
    }
  },
  "lastUpdatedLocation": {
    "documentXPath": "/*:envelope/*:headers/*:createdOn"
  }
}