<?xml version="1.0" encoding="UTF-8"?>
<sport:content xmlns:sport="http://xml.sportsdirectinc.com/sport/v2" xmlns:xsi="http://www.w3.org/2001/XMLSchema-instance" xsi:schemaLocation="http://xml.sportsdirectinc.com/sport/v2 sport.xsd">
    <team-sport-content>
        <sport>
            <id>/sport/baseball</id>
            <name>baseball</name>
        </sport>
        <league-content>
            <league>
                <id>/sport/baseball/league:1219</id>
                <name>Major League Baseball</name>
                <name type="nick">MLB</name>
            </league>
            <season-content>
                <season>
                    <id>/sport/baseball/season:850</id>
                    <name>2009</name>
                    <details>
                        <start-date>2009-02-24</start-date>
                        <end-date>2009-11-05</end-date>
                    </details>
                </season>
                <team-content>
                    <team>
                        <id>/sport/baseball/team:2970</id>
                        <name>NY Yankees</name>
                    </team>
                    <player-content>
                        <player xsi:type="sport:baseball-player">
                            <id>/sport/baseball/player:43566</id>
                            <name type="first">Alfredo</name>
                            <name type="last">Aceves</name>
                            <fullname>Alfredo Aceves</fullname>
                            <height unit="inches">75</height>
                            <weight unit="pounds">220</weight>
                            <location>
                                <city>San Luis Rido Calorado</city>
                                <country>MEX</country>
                            </location>
                            <birthdate>1982-08-12</birthdate>
                            <images>
                                <image>
                                    <url>/images/baseball/logos/yankees.jpg</url>
                                    <desc>New York Yankees logo</desc>
                                </image>
                            </images>
                            <season-details>
                                <active>true</active>
                                <number>91</number>
                                <position type="primary">
                                    <id>/sport/baseball/player-position:2</id>
                                    <name>Reliever</name>
                                    <name type="short">RP</name>
                                </position>
                            </season-details>
                            <throws>right</throws>
                            <bats>right</bats>
                        </player>
                    </player-content>
                    <player-content>
                        <player xsi:type="sport:baseball-player">
                            <id>/sport/baseball/player:43263</id>
                            <name type="first">Jonathan</name>
                            <name type="last">Albaladejo</name>
                            <fullname>Jonathan Albaladejo</fullname>
                            <height unit="inches">77</height>
                            <weight unit="pounds">260</weight>
                            <location>
                                <city>San Juan</city>
                                <country>PRI</country>
                            </location>
                            <birthdate>1982-10-30</birthdate>
                            <images>
                                <image>
                                    <url>/images/baseball/logos/yankees.jpg</url>
                                    <desc>New York Yankees logo</desc>
                                </image>
                            </images>
                            <season-details>
                                <active>true</active>
                                <number>63</number>
                                <position type="primary">
                                    <id>/sport/baseball/player-position:2</id>
                                    <name>Reliever</name>
                                    <name type="short">RP</name>
                                </position>
                            </season-details>
                            <throws>right</throws>
                            <bats>right</bats>
                        </player>
                    </player-content>
                    <player-content>
                        <player xsi:type="sport:baseball-player">
                            <id>/sport/baseball/player:41689</id>
                            <name type="first">Angel</name>
                            <name type="last">Berroa</name>
                            <fullname>Angel Berroa</fullname>
                            <height unit="inches">72</height>
                            <weight unit="pounds">190</weight>
                            <location>
                                <city>Santo Domingo</city>
                                <country>DOM</country>
                            </location>
                            <birthdate>1978-01-27</birthdate>
                            <images>
                                <image>
                                    <url>/images/baseball/logos/yankees.jpg</url>
                                    <desc>New York Yankees logo</desc>
                                </image>
                            </images>
                            <season-details>
                                <active>false</active>
                                <number>14</number>
                                <position type="primary">
                                    <id>/sport/baseball/player-position:6</id>
                                    <name>Third Base</name>
                                    <name type="short">3B</name>
                                </position>
                            </season-details>
                            <throws>right</throws>
                            <bats>right</bats>
                        </player>
                    </player-content>
                    <player-content>
                        <player xsi:type="sport:baseball-player">
                            <id>/sport/baseball/player:43452</id>
                            <name type="first">Andrew</name>
                            <name type="last">Brackman</name>
                            <fullname>Andrew Brackman</fullname>
                            <height unit="inches">82</height>
                            <weight unit="pounds">240</weight>
                            <location>
                                <city>Cincinnati</city>
                                <state>Ohio</state>
                                <country>USA</country>
                            </location>
                            <birthdate>1985-12-04</birthdate>
                            <images>
                                <image>
                                    <url>/images/baseball/logos/yankees.jpg</url>
                                    <desc>New York Yankees logo</desc>
                                </image>
                            </images>
                            <season-details>
                                <active>true</active>
                                <number>64</number>
                                <position type="primary">
                                    <id>/sport/baseball/player-position:2</id>
                                    <name>Reliever</name>
                                    <name type="short">RP</name>
                                </position>
                            </season-details>
                            <school>NC State</school>
                            <throws>right</throws>
                            <bats>right</bats>
                        </player>
                    </player-content>
                    <player-content>
                        <player xsi:type="sport:baseball-player">
                            <id>/sport/baseball/player:41998</id>
                            <name type="first">Brian</name>
                            <name type="last">Bruney</name>
                            <fullname>Brian Bruney</fullname>
                            <height unit="inches">75</height>
                            <weight unit="pounds">235</weight>
                            <location>
                                <city>Astoria</city>
                                <state>Oregon</state>
                                <country>USA</country>
                            </location>
                            <birthdate>1982-02-17</birthdate>
                            <images>
                                <image>
                                    <url>/images/baseball/logos/yankees.jpg</url>
                                    <desc>New York Yankees logo</desc>
                                </image>
                            </images>
                            <season-details>
                                <active>true</active>
                                <number>38</number>
                                <position type="primary">
                                    <id>/sport/baseball/player-position:2</id>
                                    <name>Reliever</name>
                                    <name type="short">RP</name>
                                </position>
                            </season-details>
                            <throws>right</throws>
                            <bats>right</bats>
                        </player>
                    </player-content>
                    <player-content>
                        <player xsi:type="sport:baseball-player">
                            <id>/sport/baseball/player:40900</id>
                            <name type="first">A.J.</name>
                            <name type="last">Burnett</name>
                            <fullname>A.J. Burnett</fullname>
                            <height unit="inches">76</height>
                            <weight unit="pounds">230</weight>
                            <location>
                                <city>North Little Rock</city>
                                <state>Arkansas</state>
                                <country>USA</country>
                            </location>
                            <birthdate>1977-01-03</birthdate>
                            <images>
                                <image>
                                    <url>/images/baseball/logos/yankees.jpg</url>
                                    <desc>New York Yankees logo</desc>
                                </image>
                            </images>
                            <season-details>
                                <active>true</active>
                                <number>34</number>
                                <position type="primary">
                                    <id>/sport/baseball/player-position:1</id>
                                    <name>Starter</name>
                                    <name type="short">SP</name>
                                </position>
                            </season-details>
                            <throws>right</throws>
                            <bats>right</bats>
                        </player>
                    </player-content>
                    <player-content>
                        <player xsi:type="sport:baseball-player">
                            <id>/sport/baseball/player:42503</id>
                            <name type="first">Melky</name>
                            <name type="last">Cabrera</name>
                            <fullname>Melky Cabrera</fullname>
                            <height unit="inches">71</height>
                            <weight unit="pounds">200</weight>
                            <location>
                                <city>Santo Domingo</city>
                                <country>DOM</country>
                            </location>
                            <birthdate>1984-08-11</birthdate>
                            <images>
                                <image>
                                    <url>/images/baseball/logos/yankees.jpg</url>
                                    <desc>New York Yankees logo</desc>
                                </image>
                            </images>
                            <season-details>
                                <active>true</active>
                                <number>53</number>
                                <position type="primary">
                                    <id>/sport/baseball/player-position:10</id>
                                    <name>Right Outfield</name>
                                    <name type="short">RF</name>
                                </position>
                            </season-details>
                            <throws>left</throws>
                            <bats>switch</bats>
                        </player>
                    </player-content>
                    <player-content>
                        <player xsi:type="sport:baseball-player">
                            <id>/sport/baseball/player:42272</id>
                            <name type="first">Robinson</name>
                            <name type="last">Cano</name>
                            <fullname>Robinson Cano</fullname>
                            <height unit="inches">72</height>
                            <weight unit="pounds">205</weight>
                            <location>
                                <city>San Pedro de Macoris</city>
                                <country>DOM</country>
                            </location>
                            <birthdate>1982-10-22</birthdate>
                            <images>
                                <image>
                                    <url>/images/baseball/logos/yankees.jpg</url>
                                    <desc>New York Yankees logo</desc>
                                </image>
                            </images>
                            <season-details>
                                <active>true</active>
                                <number>24</number>
                                <position type="primary">
                                    <id>/sport/baseball/player-position:5</id>
                                    <name>Second Base</name>
                                    <name type="short">2B</name>
                                </position>
                            </season-details>
                            <throws>right</throws>
                            <bats>left</bats>
                        </player>
                    </player-content>
                    <player-content>
                        <player xsi:type="sport:baseball-player">
                            <id>/sport/baseball/player:41567</id>
                            <name type="first">Kevin</name>
                            <name type="last">Cash</name>
                            <fullname>Kevin Cash</fullname>
                            <height unit="inches">72</height>
                            <weight unit="pounds">185</weight>
                            <location>
                                <city>Tampa</city>
                                <state>Florida</state>
                                <country>USA</country>
                            </location>
                            <birthdate>1977-12-06</birthdate>
                            <images>
                                <image>
                                    <url>/images/baseball/logos/yankees.jpg</url>
                                    <desc>New York Yankees logo</desc>
                                </image>
                            </images>
                            <season-details>
                                <active>false</active>
                                <number>17</number>
                                <position type="primary">
                                    <id>/sport/baseball/player-position:3</id>
                                    <name>Catcher</name>
                                    <name type="short">C</name>
                                </position>
                            </season-details>
                            <school>Florida State</school>
                            <throws>right</throws>
                            <bats>right</bats>
                        </player>
                    </player-content>
                    <player-content>
                        <player xsi:type="sport:baseball-player">
                            <id>/sport/baseball/player:43456</id>
                            <name type="first">Francisco</name>
                            <name type="last">Cervelli</name>
                            <fullname>Francisco Cervelli</fullname>
                            <height unit="inches">73</height>
                            <weight unit="pounds">210</weight>
                            <location>
                                <city>Valencia</city>
                                <country>VEN</country>
                            </location>
                            <birthdate>1986-03-06</birthdate>
                            <images>
                                <image>
                                    <url>/images/baseball/logos/yankees.jpg</url>
                                    <desc>New York Yankees logo</desc>
                                </image>
                            </images>
                            <season-details>
                                <active>true</active>
                                <number>75</number>
                                <position type="primary">
                                    <id>/sport/baseball/player-position:3</id>
                                    <name>Catcher</name>
                                    <name type="short">C</name>
                                </position>
                            </season-details>
                            <throws>right</throws>
                            <bats>switch</bats>
                        </player>
                    </player-content>
                    <player-content>
                        <player xsi:type="sport:baseball-player">
                            <id>/sport/baseball/player:43216</id>
                            <name type="first">Joba</name>
                            <name type="last">Chamberlain</name>
                            <fullname>Joba Chamberlain</fullname>
                            <height unit="inches">74</height>
                            <weight unit="pounds">230</weight>
                            <location>
                                <city>Lincoln</city>
                                <state>Nebraska</state>
                                <country>USA</country>
                            </location>
                            <birthdate>1985-09-23</birthdate>
                            <images>
                                <image>
                                    <url>/images/baseball/logos/yankees.jpg</url>
                                    <desc>New York Yankees logo</desc>
                                </image>
                            </images>
                            <season-details>
                                <active>true</active>
                                <number>62</number>
                                <position type="primary">
                                    <id>/sport/baseball/player-position:1</id>
                                    <name>Starter</name>
                                    <name type="short">SP</name>
                                </position>
                            </season-details>
                            <school>University of Nebraska</school>
                            <throws>right</throws>
                            <bats>right</bats>
                        </player>
                    </player-content>
                    <player-content>
                        <player xsi:type="sport:baseball-player">
                            <id>/sport/baseball/player:43726</id>
                            <name type="first">Anthony</name>
                            <name type="last">Claggett</name>
                            <fullname>Anthony Claggett</fullname>
                            <height unit="inches">75</height>
                            <weight unit="pounds">195</weight>
                            <location>
                                <city>Hemet</city>
                                <state>California</state>
                                <country>USA</country>
                            </location>
                            <birthdate>1984-07-15</birthdate>
                            <images>
                                <image>
                                    <url>/images/baseball/logos/yankees.jpg</url>
                                    <desc>New York Yankees logo</desc>
                                </image>
                            </images>
                            <season-details>
                                <active>false</active>
                                <number>67</number>
                                <position type="primary">
                                    <id>/sport/baseball/player-position:2</id>
                                    <name>Reliever</name>
                                    <name type="short">RP</name>
                                </position>
                            </season-details>
                            <school>California-Riverside</school>
                            <throws>right</throws>
                            <bats>switch</bats>
                        </player>
                    </player-content>
                    <player-content>
                        <player xsi:type="sport:baseball-player">
                            <id>/sport/baseball/player:43569</id>
                            <name type="first">Phil</name>
                            <name type="last">Coke</name>
                            <fullname>Phil Coke</fullname>
                            <height unit="inches">73</height>
                            <weight unit="pounds">210</weight>
                            <location>
                                <city>Sonora</city>
                                <state>California</state>
                                <country>USA</country>
                            </location>
                            <birthdate>1982-07-19</birthdate>
                            <images>
                                <image>
                                    <url>/images/baseball/logos/yankees.jpg</url>
                                    <desc>New York Yankees logo</desc>
                                </image>
                            </images>
                            <season-details>
                                <active>true</active>
                                <number>48</number>
                                <position type="primary">
                                    <id>/sport/baseball/player-position:2</id>
                                    <name>Reliever</name>
                                    <name type="short">RP</name>
                                </position>
                            </season-details>
                            <throws>left</throws>
                            <bats>left</bats>
                        </player>
                    </player-content>
                    <player-content>
                        <player xsi:type="sport:baseball-player">
                            <id>/sport/baseball/player:41557</id>
                            <name type="first">Johnny</name>
                            <name type="last">Damon</name>
                            <fullname>Johnny Damon</fullname>
                            <height unit="inches">74</height>
                            <weight unit="pounds">205</weight>
                            <location>
                                <city>Fort Riley</city>
                                <state>Kansas</state>
                                <country>USA</country>
                            </location>
                            <birthdate>1973-11-05</birthdate>
                            <images>
                                <image>
                                    <url>/images/baseball/logos/yankees.jpg</url>
                                    <desc>New York Yankees logo</desc>
                                </image>
                            </images>
                            <season-details>
                                <active>true</active>
                                <number>18</number>
                                <position type="primary">
                                    <id>/sport/baseball/player-position:8</id>
                                    <name>Left Outfield</name>
                                    <name type="short">LF</name>
                                </position>
                            </season-details>
                            <throws>left</throws>
                            <bats>left</bats>
                        </player>
                    </player-content>
                    <player-content>
                        <player xsi:type="sport:baseball-player">
                            <id>/sport/baseball/player:43727</id>
                            <name type="first">Wilkin</name>
                            <name type="last">De La Rosa</name>
                            <fullname>Wilkin De La Rosa</fullname>
                            <height unit="inches">72</height>
                            <weight unit="pounds">185</weight>
                            <location>
                                <city>Santo Domingo</city>
                                <country>DOM</country>
                            </location>
                            <birthdate>1985-02-21</birthdate>
                            <images>
                                <image>
                                    <url>/images/baseball/logos/yankees.jpg</url>
                                    <desc>New York Yankees logo</desc>
                                </image>
                            </images>
                            <season-details>
                                <active>true</active>
                                <number>68</number>
                                <position type="primary">
                                    <id>/sport/baseball/player-position:2</id>
                                    <name>Reliever</name>
                                    <name type="short">RP</name>
                                </position>
                            </season-details>
                            <throws>left</throws>
                            <bats>left</bats>
                        </player>
                    </player-content>
                    <player-content>
                        <player xsi:type="sport:baseball-player">
                            <id>/sport/baseball/player:43198</id>
                            <name type="first">Shelley</name>
                            <name type="last">Duncan</name>
                            <fullname>Shelley Duncan</fullname>
                            <height unit="inches">77</height>
                            <weight unit="pounds">225</weight>
                            <birthdate>1979-09-29</birthdate>
                            <images>
                                <image>
                                    <url>/images/baseball/logos/yankees.jpg</url>
                                    <desc>New York Yankees logo</desc>
                                </image>
                            </images>
                            <season-details>
                                <active>true</active>
                                <number>28</number>
                                <position type="primary">
                                    <id>/sport/baseball/player-position:10</id>
                                    <name>Right Outfield</name>
                                    <name type="short">RF</name>
                                </position>
                            </season-details>
                            <throws>right</throws>
                            <bats>right</bats>
                        </player>
                    </player-content>
                    <player-content>
                        <player xsi:type="sport:baseball-player">
                            <id>/sport/baseball/player:43625</id>
                            <name type="first">Michael</name>
                            <name type="last">Dunn</name>
                            <fullname>Michael Dunn</fullname>
                            <height unit="inches">73</height>
                            <weight unit="pounds">195</weight>
                            <location>
                                <city>Farmington</city>
                                <state>New Mexico</state>
                                <country>USA</country>
                            </location>
                            <birthdate>1985-05-23</birthdate>
                            <images>
                                <image>
                                    <url>/images/baseball/logos/yankees.jpg</url>
                                    <desc>New York Yankees logo</desc>
                                </image>
                            </images>
                            <season-details>
                                <active>true</active>
                                <number>85</number>
                                <position type="primary">
                                    <id>/sport/baseball/player-position:2</id>
                                    <name>Reliever</name>
                                    <name type="short">RP</name>
                                </position>
                            </season-details>
                            <school>Southern Nevada CC </school>
                            <throws>left</throws>
                            <bats>left</bats>
                        </player>
                    </player-content>
                    <player-content>
                        <player xsi:type="sport:baseball-player">
                            <id>/sport/baseball/player:43764</id>
                            <name type="first">Christian</name>
                            <name type="last">Garcia</name>
                            <fullname>Christian Garcia</fullname>
                            <height unit="inches">77</height>
                            <weight unit="pounds">215</weight>
                            <location>
                                <city>Miami</city>
                                <state>Florida</state>
                                <country>USA</country>
                            </location>
                            <birthdate>1985-08-24</birthdate>
                            <images>
                                <image>
                                    <url>/images/baseball/logos/yankees.jpg</url>
                                    <desc>New York Yankees logo</desc>
                                </image>
                            </images>
                            <season-details>
                                <active>true</active>
                                <number>70</number>
                                <position type="primary">
                                    <id>/sport/baseball/player-position:2</id>
                                    <name>Reliever</name>
                                    <name type="short">RP</name>
                                </position>
                            </season-details>
                            <throws>right</throws>
                            <bats>right</bats>
                        </player>
                    </player-content>
                    <player-content>
                        <player xsi:type="sport:baseball-player">
                            <id>/sport/baseball/player:43513</id>
                            <name type="first">Brett</name>
                            <name type="last">Gardner</name>
                            <fullname>Brett Gardner</fullname>
                            <height unit="inches">70</height>
                            <weight unit="pounds">185</weight>
                            <location>
                                <city>Holly Hill</city>
                                <state>South Carolina</state>
                                <country>USA</country>
                            </location>
                            <birthdate>1983-08-24</birthdate>
                            <images>
                                <image>
                                    <url>/images/baseball/logos/yankees.jpg</url>
                                    <desc>New York Yankees logo</desc>
                                </image>
                            </images>
                            <season-details>
                                <active>true</active>
                                <number>11</number>
                                <position type="primary">
                                    <id>/sport/baseball/player-position:9</id>
                                    <name>Center Outfield</name>
                                    <name type="short">CF</name>
                                </position>
                            </season-details>
                            <school>College of Charleston</school>
                            <throws>left</throws>
                            <bats>left</bats>
                        </player>
                    </player-content>
                    <player-content>
                        <player xsi:type="sport:baseball-player">
                            <id>/sport/baseball/player:41467</id>
                            <name type="first">Chad</name>
                            <name type="last">Gaudin</name>
                            <fullname>Chad Gaudin</fullname>
                            <height unit="inches">70</height>
                            <weight unit="pounds">190</weight>
                            <location>
                                <city>New Orleans</city>
                                <state>Louisiana</state>
                                <country>USA</country>
                            </location>
                            <birthdate>1983-03-24</birthdate>
                            <images>
                                <image>
                                    <url>/images/baseball/logos/yankees.jpg</url>
                                    <desc>New York Yankees logo</desc>
                                </image>
                            </images>
                            <season-details>
                                <active>true</active>
                                <number>49</number>
                                <position type="primary">
                                    <id>/sport/baseball/player-position:2</id>
                                    <name>Reliever</name>
                                    <name type="short">RP</name>
                                </position>
                            </season-details>
                            <throws>right</throws>
                            <bats>right</bats>
                        </player>
                    </player-content>
                    <player-content>
                        <player xsi:type="sport:baseball-player">
                            <id>/sport/baseball/player:42170</id>
                            <name type="first">Freddy</name>
                            <name type="last">Guzman</name>
                            <fullname>Freddy Guzman</fullname>
                            <height unit="inches">70</height>
                            <weight unit="pounds">165</weight>
                            <location>
                                <city>Santo Domingo</city>
                                <country>DOM</country>
                            </location>
                            <birthdate>1981-01-20</birthdate>
                            <images>
                                <image>
                                    <url>/images/baseball/logos/yankees.jpg</url>
                                    <desc>New York Yankees logo</desc>
                                </image>
                            </images>
                            <season-details>
                                <active>true</active>
                                <position type="primary">
                                    <id>/sport/baseball/player-position:8</id>
                                    <name>Left Outfield</name>
                                    <name type="short">LF</name>
                                </position>
                            </season-details>
                            <throws>right</throws>
                            <bats>switch</bats>
                        </player>
                    </player-content>
                    <player-content>
                        <player xsi:type="sport:baseball-player">
                            <id>/sport/baseball/player:43626</id>
                            <name type="first">Eric</name>
                            <name type="last">Hacker</name>
                            <fullname>Eric Hacker</fullname>
                            <height unit="inches">73</height>
                            <weight unit="pounds">210</weight>
                            <location>
                                <city>Duncanville</city>
                                <state>Texas</state>
                                <country>USA</country>
                            </location>
                            <birthdate>1983-03-26</birthdate>
                            <images>
                                <image>
                                    <url>/images/baseball/logos/yankees.jpg</url>
                                    <desc>New York Yankees logo</desc>
                                </image>
                            </images>
                            <season-details>
                                <active>false</active>
                                <number>71</number>
                                <position type="primary">
                                    <id>/sport/baseball/player-position:2</id>
                                    <name>Reliever</name>
                                    <name type="short">RP</name>
                                </position>
                            </season-details>
                            <throws>right</throws>
                            <bats>switch</bats>
                        </player>
                    </player-content>
                    <player-content>
                        <player xsi:type="sport:baseball-player">
                            <id>/sport/baseball/player:41536</id>
                            <name type="first">Jerry</name>
                            <name type="last">Hairston Jr.</name>
                            <fullname>Jerry Hairston Jr.</fullname>
                            <height unit="inches">70</height>
                            <weight unit="pounds">190</weight>
                            <location>
                                <city>Naperville</city>
                                <state>Illinois</state>
                                <country>USA</country>
                            </location>
                            <birthdate>1976-05-29</birthdate>
                            <images>
                                <image>
                                    <url>/images/baseball/logos/yankees.jpg</url>
                                    <desc>New York Yankees logo</desc>
                                </image>
                            </images>
                            <season-details>
                                <active>true</active>
                                <position type="primary">
                                    <id>/sport/baseball/player-position:5</id>
                                    <name>Second Base</name>
                                    <name type="short">2B</name>
                                </position>
                            </season-details>
                            <school>Southern Illinois</school>
                            <throws>right</throws>
                            <bats>right</bats>
                        </player>
                    </player-content>
                    <player-content>
                        <player xsi:type="sport:baseball-player">
                            <id>/sport/baseball/player:41572</id>
                            <name type="first">Eric</name>
                            <name type="last">Hinske</name>
                            <fullname>Eric Hinske</fullname>
                            <height unit="inches">73</height>
                            <weight unit="pounds">235</weight>
                            <location>
                                <city>Menasha</city>
                                <state>Wisconsin</state>
                                <country>USA</country>
                            </location>
                            <birthdate>1977-08-05</birthdate>
                            <images>
                                <image>
                                    <url>/images/baseball/logos/yankees.jpg</url>
                                    <desc>New York Yankees logo</desc>
                                </image>
                            </images>
                            <season-details>
                                <active>true</active>
                                <position type="primary">
                                    <id>/sport/baseball/player-position:10</id>
                                    <name>Right Outfield</name>
                                    <name type="short">RF</name>
                                </position>
                            </season-details>
                            <school>Arkansas</school>
                            <throws>right</throws>
                            <bats>left</bats>
                        </player>
                    </player-content>
                    <player-content>
                        <player xsi:type="sport:baseball-player">
                            <id>/sport/baseball/player:42710</id>
                            <name type="first">Jason</name>
                            <name type="last">Hirsh</name>
                            <fullname>Jason Hirsh</fullname>
                            <height unit="inches">80</height>
                            <weight unit="pounds">250</weight>
                            <location>
                                <city>Santa Monica</city>
                                <state>California</state>
                                <country>USA</country>
                            </location>
                            <birthdate>1982-02-20</birthdate>
                            <images>
                                <image>
                                    <url>/images/baseball/logos/yankees.jpg</url>
                                    <desc>New York Yankees logo</desc>
                                </image>
                            </images>
                            <season-details>
                                <active>false</active>
                                <number>48</number>
                                <position type="primary">
                                    <id>/sport/baseball/player-position:2</id>
                                    <name>Reliever</name>
                                    <name type="short">RP</name>
                                </position>
                            </season-details>
                            <school>California Lutheran</school>
                            <throws>right</throws>
                            <bats>right</bats>
                        </player>
                    </player-content>
                    <player-content>
                        <player xsi:type="sport:baseball-player">
                            <id>/sport/baseball/player:42760</id>
                            <name type="first">Philip</name>
                            <name type="last">Hughes</name>
                            <fullname>Philip Hughes</fullname>
                            <height unit="inches">77</height>
                            <weight unit="pounds">240</weight>
                            <location>
                                <city>Dalton</city>
                                <state>Georgia</state>
                                <country>USA</country>
                            </location>
                            <birthdate>1986-06-24</birthdate>
                            <images>
                                <image>
                                    <url>/images/baseball/logos/yankees.jpg</url>
                                    <desc>New York Yankees logo</desc>
                                </image>
                            </images>
                            <season-details>
                                <active>true</active>
                                <number>65</number>
                                <position type="primary">
                                    <id>/sport/baseball/player-position:1</id>
                                    <name>Starter</name>
                                    <name type="short">SP</name>
                                </position>
                            </season-details>
                            <throws>right</throws>
                            <bats>right</bats>
                        </player>
                    </player-content>
                    <player-content>
                        <player xsi:type="sport:baseball-player">
                            <id>/sport/baseball/player:43112</id>
                            <name type="first">Steven</name>
                            <name type="last">Jackson</name>
                            <fullname>Steven Jackson</fullname>
                            <height unit="inches">77</height>
                            <weight unit="pounds">230</weight>
                            <location>
                                <city>Eutawville</city>
                                <state>South Carolina</state>
                                <country>USA</country>
                            </location>
                            <birthdate>1982-03-15</birthdate>
                            <images>
                                <image>
                                    <url>/images/baseball/logos/yankees.jpg</url>
                                    <desc>New York Yankees logo</desc>
                                </image>
                            </images>
                            <season-details>
                                <active>false</active>
                                <number>80</number>
                                <position type="primary">
                                    <id>/sport/baseball/player-position:1</id>
                                    <name>Starter</name>
                                    <name type="short">SP</name>
                                </position>
                            </season-details>
                            <school>Clemson</school>
                            <throws>right</throws>
                            <bats>right</bats>
                        </player>
                    </player-content>
                    <player-content>
                        <player xsi:type="sport:baseball-player">
                            <id>/sport/baseball/player:41511</id>
                            <name type="first">Derek</name>
                            <name type="last">Jeter</name>
                            <fullname>Derek Jeter</fullname>
                            <height unit="inches">75</height>
                            <weight unit="pounds">195</weight>
                            <location>
                                <city>Pequannock</city>
                                <state>New Jersey</state>
                                <country>USA</country>
                            </location>
                            <birthdate>1974-06-26</birthdate>
                            <images>
                                <image>
                                    <url>/images/baseball/logos/yankees.jpg</url>
                                    <desc>New York Yankees logo</desc>
                                </image>
                            </images>
                            <season-details>
                                <active>true</active>
                                <number>2</number>
                                <position type="primary">
                                    <id>/sport/baseball/player-position:7</id>
                                    <name>Shortstop</name>
                                    <name type="short">SS</name>
                                </position>
                            </season-details>
                            <throws>right</throws>
                            <bats>right</bats>
                        </player>
                    </player-content>
                    <player-content>
                        <player xsi:type="sport:baseball-player">
                            <id>/sport/baseball/player:43241</id>
                            <name type="first">Ian</name>
                            <name type="last">Kennedy</name>
                            <fullname>Ian Kennedy</fullname>
                            <height unit="inches">72</height>
                            <weight unit="pounds">190</weight>
                            <location>
                                <city>Huntington Beach</city>
                                <state>California</state>
                                <country>USA</country>
                            </location>
                            <birthdate>1984-12-19</birthdate>
                            <images>
                                <image>
                                    <url>/images/baseball/logos/yankees.jpg</url>
                                    <desc>New York Yankees logo</desc>
                                </image>
                            </images>
                            <season-details>
                                <active>false</active>
                                <number>31</number>
                                <position type="primary">
                                    <id>/sport/baseball/player-position:1</id>
                                    <name>Starter</name>
                                    <name type="short">SP</name>
                                </position>
                            </season-details>
                            <school>USC</school>
                            <throws>right</throws>
                            <bats>right</bats>
                        </player>
                    </player-content>
                    <player-content>
                        <player xsi:type="sport:baseball-player">
                            <id>/sport/baseball/player:40839</id>
                            <name type="first">Damaso</name>
                            <name type="last">Marte</name>
                            <fullname>Damaso Marte</fullname>
                            <height unit="inches">77</height>
                            <weight unit="pounds">215</weight>
                            <location>
                                <city>Santo Domingo</city>
                                <country>DOM</country>
                            </location>
                            <birthdate>1975-02-14</birthdate>
                            <images>
                                <image>
                                    <url>/images/baseball/logos/yankees.jpg</url>
                                    <desc>New York Yankees logo</desc>
                                </image>
                            </images>
                            <season-details>
                                <active>true</active>
                                <number>43</number>
                                <position type="primary">
                                    <id>/sport/baseball/player-position:2</id>
                                    <name>Reliever</name>
                                    <name type="short">RP</name>
                                </position>
                            </season-details>
                            <throws>left</throws>
                            <bats>left</bats>
                        </player>
                    </player-content>
                    <player-content>
                        <player xsi:type="sport:baseball-player">
                            <id>/sport/baseball/player:41517</id>
                            <name type="first">Hideki</name>
                            <name type="last">Matsui</name>
                            <fullname>Hideki Matsui</fullname>
                            <height unit="inches">74</height>
                            <weight unit="pounds">210</weight>
                            <location>
                                <city>Kanazawa</city>
                                <country>JPN</country>
                            </location>
                            <birthdate>1974-06-12</birthdate>
                            <images>
                                <image>
                                    <url>/images/baseball/logos/yankees.jpg</url>
                                    <desc>New York Yankees logo</desc>
                                </image>
                            </images>
                            <season-details>
                                <active>true</active>
                                <number>55</number>
                                <position type="primary">
                                    <id>/sport/baseball/player-position:11</id>
                                    <name>Designated Hitter</name>
                                    <name type="short">DH</name>
                                </position>
                            </season-details>
                            <throws>right</throws>
                            <bats>left</bats>
                        </player>
                    </player-content>
                    <player-content>
                        <player xsi:type="sport:baseball-player">
                            <id>/sport/baseball/player:43786</id>
                            <name type="first">Mark</name>
                            <name type="last">Melancon</name>
                            <fullname>Mark Melancon</fullname>
                            <height unit="inches">74</height>
                            <weight unit="pounds">215</weight>
                            <location>
                                <city>Wheat Ridge</city>
                                <state>Colorado</state>
                                <country>USA</country>
                            </location>
                            <birthdate>1985-03-28</birthdate>
                            <images>
                                <image>
                                    <url>/images/baseball/logos/yankees.jpg</url>
                                    <desc>New York Yankees logo</desc>
                                </image>
                            </images>
                            <season-details>
                                <active>true</active>
                                <number>39</number>
                                <position type="primary">
                                    <id>/sport/baseball/player-position:2</id>
                                    <name>Reliever</name>
                                    <name type="short">RP</name>
                                </position>
                            </season-details>
                            <school>Arizona</school>
                            <throws>right</throws>
                            <bats>right</bats>
                        </player>
                    </player-content>
                    <player-content>
                        <player xsi:type="sport:baseball-player">
                            <id>/sport/baseball/player:43454</id>
                            <name type="first">Juan</name>
                            <name type="last">Miranda</name>
                            <fullname>Juan Miranda</fullname>
                            <height unit="inches">72</height>
                            <weight unit="pounds">220</weight>
                            <location>
                                <city>Consolacion del Sur</city>
                                <country>CUB</country>
                            </location>
                            <birthdate>1983-04-25</birthdate>
                            <images>
                                <image>
                                    <url>/images/baseball/logos/yankees.jpg</url>
                                    <desc>New York Yankees logo</desc>
                                </image>
                            </images>
                            <season-details>
                                <active>true</active>
                                <number>72</number>
                                <position type="primary">
                                    <id>/sport/baseball/player-position:4</id>
                                    <name>First Base</name>
                                    <name type="short">1B</name>
                                </position>
                            </season-details>
                            <throws>left</throws>
                            <bats>left</bats>
                        </player>
                    </player-content>
                    <player-content>
                        <player xsi:type="sport:baseball-player">
                            <id>/sport/baseball/player:41463</id>
                            <name type="first">Sergio</name>
                            <name type="last">Mitre</name>
                            <fullname>Sergio Mitre</fullname>
                            <height unit="inches">75</height>
                            <weight unit="pounds">225</weight>
                            <location>
                                <city>Los Angeles</city>
                                <state>California</state>
                                <country>USA</country>
                            </location>
                            <birthdate>1981-02-16</birthdate>
                            <images>
                                <image>
                                    <url>/images/baseball/logos/yankees.jpg</url>
                                    <desc>New York Yankees logo</desc>
                                </image>
                            </images>
                            <season-details>
                                <active>true</active>
                                <number>61</number>
                                <position type="primary">
                                    <id>/sport/baseball/player-position:1</id>
                                    <name>Starter</name>
                                    <name type="short">SP</name>
                                </position>
                            </season-details>
                            <school>San Diego CC</school>
                            <throws>right</throws>
                            <bats>right</bats>
                        </player>
                    </player-content>
                    <player-content>
                        <player xsi:type="sport:baseball-player">
                            <id>/sport/baseball/player:41581</id>
                            <name type="first">Jose</name>
                            <name type="last">Molina</name>
                            <fullname>Jose Molina</fullname>
                            <height unit="inches">74</height>
                            <weight unit="pounds">235</weight>
                            <location>
                                <city>Baymon</city>
                                <country>PRI</country>
                            </location>
                            <birthdate>1975-06-03</birthdate>
                            <images>
                                <image>
                                    <url>/images/baseball/logos/yankees.jpg</url>
                                    <desc>New York Yankees logo</desc>
                                </image>
                            </images>
                            <season-details>
                                <active>true</active>
                                <number>26</number>
                                <position type="primary">
                                    <id>/sport/baseball/player-position:3</id>
                                    <name>Catcher</name>
                                    <name type="short">C</name>
                                </position>
                            </season-details>
                            <school>Ladislao Martinez</school>
                            <throws>right</throws>
                            <bats>right</bats>
                        </player>
                    </player-content>
                    <player-content>
                        <player xsi:type="sport:baseball-player">
                            <id>/sport/baseball/player:42057</id>
                            <name type="first">Xavier</name>
                            <name type="last">Nady</name>
                            <fullname>Xavier Nady</fullname>
                            <height unit="inches">73</height>
                            <weight unit="pounds">185</weight>
                            <location>
                                <city>Carmel</city>
                                <state>California</state>
                                <country>USA</country>
                            </location>
                            <birthdate>1978-11-14</birthdate>
                            <images>
                                <image>
                                    <url>/images/baseball/logos/yankees.jpg</url>
                                    <desc>New York Yankees logo</desc>
                                </image>
                            </images>
                            <season-details>
                                <active>true</active>
                                <number>22</number>
                                <position type="primary">
                                    <id>/sport/baseball/player-position:10</id>
                                    <name>Right Outfield</name>
                                    <name type="short">RF</name>
                                </position>
                            </season-details>
                            <school>California</school>
                            <throws>right</throws>
                            <bats>right</bats>
                        </player>
                    </player-content>
                    <player-content>
                        <player xsi:type="sport:baseball-player">
                            <id>/sport/baseball/player:43771</id>
                            <name type="first">Ramiro</name>
                            <name type="last">Pena</name>
                            <fullname>Ramiro Pena</fullname>
                            <height unit="inches">71</height>
                            <weight unit="pounds">165</weight>
                            <location>
                                <city>Monterrey</city>
                                <country>MEX</country>
                            </location>
                            <birthdate>1985-07-18</birthdate>
                            <images>
                                <image>
                                    <url>/images/baseball/logos/yankees.jpg</url>
                                    <desc>New York Yankees logo</desc>
                                </image>
                            </images>
                            <season-details>
                                <active>true</active>
                                <number>19</number>
                                <position type="primary">
                                    <id>/sport/baseball/player-position:6</id>
                                    <name>Third Base</name>
                                    <name type="short">3B</name>
                                </position>
                            </season-details>
                            <throws>right</throws>
                            <bats>switch</bats>
                        </player>
                    </player-content>
                    <player-content>
                        <player xsi:type="sport:baseball-player">
                            <id>/sport/baseball/player:40721</id>
                            <name type="first">Andy</name>
                            <name type="last">Pettitte</name>
                            <fullname>Andy Pettitte</fullname>
                            <height unit="inches">77</height>
                            <weight unit="pounds">225</weight>
                            <location>
                                <city>Baton Rouge</city>
                                <state>Louisiana</state>
                                <country>USA</country>
                            </location>
                            <birthdate>1972-06-15</birthdate>
                            <images>
                                <image>
                                    <url>/images/baseball/logos/yankees.jpg</url>
                                    <desc>New York Yankees logo</desc>
                                </image>
                            </images>
                            <season-details>
                                <active>true</active>
                                <number>46</number>
                                <position type="primary">
                                    <id>/sport/baseball/player-position:1</id>
                                    <name>Starter</name>
                                    <name type="short">SP</name>
                                </position>
                            </season-details>
                            <school>San Jacinto North CC, TX</school>
                            <throws>left</throws>
                            <bats>left</bats>
                        </player>
                    </player-content>
                    <player-content>
                        <player xsi:type="sport:baseball-player">
                            <id>/sport/baseball/player:41507</id>
                            <name type="first">Jorge</name>
                            <name type="last">Posada</name>
                            <fullname>Jorge Posada</fullname>
                            <height unit="inches">74</height>
                            <weight unit="pounds">215</weight>
                            <location>
                                <city>Santurce</city>
                                <country>PRI</country>
                            </location>
                            <birthdate>1971-08-17</birthdate>
                            <images>
                                <image>
                                    <url>/images/baseball/logos/yankees.jpg</url>
                                    <desc>New York Yankees logo</desc>
                                </image>
                            </images>
                            <season-details>
                                <active>true</active>
                                <number>20</number>
                                <position type="primary">
                                    <id>/sport/baseball/player-position:3</id>
                                    <name>Catcher</name>
                                    <name type="short">C</name>
                                </position>
                            </season-details>
                            <school>Calhoun CC</school>
                            <throws>right</throws>
                            <bats>switch</bats>
                        </player>
                    </player-content>
                    <player-content>
                        <player xsi:type="sport:baseball-player">
                            <id>/sport/baseball/player:43188</id>
                            <name type="first">Edwar</name>
                            <name type="last">Ramirez</name>
                            <fullname>Edwar Ramirez</fullname>
                            <height unit="inches">75</height>
                            <weight unit="pounds">165</weight>
                            <location>
                                <city>San Juan</city>
                                <country>DOM</country>
                            </location>
                            <birthdate>1981-03-28</birthdate>
                            <images>
                                <image>
                                    <url>/images/baseball/logos/yankees.jpg</url>
                                    <desc>New York Yankees logo</desc>
                                </image>
                            </images>
                            <season-details>
                                <active>true</active>
                                <number>36</number>
                                <position type="primary">
                                    <id>/sport/baseball/player-position:2</id>
                                    <name>Reliever</name>
                                    <name type="short">RP</name>
                                </position>
                            </season-details>
                            <throws>right</throws>
                            <bats>right</bats>
                        </player>
                    </player-content>
                    <player-content>
                        <player xsi:type="sport:baseball-player">
                            <id>/sport/baseball/player:41799</id>
                            <name type="first">Cody</name>
                            <name type="last">Ransom</name>
                            <fullname>Cody Ransom</fullname>
                            <height unit="inches">74</height>
                            <weight unit="pounds">190</weight>
                            <location>
                                <city>Mesa</city>
                                <state>Arizona</state>
                                <country>USA</country>
                            </location>
                            <birthdate>1976-02-17</birthdate>
                            <images>
                                <image>
                                    <url>/images/baseball/logos/yankees.jpg</url>
                                    <desc>New York Yankees logo</desc>
                                </image>
                            </images>
                            <season-details>
                                <active>true</active>
                                <number>12</number>
                                <position type="primary">
                                    <id>/sport/baseball/player-position:6</id>
                                    <name>Third Base</name>
                                    <name type="short">3B</name>
                                </position>
                            </season-details>
                            <school>Grand Canyon</school>
                            <throws>right</throws>
                            <bats>right</bats>
                        </player>
                    </player-content>
                    <player-content>
                        <player xsi:type="sport:baseball-player">
                            <id>/sport/baseball/player:40518</id>
                            <name type="first">Mariano</name>
                            <name type="last">Rivera</name>
                            <fullname>Mariano Rivera</fullname>
                            <height unit="inches">74</height>
                            <weight unit="pounds">185</weight>
                            <location>
                                <city>Panama City</city>
                                <country>PAN</country>
                            </location>
                            <birthdate>1969-11-29</birthdate>
                            <images>
                                <image>
                                    <url>/images/baseball/logos/yankees.jpg</url>
                                    <desc>New York Yankees logo</desc>
                                </image>
                            </images>
                            <season-details>
                                <active>true</active>
                                <number>42</number>
                                <position type="primary">
                                    <id>/sport/baseball/player-position:2</id>
                                    <name>Reliever</name>
                                    <name type="short">RP</name>
                                </position>
                            </season-details>
                            <throws>right</throws>
                            <bats>right</bats>
                        </player>
                    </player-content>
                    <player-content>
                        <player xsi:type="sport:baseball-player">
                            <id>/sport/baseball/player:43512</id>
                            <name type="first">David</name>
                            <name type="last">Robertson</name>
                            <fullname>David Robertson</fullname>
                            <height unit="inches">71</height>
                            <weight unit="pounds">190</weight>
                            <location>
                                <city>Birmingham</city>
                                <state>Alabama</state>
                                <country>USA</country>
                            </location>
                            <birthdate>1985-04-09</birthdate>
                            <images>
                                <image>
                                    <url>/images/baseball/logos/yankees.jpg</url>
                                    <desc>New York Yankees logo</desc>
                                </image>
                            </images>
                            <season-details>
                                <active>true</active>
                                <number>30</number>
                                <position type="primary">
                                    <id>/sport/baseball/player-position:2</id>
                                    <name>Reliever</name>
                                    <name type="short">RP</name>
                                </position>
                            </season-details>
                            <school>Alabama</school>
                            <throws>right</throws>
                            <bats>right</bats>
                        </player>
                    </player-content>
                    <player-content>
                        <player xsi:type="sport:baseball-player">
                            <id>/sport/baseball/player:41513</id>
                            <name type="first">Alex</name>
                            <name type="last">Rodriguez</name>
                            <fullname>Alex Rodriguez</fullname>
                            <height unit="inches">75</height>
                            <weight unit="pounds">230</weight>
                            <location>
                                <city>New York</city>
                                <state>New York</state>
                                <country>USA</country>
                            </location>
                            <birthdate>1975-07-27</birthdate>
                            <images>
                                <image>
                                    <url>/images/baseball/logos/yankees.jpg</url>
                                    <desc>New York Yankees logo</desc>
                                </image>
                            </images>
                            <season-details>
                                <active>true</active>
                                <number>13</number>
                                <position type="primary">
                                    <id>/sport/baseball/player-position:6</id>
                                    <name>Third Base</name>
                                    <name type="short">3B</name>
                                </position>
                            </season-details>
                            <throws>right</throws>
                            <bats>right</bats>
                        </player>
                    </player-content>
                    <player-content>
                        <player xsi:type="sport:baseball-player">
                            <id>/sport/baseball/player:41140</id>
                            <name type="first">CC</name>
                            <name type="last">Sabathia</name>
                            <fullname>CC Sabathia</fullname>
                            <height unit="inches">79</height>
                            <weight unit="pounds">290</weight>
                            <location>
                                <city>Vallejo</city>
                                <state>California</state>
                                <country>USA</country>
                            </location>
                            <birthdate>1980-07-21</birthdate>
                            <images>
                                <image>
                                    <url>/images/baseball/logos/yankees.jpg</url>
                                    <desc>New York Yankees logo</desc>
                                </image>
                            </images>
                            <season-details>
                                <active>true</active>
                                <number>52</number>
                                <position type="primary">
                                    <id>/sport/baseball/player-position:1</id>
                                    <name>Starter</name>
                                    <name type="short">SP</name>
                                </position>
                            </season-details>
                            <throws>left</throws>
                            <bats>left</bats>
                        </player>
                    </player-content>
                    <player-content>
                        <player xsi:type="sport:baseball-player">
                            <id>/sport/baseball/player:42683</id>
                            <name type="first">Humberto</name>
                            <name type="last">Sanchez</name>
                            <fullname>Humberto Sanchez</fullname>
                            <height unit="inches">78</height>
                            <weight unit="pounds">230</weight>
                            <location>
                                <city>Santo Domingo</city>
                                <country>DOM</country>
                            </location>
                            <birthdate>1983-05-28</birthdate>
                            <images>
                                <image>
                                    <url>/images/baseball/logos/yankees.jpg</url>
                                    <desc>New York Yankees logo</desc>
                                </image>
                            </images>
                            <season-details>
                                <active>false</active>
                                <number>77</number>
                                <position type="primary">
                                    <id>/sport/baseball/player-position:2</id>
                                    <name>Reliever</name>
                                    <name type="short">RP</name>
                                </position>
                            </season-details>
                            <school>Connors State JC</school>
                            <throws>right</throws>
                            <bats>right</bats>
                        </player>
                    </player-content>
                    <player-content>
                        <player xsi:type="sport:baseball-player">
                            <id>/sport/baseball/player:42205</id>
                            <name type="first">Nick</name>
                            <name type="last">Swisher</name>
                            <fullname>Nick Swisher</fullname>
                            <height unit="inches">71</height>
                            <weight unit="pounds">210</weight>
                            <location>
                                <city>Columbus</city>
                                <state>Ohio</state>
                                <country>USA</country>
                            </location>
                            <birthdate>1980-11-25</birthdate>
                            <images>
                                <image>
                                    <url>/images/baseball/logos/yankees.jpg</url>
                                    <desc>New York Yankees logo</desc>
                                </image>
                            </images>
                            <season-details>
                                <active>true</active>
                                <number>33</number>
                                <position type="primary">
                                    <id>/sport/baseball/player-position:10</id>
                                    <name>Right Outfield</name>
                                    <name type="short">RF</name>
                                </position>
                            </season-details>
                            <school>Ohio State</school>
                            <throws>left</throws>
                            <bats>switch</bats>
                        </player>
                    </player-content>
                    <player-content>
                        <player xsi:type="sport:baseball-player">
                            <id>/sport/baseball/player:41634</id>
                            <name type="first">Mark</name>
                            <name type="last">Teixeira</name>
                            <fullname>Mark Teixeira</fullname>
                            <height unit="inches">75</height>
                            <weight unit="pounds">220</weight>
                            <location>
                                <city>Annapolis</city>
                                <state>Maryland</state>
                                <country>USA</country>
                            </location>
                            <birthdate>1980-04-11</birthdate>
                            <images>
                                <image>
                                    <url>/images/baseball/logos/yankees.jpg</url>
                                    <desc>New York Yankees logo</desc>
                                </image>
                            </images>
                            <season-details>
                                <active>true</active>
                                <number>25</number>
                                <position type="primary">
                                    <id>/sport/baseball/player-position:4</id>
                                    <name>First Base</name>
                                    <name type="short">1B</name>
                                </position>
                            </season-details>
                            <school>Georgia Tech</school>
                            <throws>right</throws>
                            <bats>switch</bats>
                        </player>
                    </player-content>
                    <player-content>
                        <player xsi:type="sport:baseball-player">
                            <id>/sport/baseball/player:40397</id>
                            <name type="first">Brett</name>
                            <name type="last">Tomko</name>
                            <fullname>Brett Tomko</fullname>
                            <height unit="inches">74</height>
                            <weight unit="pounds">225</weight>
                            <location>
                                <city>Euclid</city>
                                <state>Ohio</state>
                                <country>USA</country>
                            </location>
                            <birthdate>1973-04-07</birthdate>
                            <images>
                                <image>
                                    <url>/images/baseball/logos/yankees.jpg</url>
                                    <desc>New York Yankees logo</desc>
                                </image>
                            </images>
                            <season-details>
                                <active>false</active>
                                <number>28</number>
                                <position type="primary">
                                    <id>/sport/baseball/player-position:2</id>
                                    <name>Reliever</name>
                                    <name type="short">RP</name>
                                </position>
                            </season-details>
                            <school>Florida Southern</school>
                            <throws>right</throws>
                            <bats>right</bats>
                        </player>
                    </player-content>
                    <player-content>
                        <player xsi:type="sport:baseball-player">
                            <id>/sport/baseball/player:41163</id>
                            <name type="first">Josh</name>
                            <name type="last">Towers</name>
                            <fullname>Josh Towers</fullname>
                            <height unit="inches">73</height>
                            <weight unit="pounds">188</weight>
                            <location>
                                <city>Port Hueneme</city>
                                <state>California</state>
                                <country>USA</country>
                            </location>
                            <birthdate>1977-02-26</birthdate>
                            <images>
                                <image>
                                    <url>/images/baseball/logos/yankees.jpg</url>
                                    <desc>New York Yankees logo</desc>
                                </image>
                            </images>
                            <season-details>
                                <active>true</active>
                                <number>12</number>
                                <position type="primary">
                                    <id>/sport/baseball/player-position:2</id>
                                    <name>Reliever</name>
                                    <name type="short">RP</name>
                                </position>
                            </season-details>
                            <school>Oxnard</school>
                            <throws>right</throws>
                            <bats>right</bats>
                        </player>
                    </player-content>
                    <player-content>
                        <player xsi:type="sport:baseball-player">
                            <id>/sport/baseball/player:42886</id>
                            <name type="first">Jose</name>
                            <name type="last">Veras</name>
                            <fullname>Jose Veras</fullname>
                            <height unit="inches">77</height>
                            <weight unit="pounds">235</weight>
                            <location>
                                <city>Santo Domingo</city>
                                <country>DOM</country>
                            </location>
                            <birthdate>1980-10-20</birthdate>
                            <images>
                                <image>
                                    <url>/images/baseball/logos/yankees.jpg</url>
                                    <desc>New York Yankees logo</desc>
                                </image>
                            </images>
                            <season-details>
                                <active>false</active>
                                <number>41</number>
                                <position type="primary">
                                    <id>/sport/baseball/player-position:2</id>
                                    <name>Reliever</name>
                                    <name type="short">RP</name>
                                </position>
                            </season-details>
                            <throws>right</throws>
                            <bats>right</bats>
                        </player>
                    </player-content>
                    <player-content>
                        <player xsi:type="sport:baseball-player">
                            <id>/sport/baseball/player:42341</id>
                            <name type="first">Chien-Ming</name>
                            <name type="last">Wang</name>
                            <fullname>Chien-Ming Wang</fullname>
                            <height unit="inches">75</height>
                            <weight unit="pounds">230</weight>
                            <location>
                                <city>Tainan</city>
                                <country>TWN</country>
                            </location>
                            <birthdate>1980-03-31</birthdate>
                            <images>
                                <image>
                                    <url>/images/baseball/logos/yankees.jpg</url>
                                    <desc>New York Yankees logo</desc>
                                </image>
                            </images>
                            <season-details>
                                <active>true</active>
                                <number>40</number>
                                <position type="primary">
                                    <id>/sport/baseball/player-position:1</id>
                                    <name>Starter</name>
                                    <name type="short">SP</name>
                                </position>
                            </season-details>
                            <school>Taipei Physical Education College</school>
                            <throws>right</throws>
                            <bats>right</bats>
                        </player>
                    </player-content>
                </team-content>
            </season-content>
        </league-content>
    </team-sport-content>
</sport:content>