<?xml version="1.0" encoding="UTF-8"?>
<sport:content xmlns:sport="http://xml.sportsdirectinc.com/sport/v2" xmlns:xsi="http://www.w3.org/2001/XMLSchema-instance" xsi:schemaLocation="http://xml.sportsdirectinc.com/sport/v2 sport.xsd"><team-sport-content><sport><id>/sport/baseball</id><name>baseball</name></sport><league-content><league><id>/sport/baseball/league:1219</id><name>Major League Baseball</name><name type="nick">MLB</name></league><season-content><season><id>/sport/baseball/season:850</id><name>2009</name><details><start-date>2009-02-24</start-date><end-date>2009-11-05</end-date></details></season><conference-content><conference><id>/sport/baseball/conference:136</id><name>National League</name><name type="short">NL</name></conference><division-content><division><id>/sport/baseball/division:349</id><name>National League Central</name><active>true</active></division><team-content><team><id>/sport/baseball/team:2976</id><name>Milwaukee</name><name type="first">Milwaukee</name><name type="nick">Brewers</name><name type="short">MIL</name><location><city>Milwaukee</city><state>Wisconsin</state><country>USA</country></location><season-details><venue><id>/sport/baseball/venue:3005</id><name>Miller Park</name><name type="short">MP</name><location><city>Milwaukee</city><state>Wisconsin</state><country>USA</country><timezone>US/Central</timezone></location><season-details><capacity>43000</capacity><field-type><id>/sport/baseball/field-type:1</id><name>Grass</name></field-type></season-details></venue></season-details></team></team-content><team-content><team><id>/sport/baseball/team:2982</id><name>Chi. Cubs</name><name type="first">Chicago</name><name type="nick">Cubs</name><name type="short">CHC</name><location><city>Chicago</city><state>Illinois</state><country>USA</country></location><season-details><venue><id>/sport/baseball/venue:2998</id><name>Wrigley Field</name><name type="short">WF</name><location><city>Chicago</city><state>Illinois</state><country>USA</country><timezone>US/Central</timezone></location><season-details><capacity>41118</capacity><field-type><id>/sport/baseball/field-type:1</id><name>Grass</name></field-type></season-details></venue></season-details></team></team-content><team-content><team><id>/sport/baseball/team:2971</id><name>Pittsburgh</name><name type="first">Pittsburgh</name><name type="nick">Pirates</name><name type="short">PIT</name><location><city>Pittsburgh</city><state>Pennsylvania</state><country>USA</country></location><season-details><venue><id>/sport/baseball/venue:3006</id><name>PNC Park</name><name type="short">PNC</name><location><city>Pittsburgh</city><state>Pennsylvania</state><country>USA</country><timezone>US/Eastern</timezone></location><season-details><capacity>38365</capacity><field-type><id>/sport/baseball/field-type:1</id><name>Grass</name></field-type></season-details></venue></season-details></team></team-content><team-content><team><id>/sport/baseball/team:2961</id><name>Cincinnati</name><name type="first">Cincinnati</name><name type="nick">Reds</name><name type="short">CIN</name><location><city>Cincinnati</city><state>Ohio</state><country>USA</country></location><season-details><venue><id>/sport/baseball/venue:3007</id><name>Great American Ball Park</name><name type="short">GAB</name><location><city>Cincinnati</city><state>Ohio</state><country>USA</country><timezone>US/Eastern</timezone></location><season-details><capacity>42059</capacity><field-type><id>/sport/baseball/field-type:1</id><name>Grass</name></field-type></season-details></venue></season-details></team></team-content><team-content><team><id>/sport/baseball/team:2981</id><name>Houston</name><name type="first">Houston</name><name type="nick">Astros</name><name type="short">HOU</name><location><city>Houston</city><state>Texas</state><country>USA</country></location><season-details><venue><id>/sport/baseball/venue:3003</id><name>Minute Maid Park</name><name type="short">MMP</name><location><city>Houston</city><state>Texas</state><country>USA</country><timezone>US/Central</timezone></location><season-details><capacity>40950</capacity><field-type><id>/sport/baseball/field-type:1</id><name>Grass</name></field-type></season-details></venue></season-details></team></team-content><team-content><team><id>/sport/baseball/team:2975</id><name>St. Louis</name><name type="first">St. Louis</name><name type="nick">Cardinals</name><name type="short">STL</name><location><city>St. Louis</city><state>Missouri</state><country>USA</country></location><season-details><venue><id>/sport/baseball/venue:3045</id><name>Busch Stadium</name><name type="short">BUSCH</name><location><city>St. Louis</city><state>Missouri</state><country>USA</country><timezone>US/Central</timezone></location><season-details><capacity>46861</capacity><field-type><id>/sport/baseball/field-type:1</id><name>Grass</name></field-type></season-details></venue></season-details></team></team-content></division-content><division-content><division><id>/sport/baseball/division:346</id><name>National League West</name><active>true</active></division><team-content><team><id>/sport/baseball/team:2968</id><name>Arizona</name><name type="first">Arizona</name><name type="nick">Diamondbacks</name><name type="short">ARI</name><location><city>Phoenix</city><state>Arizona</state><country>USA</country></location><season-details><venue><id>/sport/baseball/venue:2984</id><name>Chase Field</name><name type="short">CHASE</name><location><city>Phoenix</city><state>Arizona</state><country>USA</country><timezone>US/Arizona</timezone></location><season-details><capacity>48569</capacity><field-type><id>/sport/baseball/field-type:1</id><name>Grass</name></field-type></season-details></venue></season-details></team></team-content><team-content><team><id>/sport/baseball/team:2967</id><name>LA Dodgers</name><name type="first">Los Angeles</name><name type="nick">Dodgers</name><name type="short">LA</name><location><city>Los Angeles</city><state>California</state><country>USA</country></location><season-details><venue><id>/sport/baseball/venue:2983</id><name>Dodger Stadium</name><name type="short">DS</name><location><city>Los Angeles</city><state>California</state><country>USA</country><timezone>US/Pacific</timezone></location><season-details><capacity>56000</capacity><field-type><id>/sport/baseball/field-type:1</id><name>Grass</name></field-type></season-details></venue></season-details></team></team-content><team-content><team><id>/sport/baseball/team:2962</id><name>San Francisco</name><name type="first">San Francisco</name><name type="nick">Giants</name><name type="short">SF</name><location><city>San Francisco</city><state>California</state><country>USA</country></location><season-details><venue><id>/sport/baseball/venue:3001</id><name>AT&amp;T Park</name><name type="short">AT&amp;T</name><location><city>San Francisco</city><state>California</state><country>USA</country><timezone>US/Pacific</timezone></location><season-details><capacity>41503</capacity><field-type><id>/sport/baseball/field-type:1</id><name>Grass</name></field-type></season-details></venue></season-details></team></team-content><team-content><team><id>/sport/baseball/team:2956</id><name>Colorado</name><name type="first">Colorado</name><name type="nick">Rockies</name><name type="short">COL</name><location><city>Denver</city><state>Colorado</state><country>USA</country></location><season-details><venue><id>/sport/baseball/venue:2972</id><name>Coors Field</name><name type="short">CF</name><location><city>Denver</city><state>Colorado</state><country>USA</country><timezone>US/Mountain</timezone></location><season-details><capacity>50200</capacity><field-type><id>/sport/baseball/field-type:1</id><name>Grass</name></field-type></season-details></venue></season-details></team></team-content><team-content><team><id>/sport/baseball/team:2955</id><name>San Diego</name><name type="first">San Diego</name><name type="nick">Padres</name><name type="short">SD</name><location><city>San Diego</city><state>California</state><country>USA</country></location><season-details><venue><id>/sport/baseball/venue:3011</id><name>Petco Park</name><name type="short">Pet</name><location><city>San Diego</city><state>California</state><country>USA</country><timezone>US/Pacific</timezone></location><season-details><capacity>46000</capacity><field-type><id>/sport/baseball/field-type:1</id><name>Grass</name></field-type></season-details></venue></season-details></team></team-content></division-content><division-content><division><id>/sport/baseball/division:347</id><name>National League East</name><active>true</active></division><team-content><team><id>/sport/baseball/team:2958</id><name>Philadelphia</name><name type="first">Philadelphia</name><name type="nick">Phillies</name><name type="short">PHI</name><location><city>Philadelphia</city><state>Pennsylvania</state><country>USA</country></location><season-details><venue><id>/sport/baseball/venue:3010</id><name>Citizens Bank Park</name><name type="short">CBB</name><location><city>Philadelphia</city><state>Pennsylvania</state><country>USA</country><timezone>US/Eastern</timezone></location><season-details><capacity>43000</capacity><field-type><id>/sport/baseball/field-type:1</id><name>Grass</name></field-type></season-details></venue></season-details></team></team-content><team-content><team><id>/sport/baseball/team:2964</id><name>NY Mets</name><name type="first">New York</name><name type="nick">Mets</name><name type="short">NYM</name><location><city>New York</city><state>New York</state><country>USA</country></location><season-details><venue><id>/sport/baseball/venue:3065</id><name>Citi Field</name><name type="short">Citi</name><location><city>Flushing</city><state>New York</state><country>USA</country><timezone>US/Eastern</timezone></location><season-details><capacity>45000</capacity><field-type><id>/sport/baseball/field-type:1</id><name>Grass</name></field-type></season-details></venue></season-details></team></team-content><team-content><team><id>/sport/baseball/team:2957</id><name>Atlanta</name><name type="first">Atlanta</name><name type="nick">Braves</name><name type="short">ATL</name><location><city>Atlanta</city><state>Georgia</state><country>USA</country></location><season-details><venue><id>/sport/baseball/venue:2973</id><name>Turner Field</name><name type="short">TF</name><location><city>Atlanta</city><state>Georgia</state><country>USA</country><timezone>US/Eastern</timezone></location><season-details><capacity>49831</capacity><field-type><id>/sport/baseball/field-type:1</id><name>Grass</name></field-type></season-details></venue></season-details></team></team-content><team-content><team><id>/sport/baseball/team:2972</id><name>Washington</name><name type="first">Washington</name><name type="nick">Nationals</name><name type="short">WAS</name><location><city>Washington</city><state>District of Columbia</state><country>USA</country></location><season-details><venue><id>/sport/baseball/venue:3056</id><name>Nationals Park</name><name type="short">NP</name><location><city>Washington</city><state>District of Columbia</state><country>USA</country><timezone>US/Eastern</timezone></location><season-details><capacity>41888</capacity><field-type><id>/sport/baseball/field-type:1</id><name>Grass</name></field-type></season-details></venue></season-details></team></team-content><team-content><team><id>/sport/baseball/team:2963</id><name>Florida</name><name type="first">Florida</name><name type="nick">Marlins</name><name type="short">FLA</name><location><city>Miami</city><state>Florida</state><country>USA</country></location><season-details><venue><id>/sport/baseball/venue:2979</id><name>LandShark Stadium</name><name type="short">DOLPH</name><location><city>Miami</city><state>Florida</state><country>USA</country><timezone>US/Eastern</timezone></location><season-details><capacity>42531</capacity><field-type><id>/sport/baseball/field-type:1</id><name>Grass</name></field-type></season-details></venue></season-details></team></team-content></division-content></conference-content><conference-content><conference><id>/sport/baseball/conference:137</id><name>American League</name><name type="short">AL</name></conference><division-content><division><id>/sport/baseball/division:350</id><name>American League Central</name><active>true</active></division><team-content><team><id>/sport/baseball/team:2983</id><name>Minnesota</name><name type="first">Minnesota</name><name type="nick">Twins</name><name type="short">MIN</name><location><city>Minneapolis</city><state>Minnesota</state><country>USA</country></location><season-details><venue><id>/sport/baseball/venue:2999</id><name>Metrodome</name><name type="short">Met</name><location><city>Minneapolis</city><state>Minnesota</state><country>USA</country><timezone>US/Central</timezone></location><season-details><capacity>55883</capacity><field-type><id>/sport/baseball/field-type:3</id><name>FieldTurf</name></field-type></season-details></venue></season-details></team></team-content><team-content><team><id>/sport/baseball/team:2974</id><name>Chi. White Sox</name><name type="first">Chicago</name><name type="nick">White Sox</name><name type="short">CHW</name><location><city>Chicago</city><state>Illinois</state><country>USA</country></location><season-details><venue><id>/sport/baseball/venue:2990</id><name>U.S Cellular Field</name><name type="short">Cell</name><location><city>Chicago</city><state>Illinois</state><country>USA</country><timezone>US/Central</timezone></location><season-details><capacity>40615</capacity><field-type><id>/sport/baseball/field-type:1</id><name>Grass</name></field-type></season-details></venue></season-details></team></team-content><team-content><team><id>/sport/baseball/team:2980</id><name>Cleveland</name><name type="first">Cleveland</name><name type="nick">Indians</name><name type="short">CLE</name><location><city>Cleveland</city><state>Ohio</state><country>USA</country></location><season-details><venue><id>/sport/baseball/venue:2996</id><name>Progressive Field</name><name type="short">JF</name><location><city>Cleveland</city><state>Ohio</state><country>USA</country><timezone>US/Eastern</timezone></location><season-details><capacity>43345</capacity><field-type><id>/sport/baseball/field-type:1</id><name>Grass</name></field-type></season-details></venue></season-details></team></team-content><team-content><team><id>/sport/baseball/team:2965</id><name>Kansas City</name><name type="first">Kansas City</name><name type="nick">Royals</name><name type="short">KC</name><location><city>Kansas City</city><state>Missouri</state><country>USA</country></location><season-details><venue><id>/sport/baseball/venue:2981</id><name>Kauffman Stadium</name><name type="short">KS</name><location><city>Kansas City</city><state>Missouri</state><country>USA</country><timezone>US/Central</timezone></location><season-details><capacity>40625</capacity><field-type><id>/sport/baseball/field-type:1</id><name>Grass</name></field-type></season-details></venue></season-details></team></team-content><team-content><team><id>/sport/baseball/team:2978</id><name>Detroit</name><name type="first">Detroit</name><name type="nick">Tigers</name><name type="short">DET</name><location><city>Detroit</city><state>Michigan</state><country>USA</country></location><season-details><venue><id>/sport/baseball/venue:3002</id><name>Comerica Park</name><name type="short">CP</name><location><city>Detroit</city><state>Michigan</state><country>USA</country><timezone>US/Eastern</timezone></location><season-details><capacity>40950</capacity><field-type><id>/sport/baseball/field-type:1</id><name>Grass</name></field-type></season-details></venue></season-details></team></team-content></division-content><division-content><division><id>/sport/baseball/division:351</id><name>American League West</name><active>true</active></division><team-content><team><id>/sport/baseball/team:2979</id><name>LA Angels</name><name type="first">Los Angeles</name><name type="nick">Angels</name><name type="short">LAA</name><location><city>Anaheim</city><state>California</state><country>USA</country></location><season-details><venue><id>/sport/baseball/venue:2995</id><name>Angel Stadium</name><name type="short">Angel</name><location><city>Anaheim</city><state>California</state><country>USA</country><timezone>US/Pacific</timezone></location><season-details><capacity>45050</capacity><field-type><id>/sport/baseball/field-type:1</id><name>Grass</name></field-type></season-details></venue></season-details></team></team-content><team-content><team><id>/sport/baseball/team:2969</id><name>Oakland</name><name type="first">Oakland</name><name type="nick">Athletics</name><name type="short">OAK</name><location><city>Oakland</city><state>California</state><country>USA</country></location><season-details><venue><id>/sport/baseball/venue:2985</id><name>McAfee Coliseum</name><name type="short">McAfe</name><location><city>Oakland</city><state>California</state><country>USA</country><timezone>US/Pacific</timezone></location><season-details><capacity>48219</capacity><field-type><id>/sport/baseball/field-type:1</id><name>Grass</name></field-type></season-details></venue></season-details></team></team-content><team-content><team><id>/sport/baseball/team:2973</id><name>Seattle</name><name type="first">Seattle</name><name type="nick">Mariners</name><name type="short">SEA</name><location><city>Seattle</city><state>Washington</state><country>USA</country></location><season-details><venue><id>/sport/baseball/venue:3004</id><name>Safeco Field</name><name type="short">Saf</name><location><city>Seattle</city><state>Washington</state><country>USA</country><timezone>US/Pacific</timezone></location><season-details><capacity>46621</capacity><field-type><id>/sport/baseball/field-type:1</id><name>Grass</name></field-type></season-details></venue></season-details></team></team-content><team-content><team><id>/sport/baseball/team:2977</id><name>Texas</name><name type="first">Texas</name><name type="nick">Rangers</name><name type="short">TEX</name><location><city>Arlington</city><state>Texas</state><country>USA</country></location><season-details><venue><id>/sport/baseball/venue:2993</id><name>Rangers Ballpark in Arlington</name><name type="short">RBArl</name><location><city>Arlington</city><state>Texas</state><country>USA</country><timezone>US/Central</timezone></location><season-details><capacity>49178</capacity><field-type><id>/sport/baseball/field-type:1</id><name>Grass</name></field-type></season-details></venue></season-details></team></team-content></division-content><division-content><division><id>/sport/baseball/division:348</id><name>American League East</name><active>true</active></division><team-content><team><id>/sport/baseball/team:2966</id><name>Boston</name><name type="first">Boston</name><name type="nick">Red Sox</name><name type="short">BOS</name><location><city>Boston</city><state>Massachusetts</state><country>USA</country></location><season-details><venue><id>/sport/baseball/venue:2982</id><name>Fenway Park</name><name type="short">FP</name><location><city>Boston</city><state>Massachusetts</state><country>USA</country><timezone>US/Eastern</timezone></location><season-details><capacity>38805</capacity><field-type><id>/sport/baseball/field-type:1</id><name>Grass</name></field-type></season-details></venue></season-details></team></team-content><team-content><team><id>/sport/baseball/team:2970</id><name>NY Yankees</name><name type="first">New York</name><name type="nick">Yankees</name><name type="short">NYY</name><location><city>New York</city><state>New York</state><country>USA</country></location><season-details><venue><id>/sport/baseball/venue:3066</id><name>Yankee Stadium</name><name type="short">YS</name><location><city>New York</city><state>New York</state><country>USA</country><timezone>US/Eastern</timezone></location><season-details><capacity>51800</capacity><field-type><id>/sport/baseball/field-type:1</id><name>Grass</name></field-type></season-details></venue></season-details></team></team-content><team-content><team><id>/sport/baseball/team:2959</id><name>Baltimore</name><name type="first">Baltimore</name><name type="nick">Orioles</name><name type="short">BAL</name><location><city>Baltimore</city><state>Maryland</state><country>USA</country></location><season-details><venue><id>/sport/baseball/venue:2975</id><name>Oriole Park</name><name type="short">OP</name><location><city>Baltimore</city><state>Maryland</state><country>USA</country><timezone>US/Eastern</timezone></location><season-details><capacity>48262</capacity><field-type><id>/sport/baseball/field-type:1</id><name>Grass</name></field-type></season-details></venue></season-details></team></team-content><team-content><team><id>/sport/baseball/team:2984</id><name>Toronto</name><name type="first">Toronto</name><name type="nick">Blue Jays</name><name type="short">TOR</name><location><city>Toronto</city><state>Ontario</state><country>CAN</country></location><season-details><venue><id>/sport/baseball/venue:3000</id><name>Rogers Centre</name><name type="short">Sky</name><location><city>Toronto</city><state>Ontario</state><country>CAN</country><timezone>Canada/Eastern</timezone></location><season-details><capacity>50516</capacity><field-type><id>/sport/baseball/field-type:1</id><name>Grass</name></field-type></season-details></venue></season-details></team></team-content><team-content><team><id>/sport/baseball/team:2960</id><name>Tampa Bay</name><name type="first">Tampa Bay</name><name type="nick">Rays</name><name type="short">TB</name><location><city>Tampa Bay</city><state>Florida</state><country>USA</country></location><season-details><venue><id>/sport/baseball/venue:2976</id><name>Tropicana Field</name><name type="short">Trop</name><location><city>St. Petersburg</city><state>Florida</state><country>USA</country><timezone>US/Eastern</timezone></location><season-details><capacity>45000</capacity><field-type><id>/sport/baseball/field-type:3</id><name>FieldTurf</name></field-type></season-details></venue></season-details></team></team-content></division-content></conference-content></season-content></league-content></team-sport-content></sport:content>