{
  "name": "generate-dictionary",
  "description": "",
  "stepDefinitionName": "generate-dictionary",
  "stepDefinitionType": "CUSTOM",
  "additionalCollections": [ ],
  "sourceQuery": "cts.documentQuery('/flows/personJSON.flow.json')",
  "collections": [
    "generate-dictionary",
    ""
  ],
  "sourceDatabase": "data-hub-FINAL",
  "sourceCollection": "",
  "targetDatabase": "data-hub-FINAL",
  "targetFormat": "json",
  "targetEntityType": "",
  "stepId": "generate-dictionary-custom",
  "selectedSource": "query",
  "lastUpdated": "2021-04-23T08:51:59.890582-05:00"
}