{
  "name": "mapping-step",
  "description": "This is the default mapping step",
  "batchSize": 100,
  "threadCount": 4,
  "stepDefinitionName": "customMapping",
  "stepDefinitionType": "CUSTOM",
  "sourceQuery": "cts.collectionQuery('cusIngTest')",
  "sourceDatabase": "data-hub-STAGING",
  "collections": [
    "mapping-step"
  ],
  "targetEntityType": "http://example.org/Customer-0.0.1/Customer",
  "permissions": "data-hub-common,read,data-hub-common,update",
  "targetDatabase": "data-hub-FINAL",
  "targetFormat": "json",
  "stepId": "mapping-step-custom",
  "selectedSource": "query",
  "lastUpdated": "2021-04-23T09:01:40.3241258-05:00",
  "additionalCollections": [ ],
  "headers": { },
  "interceptors": [ ],
  "provenanceGranularityLevel": "off",
  "customHook": { }
}