<search:options xml:lang="zxx" xmlns:search="http://marklogic.com/appservices/search">
  <search:constraint name="Collection">
    <search:collection>
      <search:facet-option>limit=25</search:facet-option>
      <search:facet-option>frequency-order</search:facet-option>
      <search:facet-option>descending</search:facet-option>
    </search:collection>
  </search:constraint>
  <search:constraint name="createdByJob">
    <search:range facet="false">
      <search:field name="datahubCreatedByJob"/>
    </search:range>
  </search:constraint>
  <search:constraint name="createdByStep">
    <search:range>
      <search:field name="datahubCreatedByStep"/>
      <search:facet-option>limit=25</search:facet-option>
      <search:facet-option>frequency-order</search:facet-option>
      <search:facet-option>descending</search:facet-option>
    </search:range>
  </search:constraint>
  <search:constraint name="createdByJobWord">
    <search:word>
      <search:field name="datahubCreatedByJob"/>
    </search:word>
  </search:constraint>
  <search:constraint name="createdOnRange">
    <search:range facet="false">
      <search:field name="datahubCreatedOn"/>
    </search:range>
  </search:constraint>
  <search:constraint name="createdInFlowRange">
    <search:range>
      <search:field name="datahubCreatedInFlow"/>
      <search:facet-option>limit=25</search:facet-option>
      <search:facet-option>frequency-order</search:facet-option>
      <search:facet-option>descending</search:facet-option>
    </search:range>
  </search:constraint>
  <search:constraint name="sourceName">
    <search:range>
      <search:field name="datahubSourceName"/>
      <search:facet-option>limit=25</search:facet-option>
      <search:facet-option>frequency-order</search:facet-option>
      <search:facet-option>descending</search:facet-option>
    </search:range>
  </search:constraint>
  <search:constraint name="sourceType">
    <search:range>
      <search:field name="datahubSourceType"/>
      <search:facet-option>limit=25</search:facet-option>
      <search:facet-option>frequency-order</search:facet-option>
      <search:facet-option>descending</search:facet-option>
    </search:range>
  </search:constraint>
  <search:operator name="sort">
    <search:state name="Person_fnameAscending">
      <search:sort-order type="xs:string" direction="ascending">
	<search:path-index xmlns:es="http://marklogic.com/entity-services">/(es:envelope|envelope)/(es:instance|instance)/Person/fname</search:path-index>
      </search:sort-order>
    </search:state>
    <search:state name="Person_fnameDescending">
      <search:sort-order type="xs:string" direction="descending">
	<search:path-index xmlns:es="http://marklogic.com/entity-services">/(es:envelope|envelope)/(es:instance|instance)/Person/fname</search:path-index>
      </search:sort-order>
    </search:state>
    <search:state name="Customer_nameAscending">
      <search:sort-order type="xs:string" direction="ascending">
	<search:path-index xmlns:es="http://marklogic.com/entity-services">/(es:envelope|envelope)/(es:instance|instance)/Customer/name</search:path-index>
      </search:sort-order>
    </search:state>
    <search:state name="Customer_nameDescending">
      <search:sort-order type="xs:string" direction="descending">
	<search:path-index xmlns:es="http://marklogic.com/entity-services">/(es:envelope|envelope)/(es:instance|instance)/Customer/name</search:path-index>
      </search:sort-order>
    </search:state>
    <search:state name="Customer_pinAscending">
      <search:sort-order type="xs:decimal" direction="ascending">
	<search:path-index xmlns:es="http://marklogic.com/entity-services">/(es:envelope|envelope)/(es:instance|instance)/Customer/pin</search:path-index>
      </search:sort-order>
    </search:state>
    <search:state name="Customer_pinDescending">
      <search:sort-order type="xs:decimal" direction="descending">
	<search:path-index xmlns:es="http://marklogic.com/entity-services">/(es:envelope|envelope)/(es:instance|instance)/Customer/pin</search:path-index>
      </search:sort-order>
    </search:state>
    <search:state name="Customer_customerIdAscending">
      <search:sort-order type="xs:decimal" direction="ascending">
	<search:path-index xmlns:es="http://marklogic.com/entity-services">/(es:envelope|envelope)/(es:instance|instance)/Customer/customerId</search:path-index>
      </search:sort-order>
    </search:state>
    <search:state name="Customer_customerIdDescending">
      <search:sort-order type="xs:decimal" direction="descending">
	<search:path-index xmlns:es="http://marklogic.com/entity-services">/(es:envelope|envelope)/(es:instance|instance)/Customer/customerId</search:path-index>
      </search:sort-order>
    </search:state>
    <search:state name="Person_lnameAscending">
      <search:sort-order type="xs:string" direction="ascending">
	<search:path-index xmlns:es="http://marklogic.com/entity-services">/(es:envelope|envelope)/(es:instance|instance)/Person/lname</search:path-index>
      </search:sort-order>
    </search:state>
    <search:state name="Person_lnameDescending">
      <search:sort-order type="xs:string" direction="descending">
	<search:path-index xmlns:es="http://marklogic.com/entity-services">/(es:envelope|envelope)/(es:instance|instance)/Person/lname</search:path-index>
      </search:sort-order>
    </search:state>
  </search:operator>
  <search:constraint name="entity-type">
    <search:value>
      <search:element ns="http://marklogic.com/entity-services" name="title"/>
    </search:value>
  </search:constraint>
  <search:constraint name="customerId">
    <search:value>
      <search:element ns="" name="customerId"/>
    </search:value>
  </search:constraint>
  <search:constraint name="Customer.customerId">
    <search:range type="xs:decimal" facet="false">
      <search:path-index xmlns:es="http://marklogic.com/entity-services">/(es:envelope|envelope)/(es:instance|instance)/Customer/customerId</search:path-index>
      <search:facet-option>limit=25</search:facet-option>
      <search:facet-option>frequency-order</search:facet-option>
      <search:facet-option>descending</search:facet-option>
    </search:range>
  </search:constraint>
  <search:constraint name="Customer.name">
    <search:range type="xs:string" facet="true" collation="http://marklogic.com/collation//S2">
      <search:path-index xmlns:es="http://marklogic.com/entity-services">/(es:envelope|envelope)/(es:instance|instance)/Customer/name</search:path-index>
      <search:facet-option>limit=25</search:facet-option>
      <search:facet-option>frequency-order</search:facet-option>
      <search:facet-option>descending</search:facet-option>
    </search:range>
  </search:constraint>
  <search:constraint name="Customer.email">
    <search:range type="xs:string" facet="true" collation="http://marklogic.com/collation//S2">
      <search:path-index xmlns:es="http://marklogic.com/entity-services">/(es:envelope|envelope)/(es:instance|instance)/Customer/email</search:path-index>
      <search:facet-option>limit=25</search:facet-option>
      <search:facet-option>frequency-order</search:facet-option>
      <search:facet-option>descending</search:facet-option>
    </search:range>
  </search:constraint>
  <search:constraint name="Customer.pin">
    <search:range type="xs:decimal" facet="true">
      <search:path-index xmlns:es="http://marklogic.com/entity-services">/(es:envelope|envelope)/(es:instance|instance)/Customer/pin</search:path-index>
      <search:facet-option>limit=25</search:facet-option>
      <search:facet-option>frequency-order</search:facet-option>
      <search:facet-option>descending</search:facet-option>
    </search:range>
  </search:constraint>
  <search:constraint name="Customer.birthDate">
    <search:range type="xs:date" facet="true">
      <search:path-index xmlns:es="http://marklogic.com/entity-services">/(es:envelope|envelope)/(es:instance|instance)/Customer/birthDate</search:path-index>
      <search:facet-option>limit=25</search:facet-option>
      <search:facet-option>frequency-order</search:facet-option>
      <search:facet-option>descending</search:facet-option>
    </search:range>
  </search:constraint>
  <search:constraint name="orderId">
    <search:value>
      <search:element ns="" name="orderId"/>
    </search:value>
  </search:constraint>
  <search:constraint name="id">
    <search:value>
      <search:element ns="" name="id"/>
    </search:value>
  </search:constraint>
  <search:constraint name="Person.fname">
    <search:range type="xs:string" facet="true" collation="http://marklogic.com/collation//S2">
      <search:path-index xmlns:es="http://marklogic.com/entity-services">/(es:envelope|envelope)/(es:instance|instance)/Person/fname</search:path-index>
      <search:facet-option>limit=25</search:facet-option>
      <search:facet-option>frequency-order</search:facet-option>
      <search:facet-option>descending</search:facet-option>
    </search:range>
  </search:constraint>
  <search:constraint name="Person.lname">
    <search:range type="xs:string" facet="true" collation="http://marklogic.com/collation//S2">
      <search:path-index xmlns:es="http://marklogic.com/entity-services">/(es:envelope|envelope)/(es:instance|instance)/Person/lname</search:path-index>
      <search:facet-option>limit=25</search:facet-option>
      <search:facet-option>frequency-order</search:facet-option>
      <search:facet-option>descending</search:facet-option>
    </search:range>
  </search:constraint>
  <search:constraint name="Client.firstname">
    <search:range type="xs:string" facet="true" collation="http://marklogic.com/collation//S2">
      <search:path-index xmlns:es="http://marklogic.com/entity-services">/(es:envelope|envelope)/(es:instance|instance)/Client/firstname</search:path-index>
      <search:facet-option>limit=25</search:facet-option>
      <search:facet-option>frequency-order</search:facet-option>
      <search:facet-option>descending</search:facet-option>
    </search:range>
  </search:constraint>
  <search:constraint name="Client.lastname">
    <search:range type="xs:string" facet="true" collation="http://marklogic.com/collation//S2">
      <search:path-index xmlns:es="http://marklogic.com/entity-services">/(es:envelope|envelope)/(es:instance|instance)/Client/lastname</search:path-index>
      <search:facet-option>limit=25</search:facet-option>
      <search:facet-option>frequency-order</search:facet-option>
      <search:facet-option>descending</search:facet-option>
    </search:range>
  </search:constraint>
  <search:constraint name="Client.email">
    <search:range type="xs:string" facet="true" collation="http://marklogic.com/collation//S2">
      <search:path-index xmlns:es="http://marklogic.com/entity-services">/(es:envelope|envelope)/(es:instance|instance)/Client/email</search:path-index>
      <search:facet-option>limit=25</search:facet-option>
      <search:facet-option>frequency-order</search:facet-option>
      <search:facet-option>descending</search:facet-option>
    </search:range>
  </search:constraint>
  <search:constraint name="Client.postal">
    <search:range type="xs:string" facet="true" collation="http://marklogic.com/collation//S2">
      <search:path-index xmlns:es="http://marklogic.com/entity-services">/(es:envelope|envelope)/(es:instance|instance)/Client/postal</search:path-index>
      <search:facet-option>limit=25</search:facet-option>
      <search:facet-option>frequency-order</search:facet-option>
      <search:facet-option>descending</search:facet-option>
    </search:range>
  </search:constraint>
  <search:constraint name="Client.phone">
    <search:range type="xs:string" facet="true" collation="http://marklogic.com/collation//S2">
      <search:path-index xmlns:es="http://marklogic.com/entity-services">/(es:envelope|envelope)/(es:instance|instance)/Client/phone</search:path-index>
      <search:facet-option>limit=25</search:facet-option>
      <search:facet-option>frequency-order</search:facet-option>
      <search:facet-option>descending</search:facet-option>
    </search:range>
  </search:constraint>
  <search:constraint name="Client.pin">
    <search:range type="xs:int" facet="true">
      <search:path-index xmlns:es="http://marklogic.com/entity-services">/(es:envelope|envelope)/(es:instance|instance)/Client/pin</search:path-index>
      <search:facet-option>limit=25</search:facet-option>
      <search:facet-option>frequency-order</search:facet-option>
      <search:facet-option>descending</search:facet-option>
    </search:range>
  </search:constraint>
  <search:constraint name="Client.updated">
    <search:range type="xs:dateTime" facet="true">
      <search:path-index xmlns:es="http://marklogic.com/entity-services">/(es:envelope|envelope)/(es:instance|instance)/Client/updated</search:path-index>
      <search:facet-option>limit=25</search:facet-option>
      <search:facet-option>frequency-order</search:facet-option>
      <search:facet-option>descending</search:facet-option>
    </search:range>
  </search:constraint>
  <search:tuples name="Customer">
    <search:range type="xs:decimal" facet="true">
      <search:path-index xmlns:es="http://marklogic.com/entity-services">/(es:envelope|envelope)/(es:instance|instance)/Customer/customerId</search:path-index>
    </search:range>
    <search:range type="xs:string" facet="true" collation="http://marklogic.com/collation//S2">
      <search:path-index xmlns:es="http://marklogic.com/entity-services">/(es:envelope|envelope)/(es:instance|instance)/Customer/name</search:path-index>
    </search:range>
    <search:range type="xs:string" facet="true" collation="http://marklogic.com/collation//S2">
      <search:path-index xmlns:es="http://marklogic.com/entity-services">/(es:envelope|envelope)/(es:instance|instance)/Customer/email</search:path-index>
    </search:range>
    <search:range type="xs:decimal" facet="true">
      <search:path-index xmlns:es="http://marklogic.com/entity-services">/(es:envelope|envelope)/(es:instance|instance)/Customer/pin</search:path-index>
    </search:range>
    <search:range type="xs:date" facet="true">
      <search:path-index xmlns:es="http://marklogic.com/entity-services">/(es:envelope|envelope)/(es:instance|instance)/Customer/birthDate</search:path-index>
    </search:range>
  </search:tuples>
  <search:tuples name="Person">
    <search:range type="xs:string" facet="true" collation="http://marklogic.com/collation//S2">
      <search:path-index xmlns:es="http://marklogic.com/entity-services">/(es:envelope|envelope)/(es:instance|instance)/Person/fname</search:path-index>
    </search:range>
    <search:range type="xs:string" facet="true" collation="http://marklogic.com/collation//S2">
      <search:path-index xmlns:es="http://marklogic.com/entity-services">/(es:envelope|envelope)/(es:instance|instance)/Person/lname</search:path-index>
    </search:range>
  </search:tuples>
  <search:tuples name="Client">
    <search:range type="xs:string" facet="true" collation="http://marklogic.com/collation//S2">
      <search:path-index xmlns:es="http://marklogic.com/entity-services">/(es:envelope|envelope)/(es:instance|instance)/Client/firstname</search:path-index>
    </search:range>
    <search:range type="xs:string" facet="true" collation="http://marklogic.com/collation//S2">
      <search:path-index xmlns:es="http://marklogic.com/entity-services">/(es:envelope|envelope)/(es:instance|instance)/Client/lastname</search:path-index>
    </search:range>
    <search:range type="xs:string" facet="true" collation="http://marklogic.com/collation//S2">
      <search:path-index xmlns:es="http://marklogic.com/entity-services">/(es:envelope|envelope)/(es:instance|instance)/Client/email</search:path-index>
    </search:range>
    <search:range type="xs:string" facet="true" collation="http://marklogic.com/collation//S2">
      <search:path-index xmlns:es="http://marklogic.com/entity-services">/(es:envelope|envelope)/(es:instance|instance)/Client/postal</search:path-index>
    </search:range>
    <search:range type="xs:string" facet="true" collation="http://marklogic.com/collation//S2">
      <search:path-index xmlns:es="http://marklogic.com/entity-services">/(es:envelope|envelope)/(es:instance|instance)/Client/phone</search:path-index>
    </search:range>
    <search:range type="xs:int" facet="true">
      <search:path-index xmlns:es="http://marklogic.com/entity-services">/(es:envelope|envelope)/(es:instance|instance)/Client/pin</search:path-index>
    </search:range>
    <search:range type="xs:dateTime" facet="true">
      <search:path-index xmlns:es="http://marklogic.com/entity-services">/(es:envelope|envelope)/(es:instance|instance)/Client/updated</search:path-index>
    </search:range>
  </search:tuples>
  <!--Uncomment to return no results for a blank search, rather than the default of all results
 <search:term xmlns:search="http://marklogic.com/appservices/search">
  <search:empty apply="no-results"/>
</search:term> 
-->
  <search:values name="uris">
    <search:uri/>
  </search:values>
  <!--Change to 'filtered' to exclude false-positives in certain searches-->
  <search:search-option>unfiltered</search:search-option>
  <!--Modify document extraction to change results returned-->
  <search:extract-document-data selected="include">
    <search:extract-path xmlns:es="http://marklogic.com/entity-services">//*:instance/(Address|Customer|Order|Person|Client|Zip|OrderDetails)</search:extract-path>
    <search:extract-path xmlns:es="http://marklogic.com/entity-services">/*:envelope/*:headers</search:extract-path>
  </search:extract-document-data>
  <!--Change or remove this additional-query to broaden search beyond entity instance documents-->
  <!--To return facets, change this option to 'true' and edit constraints-->
  <search:return-facets>true</search:return-facets>
  <!--To return snippets, comment out or remove this option-->
  <!--<search:transform-results apply="empty-snippet"></search:transform-results>-->
  <search:transform-results apply="snippet">
    <per-match-tokens>30</per-match-tokens>
    <max-matches>4</max-matches>
    <max-snippet-chars>200</max-snippet-chars>
  </search:transform-results>
</search:options>