<search:options xml:lang="zxx" xmlns:search="http://marklogic.com/appservices/search">
  <search:constraint name="Collection">
    <search:collection/>
  </search:constraint>
  <search:constraint name="createdByJob">
    <search:value>
      <search:field name="datahubCreatedByJob"/>
    </search:value>
  </search:constraint>
  <search:constraint name="createdByStep">
    <search:value>
      <search:field name="datahubCreatedByStep"/>
    </search:value>
  </search:constraint>
  <search:constraint name="entity-type">
    <search:value>
      <search:element ns="http://marklogic.com/entity-services" name="title"/>
    </search:value>
  </search:constraint>
  <search:constraint name="Address">
    <search:container>
      <search:json-property>Address</search:json-property>
    </search:container>
  </search:constraint>
  <search:constraint name="Address-xml">
    <search:container>
      <search:element ns="" name="Address"/>
    </search:container>
  </search:constraint>
  <search:constraint name="Customer">
    <search:container>
      <search:json-property>Customer</search:json-property>
    </search:container>
  </search:constraint>
  <search:constraint name="Customer-xml">
    <search:container>
      <search:element ns="" name="Customer"/>
    </search:container>
  </search:constraint>
  <search:constraint name="customerId">
    <search:value>
      <search:element ns="" name="customerId"/>
    </search:value>
  </search:constraint>
  <search:constraint name="Customer.customerId">
    <search:range type="xs:decimal" facet="true">
      <search:path-index xmlns:es="http://marklogic.com/entity-services">/(es:envelope|envelope)/(es:instance|instance)/Customer/customerId</search:path-index>
      <search:facet-option>limit=25</search:facet-option>
    </search:range>
  </search:constraint>
  <search:constraint name="Customer.name">
    <search:range type="xs:string" facet="true" collation="http://marklogic.com/collation//S2">
      <search:path-index xmlns:es="http://marklogic.com/entity-services">/(es:envelope|envelope)/(es:instance|instance)/Customer/name</search:path-index>
      <search:facet-option>limit=25</search:facet-option>
    </search:range>
  </search:constraint>
  <search:constraint name="Customer.email">
    <search:range type="xs:string" facet="true" collation="http://marklogic.com/collation//S2">
      <search:path-index xmlns:es="http://marklogic.com/entity-services">/(es:envelope|envelope)/(es:instance|instance)/Customer/email</search:path-index>
      <search:facet-option>limit=25</search:facet-option>
    </search:range>
  </search:constraint>
  <search:constraint name="Customer.pin">
    <search:range type="xs:decimal" facet="true">
      <search:path-index xmlns:es="http://marklogic.com/entity-services">/(es:envelope|envelope)/(es:instance|instance)/Customer/pin</search:path-index>
      <search:facet-option>limit=25</search:facet-option>
    </search:range>
  </search:constraint>
  <search:constraint name="Customer.birthDate">
    <search:range type="xs:date" facet="true">
      <search:path-index xmlns:es="http://marklogic.com/entity-services">/(es:envelope|envelope)/(es:instance|instance)/Customer/birthDate</search:path-index>
      <search:facet-option>limit=25</search:facet-option>
    </search:range>
  </search:constraint>
  <search:constraint name="Order">
    <search:container>
      <search:json-property>Order</search:json-property>
    </search:container>
  </search:constraint>
  <search:constraint name="Order-xml">
    <search:container>
      <search:element ns="" name="Order"/>
    </search:container>
  </search:constraint>
  <search:constraint name="orderId">
    <search:value>
      <search:element ns="" name="orderId"/>
    </search:value>
  </search:constraint>
  <search:constraint name="Person">
    <search:container>
      <search:json-property>Person</search:json-property>
    </search:container>
  </search:constraint>
  <search:constraint name="Person-xml">
    <search:container>
      <search:element ns="" name="Person"/>
    </search:container>
  </search:constraint>
  <search:constraint name="id">
    <search:value>
      <search:element ns="" name="id"/>
    </search:value>
  </search:constraint>
  <search:constraint name="Person.fname">
    <search:range type="xs:string" facet="true" collation="http://marklogic.com/collation//S2">
      <search:path-index xmlns:es="http://marklogic.com/entity-services">/(es:envelope|envelope)/(es:instance|instance)/Person/fname</search:path-index>
      <search:facet-option>limit=25</search:facet-option>
    </search:range>
  </search:constraint>
  <search:constraint name="Person.lname">
    <search:range type="xs:string" facet="true" collation="http://marklogic.com/collation//S2">
      <search:path-index xmlns:es="http://marklogic.com/entity-services">/(es:envelope|envelope)/(es:instance|instance)/Person/lname</search:path-index>
      <search:facet-option>limit=25</search:facet-option>
    </search:range>
  </search:constraint>
  <search:constraint name="Client">
    <search:container>
      <search:json-property>Client</search:json-property>
    </search:container>
  </search:constraint>
  <search:constraint name="Client-xml">
    <search:container>
      <search:element ns="" name="Client"/>
    </search:container>
  </search:constraint>
  <search:constraint name="Client.firstname">
    <search:range type="xs:string" facet="true" collation="http://marklogic.com/collation//S2">
      <search:path-index xmlns:es="http://marklogic.com/entity-services">/(es:envelope|envelope)/(es:instance|instance)/Client/firstname</search:path-index>
      <search:facet-option>limit=25</search:facet-option>
    </search:range>
  </search:constraint>
  <search:constraint name="Client.lastname">
    <search:range type="xs:string" facet="true" collation="http://marklogic.com/collation//S2">
      <search:path-index xmlns:es="http://marklogic.com/entity-services">/(es:envelope|envelope)/(es:instance|instance)/Client/lastname</search:path-index>
      <search:facet-option>limit=25</search:facet-option>
    </search:range>
  </search:constraint>
  <search:constraint name="Client.email">
    <search:range type="xs:string" facet="true" collation="http://marklogic.com/collation//S2">
      <search:path-index xmlns:es="http://marklogic.com/entity-services">/(es:envelope|envelope)/(es:instance|instance)/Client/email</search:path-index>
      <search:facet-option>limit=25</search:facet-option>
    </search:range>
  </search:constraint>
  <search:constraint name="Client.postal">
    <search:range type="xs:string" facet="true" collation="http://marklogic.com/collation//S2">
      <search:path-index xmlns:es="http://marklogic.com/entity-services">/(es:envelope|envelope)/(es:instance|instance)/Client/postal</search:path-index>
      <search:facet-option>limit=25</search:facet-option>
    </search:range>
  </search:constraint>
  <search:constraint name="Client.phone">
    <search:range type="xs:string" facet="true" collation="http://marklogic.com/collation//S2">
      <search:path-index xmlns:es="http://marklogic.com/entity-services">/(es:envelope|envelope)/(es:instance|instance)/Client/phone</search:path-index>
      <search:facet-option>limit=25</search:facet-option>
    </search:range>
  </search:constraint>
  <search:constraint name="Client.pin">
    <search:range type="xs:int" facet="true">
      <search:path-index xmlns:es="http://marklogic.com/entity-services">/(es:envelope|envelope)/(es:instance|instance)/Client/pin</search:path-index>
      <search:facet-option>limit=25</search:facet-option>
    </search:range>
  </search:constraint>
  <search:constraint name="Client.updated">
    <search:range type="xs:dateTime" facet="true">
      <search:path-index xmlns:es="http://marklogic.com/entity-services">/(es:envelope|envelope)/(es:instance|instance)/Client/updated</search:path-index>
      <search:facet-option>limit=25</search:facet-option>
    </search:range>
  </search:constraint>
  <search:constraint name="Zip">
    <search:container>
      <search:json-property>Zip</search:json-property>
    </search:container>
  </search:constraint>
  <search:constraint name="Zip-xml">
    <search:container>
      <search:element ns="" name="Zip"/>
    </search:container>
  </search:constraint>
  <search:constraint name="OrderDetails">
    <search:container>
      <search:json-property>OrderDetails</search:json-property>
    </search:container>
  </search:constraint>
  <search:constraint name="OrderDetails-xml">
    <search:container>
      <search:element ns="" name="OrderDetails"/>
    </search:container>
  </search:constraint>
  <search:tuples name="Customer">
    <search:range type="xs:decimal" facet="true">
      <search:path-index xmlns:es="http://marklogic.com/entity-services">/(es:envelope|envelope)/(es:instance|instance)/Customer/customerId</search:path-index>
    </search:range>
    <search:range type="xs:string" facet="true" collation="http://marklogic.com/collation//S2">
      <search:path-index xmlns:es="http://marklogic.com/entity-services">/(es:envelope|envelope)/(es:instance|instance)/Customer/name</search:path-index>
    </search:range>
    <search:range type="xs:string" facet="true" collation="http://marklogic.com/collation//S2">
      <search:path-index xmlns:es="http://marklogic.com/entity-services">/(es:envelope|envelope)/(es:instance|instance)/Customer/email</search:path-index>
    </search:range>
    <search:range type="xs:decimal" facet="true">
      <search:path-index xmlns:es="http://marklogic.com/entity-services">/(es:envelope|envelope)/(es:instance|instance)/Customer/pin</search:path-index>
    </search:range>
    <search:range type="xs:date" facet="true">
      <search:path-index xmlns:es="http://marklogic.com/entity-services">/(es:envelope|envelope)/(es:instance|instance)/Customer/birthDate</search:path-index>
    </search:range>
  </search:tuples>
  <search:tuples name="Person">
    <search:range type="xs:string" facet="true" collation="http://marklogic.com/collation//S2">
      <search:path-index xmlns:es="http://marklogic.com/entity-services">/(es:envelope|envelope)/(es:instance|instance)/Person/fname</search:path-index>
    </search:range>
    <search:range type="xs:string" facet="true" collation="http://marklogic.com/collation//S2">
      <search:path-index xmlns:es="http://marklogic.com/entity-services">/(es:envelope|envelope)/(es:instance|instance)/Person/lname</search:path-index>
    </search:range>
  </search:tuples>
  <search:tuples name="Client">
    <search:range type="xs:string" facet="true" collation="http://marklogic.com/collation//S2">
      <search:path-index xmlns:es="http://marklogic.com/entity-services">/(es:envelope|envelope)/(es:instance|instance)/Client/firstname</search:path-index>
    </search:range>
    <search:range type="xs:string" facet="true" collation="http://marklogic.com/collation//S2">
      <search:path-index xmlns:es="http://marklogic.com/entity-services">/(es:envelope|envelope)/(es:instance|instance)/Client/lastname</search:path-index>
    </search:range>
    <search:range type="xs:string" facet="true" collation="http://marklogic.com/collation//S2">
      <search:path-index xmlns:es="http://marklogic.com/entity-services">/(es:envelope|envelope)/(es:instance|instance)/Client/email</search:path-index>
    </search:range>
    <search:range type="xs:string" facet="true" collation="http://marklogic.com/collation//S2">
      <search:path-index xmlns:es="http://marklogic.com/entity-services">/(es:envelope|envelope)/(es:instance|instance)/Client/postal</search:path-index>
    </search:range>
    <search:range type="xs:string" facet="true" collation="http://marklogic.com/collation//S2">
      <search:path-index xmlns:es="http://marklogic.com/entity-services">/(es:envelope|envelope)/(es:instance|instance)/Client/phone</search:path-index>
    </search:range>
    <search:range type="xs:int" facet="true">
      <search:path-index xmlns:es="http://marklogic.com/entity-services">/(es:envelope|envelope)/(es:instance|instance)/Client/pin</search:path-index>
    </search:range>
    <search:range type="xs:dateTime" facet="true">
      <search:path-index xmlns:es="http://marklogic.com/entity-services">/(es:envelope|envelope)/(es:instance|instance)/Client/updated</search:path-index>
    </search:range>
  </search:tuples>
  <!--Uncomment to return no results for a blank search, rather than the default of all results
 <search:term xmlns:search="http://marklogic.com/appservices/search">
  <search:empty apply="no-results"/>
</search:term> 
-->
  <search:values name="uris">
    <search:uri/>
  </search:values>
  <!--Change to 'filtered' to exclude false-positives in certain searches-->
  <search:search-option>unfiltered</search:search-option>
  <!--Modify document extraction to change results returned-->
  <search:extract-document-data selected="include">
    <search:extract-path xmlns:es="http://marklogic.com/entity-services">//*:instance/(Address|Customer|Order|Person|Client|Zip|OrderDetails)</search:extract-path>
  </search:extract-document-data>
  <!--Change or remove this additional-query to broaden search beyond entity instance documents-->
  <!--To return facets, change this option to 'true' and edit constraints-->
  <search:return-facets>true</search:return-facets>
  <!--To return snippets, comment out or remove this option-->
  <search:transform-results apply="empty-snippet"/>
</search:options>