{
  "OrderID" : "10254",
  "CustomerID" : "CHOPS",
  "EmployeeID" : "5",
  "OrderDate" : "1996-07-11T08:19:58",
  "RequiredDate" : "1996-08-08T04:13:44",
  "ShippedDate" : "1996-07-23T16:17:06",
  "ShipVia" : "2",
  "Freight" : "22.9800",
  "ShipName" : "Chop-suey Chinese",
  "ShipAddress" : "Hauptstr. 31",
  "ShipCity" : "Bern",
  "ShipRegion" : null,
  "ShipPostalCode" : "3012",
  "ShipCountry" : "Switzerland",
  "OrderDetails" : {
    "OrderDetail" : {
      "ProductID" : "74",
      "UnitPrice" : "8.0000",
      "Quantity" : "21",
      "Discount" : "0"
    }
  }
}