{
  "OrderID" : "10250",
  "CustomerID" : "HANAR",
  "EmployeeID" : "4",
  "OrderDate" : "1996-07-08T16:46:22",
  "RequiredDate" : "1996-08-05T06:26:46",
  "ShippedDate" : "1996-07-12T00:57:04",
  "ShipVia" : "2",
  "Freight" : "65.8300",
  "ShipName" : "Hanari Carnes",
  "ShipAddress" : "Rua do Paço, 67",
  "ShipCity" : "Rio de Janeiro",
  "ShipRegion" : "RJ",
  "ShipPostalCode" : "05454-876",
  "ShipCountry" : "Brazil",
  "OrderDetails" : {
    "OrderDetail" : {
      "ProductID" : "65",
      "UnitPrice" : "16.8000",
      "Quantity" : "15",
      "Discount" : "0.15"
    }
  }
}