{
   "OrderID": "10251",
   "CustomerID": "RAHUL",
   "EmployeeID": "5",
   "OrderDate": "1996-07-04T14:25:55",
   "RequiredDate": "1996-08-01T06:43:44",
   "ShippedDate": "1996-07-16T04:00:12",
   "ShipVia": "3",
   "Freight": "32.3800",
   "ShipName": "Karimnagar",
   "ShipAddress": "59 rue de l'Abbaye",
   "ShipCity": "Karimnagar",
   "ShipRegion": [],
   "ShipPostalCode": "51100",
   "ShipCountry": "France",
   "OrderDetails": [
      {
         "ProductID": "11",
         "UnitPrice": "14.0000",
         "Quantity": "12",
         "Discount": "0"
      },
      {
         "ProductID": "42",
         "UnitPrice": "9.8000",
         "Quantity": "10",
         "Discount": "0"
      },
      {
         "ProductID": "72",
         "UnitPrice": "34.8000",
         "Quantity": "5",
         "Discount": "0"
      }
   ]
}

