{
  "OrderID" : "10257",
  "CustomerID" : "HILAA",
  "EmployeeID" : "4",
  "OrderDate" : "1996-07-16T04:30:55",
  "RequiredDate" : "1996-08-13T15:50:43",
  "ShippedDate" : "1996-07-22T09:45:31",
  "ShipVia" : "3",
  "Freight" : "81.9100",
  "ShipName" : "HILARION-Abastos",
  "ShipAddress" : "Carrera 22 con Ave. Carlos Soublette #8-35",
  "ShipCity" : "San Cristóbal",
  "ShipRegion" : "Táchira",
  "ShipPostalCode" : "5022",
  "ShipCountry" : "Venezuela",
  "OrderDetails" : {
    "OrderDetail" : {
      "ProductID" : "77",
      "UnitPrice" : "10.4000",
      "Quantity" : "15",
      "Discount" : "0"
    }
  }
}