{
  "OrderID" : "10255",
  "CustomerID" : "RICSU",
  "EmployeeID" : "9",
  "OrderDate" : "1996-07-12T00:26:39",
  "RequiredDate" : "1996-08-09T09:02:47",
  "ShippedDate" : "1996-07-15T03:58:12",
  "ShipVia" : "3",
  "Freight" : "148.3300",
  "ShipName" : "Richter Supermarkt",
  "ShipAddress" : "Starenweg 5",
  "ShipCity" : "Genève",
  "ShipRegion" : null,
  "ShipPostalCode" : "1204",
  "ShipCountry" : "Switzerland",
  "OrderDetails" : {
    "OrderDetail" : {
      "ProductID" : "59",
      "UnitPrice" : "44.0000",
      "Quantity" : "30",
      "Discount" : "0"
    }
  }
}