{
  "OrderID" : "10256",
  "CustomerID" : "WELLI",
  "EmployeeID" : "3",
  "OrderDate" : "1996-07-15T02:11:50",
  "RequiredDate" : "1996-08-12T09:52:09",
  "ShippedDate" : "1996-07-17T00:28:30",
  "ShipVia" : "2",
  "Freight" : "13.9700",
  "ShipName" : "Wellington Importadora",
  "ShipAddress" : "Rua do Mercado, 12",
  "ShipCity" : "Resende",
  "ShipRegion" : "SP",
  "ShipPostalCode" : "08737-363",
  "ShipCountry" : "Brazil",
  "OrderDetails" : {
    "OrderDetail" : {
      "ProductID" : "77",
      "UnitPrice" : "10.4000",
      "Quantity" : "12",
      "Discount" : "0"
    }
  }
}