{
  "OrderID" : "10258",
  "CustomerID" : "ERNSH",
  "EmployeeID" : "1",
  "OrderDate" : "1996-07-17T12:24:13",
  "RequiredDate" : "1996-08-14T19:46:38",
  "ShippedDate" : "1996-07-23T21:22:49",
  "ShipVia" : "1",
  "Freight" : "140.5100",
  "ShipName" : "Ernst Handel",
  "ShipAddress" : "Kirchgasse 6",
  "ShipCity" : "Graz",
  "ShipRegion" : null,
  "ShipPostalCode" : "8010",
  "ShipCountry" : "Austria",
  "OrderDetails" : {
    "OrderDetail" : {
      "ProductID" : "32",
      "UnitPrice" : "25.6000",
      "Quantity" : "6",
      "Discount" : "0.2"
    }
  }
}