{
  "OrderID" : "10263",
  "CustomerID" : "ERNSH",
  "EmployeeID" : "9",
  "OrderDate" : "1996-07-23T02:06:13",
  "RequiredDate" : "1996-08-20T23:18:01",
  "ShippedDate" : "1996-07-31T15:44:47",
  "ShipVia" : "3",
  "Freight" : "146.0600",
  "ShipName" : "Ernst Handel",
  "ShipAddress" : "Kirchgasse 6",
  "ShipCity" : "Graz",
  "ShipRegion" : null,
  "ShipPostalCode" : "8010",
  "ShipCountry" : "Austria",
  "OrderDetails" : {
    "OrderDetail" : {
      "ProductID" : "74",
      "UnitPrice" : "8.0000",
      "Quantity" : "36",
      "Discount" : "0.25"
    }
  }
}