{
  "OrderID" : "10269",
  "CustomerID" : "WHITC",
  "EmployeeID" : "5",
  "OrderDate" : "1996-07-31T04:56:18",
  "RequiredDate" : "1996-08-14T13:34:56",
  "ShippedDate" : "1996-08-09T12:00:18",
  "ShipVia" : "1",
  "Freight" : "4.5600",
  "ShipName" : "White Clover Markets",
  "ShipAddress" : "1029 - 12th Ave. S.",
  "ShipCity" : "Seattle",
  "ShipRegion" : "WA",
  "ShipPostalCode" : "98124",
  "ShipCountry" : "USA",
  "OrderDetails" : {
    "OrderDetail" : {
      "ProductID" : "72",
      "UnitPrice" : "27.8000",
      "Quantity" : "20",
      "Discount" : "0.05"
    }
  }
}