{
  "OrderID" : "10261",
  "CustomerID" : "QUEDE",
  "EmployeeID" : "4",
  "OrderDate" : "1996-07-19T04:22:34",
  "RequiredDate" : "1996-08-16T22:57:16",
  "ShippedDate" : "1996-07-30T06:34:33",
  "ShipVia" : "2",
  "Freight" : "3.0500",
  "ShipName" : "Que Delícia",
  "ShipAddress" : "Rua da Panificadora, 12",
  "ShipCity" : "Rio de Janeiro",
  "ShipRegion" : "RJ",
  "ShipPostalCode" : "02389-673",
  "ShipCountry" : "Brazil",
  "OrderDetails" : {
    "OrderDetail" : {
      "ProductID" : "35",
      "UnitPrice" : "14.4000",
      "Quantity" : "20",
      "Discount" : "0"
    }
  }
}