{
  "OrderID" : "10260",
  "CustomerID" : "OTTIK",
  "EmployeeID" : "4",
  "OrderDate" : "1996-07-19T15:56:26",
  "RequiredDate" : "1996-08-16T19:07:44",
  "ShippedDate" : "1996-07-29T05:29:46",
  "ShipVia" : "1",
  "Freight" : "55.0900",
  "ShipName" : "Ottilies Käseladen",
  "ShipAddress" : "Mehrheimerstr. 369",
  "ShipCity" : "Köln",
  "ShipRegion" : null,
  "ShipPostalCode" : "50739",
  "ShipCountry" : "Germany",
  "OrderDetails" : {
    "OrderDetail" : {
      "ProductID" : "70",
      "UnitPrice" : "12.0000",
      "Quantity" : "21",
      "Discount" : "0.25"
    }
  }
}