{
  "OrderID" : "10262",
  "CustomerID" : "RATTC",
  "EmployeeID" : "8",
  "OrderDate" : "1996-07-22T23:18:23",
  "RequiredDate" : "1996-08-19T05:30:29",
  "ShippedDate" : "1996-07-25T07:56:20",
  "ShipVia" : "3",
  "Freight" : "48.2900",
  "ShipName" : "Rattlesnake Canyon Grocery",
  "ShipAddress" : "2817 Milton Dr.",
  "ShipCity" : "Albuquerque",
  "ShipRegion" : "NM",
  "ShipPostalCode" : "87110",
  "ShipCountry" : "USA",
  "OrderDetails" : {
    "OrderDetail" : {
      "ProductID" : "56",
      "UnitPrice" : "30.4000",
      "Quantity" : "2",
      "Discount" : "0"
    }
  }
}