{
  "OrderID" : "10266",
  "CustomerID" : "WARTH",
  "EmployeeID" : "3",
  "OrderDate" : "1996-07-26T15:26:26",
  "RequiredDate" : "1996-09-06T22:28:09",
  "ShippedDate" : "1996-07-31T09:08:23",
  "ShipVia" : "3",
  "Freight" : "25.7300",
  "ShipName" : "Wartian Herkku",
  "ShipAddress" : "Torikatu 38",
  "ShipCity" : "Oulu",
  "ShipRegion" : null,
  "ShipPostalCode" : "90110",
  "ShipCountry" : "Finland",
  "OrderDetails" : {
    "OrderDetail" : {
      "ProductID" : "12",
      "UnitPrice" : "30.4000",
      "Quantity" : "12",
      "Discount" : "0.05"
    }
  }
}