{
  "OrderID" : "10264",
  "CustomerID" : "FOLKO",
  "EmployeeID" : "6",
  "OrderDate" : "1996-07-24T01:42:17",
  "RequiredDate" : "1996-08-21T11:32:17",
  "ShippedDate" : "1996-08-23T20:41:00",
  "ShipVia" : "3",
  "Freight" : "3.6700",
  "ShipName" : "Folk och fä HB",
  "ShipAddress" : "Åkergatan 24",
  "ShipCity" : "Bräcke",
  "ShipRegion" : null,
  "ShipPostalCode" : "S-844 67",
  "ShipCountry" : "Sweden",
  "OrderDetails" : {
    "OrderDetail" : {
      "ProductID" : "41",
      "UnitPrice" : "7.7000",
      "Quantity" : "25",
      "Discount" : "0.15"
    }
  }
}