{
  "OrderID" : "10268",
  "CustomerID" : "GROSR",
  "EmployeeID" : "8",
  "OrderDate" : "1996-07-30T06:29:45",
  "RequiredDate" : "1996-08-27T02:20:47",
  "ShippedDate" : "1996-08-02T11:04:48",
  "ShipVia" : "3",
  "Freight" : "66.2900",
  "ShipName" : "GROSELLA-Restaurante",
  "ShipAddress" : "5ª Ave. Los Palos Grandes",
  "ShipCity" : "Caracas",
  "ShipRegion" : "DF",
  "ShipPostalCode" : "1081",
  "ShipCountry" : "Venezuela",
  "OrderDetails" : {
    "OrderDetail" : {
      "ProductID" : "72",
      "UnitPrice" : "27.8000",
      "Quantity" : "4",
      "Discount" : "0"
    }
  }
}