{
  "OrderID" : "10265",
  "CustomerID" : "BLONP",
  "EmployeeID" : "2",
  "OrderDate" : "1996-07-25T06:08:09",
  "RequiredDate" : "1996-08-22T03:46:40",
  "ShippedDate" : "1996-08-12T09:20:30",
  "ShipVia" : "1",
  "Freight" : "55.2800",
  "ShipName" : "Blondel père et fils",
  "ShipAddress" : "24, place Kléber",
  "ShipCity" : "Strasbourg",
  "ShipRegion" : null,
  "ShipPostalCode" : "67000",
  "ShipCountry" : "France",
  "OrderDetails" : {
    "OrderDetail" : {
      "ProductID" : "70",
      "UnitPrice" : "12.0000",
      "Quantity" : "20",
      "Discount" : "0"
    }
  }
}