{
  "OrderID" : "10271",
  "CustomerID" : "SPLIR",
  "EmployeeID" : "6",
  "OrderDate" : "1996-08-01T22:40:51",
  "RequiredDate" : "1996-08-29T22:39:34",
  "ShippedDate" : "1996-08-30T19:06:49",
  "ShipVia" : "2",
  "Freight" : "4.5400",
  "ShipName" : "Split Rail Beer & Ale",
  "ShipAddress" : "P.O. Box 555",
  "ShipCity" : "Lander",
  "ShipRegion" : "WY",
  "ShipPostalCode" : "82520",
  "ShipCountry" : "USA",
  "OrderDetails" : {
    "OrderDetail" : {
      "ProductID" : "33",
      "UnitPrice" : "2.0000",
      "Quantity" : "24",
      "Discount" : "0"
    }
  }
}