{
  "OrderID" : "10276",
  "CustomerID" : "TORTU",
  "EmployeeID" : "8",
  "OrderDate" : "1996-08-08T05:43:39",
  "RequiredDate" : "1996-08-22T19:46:50",
  "ShippedDate" : "1996-08-14T05:47:19",
  "ShipVia" : "3",
  "Freight" : "13.8400",
  "ShipName" : "Tortuga Restaurante",
  "ShipAddress" : "Avda. Azteca 123",
  "ShipCity" : "México D.F.",
  "ShipRegion" : null,
  "ShipPostalCode" : "05033",
  "ShipCountry" : "Mexico",
  "OrderDetails" : {
    "OrderDetail" : {
      "ProductID" : "13",
      "UnitPrice" : "4.8000",
      "Quantity" : "10",
      "Discount" : "0"
    }
  }
}