{
  "OrderID" : "10272",
  "CustomerID" : "RATTC",
  "EmployeeID" : "6",
  "OrderDate" : "1996-08-02T17:32:05",
  "RequiredDate" : "1996-08-30T15:27:24",
  "ShippedDate" : "1996-08-06T08:13:10",
  "ShipVia" : "2",
  "Freight" : "98.0300",
  "ShipName" : "Rattlesnake Canyon Grocery",
  "ShipAddress" : "2817 Milton Dr.",
  "ShipCity" : "Albuquerque",
  "ShipRegion" : "NM",
  "ShipPostalCode" : "87110",
  "ShipCountry" : "USA",
  "OrderDetails" : {
    "OrderDetail" : {
      "ProductID" : "72",
      "UnitPrice" : "27.8000",
      "Quantity" : "24",
      "Discount" : "0"
    }
  }
}