{
  "OrderID" : "10278",
  "CustomerID" : "BERGS",
  "EmployeeID" : "8",
  "OrderDate" : "1996-08-12T09:23:19",
  "RequiredDate" : "1996-09-09T01:18:53",
  "ShippedDate" : "1996-08-16T00:22:58",
  "ShipVia" : "2",
  "Freight" : "92.6900",
  "ShipName" : "Berglunds snabbköp",
  "ShipAddress" : "Berguvsvägen  8",
  "ShipCity" : "Luleå",
  "ShipRegion" : null,
  "ShipPostalCode" : "S-958 22",
  "ShipCountry" : "Sweden",
  "OrderDetails" : {
    "OrderDetail" : {
      "ProductID" : "73",
      "UnitPrice" : "12.0000",
      "Quantity" : "25",
      "Discount" : "0"
    }
  }
}