{
  "OrderID" : "10270",
  "CustomerID" : "WARTH",
  "EmployeeID" : "1",
  "OrderDate" : "1996-08-01T08:07:13",
  "RequiredDate" : "1996-08-29T03:04:24",
  "ShippedDate" : "1996-08-02T21:18:29",
  "ShipVia" : "1",
  "Freight" : "136.5400",
  "ShipName" : "Wartian Herkku",
  "ShipAddress" : "Torikatu 38",
  "ShipCity" : "Oulu",
  "ShipRegion" : null,
  "ShipPostalCode" : "90110",
  "ShipCountry" : "Finland",
  "OrderDetails" : {
    "OrderDetail" : {
      "ProductID" : "43",
      "UnitPrice" : "36.8000",
      "Quantity" : "25",
      "Discount" : "0"
    }
  }
}