{
  "OrderID" : "10277",
  "CustomerID" : "MORGK",
  "EmployeeID" : "2",
  "OrderDate" : "1996-08-09T21:49:38",
  "RequiredDate" : "1996-09-06T14:02:33",
  "ShippedDate" : "1996-08-13T12:09:56",
  "ShipVia" : "3",
  "Freight" : "125.7700",
  "ShipName" : "Morgenstern Gesundkost",
  "ShipAddress" : "Heerstr. 22",
  "ShipCity" : "Leipzig",
  "ShipRegion" : null,
  "ShipPostalCode" : "04179",
  "ShipCountry" : "Germany",
  "OrderDetails" : {
    "OrderDetail" : {
      "ProductID" : "62",
      "UnitPrice" : "39.4000",
      "Quantity" : "12",
      "Discount" : "0"
    }
  }
}