{
  "OrderID" : "10285",
  "CustomerID" : "QUICK",
  "EmployeeID" : "1",
  "OrderDate" : "1996-08-20T18:09:08",
  "RequiredDate" : "1996-09-17T15:35:17",
  "ShippedDate" : "1996-08-26T21:40:30",
  "ShipVia" : "2",
  "Freight" : "76.8300",
  "ShipName" : "QUICK-Stop",
  "ShipAddress" : "Taucherstraße 10",
  "ShipCity" : "Cunewalde",
  "ShipRegion" : null,
  "ShipPostalCode" : "01307",
  "ShipCountry" : "Germany",
  "OrderDetails" : {
    "OrderDetail" : {
      "ProductID" : "53",
      "UnitPrice" : "26.2000",
      "Quantity" : "36",
      "Discount" : "0.2"
    }
  }
}