{
  "OrderID" : "10282",
  "CustomerID" : "ROMEY",
  "EmployeeID" : "4",
  "OrderDate" : "1996-08-15T03:09:24",
  "RequiredDate" : "1996-09-12T18:47:24",
  "ShippedDate" : "1996-08-21T20:20:26",
  "ShipVia" : "1",
  "Freight" : "12.6900",
  "ShipName" : "Romero y tomillo",
  "ShipAddress" : "Gran Vía, 1",
  "ShipCity" : "Madrid",
  "ShipRegion" : null,
  "ShipPostalCode" : "28001",
  "ShipCountry" : "Spain",
  "OrderDetails" : {
    "OrderDetail" : {
      "ProductID" : "57",
      "UnitPrice" : "15.6000",
      "Quantity" : "2",
      "Discount" : "0"
    }
  }
}