{
  "OrderID" : "10283",
  "CustomerID" : "LILAS",
  "EmployeeID" : "3",
  "OrderDate" : "1996-08-16T01:45:49",
  "RequiredDate" : "1996-09-13T08:46:20",
  "ShippedDate" : "1996-08-23T04:05:19",
  "ShipVia" : "3",
  "Freight" : "84.8100",
  "ShipName" : "LILA-Supermercado",
  "ShipAddress" : "Carrera 52 con Ave. Bolívar #65-98 Llano Largo",
  "ShipCity" : "Barquisimeto",
  "ShipRegion" : "Lara",
  "ShipPostalCode" : "3508",
  "ShipCountry" : "Venezuela",
  "OrderDetails" : {
    "OrderDetail" : {
      "ProductID" : "72",
      "UnitPrice" : "27.8000",
      "Quantity" : "3",
      "Discount" : "0"
    }
  }
}