{
  "OrderID" : "10288",
  "CustomerID" : "REGGC",
  "EmployeeID" : "4",
  "OrderDate" : "1996-08-23T02:13:47",
  "RequiredDate" : "1996-09-20T12:32:30",
  "ShippedDate" : "1996-09-03T09:05:11",
  "ShipVia" : "1",
  "Freight" : "7.4500",
  "ShipName" : "Reggiani Caseifici",
  "ShipAddress" : "Strada Provinciale 124",
  "ShipCity" : "Reggio Emilia",
  "ShipRegion" : null,
  "ShipPostalCode" : "42100",
  "ShipCountry" : "Italy",
  "OrderDetails" : {
    "OrderDetail" : {
      "ProductID" : "68",
      "UnitPrice" : "10.0000",
      "Quantity" : "3",
      "Discount" : "0.1"
    }
  }
}