{
  "OrderID" : "10281",
  "CustomerID" : "ROMEY",
  "EmployeeID" : "4",
  "OrderDate" : "1996-08-14T17:20:11",
  "RequiredDate" : "1996-08-28T17:12:34",
  "ShippedDate" : "1996-08-21T12:41:22",
  "ShipVia" : "1",
  "Freight" : "2.9400",
  "ShipName" : "Romero y tomillo",
  "ShipAddress" : "Gran Vía, 1",
  "ShipCity" : "Madrid",
  "ShipRegion" : null,
  "ShipPostalCode" : "28001",
  "ShipCountry" : "Spain",
  "OrderDetails" : {
    "OrderDetail" : {
      "ProductID" : "35",
      "UnitPrice" : "14.4000",
      "Quantity" : "4",
      "Discount" : "0"
    }
  }
}