{
  "OrderID" : "10284",
  "CustomerID" : "LEHMS",
  "EmployeeID" : "4",
  "OrderDate" : "1996-08-19T14:49:15",
  "RequiredDate" : "1996-09-16T21:20:52",
  "ShippedDate" : "1996-08-27T04:16:01",
  "ShipVia" : "1",
  "Freight" : "76.5600",
  "ShipName" : "Lehmanns Marktstand",
  "ShipAddress" : "Magazinweg 7",
  "ShipCity" : "Frankfurt a.M.",
  "ShipRegion" : null,
  "ShipPostalCode" : "60528",
  "ShipCountry" : "Germany",
  "OrderDetails" : {
    "OrderDetail" : {
      "ProductID" : "67",
      "UnitPrice" : "11.2000",
      "Quantity" : "5",
      "Discount" : "0.25"
    }
  }
}