{
  "OrderID" : "10289",
  "CustomerID" : "BSBEV",
  "EmployeeID" : "7",
  "OrderDate" : "1996-08-26T07:24:10",
  "RequiredDate" : "1996-09-23T13:27:06",
  "ShippedDate" : "1996-08-28T19:15:26",
  "ShipVia" : "3",
  "Freight" : "22.7700",
  "ShipName" : "B's Beverages",
  "ShipAddress" : "Fauntleroy Circus",
  "ShipCity" : "London",
  "ShipRegion" : null,
  "ShipPostalCode" : "EC2 5NT",
  "ShipCountry" : "UK",
  "OrderDetails" : {
    "OrderDetail" : {
      "ProductID" : "64",
      "UnitPrice" : "26.6000",
      "Quantity" : "9",
      "Discount" : "0"
    }
  }
}