{
  "OrderID" : "10280",
  "CustomerID" : "BERGS",
  "EmployeeID" : "2",
  "OrderDate" : "1996-08-14T09:48:20",
  "RequiredDate" : "1996-09-11T13:07:24",
  "ShippedDate" : "1996-09-12T16:25:42",
  "ShipVia" : "1",
  "Freight" : "8.9800",
  "ShipName" : "Berglunds snabbköp",
  "ShipAddress" : "Berguvsvägen  8",
  "ShipCity" : "Luleå",
  "ShipRegion" : null,
  "ShipPostalCode" : "S-958 22",
  "ShipCountry" : "Sweden",
  "OrderDetails" : {
    "OrderDetail" : {
      "ProductID" : "75",
      "UnitPrice" : "6.2000",
      "Quantity" : "30",
      "Discount" : "0"
    }
  }
}