{
  "OrderID" : "10286",
  "CustomerID" : "QUICK",
  "EmployeeID" : "8",
  "OrderDate" : "1996-08-21T22:38:01",
  "RequiredDate" : "1996-09-18T22:41:46",
  "ShippedDate" : "1996-08-30T23:36:39",
  "ShipVia" : "3",
  "Freight" : "229.2400",
  "ShipName" : "QUICK-Stop",
  "ShipAddress" : "Taucherstraße 10",
  "ShipCity" : "Cunewalde",
  "ShipRegion" : null,
  "ShipPostalCode" : "01307",
  "ShipCountry" : "Germany",
  "OrderDetails" : {
    "OrderDetail" : {
      "ProductID" : "62",
      "UnitPrice" : "39.4000",
      "Quantity" : "40",
      "Discount" : "0"
    }
  }
}