{
  "OrderID" : "10295",
  "CustomerID" : "VINET",
  "EmployeeID" : "2",
  "OrderDate" : "1996-09-02T13:16:01",
  "RequiredDate" : "1996-09-30T12:07:39",
  "ShippedDate" : "1996-09-10T15:06:50",
  "ShipVia" : "2",
  "Freight" : "1.1500",
  "ShipName" : "Vins et alcools Chevalier",
  "ShipAddress" : "59 rue de l'Abbaye",
  "ShipCity" : "Reims",
  "ShipRegion" : null,
  "ShipPostalCode" : "51100",
  "ShipCountry" : "France",
  "OrderDetails" : {
    "OrderDetail" : {
      "ProductID" : "56",
      "UnitPrice" : "30.4000",
      "Quantity" : "4",
      "Discount" : "0"
    }
  }
}