{
  "OrderID" : "10292",
  "CustomerID" : "TRADH",
  "EmployeeID" : "1",
  "OrderDate" : "1996-08-28T17:23:05",
  "RequiredDate" : "1996-09-25T12:32:36",
  "ShippedDate" : "1996-09-02T14:39:12",
  "ShipVia" : "2",
  "Freight" : "1.3500",
  "ShipName" : "Tradiçao Hipermercados",
  "ShipAddress" : "Av. Inês de Castro, 414",
  "ShipCity" : "Sao Paulo",
  "ShipRegion" : "SP",
  "ShipPostalCode" : "05634-030",
  "ShipCountry" : "Brazil",
  "OrderDetails" : {
    "OrderDetail" : {
      "ProductID" : "20",
      "UnitPrice" : "64.8000",
      "Quantity" : "20",
      "Discount" : "0"
    }
  }
}