{
  "OrderID" : "10291",
  "CustomerID" : "QUEDE",
  "EmployeeID" : "6",
  "OrderDate" : "1996-08-27T11:54:37",
  "RequiredDate" : "1996-09-24T00:23:39",
  "ShippedDate" : "1996-09-04T10:46:26",
  "ShipVia" : "2",
  "Freight" : "6.4000",
  "ShipName" : "Que Delícia",
  "ShipAddress" : "Rua da Panificadora, 12",
  "ShipCity" : "Rio de Janeiro",
  "ShipRegion" : "RJ",
  "ShipPostalCode" : "02389-673",
  "ShipCountry" : "Brazil",
  "OrderDetails" : {
    "OrderDetail" : {
      "ProductID" : "51",
      "UnitPrice" : "42.4000",
      "Quantity" : "2",
      "Discount" : "0.1"
    }
  }
}