{
  "OrderID" : "10294",
  "CustomerID" : "RATTC",
  "EmployeeID" : "4",
  "OrderDate" : "1996-08-30T17:37:18",
  "RequiredDate" : "1996-09-27T01:18:14",
  "ShippedDate" : "1996-09-05T14:54:09",
  "ShipVia" : "2",
  "Freight" : "147.2600",
  "ShipName" : "Rattlesnake Canyon Grocery",
  "ShipAddress" : "2817 Milton Dr.",
  "ShipCity" : "Albuquerque",
  "ShipRegion" : "NM",
  "ShipPostalCode" : "87110",
  "ShipCountry" : "USA",
  "OrderDetails" : {
    "OrderDetail" : {
      "ProductID" : "75",
      "UnitPrice" : "6.2000",
      "Quantity" : "6",
      "Discount" : "0"
    }
  }
}