{
  "OrderID" : "10293",
  "CustomerID" : "TORTU",
  "EmployeeID" : "1",
  "OrderDate" : "1996-08-29T11:19:54",
  "RequiredDate" : "1996-09-26T10:01:15",
  "ShippedDate" : "1996-09-11T16:55:15",
  "ShipVia" : "3",
  "Freight" : "21.1800",
  "ShipName" : "Tortuga Restaurante",
  "ShipAddress" : "Avda. Azteca 123",
  "ShipCity" : "México D.F.",
  "ShipRegion" : null,
  "ShipPostalCode" : "05033",
  "ShipCountry" : "Mexico",
  "OrderDetails" : {
    "OrderDetail" : {
      "ProductID" : "75",
      "UnitPrice" : "6.2000",
      "Quantity" : "6",
      "Discount" : "0"
    }
  }
}