{
  "OrderID" : "10290",
  "CustomerID" : "COMMI",
  "EmployeeID" : "8",
  "OrderDate" : "1996-08-27T07:39:07",
  "RequiredDate" : "1996-09-24T11:54:42",
  "ShippedDate" : "1996-09-03T05:18:53",
  "ShipVia" : "1",
  "Freight" : "79.7000",
  "ShipName" : "Comércio Mineiro",
  "ShipAddress" : "Av. dos Lusíadas, 23",
  "ShipCity" : "Sao Paulo",
  "ShipRegion" : "SP",
  "ShipPostalCode" : "05432-043",
  "ShipCountry" : "Brazil",
  "OrderDetails" : {
    "OrderDetail" : {
      "ProductID" : "77",
      "UnitPrice" : "10.4000",
      "Quantity" : "10",
      "Discount" : "0"
    }
  }
}