{
  "OrderID" : "10297",
  "CustomerID" : "BLONP",
  "EmployeeID" : "5",
  "OrderDate" : "1996-09-04T23:00:53",
  "RequiredDate" : "1996-10-16T08:20:27",
  "ShippedDate" : "1996-09-10T09:40:08",
  "ShipVia" : "2",
  "Freight" : "5.7400",
  "ShipName" : "Blondel père et fils",
  "ShipAddress" : "24, place Kléber",
  "ShipCity" : "Strasbourg",
  "ShipRegion" : null,
  "ShipPostalCode" : "67000",
  "ShipCountry" : "France",
  "OrderDetails" : {
    "OrderDetail" : {
      "ProductID" : "72",
      "UnitPrice" : "27.8000",
      "Quantity" : "20",
      "Discount" : "0"
    }
  }
}