{
  "OrderID" : "10298",
  "CustomerID" : "HUNGO",
  "EmployeeID" : "6",
  "OrderDate" : "1996-09-05T03:37:05",
  "RequiredDate" : "1996-10-03T20:51:36",
  "ShippedDate" : "1996-09-11T10:02:22",
  "ShipVia" : "2",
  "Freight" : "168.2200",
  "ShipName" : "Hungry Owl All-Night Grocers",
  "ShipAddress" : "8 Johnstown Road",
  "ShipCity" : "Cork",
  "ShipRegion" : "Co. Cork",
  "ShipPostalCode" : null,
  "ShipCountry" : "Ireland",
  "OrderDetails" : {
    "OrderDetail" : {
      "ProductID" : "62",
      "UnitPrice" : "39.4000",
      "Quantity" : "15",
      "Discount" : "0"
    }
  }
}