{
  "OrderID" : "10305",
  "CustomerID" : "OLDWO",
  "EmployeeID" : "8",
  "OrderDate" : "1996-09-13T10:37:52",
  "RequiredDate" : "1996-10-11T18:42:16",
  "ShippedDate" : "1996-10-09T10:38:48",
  "ShipVia" : "3",
  "Freight" : "257.6200",
  "ShipName" : "Old World Delicatessen",
  "ShipAddress" : "2743 Bering St.",
  "ShipCity" : "Anchorage",
  "ShipRegion" : "AK",
  "ShipPostalCode" : "99508",
  "ShipCountry" : "USA",
  "OrderDetails" : {
    "OrderDetail" : {
      "ProductID" : "39",
      "UnitPrice" : "14.4000",
      "Quantity" : "30",
      "Discount" : "0.1"
    }
  }
}