{
  "OrderID" : "10309",
  "CustomerID" : "HUNGO",
  "EmployeeID" : "3",
  "OrderDate" : "1996-09-19T20:02:00",
  "RequiredDate" : "1996-10-17T22:33:16",
  "ShippedDate" : "1996-10-23T04:07:35",
  "ShipVia" : "1",
  "Freight" : "47.3000",
  "ShipName" : "Hungry Owl All-Night Grocers",
  "ShipAddress" : "8 Johnstown Road",
  "ShipCity" : "Cork",
  "ShipRegion" : "Co. Cork",
  "ShipPostalCode" : null,
  "ShipCountry" : "Ireland",
  "OrderDetails" : {
    "OrderDetail" : {
      "ProductID" : "71",
      "UnitPrice" : "17.2000",
      "Quantity" : "3",
      "Discount" : "0"
    }
  }
}