{
  "OrderID" : "10307",
  "CustomerID" : "LONEP",
  "EmployeeID" : "2",
  "OrderDate" : "1996-09-17T17:16:15",
  "RequiredDate" : "1996-10-15T21:13:49",
  "ShippedDate" : "1996-09-25T23:08:24",
  "ShipVia" : "2",
  "Freight" : "0.5600",
  "ShipName" : "Lonesome Pine Restaurant",
  "ShipAddress" : "89 Chiaroscuro Rd.",
  "ShipCity" : "Portland",
  "ShipRegion" : "OR",
  "ShipPostalCode" : "97219",
  "ShipCountry" : "USA",
  "OrderDetails" : {
    "OrderDetail" : {
      "ProductID" : "68",
      "UnitPrice" : "10.0000",
      "Quantity" : "3",
      "Discount" : "0"
    }
  }
}