{
  "OrderID" : "10306",
  "CustomerID" : "ROMEY",
  "EmployeeID" : "1",
  "OrderDate" : "1996-09-16T04:38:08",
  "RequiredDate" : "1996-10-14T22:09:13",
  "ShippedDate" : "1996-09-23T20:26:53",
  "ShipVia" : "3",
  "Freight" : "7.5600",
  "ShipName" : "Romero y tomillo",
  "ShipAddress" : "Gran Vía, 1",
  "ShipCity" : "Madrid",
  "ShipRegion" : null,
  "ShipPostalCode" : "28001",
  "ShipCountry" : "Spain",
  "OrderDetails" : {
    "OrderDetail" : {
      "ProductID" : "54",
      "UnitPrice" : "5.9000",
      "Quantity" : "5",
      "Discount" : "0"
    }
  }
}