{
  "OrderID" : "10302",
  "CustomerID" : "SUPRD",
  "EmployeeID" : "4",
  "OrderDate" : "1996-09-10T18:29:55",
  "RequiredDate" : "1996-10-08T11:04:49",
  "ShippedDate" : "1996-10-09T21:19:43",
  "ShipVia" : "2",
  "Freight" : "6.2700",
  "ShipName" : "Suprêmes délices",
  "ShipAddress" : "Boulevard Tirou, 255",
  "ShipCity" : "Charleroi",
  "ShipRegion" : null,
  "ShipPostalCode" : "B-6000",
  "ShipCountry" : "Belgium",
  "OrderDetails" : {
    "OrderDetail" : {
      "ProductID" : "43",
      "UnitPrice" : "36.8000",
      "Quantity" : "12",
      "Discount" : "0"
    }
  }
}