{
  "OrderID" : "10301",
  "CustomerID" : "WANDK",
  "EmployeeID" : "8",
  "OrderDate" : "1996-09-09T06:11:54",
  "RequiredDate" : "1996-10-07T13:05:26",
  "ShippedDate" : "1996-09-17T12:30:28",
  "ShipVia" : "2",
  "Freight" : "45.0800",
  "ShipName" : "Die Wandernde Kuh",
  "ShipAddress" : "Adenauerallee 900",
  "ShipCity" : "Stuttgart",
  "ShipRegion" : null,
  "ShipPostalCode" : "70563",
  "ShipCountry" : "Germany",
  "OrderDetails" : {
    "OrderDetail" : {
      "ProductID" : "56",
      "UnitPrice" : "30.4000",
      "Quantity" : "20",
      "Discount" : "0"
    }
  }
}