{
  "OrderID" : "10304",
  "CustomerID" : "TORTU",
  "EmployeeID" : "1",
  "OrderDate" : "1996-09-12T09:05:04",
  "RequiredDate" : "1996-10-10T12:35:13",
  "ShippedDate" : "1996-09-17T16:10:49",
  "ShipVia" : "2",
  "Freight" : "63.7900",
  "ShipName" : "Tortuga Restaurante",
  "ShipAddress" : "Avda. Azteca 123",
  "ShipCity" : "México D.F.",
  "ShipRegion" : null,
  "ShipPostalCode" : "05033",
  "ShipCountry" : "Mexico",
  "OrderDetails" : {
    "OrderDetail" : {
      "ProductID" : "71",
      "UnitPrice" : "17.2000",
      "Quantity" : "2",
      "Discount" : "0"
    }
  }
}