{
  "OrderID" : "10311",
  "CustomerID" : "DUMON",
  "EmployeeID" : "1",
  "OrderDate" : "1996-09-20T13:32:23",
  "RequiredDate" : "1996-10-04T01:45:34",
  "ShippedDate" : "1996-09-26T20:00:23",
  "ShipVia" : "3",
  "Freight" : "24.6900",
  "ShipName" : "Du monde entier",
  "ShipAddress" : "67, rue des Cinquante Otages",
  "ShipCity" : "Nantes",
  "ShipRegion" : null,
  "ShipPostalCode" : "44000",
  "ShipCountry" : "France",
  "OrderDetails" : {
    "OrderDetail" : {
      "ProductID" : "69",
      "UnitPrice" : "28.8000",
      "Quantity" : "7",
      "Discount" : "0"
    }
  }
}