{
  "OrderID" : "10319",
  "CustomerID" : "TORTU",
  "EmployeeID" : "7",
  "OrderDate" : "1996-10-02T03:26:43",
  "RequiredDate" : "1996-10-30T04:05:25",
  "ShippedDate" : "1996-10-11T11:28:35",
  "ShipVia" : "3",
  "Freight" : "64.5000",
  "ShipName" : "Tortuga Restaurante",
  "ShipAddress" : "Avda. Azteca 123",
  "ShipCity" : "México D.F.",
  "ShipRegion" : null,
  "ShipPostalCode" : "05033",
  "ShipCountry" : "Mexico",
  "OrderDetails" : {
    "OrderDetail" : {
      "ProductID" : "76",
      "UnitPrice" : "14.4000",
      "Quantity" : "30",
      "Discount" : "0"
    }
  }
}