{
  "OrderID" : "10315",
  "CustomerID" : "ISLAT",
  "EmployeeID" : "4",
  "OrderDate" : "1996-09-26T07:47:15",
  "RequiredDate" : "1996-10-24T10:03:32",
  "ShippedDate" : "1996-10-03T21:15:36",
  "ShipVia" : "2",
  "Freight" : "41.7600",
  "ShipName" : "Island Trading",
  "ShipAddress" : "Garden House Crowther Way",
  "ShipCity" : "Cowes",
  "ShipRegion" : "Isle of Wight",
  "ShipPostalCode" : "PO31 7PJ",
  "ShipCountry" : "UK",
  "OrderDetails" : {
    "OrderDetail" : {
      "ProductID" : "70",
      "UnitPrice" : "12.0000",
      "Quantity" : "30",
      "Discount" : "0"
    }
  }
}