{
  "OrderID" : "10314",
  "CustomerID" : "RATTC",
  "EmployeeID" : "1",
  "OrderDate" : "1996-09-25T11:33:35",
  "RequiredDate" : "1996-10-23T17:21:48",
  "ShippedDate" : "1996-10-04T23:24:51",
  "ShipVia" : "2",
  "Freight" : "74.1600",
  "ShipName" : "Rattlesnake Canyon Grocery",
  "ShipAddress" : "2817 Milton Dr.",
  "ShipCity" : "Albuquerque",
  "ShipRegion" : "NM",
  "ShipPostalCode" : "87110",
  "ShipCountry" : "USA",
  "OrderDetails" : {
    "OrderDetail" : {
      "ProductID" : "62",
      "UnitPrice" : "39.4000",
      "Quantity" : "25",
      "Discount" : "0.1"
    }
  }
}