{
  "OrderID" : "10317",
  "CustomerID" : "LONEP",
  "EmployeeID" : "6",
  "OrderDate" : "1996-09-30T04:35:50",
  "RequiredDate" : "1996-10-28T07:47:06",
  "ShippedDate" : "1996-10-10T21:22:26",
  "ShipVia" : "1",
  "Freight" : "12.6900",
  "ShipName" : "Lonesome Pine Restaurant",
  "ShipAddress" : "89 Chiaroscuro Rd.",
  "ShipCity" : "Portland",
  "ShipRegion" : "OR",
  "ShipPostalCode" : "97219",
  "ShipCountry" : "USA",
  "OrderDetails" : {
    "OrderDetail" : {
      "ProductID" : "1",
      "UnitPrice" : "14.4000",
      "Quantity" : "20",
      "Discount" : "0"
    }
  }
}