{
  "OrderID" : "10310",
  "CustomerID" : "THEBI",
  "EmployeeID" : "8",
  "OrderDate" : "1996-09-20T07:26:54",
  "RequiredDate" : "1996-10-18T20:39:09",
  "ShippedDate" : "1996-09-27T07:57:53",
  "ShipVia" : "2",
  "Freight" : "17.5200",
  "ShipName" : "The Big Cheese",
  "ShipAddress" : "89 Jefferson Way Suite 2",
  "ShipCity" : "Portland",
  "ShipRegion" : "OR",
  "ShipPostalCode" : "97201",
  "ShipCountry" : "USA",
  "OrderDetails" : {
    "OrderDetail" : {
      "ProductID" : "62",
      "UnitPrice" : "39.4000",
      "Quantity" : "5",
      "Discount" : "0"
    }
  }
}