{
  "OrderID" : "10312",
  "CustomerID" : "WANDK",
  "EmployeeID" : "2",
  "OrderDate" : "1996-09-23T22:29:49",
  "RequiredDate" : "1996-10-21T06:55:43",
  "ShippedDate" : "1996-10-03T12:58:24",
  "ShipVia" : "2",
  "Freight" : "40.2600",
  "ShipName" : "Die Wandernde Kuh",
  "ShipAddress" : "Adenauerallee 900",
  "ShipCity" : "Stuttgart",
  "ShipRegion" : null,
  "ShipPostalCode" : "70563",
  "ShipCountry" : "Germany",
  "OrderDetails" : {
    "OrderDetail" : {
      "ProductID" : "75",
      "UnitPrice" : "6.2000",
      "Quantity" : "10",
      "Discount" : "0"
    }
  }
}