{
  "OrderID" : "10318",
  "CustomerID" : "ISLAT",
  "EmployeeID" : "8",
  "OrderDate" : "1996-10-01T19:12:07",
  "RequiredDate" : "1996-10-29T00:16:30",
  "ShippedDate" : "1996-10-04T20:12:10",
  "ShipVia" : "2",
  "Freight" : "4.7300",
  "ShipName" : "Island Trading",
  "ShipAddress" : "Garden House Crowther Way",
  "ShipCity" : "Cowes",
  "ShipRegion" : "Isle of Wight",
  "ShipPostalCode" : "PO31 7PJ",
  "ShipCountry" : "UK",
  "OrderDetails" : {
    "OrderDetail" : {
      "ProductID" : "76",
      "UnitPrice" : "14.4000",
      "Quantity" : "6",
      "Discount" : "0"
    }
  }
}