{
  "OrderID" : "10316",
  "CustomerID" : "RATTC",
  "EmployeeID" : "1",
  "OrderDate" : "1996-09-27T18:03:29",
  "RequiredDate" : "1996-10-25T04:18:39",
  "ShippedDate" : "1996-10-08T17:26:11",
  "ShipVia" : "3",
  "Freight" : "150.1500",
  "ShipName" : "Rattlesnake Canyon Grocery",
  "ShipAddress" : "2817 Milton Dr.",
  "ShipCity" : "Albuquerque",
  "ShipRegion" : "NM",
  "ShipPostalCode" : "87110",
  "ShipCountry" : "USA",
  "OrderDetails" : {
    "OrderDetail" : {
      "ProductID" : "62",
      "UnitPrice" : "39.4000",
      "Quantity" : "70",
      "Discount" : "0"
    }
  }
}