{
  "OrderID" : "10325",
  "CustomerID" : "KOENE",
  "EmployeeID" : "1",
  "OrderDate" : "1996-10-09T04:00:53",
  "RequiredDate" : "1996-10-23T01:03:00",
  "ShippedDate" : "1996-10-14T09:57:43",
  "ShipVia" : "3",
  "Freight" : "64.8600",
  "ShipName" : "Königlich Essen",
  "ShipAddress" : "Maubelstr. 90",
  "ShipCity" : "Brandenburg",
  "ShipRegion" : null,
  "ShipPostalCode" : "14776",
  "ShipCountry" : "Germany",
  "OrderDetails" : {
    "OrderDetail" : {
      "ProductID" : "72",
      "UnitPrice" : "27.8000",
      "Quantity" : "40",
      "Discount" : "0"
    }
  }
}