{
  "OrderID" : "10321",
  "CustomerID" : "ISLAT",
  "EmployeeID" : "3",
  "OrderDate" : "1996-10-03T00:00:00",
  "RequiredDate" : "1996-10-31T03:32:39",
  "ShippedDate" : "1996-10-11T02:05:02",
  "ShipVia" : "2",
  "Freight" : "3.4300",
  "ShipName" : "Island Trading",
  "ShipAddress" : "Garden House Crowther Way",
  "ShipCity" : "Cowes",
  "ShipRegion" : "Isle of Wight",
  "ShipPostalCode" : "PO31 7PJ",
  "ShipCountry" : "UK",
  "OrderDetails" : {
    "OrderDetail" : {
      "ProductID" : "35",
      "UnitPrice" : "14.4000",
      "Quantity" : "10",
      "Discount" : "0"
    }
  }
}