{
  "OrderID" : "10322",
  "CustomerID" : "PERIC",
  "EmployeeID" : "7",
  "OrderDate" : "1996-10-04T11:43:45",
  "RequiredDate" : "1996-11-01T23:18:05",
  "ShippedDate" : "1996-10-23T12:34:58",
  "ShipVia" : "3",
  "Freight" : "0.4000",
  "ShipName" : "Pericles Comidas clásicas",
  "ShipAddress" : "Calle Dr. Jorge Cash 321",
  "ShipCity" : "México D.F.",
  "ShipRegion" : null,
  "ShipPostalCode" : "05033",
  "ShipCountry" : "Mexico",
  "OrderDetails" : {
    "OrderDetail" : {
      "ProductID" : "52",
      "UnitPrice" : "5.6000",
      "Quantity" : "20",
      "Discount" : "0"
    }
  }
}