{
  "OrderID" : "10320",
  "CustomerID" : "WARTH",
  "EmployeeID" : "5",
  "OrderDate" : "1996-10-03T04:17:14",
  "RequiredDate" : "1996-10-17T22:58:54",
  "ShippedDate" : "1996-10-18T15:45:48",
  "ShipVia" : "3",
  "Freight" : "34.5700",
  "ShipName" : "Wartian Herkku",
  "ShipAddress" : "Torikatu 38",
  "ShipCity" : "Oulu",
  "ShipRegion" : null,
  "ShipPostalCode" : "90110",
  "ShipCountry" : "Finland",
  "OrderDetails" : {
    "OrderDetail" : {
      "ProductID" : "71",
      "UnitPrice" : "17.2000",
      "Quantity" : "30",
      "Discount" : "0"
    }
  }
}