{
  "OrderID" : "10336",
  "CustomerID" : "PRINI",
  "EmployeeID" : "7",
  "OrderDate" : "1996-10-23T13:35:45",
  "RequiredDate" : "1996-11-20T08:57:23",
  "ShippedDate" : "1996-10-25T09:57:34",
  "ShipVia" : "2",
  "Freight" : "15.5100",
  "ShipName" : "Princesa Isabel Vinhos",
  "ShipAddress" : "Estrada da saúde n. 58",
  "ShipCity" : "Lisboa",
  "ShipRegion" : null,
  "ShipPostalCode" : "1756",
  "ShipCountry" : "Portugal",
  "OrderDetails" : {
    "OrderDetail" : {
      "ProductID" : "4",
      "UnitPrice" : "17.6000",
      "Quantity" : "18",
      "Discount" : "0.1"
    }
  }
}