{
  "OrderID" : "10334",
  "CustomerID" : "VICTE",
  "EmployeeID" : "8",
  "OrderDate" : "1996-10-21T17:00:02",
  "RequiredDate" : "1996-11-18T04:28:51",
  "ShippedDate" : "1996-10-28T04:51:48",
  "ShipVia" : "2",
  "Freight" : "8.5600",
  "ShipName" : "Victuailles en stock",
  "ShipAddress" : "2, rue du Commerce",
  "ShipCity" : "Lyon",
  "ShipRegion" : null,
  "ShipPostalCode" : "69004",
  "ShipCountry" : "France",
  "OrderDetails" : {
    "OrderDetail" : {
      "ProductID" : "68",
      "UnitPrice" : "10.0000",
      "Quantity" : "10",
      "Discount" : "0"
    }
  }
}