{
  "OrderID" : "10335",
  "CustomerID" : "HUNGO",
  "EmployeeID" : "7",
  "OrderDate" : "1996-10-22T04:02:54",
  "RequiredDate" : "1996-11-19T19:41:28",
  "ShippedDate" : "1996-10-24T03:13:04",
  "ShipVia" : "2",
  "Freight" : "42.1100",
  "ShipName" : "Hungry Owl All-Night Grocers",
  "ShipAddress" : "8 Johnstown Road",
  "ShipCity" : "Cork",
  "ShipRegion" : "Co. Cork",
  "ShipPostalCode" : null,
  "ShipCountry" : "Ireland",
  "OrderDetails" : {
    "OrderDetail" : {
      "ProductID" : "51",
      "UnitPrice" : "42.4000",
      "Quantity" : "48",
      "Discount" : "0.2"
    }
  }
}