{
  "OrderID" : "10339",
  "CustomerID" : "MEREP",
  "EmployeeID" : "2",
  "OrderDate" : "1996-10-28T21:57:06",
  "RequiredDate" : "1996-11-25T01:12:49",
  "ShippedDate" : "1996-11-04T21:46:51",
  "ShipVia" : "2",
  "Freight" : "15.6600",
  "ShipName" : "Mère Paillarde",
  "ShipAddress" : "43 rue St. Laurent",
  "ShipCity" : "Montréal",
  "ShipRegion" : "Québec",
  "ShipPostalCode" : "H1J 1C3",
  "ShipCountry" : "Canada",
  "OrderDetails" : {
    "OrderDetail" : {
      "ProductID" : "62",
      "UnitPrice" : "39.4000",
      "Quantity" : "28",
      "Discount" : "0"
    }
  }
}