{
  "OrderID" : "10333",
  "CustomerID" : "WARTH",
  "EmployeeID" : "5",
  "OrderDate" : "1996-10-18T18:47:31",
  "RequiredDate" : "1996-11-15T08:04:57",
  "ShippedDate" : "1996-10-25T08:27:51",
  "ShipVia" : "3",
  "Freight" : "0.5900",
  "ShipName" : "Wartian Herkku",
  "ShipAddress" : "Torikatu 38",
  "ShipCity" : "Oulu",
  "ShipRegion" : null,
  "ShipPostalCode" : "90110",
  "ShipCountry" : "Finland",
  "OrderDetails" : {
    "OrderDetail" : {
      "ProductID" : "71",
      "UnitPrice" : "17.2000",
      "Quantity" : "40",
      "Discount" : "0.1"
    }
  }
}