{
  "OrderID" : "10331",
  "CustomerID" : "BONAP",
  "EmployeeID" : "9",
  "OrderDate" : "1996-10-16T00:29:21",
  "RequiredDate" : "1996-11-27T01:28:09",
  "ShippedDate" : "1996-10-21T19:33:40",
  "ShipVia" : "1",
  "Freight" : "10.1900",
  "ShipName" : "Bon app'",
  "ShipAddress" : "12, rue des Bouchers",
  "ShipCity" : "Marseille",
  "ShipRegion" : null,
  "ShipPostalCode" : "13008",
  "ShipCountry" : "France",
  "OrderDetails" : {
    "OrderDetail" : {
      "ProductID" : "54",
      "UnitPrice" : "5.9000",
      "Quantity" : "15",
      "Discount" : "0"
    }
  }
}