{
  "OrderID" : "10338",
  "CustomerID" : "OLDWO",
  "EmployeeID" : "4",
  "OrderDate" : "1996-10-25T15:11:05",
  "RequiredDate" : "1996-11-22T01:19:23",
  "ShippedDate" : "1996-10-29T06:37:48",
  "ShipVia" : "3",
  "Freight" : "84.2100",
  "ShipName" : "Old World Delicatessen",
  "ShipAddress" : "2743 Bering St.",
  "ShipCity" : "Anchorage",
  "ShipRegion" : "AK",
  "ShipPostalCode" : "99508",
  "ShipCountry" : "USA",
  "OrderDetails" : {
    "OrderDetail" : {
      "ProductID" : "30",
      "UnitPrice" : "20.7000",
      "Quantity" : "15",
      "Discount" : "0"
    }
  }
}