{
  "OrderID" : "10332",
  "CustomerID" : "MEREP",
  "EmployeeID" : "3",
  "OrderDate" : "1996-10-17T08:34:54",
  "RequiredDate" : "1996-11-28T12:15:05",
  "ShippedDate" : "1996-10-21T20:50:46",
  "ShipVia" : "2",
  "Freight" : "52.8400",
  "ShipName" : "Mère Paillarde",
  "ShipAddress" : "43 rue St. Laurent",
  "ShipCity" : "Montréal",
  "ShipRegion" : "Québec",
  "ShipPostalCode" : "H1J 1C3",
  "ShipCountry" : "Canada",
  "OrderDetails" : {
    "OrderDetail" : {
      "ProductID" : "47",
      "UnitPrice" : "7.6000",
      "Quantity" : "16",
      "Discount" : "0.2"
    }
  }
}