{
  "OrderID" : "10346",
  "CustomerID" : "RATTC",
  "EmployeeID" : "3",
  "OrderDate" : "1996-11-05T14:41:16",
  "RequiredDate" : "1996-12-17T16:03:15",
  "ShippedDate" : "1996-11-08T11:47:44",
  "ShipVia" : "3",
  "Freight" : "142.0800",
  "ShipName" : "Rattlesnake Canyon Grocery",
  "ShipAddress" : "2817 Milton Dr.",
  "ShipCity" : "Albuquerque",
  "ShipRegion" : "NM",
  "ShipPostalCode" : "87110",
  "ShipCountry" : "USA",
  "OrderDetails" : {
    "OrderDetail" : {
      "ProductID" : "56",
      "UnitPrice" : "30.4000",
      "Quantity" : "20",
      "Discount" : "0"
    }
  }
}