{
  "OrderID" : "10342",
  "CustomerID" : "FRANK",
  "EmployeeID" : "4",
  "OrderDate" : "1996-10-30T23:30:15",
  "RequiredDate" : "1996-11-13T09:06:19",
  "ShippedDate" : "1996-11-04T13:30:00",
  "ShipVia" : "2",
  "Freight" : "54.8300",
  "ShipName" : "Frankenversand",
  "ShipAddress" : "Berliner Platz 43",
  "ShipCity" : "München",
  "ShipRegion" : null,
  "ShipPostalCode" : "80805",
  "ShipCountry" : "Germany",
  "OrderDetails" : {
    "OrderDetail" : {
      "ProductID" : "55",
      "UnitPrice" : "19.2000",
      "Quantity" : "40",
      "Discount" : "0.2"
    }
  }
}