{
  "OrderID" : "10349",
  "CustomerID" : "SPLIR",
  "EmployeeID" : "7",
  "OrderDate" : "1996-11-08T13:02:34",
  "RequiredDate" : "1996-12-06T18:47:33",
  "ShippedDate" : "1996-11-15T15:32:28",
  "ShipVia" : "1",
  "Freight" : "8.6300",
  "ShipName" : "Split Rail Beer & Ale",
  "ShipAddress" : "P.O. Box 555",
  "ShipCity" : "Lander",
  "ShipRegion" : "WY",
  "ShipPostalCode" : "82520",
  "ShipCountry" : "USA",
  "OrderDetails" : {
    "OrderDetail" : {
      "ProductID" : "54",
      "UnitPrice" : "5.9000",
      "Quantity" : "24",
      "Discount" : "0"
    }
  }
}