{
  "OrderID" : "10348",
  "CustomerID" : "WANDK",
  "EmployeeID" : "4",
  "OrderDate" : "1996-11-07T14:23:44",
  "RequiredDate" : "1996-12-05T09:11:13",
  "ShippedDate" : "1996-11-15T12:05:32",
  "ShipVia" : "2",
  "Freight" : "0.7800",
  "ShipName" : "Die Wandernde Kuh",
  "ShipAddress" : "Adenauerallee 900",
  "ShipCity" : "Stuttgart",
  "ShipRegion" : null,
  "ShipPostalCode" : "70563",
  "ShipCountry" : "Germany",
  "OrderDetails" : {
    "OrderDetail" : {
      "ProductID" : "23",
      "UnitPrice" : "7.2000",
      "Quantity" : "25",
      "Discount" : "0"
    }
  }
}