{
  "OrderID" : "10340",
  "CustomerID" : "BONAP",
  "EmployeeID" : "1",
  "OrderDate" : "1996-10-29T02:22:02",
  "RequiredDate" : "1996-11-26T15:45:29",
  "ShippedDate" : "1996-11-08T06:25:12",
  "ShipVia" : "3",
  "Freight" : "166.3100",
  "ShipName" : "Bon app'",
  "ShipAddress" : "12, rue des Bouchers",
  "ShipCity" : "Marseille",
  "ShipRegion" : null,
  "ShipPostalCode" : "13008",
  "ShipCountry" : "France",
  "OrderDetails" : {
    "OrderDetail" : {
      "ProductID" : "43",
      "UnitPrice" : "36.8000",
      "Quantity" : "40",
      "Discount" : "0.05"
    }
  }
}