{
  "OrderID" : "10353",
  "CustomerID" : "PICCO",
  "EmployeeID" : "7",
  "OrderDate" : "1996-11-13T03:58:58",
  "RequiredDate" : "1996-12-11T18:44:13",
  "ShippedDate" : "1996-11-25T20:34:38",
  "ShipVia" : "3",
  "Freight" : "360.6300",
  "ShipName" : "Piccolo und mehr",
  "ShipAddress" : "Geislweg 14",
  "ShipCity" : "Salzburg",
  "ShipRegion" : null,
  "ShipPostalCode" : "5020",
  "ShipCountry" : "Austria",
  "OrderDetails" : {
    "OrderDetail" : {
      "ProductID" : "38",
      "UnitPrice" : "210.8000",
      "Quantity" : "50",
      "Discount" : "0.2"
    }
  }
}