{
  "OrderID" : "10355",
  "CustomerID" : "AROUT",
  "EmployeeID" : "6",
  "OrderDate" : "1996-11-15T08:25:34",
  "RequiredDate" : "1996-12-13T22:33:36",
  "ShippedDate" : "1996-11-20T01:09:18",
  "ShipVia" : "1",
  "Freight" : "41.9500",
  "ShipName" : "Around the Horn",
  "ShipAddress" : "Brook Farm Stratford St. Mary",
  "ShipCity" : "Colchester",
  "ShipRegion" : "Essex",
  "ShipPostalCode" : "CO7 6JX",
  "ShipCountry" : "UK",
  "OrderDetails" : {
    "OrderDetail" : {
      "ProductID" : "57",
      "UnitPrice" : "15.6000",
      "Quantity" : "25",
      "Discount" : "0"
    }
  }
}