{
  "OrderID" : "10356",
  "CustomerID" : "WANDK",
  "EmployeeID" : "6",
  "OrderDate" : "1996-11-18T23:20:35",
  "RequiredDate" : "1996-12-16T23:26:08",
  "ShippedDate" : "1996-11-27T04:58:27",
  "ShipVia" : "2",
  "Freight" : "36.7100",
  "ShipName" : "Die Wandernde Kuh",
  "ShipAddress" : "Adenauerallee 900",
  "ShipCity" : "Stuttgart",
  "ShipRegion" : null,
  "ShipPostalCode" : "70563",
  "ShipCountry" : "Germany",
  "OrderDetails" : {
    "OrderDetail" : {
      "ProductID" : "69",
      "UnitPrice" : "28.8000",
      "Quantity" : "20",
      "Discount" : "0"
    }
  }
}