{
  "OrderID" : "10357",
  "CustomerID" : "LILAS",
  "EmployeeID" : "1",
  "OrderDate" : "1996-11-19T02:42:19",
  "RequiredDate" : "1996-12-17T23:16:51",
  "ShippedDate" : "1996-12-02T00:38:41",
  "ShipVia" : "3",
  "Freight" : "34.8800",
  "ShipName" : "LILA-Supermercado",
  "ShipAddress" : "Carrera 52 con Ave. Bolívar #65-98 Llano Largo",
  "ShipCity" : "Barquisimeto",
  "ShipRegion" : "Lara",
  "ShipPostalCode" : "3508",
  "ShipCountry" : "Venezuela",
  "OrderDetails" : {
    "OrderDetail" : {
      "ProductID" : "60",
      "UnitPrice" : "27.2000",
      "Quantity" : "8",
      "Discount" : "0.2"
    }
  }
}