{
  "OrderID" : "10359",
  "CustomerID" : "SEVES",
  "EmployeeID" : "5",
  "OrderDate" : "1996-11-21T04:14:24",
  "RequiredDate" : "1996-12-19T08:41:34",
  "ShippedDate" : "1996-11-26T21:51:14",
  "ShipVia" : "3",
  "Freight" : "288.4300",
  "ShipName" : "Seven Seas Imports",
  "ShipAddress" : "90 Wadhurst Rd.",
  "ShipCity" : "London",
  "ShipRegion" : null,
  "ShipPostalCode" : "OX15 4NB",
  "ShipCountry" : "UK",
  "OrderDetails" : {
    "OrderDetail" : {
      "ProductID" : "60",
      "UnitPrice" : "27.2000",
      "Quantity" : "80",
      "Discount" : "0.05"
    }
  }
}