{
  "OrderID" : "10361",
  "CustomerID" : "QUICK",
  "EmployeeID" : "1",
  "OrderDate" : "1996-11-22T16:21:09",
  "RequiredDate" : "1996-12-20T17:53:53",
  "ShippedDate" : "1996-12-03T22:49:27",
  "ShipVia" : "2",
  "Freight" : "183.1700",
  "ShipName" : "QUICK-Stop",
  "ShipAddress" : "Taucherstraße 10",
  "ShipCity" : "Cunewalde",
  "ShipRegion" : null,
  "ShipPostalCode" : "01307",
  "ShipCountry" : "Germany",
  "OrderDetails" : {
    "OrderDetail" : {
      "ProductID" : "60",
      "UnitPrice" : "27.2000",
      "Quantity" : "55",
      "Discount" : "0.1"
    }
  }
}