{
  "OrderID" : "10360",
  "CustomerID" : "BLONP",
  "EmployeeID" : "4",
  "OrderDate" : "1996-11-22T01:33:01",
  "RequiredDate" : "1996-12-20T03:34:14",
  "ShippedDate" : "1996-12-02T07:03:19",
  "ShipVia" : "3",
  "Freight" : "131.7000",
  "ShipName" : "Blondel père et fils",
  "ShipAddress" : "24, place Kléber",
  "ShipCity" : "Strasbourg",
  "ShipRegion" : null,
  "ShipPostalCode" : "67000",
  "ShipCountry" : "France",
  "OrderDetails" : {
    "OrderDetail" : {
      "ProductID" : "54",
      "UnitPrice" : "5.9000",
      "Quantity" : "28",
      "Discount" : "0"
    }
  }
}