{
  "OrderID" : "10365",
  "CustomerID" : "ANTON",
  "EmployeeID" : "3",
  "OrderDate" : "1996-11-27T08:26:19",
  "RequiredDate" : "1996-12-25T12:26:51",
  "ShippedDate" : "1996-12-02T03:33:39",
  "ShipVia" : "2",
  "Freight" : "22.0000",
  "ShipName" : "Antonio Moreno Taquería",
  "ShipAddress" : "Mataderos  2312",
  "ShipCity" : "México D.F.",
  "ShipRegion" : null,
  "ShipPostalCode" : "05023",
  "ShipCountry" : "Mexico",
  "OrderDetails" : {
    "OrderDetail" : {
      "ProductID" : "11",
      "UnitPrice" : "16.8000",
      "Quantity" : "24",
      "Discount" : "0"
    }
  }
}