{
  "OrderID" : "10366",
  "CustomerID" : "GALED",
  "EmployeeID" : "8",
  "OrderDate" : "1996-11-28T18:33:30",
  "RequiredDate" : "1997-01-09T22:30:32",
  "ShippedDate" : "1996-12-30T11:14:20",
  "ShipVia" : "2",
  "Freight" : "10.1400",
  "ShipName" : "Galería del gastronómo",
  "ShipAddress" : "Rambla de Cataluña, 23",
  "ShipCity" : "Barcelona",
  "ShipRegion" : null,
  "ShipPostalCode" : "8022",
  "ShipCountry" : "Spain",
  "OrderDetails" : {
    "OrderDetail" : {
      "ProductID" : "77",
      "UnitPrice" : "10.4000",
      "Quantity" : "5",
      "Discount" : "0"
    }
  }
}