{
  "OrderID" : "10367",
  "CustomerID" : "VAFFE",
  "EmployeeID" : "7",
  "OrderDate" : "1996-11-28T07:56:16",
  "RequiredDate" : "1996-12-26T18:05:55",
  "ShippedDate" : "1996-12-02T19:13:47",
  "ShipVia" : "3",
  "Freight" : "13.5500",
  "ShipName" : "Vaffeljernet",
  "ShipAddress" : "Smagsloget 45",
  "ShipCity" : "Århus",
  "ShipRegion" : null,
  "ShipPostalCode" : "8200",
  "ShipCountry" : "Denmark",
  "OrderDetails" : {
    "OrderDetail" : {
      "ProductID" : "77",
      "UnitPrice" : "10.4000",
      "Quantity" : "7",
      "Discount" : "0"
    }
  }
}