{
  "OrderID" : "10363",
  "CustomerID" : "DRACD",
  "EmployeeID" : "4",
  "OrderDate" : "1996-11-26T00:42:00",
  "RequiredDate" : "1996-12-24T17:05:23",
  "ShippedDate" : "1996-12-04T14:57:05",
  "ShipVia" : "3",
  "Freight" : "30.5400",
  "ShipName" : "Drachenblut Delikatessen",
  "ShipAddress" : "Walserweg 21",
  "ShipCity" : "Aachen",
  "ShipRegion" : null,
  "ShipPostalCode" : "52066",
  "ShipCountry" : "Germany",
  "OrderDetails" : {
    "OrderDetail" : {
      "ProductID" : "76",
      "UnitPrice" : "14.4000",
      "Quantity" : "12",
      "Discount" : "0"
    }
  }
}