{
  "OrderID" : "10364",
  "CustomerID" : "EASTC",
  "EmployeeID" : "1",
  "OrderDate" : "1996-11-26T16:02:06",
  "RequiredDate" : "1997-01-07T18:27:49",
  "ShippedDate" : "1996-12-04T19:14:00",
  "ShipVia" : "1",
  "Freight" : "71.9700",
  "ShipName" : "Eastern Connection",
  "ShipAddress" : "35 King George",
  "ShipCity" : "London",
  "ShipRegion" : null,
  "ShipPostalCode" : "WX3 6FW",
  "ShipCountry" : "UK",
  "OrderDetails" : {
    "OrderDetail" : {
      "ProductID" : "71",
      "UnitPrice" : "17.2000",
      "Quantity" : "5",
      "Discount" : "0"
    }
  }
}