{
  "OrderID" : "10368",
  "CustomerID" : "ERNSH",
  "EmployeeID" : "2",
  "OrderDate" : "1996-11-29T08:33:44",
  "RequiredDate" : "1996-12-27T14:38:47",
  "ShippedDate" : "1996-12-02T02:17:34",
  "ShipVia" : "2",
  "Freight" : "101.9500",
  "ShipName" : "Ernst Handel",
  "ShipAddress" : "Kirchgasse 6",
  "ShipCity" : "Graz",
  "ShipRegion" : null,
  "ShipPostalCode" : "8010",
  "ShipCountry" : "Austria",
  "OrderDetails" : {
    "OrderDetail" : {
      "ProductID" : "64",
      "UnitPrice" : "26.6000",
      "Quantity" : "35",
      "Discount" : "0.1"
    }
  }
}