{
  "OrderID" : "10374",
  "CustomerID" : "WOLZA",
  "EmployeeID" : "1",
  "OrderDate" : "1996-12-05T06:46:18",
  "RequiredDate" : "1997-01-02T12:07:08",
  "ShippedDate" : "1996-12-09T12:21:43",
  "ShipVia" : "3",
  "Freight" : "3.9400",
  "ShipName" : "Wolski Zajazd",
  "ShipAddress" : "ul. Filtrowa 68",
  "ShipCity" : "Warszawa",
  "ShipRegion" : null,
  "ShipPostalCode" : "01-012",
  "ShipCountry" : "Poland",
  "OrderDetails" : {
    "OrderDetail" : {
      "ProductID" : "58",
      "UnitPrice" : "10.6000",
      "Quantity" : "15",
      "Discount" : "0"
    }
  }
}