{
  "OrderID" : "10377",
  "CustomerID" : "SEVES",
  "EmployeeID" : "1",
  "OrderDate" : "1996-12-09T22:56:31",
  "RequiredDate" : "1997-01-06T02:49:24",
  "ShippedDate" : "1996-12-13T17:46:58",
  "ShipVia" : "3",
  "Freight" : "22.2100",
  "ShipName" : "Seven Seas Imports",
  "ShipAddress" : "90 Wadhurst Rd.",
  "ShipCity" : "London",
  "ShipRegion" : null,
  "ShipPostalCode" : "OX15 4NB",
  "ShipCountry" : "UK",
  "OrderDetails" : {
    "OrderDetail" : {
      "ProductID" : "39",
      "UnitPrice" : "14.4000",
      "Quantity" : "20",
      "Discount" : "0.15"
    }
  }
}