{
  "OrderID" : "10375",
  "CustomerID" : "HUNGC",
  "EmployeeID" : "3",
  "OrderDate" : "1996-12-06T05:01:50",
  "RequiredDate" : "1997-01-03T01:04:48",
  "ShippedDate" : "1996-12-09T12:48:40",
  "ShipVia" : "2",
  "Freight" : "20.1200",
  "ShipName" : "Hungry Coyote Import Store",
  "ShipAddress" : "City Center Plaza 516 Main St.",
  "ShipCity" : "Elgin",
  "ShipRegion" : "OR",
  "ShipPostalCode" : "97827",
  "ShipCountry" : "USA",
  "OrderDetails" : {
    "OrderDetail" : {
      "ProductID" : "54",
      "UnitPrice" : "5.9000",
      "Quantity" : "10",
      "Discount" : "0"
    }
  }
}