{
  "OrderID" : "10370",
  "CustomerID" : "CHOPS",
  "EmployeeID" : "6",
  "OrderDate" : "1996-12-03T13:44:30",
  "RequiredDate" : "1996-12-31T13:14:12",
  "ShippedDate" : "1996-12-27T11:29:16",
  "ShipVia" : "2",
  "Freight" : "1.1700",
  "ShipName" : "Chop-suey Chinese",
  "ShipAddress" : "Hauptstr. 31",
  "ShipCity" : "Bern",
  "ShipRegion" : null,
  "ShipPostalCode" : "3012",
  "ShipCountry" : "Switzerland",
  "OrderDetails" : {
    "OrderDetail" : {
      "ProductID" : "74",
      "UnitPrice" : "8.0000",
      "Quantity" : "20",
      "Discount" : "0.15"
    }
  }
}