{
  "OrderID" : "10378",
  "CustomerID" : "FOLKO",
  "EmployeeID" : "5",
  "OrderDate" : "1996-12-10T16:22:01",
  "RequiredDate" : "1997-01-07T18:11:28",
  "ShippedDate" : "1996-12-19T11:43:03",
  "ShipVia" : "3",
  "Freight" : "5.4400",
  "ShipName" : "Folk och fä HB",
  "ShipAddress" : "Åkergatan 24",
  "ShipCity" : "Bräcke",
  "ShipRegion" : null,
  "ShipPostalCode" : "S-844 67",
  "ShipCountry" : "Sweden",
  "OrderDetails" : {
    "OrderDetail" : {
      "ProductID" : "71",
      "UnitPrice" : "17.2000",
      "Quantity" : "6",
      "Discount" : "0"
    }
  }
}