{
  "OrderID" : "10372",
  "CustomerID" : "QUEEN",
  "EmployeeID" : "5",
  "OrderDate" : "1996-12-04T21:09:54",
  "RequiredDate" : "1997-01-01T16:50:13",
  "ShippedDate" : "1996-12-09T23:04:42",
  "ShipVia" : "2",
  "Freight" : "890.7800",
  "ShipName" : "Queen Cozinha",
  "ShipAddress" : "Alameda dos Canàrios, 891",
  "ShipCity" : "Sao Paulo",
  "ShipRegion" : "SP",
  "ShipPostalCode" : "05487-020",
  "ShipCountry" : "Brazil",
  "OrderDetails" : {
    "OrderDetail" : {
      "ProductID" : "72",
      "UnitPrice" : "27.8000",
      "Quantity" : "42",
      "Discount" : "0.25"
    }
  }
}