{
  "OrderID" : "10376",
  "CustomerID" : "MEREP",
  "EmployeeID" : "1",
  "OrderDate" : "1996-12-09T11:51:53",
  "RequiredDate" : "1997-01-06T07:35:10",
  "ShippedDate" : "1996-12-13T11:25:19",
  "ShipVia" : "2",
  "Freight" : "20.3900",
  "ShipName" : "Mère Paillarde",
  "ShipAddress" : "43 rue St. Laurent",
  "ShipCity" : "Montréal",
  "ShipRegion" : "Québec",
  "ShipPostalCode" : "H1J 1C3",
  "ShipCountry" : "Canada",
  "OrderDetails" : {
    "OrderDetail" : {
      "ProductID" : "31",
      "UnitPrice" : "10.0000",
      "Quantity" : "42",
      "Discount" : "0.05"
    }
  }
}