{
  "OrderID" : "10380",
  "CustomerID" : "HUNGO",
  "EmployeeID" : "8",
  "OrderDate" : "1996-12-12T13:58:11",
  "RequiredDate" : "1997-01-09T03:02:41",
  "ShippedDate" : "1997-01-16T19:33:23",
  "ShipVia" : "3",
  "Freight" : "35.0300",
  "ShipName" : "Hungry Owl All-Night Grocers",
  "ShipAddress" : "8 Johnstown Road",
  "ShipCity" : "Cork",
  "ShipRegion" : "Co. Cork",
  "ShipPostalCode" : null,
  "ShipCountry" : "Ireland",
  "OrderDetails" : {
    "OrderDetail" : {
      "ProductID" : "70",
      "UnitPrice" : "12.0000",
      "Quantity" : "30",
      "Discount" : "0"
    }
  }
}