{
  "OrderID" : "10383",
  "CustomerID" : "AROUT",
  "EmployeeID" : "8",
  "OrderDate" : "1996-12-16T05:25:41",
  "RequiredDate" : "1997-01-13T07:30:45",
  "ShippedDate" : "1996-12-18T00:09:47",
  "ShipVia" : "3",
  "Freight" : "34.2400",
  "ShipName" : "Around the Horn",
  "ShipAddress" : "Brook Farm Stratford St. Mary",
  "ShipCity" : "Colchester",
  "ShipRegion" : "Essex",
  "ShipPostalCode" : "CO7 6JX",
  "ShipCountry" : "UK",
  "OrderDetails" : {
    "OrderDetail" : {
      "ProductID" : "56",
      "UnitPrice" : "30.4000",
      "Quantity" : "20",
      "Discount" : "0"
    }
  }
}