{
  "OrderID" : "10385",
  "CustomerID" : "SPLIR",
  "EmployeeID" : "1",
  "OrderDate" : "1996-12-17T21:25:40",
  "RequiredDate" : "1997-01-14T19:40:25",
  "ShippedDate" : "1996-12-23T18:54:22",
  "ShipVia" : "2",
  "Freight" : "30.9600",
  "ShipName" : "Split Rail Beer & Ale",
  "ShipAddress" : "P.O. Box 555",
  "ShipCity" : "Lander",
  "ShipRegion" : "WY",
  "ShipPostalCode" : "82520",
  "ShipCountry" : "USA",
  "OrderDetails" : {
    "OrderDetail" : {
      "ProductID" : "68",
      "UnitPrice" : "10.0000",
      "Quantity" : "8",
      "Discount" : "0.2"
    }
  }
}