{
  "OrderID" : "10382",
  "CustomerID" : "ERNSH",
  "EmployeeID" : "4",
  "OrderDate" : "1996-12-13T15:41:39",
  "RequiredDate" : "1997-01-10T09:47:51",
  "ShippedDate" : "1996-12-16T02:36:24",
  "ShipVia" : "1",
  "Freight" : "94.7700",
  "ShipName" : "Ernst Handel",
  "ShipAddress" : "Kirchgasse 6",
  "ShipCity" : "Graz",
  "ShipRegion" : null,
  "ShipPostalCode" : "8010",
  "ShipCountry" : "Austria",
  "OrderDetails" : {
    "OrderDetail" : {
      "ProductID" : "74",
      "UnitPrice" : "8.0000",
      "Quantity" : "50",
      "Discount" : "0"
    }
  }
}