{
  "OrderID" : "10387",
  "CustomerID" : "SANTG",
  "EmployeeID" : "1",
  "OrderDate" : "1996-12-18T16:51:37",
  "RequiredDate" : "1997-01-15T09:23:09",
  "ShippedDate" : "1996-12-20T11:01:16",
  "ShipVia" : "2",
  "Freight" : "93.6300",
  "ShipName" : "Santé Gourmet",
  "ShipAddress" : "Erling Skakkes gate 78",
  "ShipCity" : "Stavern",
  "ShipRegion" : null,
  "ShipPostalCode" : "4110",
  "ShipCountry" : "Norway",
  "OrderDetails" : {
    "OrderDetail" : {
      "ProductID" : "71",
      "UnitPrice" : "17.2000",
      "Quantity" : "15",
      "Discount" : "0"
    }
  }
}