{
  "OrderID" : "10388",
  "CustomerID" : "SEVES",
  "EmployeeID" : "2",
  "OrderDate" : "1996-12-19T02:19:43",
  "RequiredDate" : "1997-01-16T01:18:29",
  "ShippedDate" : "1996-12-20T06:13:10",
  "ShipVia" : "1",
  "Freight" : "34.8600",
  "ShipName" : "Seven Seas Imports",
  "ShipAddress" : "90 Wadhurst Rd.",
  "ShipCity" : "London",
  "ShipRegion" : null,
  "ShipPostalCode" : "OX15 4NB",
  "ShipCountry" : "UK",
  "OrderDetails" : {
    "OrderDetail" : {
      "ProductID" : "53",
      "UnitPrice" : "26.2000",
      "Quantity" : "40",
      "Discount" : "0"
    }
  }
}