{
  "OrderID" : "10386",
  "CustomerID" : "FAMIA",
  "EmployeeID" : "9",
  "OrderDate" : "1996-12-18T17:09:10",
  "RequiredDate" : "1997-01-01T07:02:24",
  "ShippedDate" : "1996-12-25T06:34:08",
  "ShipVia" : "3",
  "Freight" : "13.9900",
  "ShipName" : "Familia Arquibaldo",
  "ShipAddress" : "Rua Orós, 92",
  "ShipCity" : "Sao Paulo",
  "ShipRegion" : "SP",
  "ShipPostalCode" : "05442-030",
  "ShipCountry" : "Brazil",
  "OrderDetails" : {
    "OrderDetail" : {
      "ProductID" : "34",
      "UnitPrice" : "11.2000",
      "Quantity" : "10",
      "Discount" : "0"
    }
  }
}