{
  "OrderID" : "10392",
  "CustomerID" : "PICCO",
  "EmployeeID" : "2",
  "OrderDate" : "1996-12-24T15:38:49",
  "RequiredDate" : "1997-01-21T16:02:47",
  "ShippedDate" : "1997-01-01T05:32:08",
  "ShipVia" : "3",
  "Freight" : "122.4600",
  "ShipName" : "Piccolo und mehr",
  "ShipAddress" : "Geislweg 14",
  "ShipCity" : "Salzburg",
  "ShipRegion" : null,
  "ShipPostalCode" : "5020",
  "ShipCountry" : "Austria",
  "OrderDetails" : {
    "OrderDetail" : {
      "ProductID" : "69",
      "UnitPrice" : "28.8000",
      "Quantity" : "50",
      "Discount" : "0"
    }
  }
}