{
  "OrderID" : "10398",
  "CustomerID" : "SAVEA",
  "EmployeeID" : "2",
  "OrderDate" : "1996-12-30T07:15:03",
  "RequiredDate" : "1997-01-27T22:34:42",
  "ShippedDate" : "1997-01-09T01:04:19",
  "ShipVia" : "3",
  "Freight" : "89.1600",
  "ShipName" : "Save-a-lot Markets",
  "ShipAddress" : "187 Suffolk Ln.",
  "ShipCity" : "Boise",
  "ShipRegion" : "ID",
  "ShipPostalCode" : "83720",
  "ShipCountry" : "USA",
  "OrderDetails" : {
    "OrderDetail" : {
      "ProductID" : "55",
      "UnitPrice" : "19.2000",
      "Quantity" : "120",
      "Discount" : "0.1"
    }
  }
}