{
  "OrderID" : "10396",
  "CustomerID" : "FRANK",
  "EmployeeID" : "1",
  "OrderDate" : "1996-12-27T04:55:25",
  "RequiredDate" : "1997-01-10T16:40:29",
  "ShippedDate" : "1997-01-06T05:03:57",
  "ShipVia" : "3",
  "Freight" : "135.3500",
  "ShipName" : "Frankenversand",
  "ShipAddress" : "Berliner Platz 43",
  "ShipCity" : "München",
  "ShipRegion" : null,
  "ShipPostalCode" : "80805",
  "ShipCountry" : "Germany",
  "OrderDetails" : {
    "OrderDetail" : {
      "ProductID" : "72",
      "UnitPrice" : "27.8000",
      "Quantity" : "21",
      "Discount" : "0"
    }
  }
}