{
  "OrderID" : "10390",
  "CustomerID" : "ERNSH",
  "EmployeeID" : "6",
  "OrderDate" : "1996-12-23T14:28:29",
  "RequiredDate" : "1997-01-20T21:02:21",
  "ShippedDate" : "1996-12-26T11:23:24",
  "ShipVia" : "1",
  "Freight" : "126.3800",
  "ShipName" : "Ernst Handel",
  "ShipAddress" : "Kirchgasse 6",
  "ShipCity" : "Graz",
  "ShipRegion" : null,
  "ShipPostalCode" : "8010",
  "ShipCountry" : "Austria",
  "OrderDetails" : {
    "OrderDetail" : {
      "ProductID" : "72",
      "UnitPrice" : "27.8000",
      "Quantity" : "24",
      "Discount" : "0.1"
    }
  }
}