{
  "OrderID" : "10394",
  "CustomerID" : "HUNGC",
  "EmployeeID" : "1",
  "OrderDate" : "1996-12-25T18:10:16",
  "RequiredDate" : "1997-01-22T08:35:54",
  "ShippedDate" : "1997-01-03T02:18:44",
  "ShipVia" : "3",
  "Freight" : "30.3400",
  "ShipName" : "Hungry Coyote Import Store",
  "ShipAddress" : "City Center Plaza 516 Main St.",
  "ShipCity" : "Elgin",
  "ShipRegion" : "OR",
  "ShipPostalCode" : "97827",
  "ShipCountry" : "USA",
  "OrderDetails" : {
    "OrderDetail" : {
      "ProductID" : "62",
      "UnitPrice" : "39.4000",
      "Quantity" : "10",
      "Discount" : "0"
    }
  }
}