{
  "OrderID" : "10391",
  "CustomerID" : "DRACD",
  "EmployeeID" : "3",
  "OrderDate" : "1996-12-23T23:27:02",
  "RequiredDate" : "1997-01-20T12:17:38",
  "ShippedDate" : "1996-12-31T03:40:35",
  "ShipVia" : "3",
  "Freight" : "5.4500",
  "ShipName" : "Drachenblut Delikatessen",
  "ShipAddress" : "Walserweg 21",
  "ShipCity" : "Aachen",
  "ShipRegion" : null,
  "ShipPostalCode" : "52066",
  "ShipCountry" : "Germany",
  "OrderDetails" : {
    "OrderDetail" : {
      "ProductID" : "13",
      "UnitPrice" : "4.8000",
      "Quantity" : "18",
      "Discount" : "0"
    }
  }
}