{
  "OrderID" : "10395",
  "CustomerID" : "HILAA",
  "EmployeeID" : "6",
  "OrderDate" : "1996-12-26T03:12:07",
  "RequiredDate" : "1997-01-23T01:06:50",
  "ShippedDate" : "1997-01-03T23:44:39",
  "ShipVia" : "1",
  "Freight" : "184.4100",
  "ShipName" : "HILARION-Abastos",
  "ShipAddress" : "Carrera 22 con Ave. Carlos Soublette #8-35",
  "ShipCity" : "San Cristóbal",
  "ShipRegion" : "Táchira",
  "ShipPostalCode" : "5022",
  "ShipCountry" : "Venezuela",
  "OrderDetails" : {
    "OrderDetail" : {
      "ProductID" : "69",
      "UnitPrice" : "28.8000",
      "Quantity" : "8",
      "Discount" : "0"
    }
  }
}