{
  "OrderID" : "10393",
  "CustomerID" : "SAVEA",
  "EmployeeID" : "1",
  "OrderDate" : "1996-12-25T09:25:20",
  "RequiredDate" : "1997-01-22T01:00:05",
  "ShippedDate" : "1997-01-03T03:51:31",
  "ShipVia" : "3",
  "Freight" : "126.5600",
  "ShipName" : "Save-a-lot Markets",
  "ShipAddress" : "187 Suffolk Ln.",
  "ShipCity" : "Boise",
  "ShipRegion" : "ID",
  "ShipPostalCode" : "83720",
  "ShipCountry" : "USA",
  "OrderDetails" : {
    "OrderDetail" : {
      "ProductID" : "31",
      "UnitPrice" : "10.0000",
      "Quantity" : "32",
      "Discount" : "0"
    }
  }
}