{
  "OrderID" : "10403",
  "CustomerID" : "ERNSH",
  "EmployeeID" : "4",
  "OrderDate" : "1997-01-03T15:34:49",
  "RequiredDate" : "1997-01-31T05:31:24",
  "ShippedDate" : "1997-01-09T11:01:15",
  "ShipVia" : "3",
  "Freight" : "73.7900",
  "ShipName" : "Ernst Handel",
  "ShipAddress" : "Kirchgasse 6",
  "ShipCity" : "Graz",
  "ShipRegion" : null,
  "ShipPostalCode" : "8010",
  "ShipCountry" : "Austria",
  "OrderDetails" : {
    "OrderDetail" : {
      "ProductID" : "48",
      "UnitPrice" : "10.2000",
      "Quantity" : "70",
      "Discount" : "0.15"
    }
  }
}