{
  "OrderID" : "10402",
  "CustomerID" : "ERNSH",
  "EmployeeID" : "8",
  "OrderDate" : "1997-01-02T14:15:21",
  "RequiredDate" : "1997-02-13T17:37:35",
  "ShippedDate" : "1997-01-10T03:12:42",
  "ShipVia" : "2",
  "Freight" : "67.8800",
  "ShipName" : "Ernst Handel",
  "ShipAddress" : "Kirchgasse 6",
  "ShipCity" : "Graz",
  "ShipRegion" : null,
  "ShipPostalCode" : "8010",
  "ShipCountry" : "Austria",
  "OrderDetails" : {
    "OrderDetail" : {
      "ProductID" : "63",
      "UnitPrice" : "35.1000",
      "Quantity" : "65",
      "Discount" : "0"
    }
  }
}