{
  "OrderID" : "10405",
  "CustomerID" : "LINOD",
  "EmployeeID" : "1",
  "OrderDate" : "1997-01-06T12:17:22",
  "RequiredDate" : "1997-02-03T13:08:24",
  "ShippedDate" : "1997-01-22T17:48:41",
  "ShipVia" : "1",
  "Freight" : "34.8200",
  "ShipName" : "LINO-Delicateses",
  "ShipAddress" : "Ave. 5 de Mayo Porlamar",
  "ShipCity" : "I. de Margarita",
  "ShipRegion" : "Nueva Esparta",
  "ShipPostalCode" : "4980",
  "ShipCountry" : "Venezuela",
  "OrderDetails" : {
    "OrderDetail" : {
      "ProductID" : "3",
      "UnitPrice" : "8.0000",
      "Quantity" : "50",
      "Discount" : "0"
    }
  }
}