{
  "OrderID" : "10400",
  "CustomerID" : "EASTC",
  "EmployeeID" : "1",
  "OrderDate" : "1997-01-01T02:05:29",
  "RequiredDate" : "1997-01-29T18:08:32",
  "ShippedDate" : "1997-01-16T22:00:23",
  "ShipVia" : "3",
  "Freight" : "83.9300",
  "ShipName" : "Eastern Connection",
  "ShipAddress" : "35 King George",
  "ShipCity" : "London",
  "ShipRegion" : null,
  "ShipPostalCode" : "WX3 6FW",
  "ShipCountry" : "UK",
  "OrderDetails" : {
    "OrderDetail" : {
      "ProductID" : "49",
      "UnitPrice" : "16.0000",
      "Quantity" : "30",
      "Discount" : "0"
    }
  }
}