{
  "OrderID" : "10401",
  "CustomerID" : "RATTC",
  "EmployeeID" : "1",
  "OrderDate" : "1997-01-01T07:11:48",
  "RequiredDate" : "1997-01-29T16:56:44",
  "ShippedDate" : "1997-01-10T08:38:29",
  "ShipVia" : "1",
  "Freight" : "12.5100",
  "ShipName" : "Rattlesnake Canyon Grocery",
  "ShipAddress" : "2817 Milton Dr.",
  "ShipCity" : "Albuquerque",
  "ShipRegion" : "NM",
  "ShipPostalCode" : "87110",
  "ShipCountry" : "USA",
  "OrderDetails" : {
    "OrderDetail" : {
      "ProductID" : "71",
      "UnitPrice" : "17.2000",
      "Quantity" : "60",
      "Discount" : "0"
    }
  }
}