{
  "OrderID" : "10404",
  "CustomerID" : "MAGAA",
  "EmployeeID" : "2",
  "OrderDate" : "1997-01-03T00:32:06",
  "RequiredDate" : "1997-01-31T12:57:34",
  "ShippedDate" : "1997-01-08T07:44:52",
  "ShipVia" : "1",
  "Freight" : "155.9700",
  "ShipName" : "Magazzini Alimentari Riuniti",
  "ShipAddress" : "Via Ludovico il Moro 22",
  "ShipCity" : "Bergamo",
  "ShipRegion" : null,
  "ShipPostalCode" : "24100",
  "ShipCountry" : "Italy",
  "OrderDetails" : {
    "OrderDetail" : {
      "ProductID" : "49",
      "UnitPrice" : "16.0000",
      "Quantity" : "30",
      "Discount" : "0.05"
    }
  }
}