{
  "OrderID" : "10407",
  "CustomerID" : "OTTIK",
  "EmployeeID" : "2",
  "OrderDate" : "1997-01-07T13:04:39",
  "RequiredDate" : "1997-02-04T09:12:54",
  "ShippedDate" : "1997-01-30T11:19:06",
  "ShipVia" : "2",
  "Freight" : "91.4800",
  "ShipName" : "Ottilies Käseladen",
  "ShipAddress" : "Mehrheimerstr. 369",
  "ShipCity" : "Köln",
  "ShipRegion" : null,
  "ShipPostalCode" : "50739",
  "ShipCountry" : "Germany",
  "OrderDetails" : {
    "OrderDetail" : {
      "ProductID" : "71",
      "UnitPrice" : "17.2000",
      "Quantity" : "15",
      "Discount" : "0"
    }
  }
}