{
  "OrderID" : "10409",
  "CustomerID" : "OCEAN",
  "EmployeeID" : "3",
  "OrderDate" : "1997-01-09T08:05:26",
  "RequiredDate" : "1997-02-06T10:27:42",
  "ShippedDate" : "1997-01-14T17:53:37",
  "ShipVia" : "1",
  "Freight" : "29.8300",
  "ShipName" : "Océano Atlántico Ltda.",
  "ShipAddress" : "Ing. Gustavo Moncada 8585 Piso 20-A",
  "ShipCity" : "Buenos Aires",
  "ShipRegion" : null,
  "ShipPostalCode" : "1010",
  "ShipCountry" : "Argentina",
  "OrderDetails" : {
    "OrderDetail" : {
      "ProductID" : "21",
      "UnitPrice" : "8.0000",
      "Quantity" : "12",
      "Discount" : "0"
    }
  }
}