{
  "OrderID" : "10417",
  "CustomerID" : "SIMOB",
  "EmployeeID" : "4",
  "OrderDate" : "1997-01-16T01:14:25",
  "RequiredDate" : "1997-02-13T18:08:22",
  "ShippedDate" : "1997-01-28T13:07:09",
  "ShipVia" : "3",
  "Freight" : "70.2900",
  "ShipName" : "Simons bistro",
  "ShipAddress" : "Vinbæltet 34",
  "ShipCity" : "Kobenhavn",
  "ShipRegion" : null,
  "ShipPostalCode" : "1734",
  "ShipCountry" : "Denmark",
  "OrderDetails" : {
    "OrderDetail" : {
      "ProductID" : "77",
      "UnitPrice" : "10.4000",
      "Quantity" : "35",
      "Discount" : "0"
    }
  }
}