{
  "OrderID" : "10419",
  "CustomerID" : "RICSU",
  "EmployeeID" : "4",
  "OrderDate" : "1997-01-20T04:20:02",
  "RequiredDate" : "1997-02-17T12:56:23",
  "ShippedDate" : "1997-01-30T04:38:27",
  "ShipVia" : "2",
  "Freight" : "137.3500",
  "ShipName" : "Richter Supermarkt",
  "ShipAddress" : "Starenweg 5",
  "ShipCity" : "Genève",
  "ShipRegion" : null,
  "ShipPostalCode" : "1204",
  "ShipCountry" : "Switzerland",
  "OrderDetails" : {
    "OrderDetail" : {
      "ProductID" : "69",
      "UnitPrice" : "28.8000",
      "Quantity" : "20",
      "Discount" : "0.05"
    }
  }
}