{
  "OrderID" : "10411",
  "CustomerID" : "BOTTM",
  "EmployeeID" : "9",
  "OrderDate" : "1997-01-10T04:06:05",
  "RequiredDate" : "1997-02-07T10:04:47",
  "ShippedDate" : "1997-01-21T07:21:42",
  "ShipVia" : "3",
  "Freight" : "23.6500",
  "ShipName" : "Bottom-Dollar Markets",
  "ShipAddress" : "23 Tsawassen Blvd.",
  "ShipCity" : "Tsawassen",
  "ShipRegion" : "BC",
  "ShipPostalCode" : "T2F 8M4",
  "ShipCountry" : "Canada",
  "OrderDetails" : {
    "OrderDetail" : {
      "ProductID" : "59",
      "UnitPrice" : "44.0000",
      "Quantity" : "9",
      "Discount" : "0.2"
    }
  }
}