{
  "OrderID" : "10413",
  "CustomerID" : "LAMAI",
  "EmployeeID" : "3",
  "OrderDate" : "1997-01-14T23:08:36",
  "RequiredDate" : "1997-02-11T23:40:17",
  "ShippedDate" : "1997-01-16T06:40:13",
  "ShipVia" : "2",
  "Freight" : "95.6600",
  "ShipName" : "La maison d'Asie",
  "ShipAddress" : "1 rue Alsace-Lorraine",
  "ShipCity" : "Toulouse",
  "ShipRegion" : null,
  "ShipPostalCode" : "31000",
  "ShipCountry" : "France",
  "OrderDetails" : {
    "OrderDetail" : {
      "ProductID" : "76",
      "UnitPrice" : "14.4000",
      "Quantity" : "14",
      "Discount" : "0"
    }
  }
}