{
  "OrderID" : "10410",
  "CustomerID" : "BOTTM",
  "EmployeeID" : "3",
  "OrderDate" : "1997-01-10T19:06:54",
  "RequiredDate" : "1997-02-07T04:40:40",
  "ShippedDate" : "1997-01-15T03:44:39",
  "ShipVia" : "3",
  "Freight" : "2.4000",
  "ShipName" : "Bottom-Dollar Markets",
  "ShipAddress" : "23 Tsawassen Blvd.",
  "ShipCity" : "Tsawassen",
  "ShipRegion" : "BC",
  "ShipPostalCode" : "T2F 8M4",
  "ShipCountry" : "Canada",
  "OrderDetails" : {
    "OrderDetail" : {
      "ProductID" : "59",
      "UnitPrice" : "44.0000",
      "Quantity" : "16",
      "Discount" : "0"
    }
  }
}