{
  "OrderID" : "10416",
  "CustomerID" : "WARTH",
  "EmployeeID" : "8",
  "OrderDate" : "1997-01-16T15:13:53",
  "RequiredDate" : "1997-02-13T23:10:11",
  "ShippedDate" : "1997-01-27T11:11:35",
  "ShipVia" : "3",
  "Freight" : "22.7200",
  "ShipName" : "Wartian Herkku",
  "ShipAddress" : "Torikatu 38",
  "ShipCity" : "Oulu",
  "ShipRegion" : null,
  "ShipPostalCode" : "90110",
  "ShipCountry" : "Finland",
  "OrderDetails" : {
    "OrderDetail" : {
      "ProductID" : "57",
      "UnitPrice" : "15.6000",
      "Quantity" : "20",
      "Discount" : "0"
    }
  }
}