{
  "OrderID" : "10418",
  "CustomerID" : "QUICK",
  "EmployeeID" : "4",
  "OrderDate" : "1997-01-17T06:48:11",
  "RequiredDate" : "1997-02-14T08:22:40",
  "ShippedDate" : "1997-01-24T10:11:33",
  "ShipVia" : "1",
  "Freight" : "17.5500",
  "ShipName" : "QUICK-Stop",
  "ShipAddress" : "Taucherstraße 10",
  "ShipCity" : "Cunewalde",
  "ShipRegion" : null,
  "ShipPostalCode" : "01307",
  "ShipCountry" : "Germany",
  "OrderDetails" : {
    "OrderDetail" : {
      "ProductID" : "74",
      "UnitPrice" : "8.0000",
      "Quantity" : "15",
      "Discount" : "0"
    }
  }
}