{
  "OrderID" : "10415",
  "CustomerID" : "HUNGC",
  "EmployeeID" : "3",
  "OrderDate" : "1997-01-15T19:53:01",
  "RequiredDate" : "1997-02-12T15:06:06",
  "ShippedDate" : "1997-01-24T00:17:06",
  "ShipVia" : "1",
  "Freight" : "0.2000",
  "ShipName" : "Hungry Coyote Import Store",
  "ShipAddress" : "City Center Plaza 516 Main St.",
  "ShipCity" : "Elgin",
  "ShipRegion" : "OR",
  "ShipPostalCode" : "97827",
  "ShipCountry" : "USA",
  "OrderDetails" : {
    "OrderDetail" : {
      "ProductID" : "33",
      "UnitPrice" : "2.0000",
      "Quantity" : "20",
      "Discount" : "0"
    }
  }
}