{
  "OrderID" : "10414",
  "CustomerID" : "FAMIA",
  "EmployeeID" : "2",
  "OrderDate" : "1997-01-14T04:11:24",
  "RequiredDate" : "1997-02-11T14:36:37",
  "ShippedDate" : "1997-01-17T04:29:31",
  "ShipVia" : "3",
  "Freight" : "21.4800",
  "ShipName" : "Familia Arquibaldo",
  "ShipAddress" : "Rua Orós, 92",
  "ShipCity" : "Sao Paulo",
  "ShipRegion" : "SP",
  "ShipPostalCode" : "05442-030",
  "ShipCountry" : "Brazil",
  "OrderDetails" : {
    "OrderDetail" : {
      "ProductID" : "33",
      "UnitPrice" : "2.0000",
      "Quantity" : "50",
      "Discount" : "0"
    }
  }
}