{
  "OrderID" : "10412",
  "CustomerID" : "WARTH",
  "EmployeeID" : "8",
  "OrderDate" : "1997-01-13T10:47:58",
  "RequiredDate" : "1997-02-10T13:11:56",
  "ShippedDate" : "1997-01-15T00:28:11",
  "ShipVia" : "2",
  "Freight" : "3.7700",
  "ShipName" : "Wartian Herkku",
  "ShipAddress" : "Torikatu 38",
  "ShipCity" : "Oulu",
  "ShipRegion" : null,
  "ShipPostalCode" : "90110",
  "ShipCountry" : "Finland",
  "OrderDetails" : {
    "OrderDetail" : {
      "ProductID" : "14",
      "UnitPrice" : "18.6000",
      "Quantity" : "20",
      "Discount" : "0.1"
    }
  }
}