{
  "OrderID" : "10429",
  "CustomerID" : "HUNGO",
  "EmployeeID" : "3",
  "OrderDate" : "1997-01-29T13:30:57",
  "RequiredDate" : "1997-03-12T00:05:20",
  "ShippedDate" : "1997-02-07T03:17:09",
  "ShipVia" : "2",
  "Freight" : "56.6300",
  "ShipName" : "Hungry Owl All-Night Grocers",
  "ShipAddress" : "8 Johnstown Road",
  "ShipCity" : "Cork",
  "ShipRegion" : "Co. Cork",
  "ShipPostalCode" : null,
  "ShipCountry" : "Ireland",
  "OrderDetails" : {
    "OrderDetail" : {
      "ProductID" : "63",
      "UnitPrice" : "35.1000",
      "Quantity" : "35",
      "Discount" : "0.25"
    }
  }
}