{
  "OrderID" : "10421",
  "CustomerID" : "QUEDE",
  "EmployeeID" : "8",
  "OrderDate" : "1997-01-21T02:01:44",
  "RequiredDate" : "1997-03-04T15:03:57",
  "ShippedDate" : "1997-01-27T22:41:27",
  "ShipVia" : "1",
  "Freight" : "99.2300",
  "ShipName" : "Que Delícia",
  "ShipAddress" : "Rua da Panificadora, 12",
  "ShipCity" : "Rio de Janeiro",
  "ShipRegion" : "RJ",
  "ShipPostalCode" : "02389-673",
  "ShipCountry" : "Brazil",
  "OrderDetails" : {
    "OrderDetail" : {
      "ProductID" : "77",
      "UnitPrice" : "10.4000",
      "Quantity" : "10",
      "Discount" : "0.15"
    }
  }
}