{
  "OrderID" : "10420",
  "CustomerID" : "WELLI",
  "EmployeeID" : "3",
  "OrderDate" : "1997-01-21T07:12:01",
  "RequiredDate" : "1997-02-18T05:05:24",
  "ShippedDate" : "1997-01-27T00:08:15",
  "ShipVia" : "1",
  "Freight" : "44.1200",
  "ShipName" : "Wellington Importadora",
  "ShipAddress" : "Rua do Mercado, 12",
  "ShipCity" : "Resende",
  "ShipRegion" : "SP",
  "ShipPostalCode" : "08737-363",
  "ShipCountry" : "Brazil",
  "OrderDetails" : {
    "OrderDetail" : {
      "ProductID" : "73",
      "UnitPrice" : "12.0000",
      "Quantity" : "20",
      "Discount" : "0.1"
    }
  }
}