{
  "OrderID" : "10424",
  "CustomerID" : "MEREP",
  "EmployeeID" : "7",
  "OrderDate" : "1997-01-23T03:04:42",
  "RequiredDate" : "1997-02-20T18:19:13",
  "ShippedDate" : "1997-01-27T10:18:09",
  "ShipVia" : "2",
  "Freight" : "370.6100",
  "ShipName" : "Mère Paillarde",
  "ShipAddress" : "43 rue St. Laurent",
  "ShipCity" : "Montréal",
  "ShipRegion" : "Québec",
  "ShipPostalCode" : "H1J 1C3",
  "ShipCountry" : "Canada",
  "OrderDetails" : {
    "OrderDetail" : {
      "ProductID" : "68",
      "UnitPrice" : "10.0000",
      "Quantity" : "30",
      "Discount" : "0.2"
    }
  }
}