{
  "OrderID" : "10427",
  "CustomerID" : "PICCO",
  "EmployeeID" : "4",
  "OrderDate" : "1997-01-27T23:05:25",
  "RequiredDate" : "1997-02-24T06:41:47",
  "ShippedDate" : "1997-03-03T01:47:37",
  "ShipVia" : "2",
  "Freight" : "31.2900",
  "ShipName" : "Piccolo und mehr",
  "ShipAddress" : "Geislweg 14",
  "ShipCity" : "Salzburg",
  "ShipRegion" : null,
  "ShipPostalCode" : "5020",
  "ShipCountry" : "Austria",
  "OrderDetails" : {
    "OrderDetail" : {
      "ProductID" : "14",
      "UnitPrice" : "18.6000",
      "Quantity" : "35",
      "Discount" : "0"
    }
  }
}