{
  "OrderID" : "10425",
  "CustomerID" : "LAMAI",
  "EmployeeID" : "6",
  "OrderDate" : "1997-01-24T19:31:16",
  "RequiredDate" : "1997-02-21T01:33:14",
  "ShippedDate" : "1997-02-14T22:15:21",
  "ShipVia" : "2",
  "Freight" : "7.9300",
  "ShipName" : "La maison d'Asie",
  "ShipAddress" : "1 rue Alsace-Lorraine",
  "ShipCity" : "Toulouse",
  "ShipRegion" : null,
  "ShipPostalCode" : "31000",
  "ShipCountry" : "France",
  "OrderDetails" : {
    "OrderDetail" : {
      "ProductID" : "76",
      "UnitPrice" : "14.4000",
      "Quantity" : "20",
      "Discount" : "0.25"
    }
  }
}