{
  "OrderID" : "10423",
  "CustomerID" : "GOURL",
  "EmployeeID" : "6",
  "OrderDate" : "1997-01-23T13:32:16",
  "RequiredDate" : "1997-02-06T00:35:29",
  "ShippedDate" : "1997-02-24T22:14:53",
  "ShipVia" : "3",
  "Freight" : "24.5000",
  "ShipName" : "Gourmet Lanchonetes",
  "ShipAddress" : "Av. Brasil, 442",
  "ShipCity" : "Campinas",
  "ShipRegion" : "SP",
  "ShipPostalCode" : "04876-786",
  "ShipCountry" : "Brazil",
  "OrderDetails" : {
    "OrderDetail" : {
      "ProductID" : "59",
      "UnitPrice" : "44.0000",
      "Quantity" : "20",
      "Discount" : "0"
    }
  }
}