{
  "OrderID" : "10438",
  "CustomerID" : "TOMSP",
  "EmployeeID" : "3",
  "OrderDate" : "1997-02-06T03:20:02",
  "RequiredDate" : "1997-03-06T21:28:09",
  "ShippedDate" : "1997-02-14T12:58:53",
  "ShipVia" : "2",
  "Freight" : "8.2400",
  "ShipName" : "Toms Spezialitäten",
  "ShipAddress" : "Luisenstr. 48",
  "ShipCity" : "Münster",
  "ShipRegion" : null,
  "ShipPostalCode" : "44087",
  "ShipCountry" : "Germany",
  "OrderDetails" : {
    "OrderDetail" : {
      "ProductID" : "57",
      "UnitPrice" : "15.6000",
      "Quantity" : "15",
      "Discount" : "0.2"
    }
  }
}