{
  "OrderID" : "10431",
  "CustomerID" : "BOTTM",
  "EmployeeID" : "4",
  "OrderDate" : "1997-01-30T17:33:48",
  "RequiredDate" : "1997-02-13T11:58:45",
  "ShippedDate" : "1997-02-07T14:11:06",
  "ShipVia" : "2",
  "Freight" : "44.1700",
  "ShipName" : "Bottom-Dollar Markets",
  "ShipAddress" : "23 Tsawassen Blvd.",
  "ShipCity" : "Tsawassen",
  "ShipRegion" : "BC",
  "ShipPostalCode" : "T2F 8M4",
  "ShipCountry" : "Canada",
  "OrderDetails" : {
    "OrderDetail" : {
      "ProductID" : "47",
      "UnitPrice" : "7.6000",
      "Quantity" : "30",
      "Discount" : "0.25"
    }
  }
}