{
  "OrderID" : "10437",
  "CustomerID" : "WARTH",
  "EmployeeID" : "8",
  "OrderDate" : "1997-02-05T05:38:26",
  "RequiredDate" : "1997-03-05T09:48:09",
  "ShippedDate" : "1997-02-12T00:27:24",
  "ShipVia" : "1",
  "Freight" : "19.9700",
  "ShipName" : "Wartian Herkku",
  "ShipAddress" : "Torikatu 38",
  "ShipCity" : "Oulu",
  "ShipRegion" : null,
  "ShipPostalCode" : "90110",
  "ShipCountry" : "Finland",
  "OrderDetails" : {
    "OrderDetail" : {
      "ProductID" : "53",
      "UnitPrice" : "26.2000",
      "Quantity" : "15",
      "Discount" : "0"
    }
  }
}