{
  "OrderID" : "10436",
  "CustomerID" : "BLONP",
  "EmployeeID" : "3",
  "OrderDate" : "1997-02-05T21:45:49",
  "RequiredDate" : "1997-03-05T17:58:11",
  "ShippedDate" : "1997-02-11T22:00:30",
  "ShipVia" : "2",
  "Freight" : "156.6600",
  "ShipName" : "Blondel père et fils",
  "ShipAddress" : "24, place Kléber",
  "ShipCity" : "Strasbourg",
  "ShipRegion" : null,
  "ShipPostalCode" : "67000",
  "ShipCountry" : "France",
  "OrderDetails" : {
    "OrderDetail" : {
      "ProductID" : "75",
      "UnitPrice" : "6.2000",
      "Quantity" : "24",
      "Discount" : "0.1"
    }
  }
}