{
  "OrderID" : "10435",
  "CustomerID" : "CONSH",
  "EmployeeID" : "8",
  "OrderDate" : "1997-02-04T23:05:31",
  "RequiredDate" : "1997-03-18T05:25:53",
  "ShippedDate" : "1997-02-07T05:42:16",
  "ShipVia" : "2",
  "Freight" : "9.2100",
  "ShipName" : "Consolidated Holdings",
  "ShipAddress" : "Berkeley Gardens 12  Brewery",
  "ShipCity" : "London",
  "ShipRegion" : null,
  "ShipPostalCode" : "WX1 6LT",
  "ShipCountry" : "UK",
  "OrderDetails" : {
    "OrderDetail" : {
      "ProductID" : "72",
      "UnitPrice" : "27.8000",
      "Quantity" : "10",
      "Discount" : "0"
    }
  }
}