{
  "OrderID" : "10439",
  "CustomerID" : "MEREP",
  "EmployeeID" : "6",
  "OrderDate" : "1997-02-07T09:24:29",
  "RequiredDate" : "1997-03-07T02:49:23",
  "ShippedDate" : "1997-02-10T03:45:03",
  "ShipVia" : "3",
  "Freight" : "4.0700",
  "ShipName" : "Mère Paillarde",
  "ShipAddress" : "43 rue St. Laurent",
  "ShipCity" : "Montréal",
  "ShipRegion" : "Québec",
  "ShipPostalCode" : "H1J 1C3",
  "ShipCountry" : "Canada",
  "OrderDetails" : {
    "OrderDetail" : {
      "ProductID" : "74",
      "UnitPrice" : "8.0000",
      "Quantity" : "30",
      "Discount" : "0"
    }
  }
}