{
  "OrderID" : "10433",
  "CustomerID" : "PRINI",
  "EmployeeID" : "3",
  "OrderDate" : "1997-02-03T15:55:58",
  "RequiredDate" : "1997-03-03T01:06:24",
  "ShippedDate" : "1997-03-04T15:49:42",
  "ShipVia" : "3",
  "Freight" : "73.8300",
  "ShipName" : "Princesa Isabel Vinhos",
  "ShipAddress" : "Estrada da saúde n. 58",
  "ShipCity" : "Lisboa",
  "ShipRegion" : null,
  "ShipPostalCode" : "1756",
  "ShipCountry" : "Portugal",
  "OrderDetails" : {
    "OrderDetail" : {
      "ProductID" : "56",
      "UnitPrice" : "30.4000",
      "Quantity" : "28",
      "Discount" : "0"
    }
  }
}