{
  "OrderID" : "10432",
  "CustomerID" : "SPLIR",
  "EmployeeID" : "3",
  "OrderDate" : "1997-01-31T10:01:16",
  "RequiredDate" : "1997-02-14T11:14:45",
  "ShippedDate" : "1997-02-07T23:00:55",
  "ShipVia" : "2",
  "Freight" : "4.3400",
  "ShipName" : "Split Rail Beer & Ale",
  "ShipAddress" : "P.O. Box 555",
  "ShipCity" : "Lander",
  "ShipRegion" : "WY",
  "ShipPostalCode" : "82520",
  "ShipCountry" : "USA",
  "OrderDetails" : {
    "OrderDetail" : {
      "ProductID" : "54",
      "UnitPrice" : "5.9000",
      "Quantity" : "40",
      "Discount" : "0"
    }
  }
}