{
  "OrderID" : "10430",
  "CustomerID" : "ERNSH",
  "EmployeeID" : "4",
  "OrderDate" : "1997-01-30T05:04:28",
  "RequiredDate" : "1997-02-13T23:11:52",
  "ShippedDate" : "1997-02-03T15:26:13",
  "ShipVia" : "1",
  "Freight" : "458.7800",
  "ShipName" : "Ernst Handel",
  "ShipAddress" : "Kirchgasse 6",
  "ShipCity" : "Graz",
  "ShipRegion" : null,
  "ShipPostalCode" : "8010",
  "ShipCountry" : "Austria",
  "OrderDetails" : {
    "OrderDetail" : {
      "ProductID" : "59",
      "UnitPrice" : "44.0000",
      "Quantity" : "70",
      "Discount" : "0.2"
    }
  }
}