{
  "OrderID" : "10446",
  "CustomerID" : "TOMSP",
  "EmployeeID" : "6",
  "OrderDate" : "1997-02-14T18:12:12",
  "RequiredDate" : "1997-03-14T18:28:34",
  "ShippedDate" : "1997-02-19T08:49:34",
  "ShipVia" : "1",
  "Freight" : "14.6800",
  "ShipName" : "Toms Spezialitäten",
  "ShipAddress" : "Luisenstr. 48",
  "ShipCity" : "Münster",
  "ShipRegion" : null,
  "ShipPostalCode" : "44087",
  "ShipCountry" : "Germany",
  "OrderDetails" : {
    "OrderDetail" : {
      "ProductID" : "52",
      "UnitPrice" : "5.6000",
      "Quantity" : "15",
      "Discount" : "0.1"
    }
  }
}