{
  "OrderID" : "10447",
  "CustomerID" : "RICAR",
  "EmployeeID" : "4",
  "OrderDate" : "1997-02-14T14:45:16",
  "RequiredDate" : "1997-03-14T05:16:01",
  "ShippedDate" : "1997-03-07T22:50:42",
  "ShipVia" : "2",
  "Freight" : "68.6600",
  "ShipName" : "Ricardo Adocicados",
  "ShipAddress" : "Av. Copacabana, 267",
  "ShipCity" : "Rio de Janeiro",
  "ShipRegion" : "RJ",
  "ShipPostalCode" : "02389-890",
  "ShipCountry" : "Brazil",
  "OrderDetails" : {
    "OrderDetail" : {
      "ProductID" : "71",
      "UnitPrice" : "17.2000",
      "Quantity" : "2",
      "Discount" : "0"
    }
  }
}