{
  "OrderID" : "10443",
  "CustomerID" : "REGGC",
  "EmployeeID" : "8",
  "OrderDate" : "1997-02-12T00:09:47",
  "RequiredDate" : "1997-03-12T01:16:02",
  "ShippedDate" : "1997-02-14T02:08:02",
  "ShipVia" : "1",
  "Freight" : "13.9500",
  "ShipName" : "Reggiani Caseifici",
  "ShipAddress" : "Strada Provinciale 124",
  "ShipCity" : "Reggio Emilia",
  "ShipRegion" : null,
  "ShipPostalCode" : "42100",
  "ShipCountry" : "Italy",
  "OrderDetails" : {
    "OrderDetail" : {
      "ProductID" : "28",
      "UnitPrice" : "36.4000",
      "Quantity" : "12",
      "Discount" : "0"
    }
  }
}