{
  "OrderID" : "10448",
  "CustomerID" : "RANCH",
  "EmployeeID" : "4",
  "OrderDate" : "1997-02-17T03:08:53",
  "RequiredDate" : "1997-03-17T13:54:30",
  "ShippedDate" : "1997-02-24T13:38:30",
  "ShipVia" : "2",
  "Freight" : "38.8200",
  "ShipName" : "Rancho grande",
  "ShipAddress" : "Av. del Libertador 900",
  "ShipCity" : "Buenos Aires",
  "ShipRegion" : null,
  "ShipPostalCode" : "1010",
  "ShipCountry" : "Argentina",
  "OrderDetails" : {
    "OrderDetail" : {
      "ProductID" : "40",
      "UnitPrice" : "14.7000",
      "Quantity" : "20",
      "Discount" : "0"
    }
  }
}