{
  "OrderID" : "10441",
  "CustomerID" : "OLDWO",
  "EmployeeID" : "3",
  "OrderDate" : "1997-02-10T19:33:16",
  "RequiredDate" : "1997-03-24T09:10:56",
  "ShippedDate" : "1997-03-14T11:05:21",
  "ShipVia" : "2",
  "Freight" : "73.0200",
  "ShipName" : "Old World Delicatessen",
  "ShipAddress" : "2743 Bering St.",
  "ShipCity" : "Anchorage",
  "ShipRegion" : "AK",
  "ShipPostalCode" : "99508",
  "ShipCountry" : "USA",
  "OrderDetails" : {
    "OrderDetail" : {
      "ProductID" : "27",
      "UnitPrice" : "35.1000",
      "Quantity" : "50",
      "Discount" : "0"
    }
  }
}