{
  "OrderID" : "10442",
  "CustomerID" : "ERNSH",
  "EmployeeID" : "3",
  "OrderDate" : "1997-02-11T05:56:17",
  "RequiredDate" : "1997-03-11T16:12:58",
  "ShippedDate" : "1997-02-18T06:32:34",
  "ShipVia" : "2",
  "Freight" : "47.9400",
  "ShipName" : "Ernst Handel",
  "ShipAddress" : "Kirchgasse 6",
  "ShipCity" : "Graz",
  "ShipRegion" : null,
  "ShipPostalCode" : "8010",
  "ShipCountry" : "Austria",
  "OrderDetails" : {
    "OrderDetail" : {
      "ProductID" : "66",
      "UnitPrice" : "13.6000",
      "Quantity" : "60",
      "Discount" : "0"
    }
  }
}