{
  "OrderID" : "10449",
  "CustomerID" : "BLONP",
  "EmployeeID" : "3",
  "OrderDate" : "1997-02-18T08:27:32",
  "RequiredDate" : "1997-03-18T01:00:22",
  "ShippedDate" : "1997-02-27T05:19:54",
  "ShipVia" : "2",
  "Freight" : "53.3000",
  "ShipName" : "Blondel père et fils",
  "ShipAddress" : "24, place Kléber",
  "ShipCity" : "Strasbourg",
  "ShipRegion" : null,
  "ShipPostalCode" : "67000",
  "ShipCountry" : "France",
  "OrderDetails" : {
    "OrderDetail" : {
      "ProductID" : "62",
      "UnitPrice" : "39.4000",
      "Quantity" : "35",
      "Discount" : "0"
    }
  }
}