{
  "OrderID" : "10458",
  "CustomerID" : "SUPRD",
  "EmployeeID" : "7",
  "OrderDate" : "1997-02-26T07:12:45",
  "RequiredDate" : "1997-03-26T12:06:47",
  "ShippedDate" : "1997-03-04T13:16:52",
  "ShipVia" : "3",
  "Freight" : "147.0600",
  "ShipName" : "Suprêmes délices",
  "ShipAddress" : "Boulevard Tirou, 255",
  "ShipCity" : "Charleroi",
  "ShipRegion" : null,
  "ShipPostalCode" : "B-6000",
  "ShipCountry" : "Belgium",
  "OrderDetails" : {
    "OrderDetail" : {
      "ProductID" : "71",
      "UnitPrice" : "17.2000",
      "Quantity" : "50",
      "Discount" : "0"
    }
  }
}