{
  "OrderID" : "10452",
  "CustomerID" : "SAVEA",
  "EmployeeID" : "8",
  "OrderDate" : "1997-02-20T21:11:17",
  "RequiredDate" : "1997-03-20T16:12:49",
  "ShippedDate" : "1997-02-26T01:01:22",
  "ShipVia" : "1",
  "Freight" : "140.2600",
  "ShipName" : "Save-a-lot Markets",
  "ShipAddress" : "187 Suffolk Ln.",
  "ShipCity" : "Boise",
  "ShipRegion" : "ID",
  "ShipPostalCode" : "83720",
  "ShipCountry" : "USA",
  "OrderDetails" : {
    "OrderDetail" : {
      "ProductID" : "44",
      "UnitPrice" : "15.5000",
      "Quantity" : "100",
      "Discount" : "0.05"
    }
  }
}