{
  "OrderID" : "10453",
  "CustomerID" : "AROUT",
  "EmployeeID" : "1",
  "OrderDate" : "1997-02-21T00:32:45",
  "RequiredDate" : "1997-03-21T21:00:56",
  "ShippedDate" : "1997-02-26T02:05:58",
  "ShipVia" : "2",
  "Freight" : "25.3600",
  "ShipName" : "Around the Horn",
  "ShipAddress" : "Brook Farm Stratford St. Mary",
  "ShipCity" : "Colchester",
  "ShipRegion" : "Essex",
  "ShipPostalCode" : "CO7 6JX",
  "ShipCountry" : "UK",
  "OrderDetails" : {
    "OrderDetail" : {
      "ProductID" : "70",
      "UnitPrice" : "12.0000",
      "Quantity" : "25",
      "Discount" : "0.1"
    }
  }
}