{
  "OrderID" : "10459",
  "CustomerID" : "VICTE",
  "EmployeeID" : "4",
  "OrderDate" : "1997-02-27T13:13:30",
  "RequiredDate" : "1997-03-27T15:15:39",
  "ShippedDate" : "1997-02-28T20:27:57",
  "ShipVia" : "2",
  "Freight" : "25.0900",
  "ShipName" : "Victuailles en stock",
  "ShipAddress" : "2, rue du Commerce",
  "ShipCity" : "Lyon",
  "ShipRegion" : null,
  "ShipPostalCode" : "69004",
  "ShipCountry" : "France",
  "OrderDetails" : {
    "OrderDetail" : {
      "ProductID" : "72",
      "UnitPrice" : "27.8000",
      "Quantity" : "40",
      "Discount" : "0"
    }
  }
}