{
  "OrderID" : "10451",
  "CustomerID" : "QUICK",
  "EmployeeID" : "4",
  "OrderDate" : "1997-02-19T03:23:43",
  "RequiredDate" : "1997-03-05T05:36:44",
  "ShippedDate" : "1997-03-12T00:53:44",
  "ShipVia" : "3",
  "Freight" : "189.0900",
  "ShipName" : "QUICK-Stop",
  "ShipAddress" : "Taucherstraße 10",
  "ShipCity" : "Cunewalde",
  "ShipRegion" : null,
  "ShipPostalCode" : "01307",
  "ShipCountry" : "Germany",
  "OrderDetails" : {
    "OrderDetail" : {
      "ProductID" : "77",
      "UnitPrice" : "10.4000",
      "Quantity" : "55",
      "Discount" : "0.1"
    }
  }
}