{
  "OrderID" : "10457",
  "CustomerID" : "KOENE",
  "EmployeeID" : "2",
  "OrderDate" : "1997-02-25T03:14:22",
  "RequiredDate" : "1997-03-25T18:07:31",
  "ShippedDate" : "1997-03-03T18:11:25",
  "ShipVia" : "1",
  "Freight" : "11.5700",
  "ShipName" : "Königlich Essen",
  "ShipAddress" : "Maubelstr. 90",
  "ShipCity" : "Brandenburg",
  "ShipRegion" : null,
  "ShipPostalCode" : "14776",
  "ShipCountry" : "Germany",
  "OrderDetails" : {
    "OrderDetail" : {
      "ProductID" : "59",
      "UnitPrice" : "44.0000",
      "Quantity" : "36",
      "Discount" : "0"
    }
  }
}