{
  "OrderID" : "10456",
  "CustomerID" : "KOENE",
  "EmployeeID" : "8",
  "OrderDate" : "1997-02-25T15:07:37",
  "RequiredDate" : "1997-04-08T01:35:40",
  "ShippedDate" : "1997-02-28T19:06:35",
  "ShipVia" : "2",
  "Freight" : "8.1200",
  "ShipName" : "Königlich Essen",
  "ShipAddress" : "Maubelstr. 90",
  "ShipCity" : "Brandenburg",
  "ShipRegion" : null,
  "ShipPostalCode" : "14776",
  "ShipCountry" : "Germany",
  "OrderDetails" : {
    "OrderDetail" : {
      "ProductID" : "49",
      "UnitPrice" : "16.0000",
      "Quantity" : "21",
      "Discount" : "0.15"
    }
  }
}