{
  "OrderID" : "10450",
  "CustomerID" : "VICTE",
  "EmployeeID" : "8",
  "OrderDate" : "1997-02-19T19:50:52",
  "RequiredDate" : "1997-03-19T15:42:12",
  "ShippedDate" : "1997-03-11T03:08:54",
  "ShipVia" : "2",
  "Freight" : "7.2300",
  "ShipName" : "Victuailles en stock",
  "ShipAddress" : "2, rue du Commerce",
  "ShipCity" : "Lyon",
  "ShipRegion" : null,
  "ShipPostalCode" : "69004",
  "ShipCountry" : "France",
  "OrderDetails" : {
    "OrderDetail" : {
      "ProductID" : "54",
      "UnitPrice" : "5.9000",
      "Quantity" : "6",
      "Discount" : "0.2"
    }
  }
}