{
  "OrderID" : "10455",
  "CustomerID" : "WARTH",
  "EmployeeID" : "8",
  "OrderDate" : "1997-02-24T18:07:49",
  "RequiredDate" : "1997-04-07T19:01:05",
  "ShippedDate" : "1997-03-03T15:19:07",
  "ShipVia" : "2",
  "Freight" : "180.4500",
  "ShipName" : "Wartian Herkku",
  "ShipAddress" : "Torikatu 38",
  "ShipCity" : "Oulu",
  "ShipRegion" : null,
  "ShipPostalCode" : "90110",
  "ShipCountry" : "Finland",
  "OrderDetails" : {
    "OrderDetail" : {
      "ProductID" : "71",
      "UnitPrice" : "17.2000",
      "Quantity" : "30",
      "Discount" : "0"
    }
  }
}