{
  "OrderID" : "10464",
  "CustomerID" : "FURIB",
  "EmployeeID" : "4",
  "OrderDate" : "1997-03-04T13:33:21",
  "RequiredDate" : "1997-04-01T10:20:39",
  "ShippedDate" : "1997-03-14T15:41:16",
  "ShipVia" : "2",
  "Freight" : "89.0000",
  "ShipName" : "Furia Bacalhau e Frutos do Mar",
  "ShipAddress" : "Jardim das rosas n. 32",
  "ShipCity" : "Lisboa",
  "ShipRegion" : null,
  "ShipPostalCode" : "1675",
  "ShipCountry" : "Portugal",
  "OrderDetails" : {
    "OrderDetail" : {
      "ProductID" : "60",
      "UnitPrice" : "27.2000",
      "Quantity" : "20",
      "Discount" : "0"
    }
  }
}