{
  "OrderID" : "10461",
  "CustomerID" : "LILAS",
  "EmployeeID" : "1",
  "OrderDate" : "1997-02-28T20:58:00",
  "RequiredDate" : "1997-03-28T07:03:48",
  "ShippedDate" : "1997-03-05T16:18:06",
  "ShipVia" : "3",
  "Freight" : "148.6100",
  "ShipName" : "LILA-Supermercado",
  "ShipAddress" : "Carrera 52 con Ave. Bolívar #65-98 Llano Largo",
  "ShipCity" : "Barquisimeto",
  "ShipRegion" : "Lara",
  "ShipPostalCode" : "3508",
  "ShipCountry" : "Venezuela",
  "OrderDetails" : {
    "OrderDetail" : {
      "ProductID" : "55",
      "UnitPrice" : "19.2000",
      "Quantity" : "60",
      "Discount" : "0.25"
    }
  }
}