{
  "OrderID" : "10468",
  "CustomerID" : "KOENE",
  "EmployeeID" : "3",
  "OrderDate" : "1997-03-07T18:53:44",
  "RequiredDate" : "1997-04-04T08:11:44",
  "ShippedDate" : "1997-03-12T00:53:02",
  "ShipVia" : "3",
  "Freight" : "44.1200",
  "ShipName" : "Königlich Essen",
  "ShipAddress" : "Maubelstr. 90",
  "ShipCity" : "Brandenburg",
  "ShipRegion" : null,
  "ShipPostalCode" : "14776",
  "ShipCountry" : "Germany",
  "OrderDetails" : {
    "OrderDetail" : {
      "ProductID" : "43",
      "UnitPrice" : "36.8000",
      "Quantity" : "15",
      "Discount" : "0"
    }
  }
}