{
  "OrderID" : "10462",
  "CustomerID" : "CONSH",
  "EmployeeID" : "2",
  "OrderDate" : "1997-03-03T08:06:01",
  "RequiredDate" : "1997-03-31T19:27:18",
  "ShippedDate" : "1997-03-18T19:16:52",
  "ShipVia" : "1",
  "Freight" : "6.1700",
  "ShipName" : "Consolidated Holdings",
  "ShipAddress" : "Berkeley Gardens 12  Brewery",
  "ShipCity" : "London",
  "ShipRegion" : null,
  "ShipPostalCode" : "WX1 6LT",
  "ShipCountry" : "UK",
  "OrderDetails" : {
    "OrderDetail" : {
      "ProductID" : "23",
      "UnitPrice" : "7.2000",
      "Quantity" : "21",
      "Discount" : "0"
    }
  }
}