{
  "OrderID" : "10467",
  "CustomerID" : "MAGAA",
  "EmployeeID" : "8",
  "OrderDate" : "1997-03-06T04:09:03",
  "RequiredDate" : "1997-04-03T08:44:39",
  "ShippedDate" : "1997-03-11T10:06:44",
  "ShipVia" : "2",
  "Freight" : "4.9300",
  "ShipName" : "Magazzini Alimentari Riuniti",
  "ShipAddress" : "Via Ludovico il Moro 22",
  "ShipCity" : "Bergamo",
  "ShipRegion" : null,
  "ShipPostalCode" : "24100",
  "ShipCountry" : "Italy",
  "OrderDetails" : {
    "OrderDetail" : {
      "ProductID" : "25",
      "UnitPrice" : "11.2000",
      "Quantity" : "12",
      "Discount" : "0"
    }
  }
}