{
  "OrderID" : "10466",
  "CustomerID" : "COMMI",
  "EmployeeID" : "4",
  "OrderDate" : "1997-03-06T22:31:19",
  "RequiredDate" : "1997-04-03T13:56:33",
  "ShippedDate" : "1997-03-13T10:05:55",
  "ShipVia" : "1",
  "Freight" : "11.9300",
  "ShipName" : "Comércio Mineiro",
  "ShipAddress" : "Av. dos Lusíadas, 23",
  "ShipCity" : "Sao Paulo",
  "ShipRegion" : "SP",
  "ShipPostalCode" : "05432-043",
  "ShipCountry" : "Brazil",
  "OrderDetails" : {
    "OrderDetail" : {
      "ProductID" : "46",
      "UnitPrice" : "9.6000",
      "Quantity" : "5",
      "Discount" : "0"
    }
  }
}