{
  "OrderID" : "10460",
  "CustomerID" : "FOLKO",
  "EmployeeID" : "8",
  "OrderDate" : "1997-02-28T08:46:51",
  "RequiredDate" : "1997-03-28T17:50:18",
  "ShippedDate" : "1997-03-03T04:25:09",
  "ShipVia" : "1",
  "Freight" : "16.2700",
  "ShipName" : "Folk och fä HB",
  "ShipAddress" : "Åkergatan 24",
  "ShipCity" : "Bräcke",
  "ShipRegion" : null,
  "ShipPostalCode" : "S-844 67",
  "ShipCountry" : "Sweden",
  "OrderDetails" : {
    "OrderDetail" : {
      "ProductID" : "75",
      "UnitPrice" : "6.2000",
      "Quantity" : "4",
      "Discount" : "0.25"
    }
  }
}