{
  "OrderID" : "10463",
  "CustomerID" : "SUPRD",
  "EmployeeID" : "5",
  "OrderDate" : "1997-03-04T01:29:57",
  "RequiredDate" : "1997-04-01T17:55:38",
  "ShippedDate" : "1997-03-06T13:23:24",
  "ShipVia" : "3",
  "Freight" : "14.7800",
  "ShipName" : "Suprêmes délices",
  "ShipAddress" : "Boulevard Tirou, 255",
  "ShipCity" : "Charleroi",
  "ShipRegion" : null,
  "ShipPostalCode" : "B-6000",
  "ShipCountry" : "Belgium",
  "OrderDetails" : {
    "OrderDetail" : {
      "ProductID" : "42",
      "UnitPrice" : "11.2000",
      "Quantity" : "50",
      "Discount" : "0"
    }
  }
}