{
  "OrderID" : "10470",
  "CustomerID" : "BONAP",
  "EmployeeID" : "4",
  "OrderDate" : "1997-03-11T02:58:36",
  "RequiredDate" : "1997-04-08T18:00:14",
  "ShippedDate" : "1997-03-14T17:27:32",
  "ShipVia" : "2",
  "Freight" : "64.5600",
  "ShipName" : "Bon app'",
  "ShipAddress" : "12, rue des Bouchers",
  "ShipCity" : "Marseille",
  "ShipRegion" : null,
  "ShipPostalCode" : "13008",
  "ShipCountry" : "France",
  "OrderDetails" : {
    "OrderDetail" : {
      "ProductID" : "64",
      "UnitPrice" : "26.6000",
      "Quantity" : "8",
      "Discount" : "0"
    }
  }
}