{
  "OrderID" : "10471",
  "CustomerID" : "BSBEV",
  "EmployeeID" : "2",
  "OrderDate" : "1997-03-11T05:30:29",
  "RequiredDate" : "1997-04-08T11:16:52",
  "ShippedDate" : "1997-03-18T04:47:34",
  "ShipVia" : "3",
  "Freight" : "45.5900",
  "ShipName" : "B's Beverages",
  "ShipAddress" : "Fauntleroy Circus",
  "ShipCity" : "London",
  "ShipRegion" : null,
  "ShipPostalCode" : "EC2 5NT",
  "ShipCountry" : "UK",
  "OrderDetails" : {
    "OrderDetail" : {
      "ProductID" : "56",
      "UnitPrice" : "30.4000",
      "Quantity" : "20",
      "Discount" : "0"
    }
  }
}