{
  "OrderID" : "10475",
  "CustomerID" : "SUPRD",
  "EmployeeID" : "9",
  "OrderDate" : "1997-03-14T13:13:05",
  "RequiredDate" : "1997-04-11T14:48:20",
  "ShippedDate" : "1997-04-04T20:39:00",
  "ShipVia" : "1",
  "Freight" : "68.5200",
  "ShipName" : "Suprêmes délices",
  "ShipAddress" : "Boulevard Tirou, 255",
  "ShipCity" : "Charleroi",
  "ShipRegion" : null,
  "ShipPostalCode" : "B-6000",
  "ShipCountry" : "Belgium",
  "OrderDetails" : {
    "OrderDetail" : {
      "ProductID" : "76",
      "UnitPrice" : "14.4000",
      "Quantity" : "42",
      "Discount" : "0.15"
    }
  }
}