{
  "OrderID" : "10472",
  "CustomerID" : "SEVES",
  "EmployeeID" : "8",
  "OrderDate" : "1997-03-12T14:35:20",
  "RequiredDate" : "1997-04-09T13:32:02",
  "ShippedDate" : "1997-03-19T12:42:42",
  "ShipVia" : "1",
  "Freight" : "4.2000",
  "ShipName" : "Seven Seas Imports",
  "ShipAddress" : "90 Wadhurst Rd.",
  "ShipCity" : "London",
  "ShipRegion" : null,
  "ShipPostalCode" : "OX15 4NB",
  "ShipCountry" : "UK",
  "OrderDetails" : {
    "OrderDetail" : {
      "ProductID" : "51",
      "UnitPrice" : "42.4000",
      "Quantity" : "18",
      "Discount" : "0"
    }
  }
}