{
  "OrderID" : "10476",
  "CustomerID" : "HILAA",
  "EmployeeID" : "8",
  "OrderDate" : "1997-03-17T12:30:26",
  "RequiredDate" : "1997-04-14T13:14:17",
  "ShippedDate" : "1997-03-24T12:17:17",
  "ShipVia" : "3",
  "Freight" : "4.4100",
  "ShipName" : "HILARION-Abastos",
  "ShipAddress" : "Carrera 22 con Ave. Carlos Soublette #8-35",
  "ShipCity" : "San Cristóbal",
  "ShipRegion" : "Táchira",
  "ShipPostalCode" : "5022",
  "ShipCountry" : "Venezuela",
  "OrderDetails" : {
    "OrderDetail" : {
      "ProductID" : "70",
      "UnitPrice" : "12.0000",
      "Quantity" : "12",
      "Discount" : "0"
    }
  }
}