{
  "OrderID" : "10474",
  "CustomerID" : "PERIC",
  "EmployeeID" : "5",
  "OrderDate" : "1997-03-13T03:57:52",
  "RequiredDate" : "1997-04-10T12:36:42",
  "ShippedDate" : "1997-03-21T04:47:23",
  "ShipVia" : "2",
  "Freight" : "83.4900",
  "ShipName" : "Pericles Comidas clásicas",
  "ShipAddress" : "Calle Dr. Jorge Cash 321",
  "ShipCity" : "México D.F.",
  "ShipRegion" : null,
  "ShipPostalCode" : "05033",
  "ShipCountry" : "Mexico",
  "OrderDetails" : {
    "OrderDetail" : {
      "ProductID" : "75",
      "UnitPrice" : "6.2000",
      "Quantity" : "10",
      "Discount" : "0"
    }
  }
}