{
  "OrderID" : "10473",
  "CustomerID" : "ISLAT",
  "EmployeeID" : "1",
  "OrderDate" : "1997-03-13T10:09:58",
  "RequiredDate" : "1997-03-27T14:04:08",
  "ShippedDate" : "1997-03-21T19:19:07",
  "ShipVia" : "3",
  "Freight" : "16.3700",
  "ShipName" : "Island Trading",
  "ShipAddress" : "Garden House Crowther Way",
  "ShipCity" : "Cowes",
  "ShipRegion" : "Isle of Wight",
  "ShipPostalCode" : "PO31 7PJ",
  "ShipCountry" : "UK",
  "OrderDetails" : {
    "OrderDetail" : {
      "ProductID" : "71",
      "UnitPrice" : "17.2000",
      "Quantity" : "12",
      "Discount" : "0"
    }
  }
}