{
  "OrderID" : "10479",
  "CustomerID" : "RATTC",
  "EmployeeID" : "3",
  "OrderDate" : "1997-03-19T15:49:19",
  "RequiredDate" : "1997-04-16T15:45:23",
  "ShippedDate" : "1997-03-21T03:17:47",
  "ShipVia" : "3",
  "Freight" : "708.9500",
  "ShipName" : "Rattlesnake Canyon Grocery",
  "ShipAddress" : "2817 Milton Dr.",
  "ShipCity" : "Albuquerque",
  "ShipRegion" : "NM",
  "ShipPostalCode" : "87110",
  "ShipCountry" : "USA",
  "OrderDetails" : {
    "OrderDetail" : {
      "ProductID" : "64",
      "UnitPrice" : "26.6000",
      "Quantity" : "30",
      "Discount" : "0"
    }
  }
}