{
  "OrderID" : "10477",
  "CustomerID" : "PRINI",
  "EmployeeID" : "5",
  "OrderDate" : "1997-03-17T13:35:26",
  "RequiredDate" : "1997-04-14T08:40:55",
  "ShippedDate" : "1997-03-25T18:03:48",
  "ShipVia" : "2",
  "Freight" : "13.0200",
  "ShipName" : "Princesa Isabel Vinhos",
  "ShipAddress" : "Estrada da saúde n. 58",
  "ShipCity" : "Lisboa",
  "ShipRegion" : null,
  "ShipPostalCode" : "1756",
  "ShipCountry" : "Portugal",
  "OrderDetails" : {
    "OrderDetail" : {
      "ProductID" : "39",
      "UnitPrice" : "14.4000",
      "Quantity" : "20",
      "Discount" : "0.25"
    }
  }
}