{
  "OrderID" : "10478",
  "CustomerID" : "VICTE",
  "EmployeeID" : "2",
  "OrderDate" : "1997-03-18T17:06:58",
  "RequiredDate" : "1997-04-01T14:21:43",
  "ShippedDate" : "1997-03-26T15:58:29",
  "ShipVia" : "3",
  "Freight" : "4.8100",
  "ShipName" : "Victuailles en stock",
  "ShipAddress" : "2, rue du Commerce",
  "ShipCity" : "Lyon",
  "ShipRegion" : null,
  "ShipPostalCode" : "69004",
  "ShipCountry" : "France",
  "OrderDetails" : {
    "OrderDetail" : {
      "ProductID" : "10",
      "UnitPrice" : "24.8000",
      "Quantity" : "20",
      "Discount" : "0.05"
    }
  }
}