{
  "OrderID" : "10481",
  "CustomerID" : "RICAR",
  "EmployeeID" : "8",
  "OrderDate" : "1997-03-20T22:11:31",
  "RequiredDate" : "1997-04-17T03:50:45",
  "ShippedDate" : "1997-03-25T12:08:33",
  "ShipVia" : "2",
  "Freight" : "64.3300",
  "ShipName" : "Ricardo Adocicados",
  "ShipAddress" : "Av. Copacabana, 267",
  "ShipCity" : "Rio de Janeiro",
  "ShipRegion" : "RJ",
  "ShipPostalCode" : "02389-890",
  "ShipCountry" : "Brazil",
  "OrderDetails" : {
    "OrderDetail" : {
      "ProductID" : "60",
      "UnitPrice" : "27.2000",
      "Quantity" : "40",
      "Discount" : "0"
    }
  }
}