{
  "OrderID" : "10483",
  "CustomerID" : "WHITC",
  "EmployeeID" : "7",
  "OrderDate" : "1997-03-24T23:54:49",
  "RequiredDate" : "1997-04-21T01:12:22",
  "ShippedDate" : "1997-04-25T03:05:29",
  "ShipVia" : "2",
  "Freight" : "15.2800",
  "ShipName" : "White Clover Markets",
  "ShipAddress" : "1029 - 12th Ave. S.",
  "ShipCity" : "Seattle",
  "ShipRegion" : "WA",
  "ShipPostalCode" : "98124",
  "ShipCountry" : "USA",
  "OrderDetails" : {
    "OrderDetail" : {
      "ProductID" : "77",
      "UnitPrice" : "10.4000",
      "Quantity" : "30",
      "Discount" : "0.05"
    }
  }
}