{
  "OrderID" : "10488",
  "CustomerID" : "FRANK",
  "EmployeeID" : "8",
  "OrderDate" : "1997-03-27T10:20:41",
  "RequiredDate" : "1997-04-24T10:09:12",
  "ShippedDate" : "1997-04-02T11:50:24",
  "ShipVia" : "2",
  "Freight" : "4.9300",
  "ShipName" : "Frankenversand",
  "ShipAddress" : "Berliner Platz 43",
  "ShipCity" : "München",
  "ShipRegion" : null,
  "ShipPostalCode" : "80805",
  "ShipCountry" : "Germany",
  "OrderDetails" : {
    "OrderDetail" : {
      "ProductID" : "73",
      "UnitPrice" : "12.0000",
      "Quantity" : "20",
      "Discount" : "0.2"
    }
  }
}