{
  "OrderID" : "10485",
  "CustomerID" : "LINOD",
  "EmployeeID" : "4",
  "OrderDate" : "1997-03-25T22:28:57",
  "RequiredDate" : "1997-04-08T13:06:37",
  "ShippedDate" : "1997-03-31T19:07:23",
  "ShipVia" : "2",
  "Freight" : "64.4500",
  "ShipName" : "LINO-Delicateses",
  "ShipAddress" : "Ave. 5 de Mayo Porlamar",
  "ShipCity" : "I. de Margarita",
  "ShipRegion" : "Nueva Esparta",
  "ShipPostalCode" : "4980",
  "ShipCountry" : "Venezuela",
  "OrderDetails" : {
    "OrderDetail" : {
      "ProductID" : "70",
      "UnitPrice" : "12.0000",
      "Quantity" : "60",
      "Discount" : "0.1"
    }
  }
}