{
  "OrderID" : "10489",
  "CustomerID" : "PICCO",
  "EmployeeID" : "6",
  "OrderDate" : "1997-03-28T11:24:47",
  "RequiredDate" : "1997-04-25T04:13:05",
  "ShippedDate" : "1997-04-09T23:28:06",
  "ShipVia" : "2",
  "Freight" : "5.2900",
  "ShipName" : "Piccolo und mehr",
  "ShipAddress" : "Geislweg 14",
  "ShipCity" : "Salzburg",
  "ShipRegion" : null,
  "ShipPostalCode" : "5020",
  "ShipCountry" : "Austria",
  "OrderDetails" : {
    "OrderDetail" : {
      "ProductID" : "16",
      "UnitPrice" : "13.9000",
      "Quantity" : "18",
      "Discount" : "0"
    }
  }
}