{
  "OrderID" : "10484",
  "CustomerID" : "BSBEV",
  "EmployeeID" : "3",
  "OrderDate" : "1997-03-24T02:07:07",
  "RequiredDate" : "1997-04-21T16:11:43",
  "ShippedDate" : "1997-04-01T13:41:46",
  "ShipVia" : "3",
  "Freight" : "6.8800",
  "ShipName" : "B's Beverages",
  "ShipAddress" : "Fauntleroy Circus",
  "ShipCity" : "London",
  "ShipRegion" : null,
  "ShipPostalCode" : "EC2 5NT",
  "ShipCountry" : "UK",
  "OrderDetails" : {
    "OrderDetail" : {
      "ProductID" : "51",
      "UnitPrice" : "42.4000",
      "Quantity" : "3",
      "Discount" : "0"
    }
  }
}