{
  "OrderID" : "10482",
  "CustomerID" : "LAZYK",
  "EmployeeID" : "1",
  "OrderDate" : "1997-03-21T00:52:08",
  "RequiredDate" : "1997-04-18T16:54:15",
  "ShippedDate" : "1997-04-10T19:53:27",
  "ShipVia" : "3",
  "Freight" : "7.4800",
  "ShipName" : "Lazy K Kountry Store",
  "ShipAddress" : "12 Orchestra Terrace",
  "ShipCity" : "Walla Walla",
  "ShipRegion" : "WA",
  "ShipPostalCode" : "99362",
  "ShipCountry" : "USA",
  "OrderDetails" : {
    "OrderDetail" : {
      "ProductID" : "40",
      "UnitPrice" : "14.7000",
      "Quantity" : "10",
      "Discount" : "0"
    }
  }
}