{
  "OrderID" : "10486",
  "CustomerID" : "HILAA",
  "EmployeeID" : "1",
  "OrderDate" : "1997-03-26T15:57:37",
  "RequiredDate" : "1997-04-23T11:46:04",
  "ShippedDate" : "1997-04-02T20:26:42",
  "ShipVia" : "2",
  "Freight" : "30.5300",
  "ShipName" : "HILARION-Abastos",
  "ShipAddress" : "Carrera 22 con Ave. Carlos Soublette #8-35",
  "ShipCity" : "San Cristóbal",
  "ShipRegion" : "Táchira",
  "ShipPostalCode" : "5022",
  "ShipCountry" : "Venezuela",
  "OrderDetails" : {
    "OrderDetail" : {
      "ProductID" : "74",
      "UnitPrice" : "8.0000",
      "Quantity" : "16",
      "Discount" : "0"
    }
  }
}