{
  "OrderID" : "10498",
  "CustomerID" : "HILAA",
  "EmployeeID" : "8",
  "OrderDate" : "1997-04-07T06:43:49",
  "RequiredDate" : "1997-05-05T19:00:19",
  "ShippedDate" : "1997-04-11T21:41:07",
  "ShipVia" : "2",
  "Freight" : "29.7500",
  "ShipName" : "HILARION-Abastos",
  "ShipAddress" : "Carrera 22 con Ave. Carlos Soublette #8-35",
  "ShipCity" : "San Cristóbal",
  "ShipRegion" : "Táchira",
  "ShipPostalCode" : "5022",
  "ShipCountry" : "Venezuela",
  "OrderDetails" : {
    "OrderDetail" : {
      "ProductID" : "42",
      "UnitPrice" : "14.0000",
      "Quantity" : "30",
      "Discount" : "0"
    }
  }
}