{
  "OrderID" : "10493",
  "CustomerID" : "LAMAI",
  "EmployeeID" : "4",
  "OrderDate" : "1997-04-02T21:09:39",
  "RequiredDate" : "1997-04-30T21:09:31",
  "ShippedDate" : "1997-04-10T15:23:46",
  "ShipVia" : "3",
  "Freight" : "10.6400",
  "ShipName" : "La maison d'Asie",
  "ShipAddress" : "1 rue Alsace-Lorraine",
  "ShipCity" : "Toulouse",
  "ShipRegion" : null,
  "ShipPostalCode" : "31000",
  "ShipCountry" : "France",
  "OrderDetails" : {
    "OrderDetail" : {
      "ProductID" : "69",
      "UnitPrice" : "28.8000",
      "Quantity" : "10",
      "Discount" : "0.1"
    }
  }
}