{
  "OrderID" : "10494",
  "CustomerID" : "COMMI",
  "EmployeeID" : "4",
  "OrderDate" : "1997-04-02T16:22:31",
  "RequiredDate" : "1997-04-30T23:23:58",
  "ShippedDate" : "1997-04-09T09:38:02",
  "ShipVia" : "2",
  "Freight" : "65.9900",
  "ShipName" : "Comércio Mineiro",
  "ShipAddress" : "Av. dos Lusíadas, 23",
  "ShipCity" : "Sao Paulo",
  "ShipRegion" : "SP",
  "ShipPostalCode" : "05432-043",
  "ShipCountry" : "Brazil",
  "OrderDetails" : {
    "OrderDetail" : {
      "ProductID" : "56",
      "UnitPrice" : "30.4000",
      "Quantity" : "30",
      "Discount" : "0"
    }
  }
}