{
  "OrderID" : "10491",
  "CustomerID" : "FURIB",
  "EmployeeID" : "8",
  "OrderDate" : "1997-03-31T19:47:27",
  "RequiredDate" : "1997-04-28T05:17:40",
  "ShippedDate" : "1997-04-08T14:23:46",
  "ShipVia" : "3",
  "Freight" : "16.9600",
  "ShipName" : "Furia Bacalhau e Frutos do Mar",
  "ShipAddress" : "Jardim das rosas n. 32",
  "ShipCity" : "Lisboa",
  "ShipRegion" : null,
  "ShipPostalCode" : "1675",
  "ShipCountry" : "Portugal",
  "OrderDetails" : {
    "OrderDetail" : {
      "ProductID" : "77",
      "UnitPrice" : "10.4000",
      "Quantity" : "7",
      "Discount" : "0.15"
    }
  }
}