{
  "OrderID" : "10496",
  "CustomerID" : "TRADH",
  "EmployeeID" : "7",
  "OrderDate" : "1997-04-04T07:26:38",
  "RequiredDate" : "1997-05-02T09:23:25",
  "ShippedDate" : "1997-04-07T16:06:00",
  "ShipVia" : "2",
  "Freight" : "46.7700",
  "ShipName" : "Tradiçao Hipermercados",
  "ShipAddress" : "Av. Inês de Castro, 414",
  "ShipCity" : "Sao Paulo",
  "ShipRegion" : "SP",
  "ShipPostalCode" : "05634-030",
  "ShipCountry" : "Brazil",
  "OrderDetails" : {
    "OrderDetail" : {
      "ProductID" : "31",
      "UnitPrice" : "10.0000",
      "Quantity" : "20",
      "Discount" : "0.05"
    }
  }
}