{
  "OrderID" : "10502",
  "CustomerID" : "PERIC",
  "EmployeeID" : "2",
  "OrderDate" : "1997-04-10T09:29:25",
  "RequiredDate" : "1997-05-08T07:30:41",
  "ShippedDate" : "1997-04-29T07:45:19",
  "ShipVia" : "1",
  "Freight" : "69.3200",
  "ShipName" : "Pericles Comidas clásicas",
  "ShipAddress" : "Calle Dr. Jorge Cash 321",
  "ShipCity" : "México D.F.",
  "ShipRegion" : null,
  "ShipPostalCode" : "05033",
  "ShipCountry" : "Mexico",
  "OrderDetails" : {
    "OrderDetail" : {
      "ProductID" : "67",
      "UnitPrice" : "14.0000",
      "Quantity" : "30",
      "Discount" : "0"
    }
  }
}