{
  "OrderID" : "10505",
  "CustomerID" : "MEREP",
  "EmployeeID" : "3",
  "OrderDate" : "1997-04-14T10:41:34",
  "RequiredDate" : "1997-05-12T21:01:28",
  "ShippedDate" : "1997-04-21T08:52:49",
  "ShipVia" : "3",
  "Freight" : "7.1300",
  "ShipName" : "Mère Paillarde",
  "ShipAddress" : "43 rue St. Laurent",
  "ShipCity" : "Montréal",
  "ShipRegion" : "Québec",
  "ShipPostalCode" : "H1J 1C3",
  "ShipCountry" : "Canada",
  "OrderDetails" : {
    "OrderDetail" : {
      "ProductID" : "62",
      "UnitPrice" : "49.3000",
      "Quantity" : "3",
      "Discount" : "0"
    }
  }
}