{
  "OrderID" : "10500",
  "CustomerID" : "LAMAI",
  "EmployeeID" : "6",
  "OrderDate" : "1997-04-09T03:15:57",
  "RequiredDate" : "1997-05-07T02:15:16",
  "ShippedDate" : "1997-04-17T23:14:42",
  "ShipVia" : "1",
  "Freight" : "42.6800",
  "ShipName" : "La maison d'Asie",
  "ShipAddress" : "1 rue Alsace-Lorraine",
  "ShipCity" : "Toulouse",
  "ShipRegion" : null,
  "ShipPostalCode" : "31000",
  "ShipCountry" : "France",
  "OrderDetails" : {
    "OrderDetail" : {
      "ProductID" : "28",
      "UnitPrice" : "45.6000",
      "Quantity" : "8",
      "Discount" : "0.05"
    }
  }
}