{
  "OrderID" : "10501",
  "CustomerID" : "BLAUS",
  "EmployeeID" : "9",
  "OrderDate" : "1997-04-09T09:00:40",
  "RequiredDate" : "1997-05-07T05:11:38",
  "ShippedDate" : "1997-04-16T19:03:32",
  "ShipVia" : "3",
  "Freight" : "8.8500",
  "ShipName" : "Blauer See Delikatessen",
  "ShipAddress" : "Forsterstr. 57",
  "ShipCity" : "Mannheim",
  "ShipRegion" : null,
  "ShipPostalCode" : "68306",
  "ShipCountry" : "Germany",
  "OrderDetails" : {
    "OrderDetail" : {
      "ProductID" : "54",
      "UnitPrice" : "7.4500",
      "Quantity" : "20",
      "Discount" : "0"
    }
  }
}