{
  "OrderID" : "10514",
  "CustomerID" : "ERNSH",
  "EmployeeID" : "3",
  "OrderDate" : "1997-04-22T13:07:15",
  "RequiredDate" : "1997-05-20T08:46:23",
  "ShippedDate" : "1997-05-16T04:41:50",
  "ShipVia" : "2",
  "Freight" : "789.9500",
  "ShipName" : "Ernst Handel",
  "ShipAddress" : "Kirchgasse 6",
  "ShipCity" : "Graz",
  "ShipRegion" : null,
  "ShipPostalCode" : "8010",
  "ShipCountry" : "Austria",
  "OrderDetails" : {
    "OrderDetail" : {
      "ProductID" : "75",
      "UnitPrice" : "7.7500",
      "Quantity" : "50",
      "Discount" : "0"
    }
  }
}