{
  "OrderID" : "10518",
  "CustomerID" : "TORTU",
  "EmployeeID" : "4",
  "OrderDate" : "1997-04-25T18:50:03",
  "RequiredDate" : "1997-05-09T17:32:33",
  "ShippedDate" : "1997-05-05T02:44:39",
  "ShipVia" : "2",
  "Freight" : "218.1500",
  "ShipName" : "Tortuga Restaurante",
  "ShipAddress" : "Avda. Azteca 123",
  "ShipCity" : "México D.F.",
  "ShipRegion" : null,
  "ShipPostalCode" : "05033",
  "ShipCountry" : "Mexico",
  "OrderDetails" : {
    "OrderDetail" : {
      "ProductID" : "44",
      "UnitPrice" : "19.4500",
      "Quantity" : "9",
      "Discount" : "0"
    }
  }
}