{
  "OrderID" : "10519",
  "CustomerID" : "CHOPS",
  "EmployeeID" : "6",
  "OrderDate" : "1997-04-28T08:34:07",
  "RequiredDate" : "1997-05-26T01:53:49",
  "ShippedDate" : "1997-05-01T07:38:52",
  "ShipVia" : "3",
  "Freight" : "91.7600",
  "ShipName" : "Chop-suey Chinese",
  "ShipAddress" : "Hauptstr. 31",
  "ShipCity" : "Bern",
  "ShipRegion" : null,
  "ShipPostalCode" : "3012",
  "ShipCountry" : "Switzerland",
  "OrderDetails" : {
    "OrderDetail" : {
      "ProductID" : "60",
      "UnitPrice" : "34.0000",
      "Quantity" : "10",
      "Discount" : "0.05"
    }
  }
}