{
  "OrderID" : "10516",
  "CustomerID" : "HUNGO",
  "EmployeeID" : "2",
  "OrderDate" : "1997-04-24T19:11:30",
  "RequiredDate" : "1997-05-22T10:32:21",
  "ShippedDate" : "1997-05-01T07:14:49",
  "ShipVia" : "3",
  "Freight" : "62.7800",
  "ShipName" : "Hungry Owl All-Night Grocers",
  "ShipAddress" : "8 Johnstown Road",
  "ShipCity" : "Cork",
  "ShipRegion" : "Co. Cork",
  "ShipPostalCode" : null,
  "ShipCountry" : "Ireland",
  "OrderDetails" : {
    "OrderDetail" : {
      "ProductID" : "42",
      "UnitPrice" : "14.0000",
      "Quantity" : "20",
      "Discount" : "0"
    }
  }
}