{
  "OrderID" : "10510",
  "CustomerID" : "SAVEA",
  "EmployeeID" : "6",
  "OrderDate" : "1997-04-18T22:45:21",
  "RequiredDate" : "1997-05-16T23:34:18",
  "ShippedDate" : "1997-04-28T20:16:50",
  "ShipVia" : "3",
  "Freight" : "367.6300",
  "ShipName" : "Save-a-lot Markets",
  "ShipAddress" : "187 Suffolk Ln.",
  "ShipCity" : "Boise",
  "ShipRegion" : "ID",
  "ShipPostalCode" : "83720",
  "ShipCountry" : "USA",
  "OrderDetails" : {
    "OrderDetail" : {
      "ProductID" : "75",
      "UnitPrice" : "7.7500",
      "Quantity" : "36",
      "Discount" : "0.1"
    }
  }
}