{
  "OrderID" : "10512",
  "CustomerID" : "FAMIA",
  "EmployeeID" : "7",
  "OrderDate" : "1997-04-21T04:50:08",
  "RequiredDate" : "1997-05-19T17:15:55",
  "ShippedDate" : "1997-04-24T10:13:58",
  "ShipVia" : "2",
  "Freight" : "3.5300",
  "ShipName" : "Familia Arquibaldo",
  "ShipAddress" : "Rua Orós, 92",
  "ShipCity" : "Sao Paulo",
  "ShipRegion" : "SP",
  "ShipPostalCode" : "05442-030",
  "ShipCountry" : "Brazil",
  "OrderDetails" : {
    "OrderDetail" : {
      "ProductID" : "60",
      "UnitPrice" : "34.0000",
      "Quantity" : "12",
      "Discount" : "0.15"
    }
  }
}