{
  "OrderID" : "10513",
  "CustomerID" : "WANDK",
  "EmployeeID" : "7",
  "OrderDate" : "1997-04-22T14:26:12",
  "RequiredDate" : "1997-06-03T14:02:50",
  "ShippedDate" : "1997-04-28T11:04:57",
  "ShipVia" : "1",
  "Freight" : "105.6500",
  "ShipName" : "Die Wandernde Kuh",
  "ShipAddress" : "Adenauerallee 900",
  "ShipCity" : "Stuttgart",
  "ShipRegion" : null,
  "ShipPostalCode" : "70563",
  "ShipCountry" : "Germany",
  "OrderDetails" : {
    "OrderDetail" : {
      "ProductID" : "61",
      "UnitPrice" : "28.5000",
      "Quantity" : "15",
      "Discount" : "0.2"
    }
  }
}