{
  "OrderID" : "10511",
  "CustomerID" : "BONAP",
  "EmployeeID" : "4",
  "OrderDate" : "1997-04-18T07:00:24",
  "RequiredDate" : "1997-05-16T04:54:15",
  "ShippedDate" : "1997-04-21T13:14:02",
  "ShipVia" : "3",
  "Freight" : "350.6400",
  "ShipName" : "Bon app'",
  "ShipAddress" : "12, rue des Bouchers",
  "ShipCity" : "Marseille",
  "ShipRegion" : null,
  "ShipPostalCode" : "13008",
  "ShipCountry" : "France",
  "OrderDetails" : {
    "OrderDetail" : {
      "ProductID" : "8",
      "UnitPrice" : "40.0000",
      "Quantity" : "10",
      "Discount" : "0.15"
    }
  }
}