{
  "OrderID" : "10515",
  "CustomerID" : "QUICK",
  "EmployeeID" : "2",
  "OrderDate" : "1997-04-23T16:33:36",
  "RequiredDate" : "1997-05-07T00:18:10",
  "ShippedDate" : "1997-05-23T17:11:33",
  "ShipVia" : "1",
  "Freight" : "204.4700",
  "ShipName" : "QUICK-Stop",
  "ShipAddress" : "Taucherstraße 10",
  "ShipCity" : "Cunewalde",
  "ShipRegion" : null,
  "ShipPostalCode" : "01307",
  "ShipCountry" : "Germany",
  "OrderDetails" : {
    "OrderDetail" : {
      "ProductID" : "60",
      "UnitPrice" : "34.0000",
      "Quantity" : "84",
      "Discount" : "0.15"
    }
  }
}