{
  "OrderID" : "10527",
  "CustomerID" : "QUICK",
  "EmployeeID" : "7",
  "OrderDate" : "1997-05-05T05:45:51",
  "RequiredDate" : "1997-06-02T19:48:53",
  "ShippedDate" : "1997-05-07T08:29:02",
  "ShipVia" : "1",
  "Freight" : "41.9000",
  "ShipName" : "QUICK-Stop",
  "ShipAddress" : "Taucherstraße 10",
  "ShipCity" : "Cunewalde",
  "ShipRegion" : null,
  "ShipPostalCode" : "01307",
  "ShipCountry" : "Germany",
  "OrderDetails" : {
    "OrderDetail" : {
      "ProductID" : "36",
      "UnitPrice" : "19.0000",
      "Quantity" : "30",
      "Discount" : "0.1"
    }
  }
}