{
  "OrderID" : "10529",
  "CustomerID" : "MAISD",
  "EmployeeID" : "5",
  "OrderDate" : "1997-05-07T19:50:34",
  "RequiredDate" : "1997-06-04T19:36:26",
  "ShippedDate" : "1997-05-09T11:41:18",
  "ShipVia" : "2",
  "Freight" : "66.6900",
  "ShipName" : "Maison Dewey",
  "ShipAddress" : "Rue Joseph-Bens 532",
  "ShipCity" : "Bruxelles",
  "ShipRegion" : null,
  "ShipPostalCode" : "B-1180",
  "ShipCountry" : "Belgium",
  "OrderDetails" : {
    "OrderDetail" : {
      "ProductID" : "69",
      "UnitPrice" : "36.0000",
      "Quantity" : "10",
      "Discount" : "0"
    }
  }
}