{
  "OrderID" : "10522",
  "CustomerID" : "LEHMS",
  "EmployeeID" : "4",
  "OrderDate" : "1997-04-30T12:05:37",
  "RequiredDate" : "1997-05-28T22:19:46",
  "ShippedDate" : "1997-05-06T16:55:39",
  "ShipVia" : "1",
  "Freight" : "45.3300",
  "ShipName" : "Lehmanns Marktstand",
  "ShipAddress" : "Magazinweg 7",
  "ShipCity" : "Frankfurt a.M.",
  "ShipRegion" : null,
  "ShipPostalCode" : "60528",
  "ShipCountry" : "Germany",
  "OrderDetails" : {
    "OrderDetail" : {
      "ProductID" : "40",
      "UnitPrice" : "18.4000",
      "Quantity" : "25",
      "Discount" : "0.2"
    }
  }
}