{
  "OrderID" : "10526",
  "CustomerID" : "WARTH",
  "EmployeeID" : "4",
  "OrderDate" : "1997-05-05T06:30:46",
  "RequiredDate" : "1997-06-02T18:11:03",
  "ShippedDate" : "1997-05-15T21:50:56",
  "ShipVia" : "2",
  "Freight" : "58.5900",
  "ShipName" : "Wartian Herkku",
  "ShipAddress" : "Torikatu 38",
  "ShipCity" : "Oulu",
  "ShipRegion" : null,
  "ShipPostalCode" : "90110",
  "ShipCountry" : "Finland",
  "OrderDetails" : {
    "OrderDetail" : {
      "ProductID" : "56",
      "UnitPrice" : "38.0000",
      "Quantity" : "30",
      "Discount" : "0.15"
    }
  }
}