{
  "OrderID" : "10525",
  "CustomerID" : "BONAP",
  "EmployeeID" : "1",
  "OrderDate" : "1997-05-02T19:35:49",
  "RequiredDate" : "1997-05-30T20:58:57",
  "ShippedDate" : "1997-05-23T12:46:33",
  "ShipVia" : "2",
  "Freight" : "11.0600",
  "ShipName" : "Bon app'",
  "ShipAddress" : "12, rue des Bouchers",
  "ShipCity" : "Marseille",
  "ShipRegion" : null,
  "ShipPostalCode" : "13008",
  "ShipCountry" : "France",
  "OrderDetails" : {
    "OrderDetail" : {
      "ProductID" : "40",
      "UnitPrice" : "18.4000",
      "Quantity" : "15",
      "Discount" : "0.1"
    }
  }
}