{
  "OrderID" : "10520",
  "CustomerID" : "SANTG",
  "EmployeeID" : "7",
  "OrderDate" : "1997-04-29T11:07:33",
  "RequiredDate" : "1997-05-27T21:00:32",
  "ShippedDate" : "1997-05-01T13:31:00",
  "ShipVia" : "1",
  "Freight" : "13.3700",
  "ShipName" : "Santé Gourmet",
  "ShipAddress" : "Erling Skakkes gate 78",
  "ShipCity" : "Stavern",
  "ShipRegion" : null,
  "ShipPostalCode" : "4110",
  "ShipCountry" : "Norway",
  "OrderDetails" : {
    "OrderDetail" : {
      "ProductID" : "53",
      "UnitPrice" : "32.8000",
      "Quantity" : "5",
      "Discount" : "0"
    }
  }
}