{
  "OrderID" : "10528",
  "CustomerID" : "GREAL",
  "EmployeeID" : "6",
  "OrderDate" : "1997-05-06T11:58:54",
  "RequiredDate" : "1997-05-20T14:23:08",
  "ShippedDate" : "1997-05-09T03:53:20",
  "ShipVia" : "2",
  "Freight" : "3.3500",
  "ShipName" : "Great Lakes Food Market",
  "ShipAddress" : "2732 Baker Blvd.",
  "ShipCity" : "Eugene",
  "ShipRegion" : "OR",
  "ShipPostalCode" : "97403",
  "ShipCountry" : "USA",
  "OrderDetails" : {
    "OrderDetail" : {
      "ProductID" : "72",
      "UnitPrice" : "34.8000",
      "Quantity" : "9",
      "Discount" : "0"
    }
  }
}