{
  "OrderID" : "10523",
  "CustomerID" : "SEVES",
  "EmployeeID" : "7",
  "OrderDate" : "1997-05-01T16:34:46",
  "RequiredDate" : "1997-05-29T02:14:03",
  "ShippedDate" : "1997-05-30T22:48:53",
  "ShipVia" : "2",
  "Freight" : "77.6300",
  "ShipName" : "Seven Seas Imports",
  "ShipAddress" : "90 Wadhurst Rd.",
  "ShipCity" : "London",
  "ShipRegion" : null,
  "ShipPostalCode" : "OX15 4NB",
  "ShipCountry" : "UK",
  "OrderDetails" : {
    "OrderDetail" : {
      "ProductID" : "41",
      "UnitPrice" : "9.6500",
      "Quantity" : "6",
      "Discount" : "0.1"
    }
  }
}