{
  "OrderID" : "10521",
  "CustomerID" : "CACTU",
  "EmployeeID" : "8",
  "OrderDate" : "1997-04-29T21:07:50",
  "RequiredDate" : "1997-05-27T18:43:16",
  "ShippedDate" : "1997-05-02T01:54:19",
  "ShipVia" : "2",
  "Freight" : "17.2200",
  "ShipName" : "Cactus Comidas para llevar",
  "ShipAddress" : "Cerrito 333",
  "ShipCity" : "Buenos Aires",
  "ShipRegion" : null,
  "ShipPostalCode" : "1010",
  "ShipCountry" : "Argentina",
  "OrderDetails" : {
    "OrderDetail" : {
      "ProductID" : "68",
      "UnitPrice" : "12.5000",
      "Quantity" : "6",
      "Discount" : "0"
    }
  }
}