{
  "OrderID" : "10535",
  "CustomerID" : "ANTON",
  "EmployeeID" : "4",
  "OrderDate" : "1997-05-13T13:52:21",
  "RequiredDate" : "1997-06-10T02:50:35",
  "ShippedDate" : "1997-05-21T15:50:03",
  "ShipVia" : "1",
  "Freight" : "15.6400",
  "ShipName" : "Antonio Moreno Taquería",
  "ShipAddress" : "Mataderos  2312",
  "ShipCity" : "México D.F.",
  "ShipRegion" : null,
  "ShipPostalCode" : "05023",
  "ShipCountry" : "Mexico",
  "OrderDetails" : {
    "OrderDetail" : {
      "ProductID" : "59",
      "UnitPrice" : "55.0000",
      "Quantity" : "15",
      "Discount" : "0.1"
    }
  }
}