{
  "OrderID" : "10531",
  "CustomerID" : "OCEAN",
  "EmployeeID" : "7",
  "OrderDate" : "1997-05-08T18:00:45",
  "RequiredDate" : "1997-06-05T22:28:29",
  "ShippedDate" : "1997-05-19T22:00:47",
  "ShipVia" : "1",
  "Freight" : "8.1200",
  "ShipName" : "Océano Atlántico Ltda.",
  "ShipAddress" : "Ing. Gustavo Moncada 8585 Piso 20-A",
  "ShipCity" : "Buenos Aires",
  "ShipRegion" : null,
  "ShipPostalCode" : "1010",
  "ShipCountry" : "Argentina",
  "OrderDetails" : {
    "OrderDetail" : {
      "ProductID" : "59",
      "UnitPrice" : "55.0000",
      "Quantity" : "2",
      "Discount" : "0"
    }
  }
}