{
  "OrderID" : "10532",
  "CustomerID" : "EASTC",
  "EmployeeID" : "7",
  "OrderDate" : "1997-05-09T15:37:06",
  "RequiredDate" : "1997-06-06T15:36:17",
  "ShippedDate" : "1997-05-12T17:03:00",
  "ShipVia" : "3",
  "Freight" : "74.4600",
  "ShipName" : "Eastern Connection",
  "ShipAddress" : "35 King George",
  "ShipCity" : "London",
  "ShipRegion" : null,
  "ShipPostalCode" : "WX3 6FW",
  "ShipCountry" : "UK",
  "OrderDetails" : {
    "OrderDetail" : {
      "ProductID" : "66",
      "UnitPrice" : "17.0000",
      "Quantity" : "24",
      "Discount" : "0"
    }
  }
}