{
  "OrderID" : "10534",
  "CustomerID" : "LEHMS",
  "EmployeeID" : "8",
  "OrderDate" : "1997-05-12T08:41:20",
  "RequiredDate" : "1997-06-09T14:32:03",
  "ShippedDate" : "1997-05-14T17:23:52",
  "ShipVia" : "2",
  "Freight" : "27.9400",
  "ShipName" : "Lehmanns Marktstand",
  "ShipAddress" : "Magazinweg 7",
  "ShipCity" : "Frankfurt a.M.",
  "ShipRegion" : null,
  "ShipPostalCode" : "60528",
  "ShipCountry" : "Germany",
  "OrderDetails" : {
    "OrderDetail" : {
      "ProductID" : "54",
      "UnitPrice" : "7.4500",
      "Quantity" : "10",
      "Discount" : "0.2"
    }
  }
}