{
  "OrderID" : "10536",
  "CustomerID" : "LEHMS",
  "EmployeeID" : "3",
  "OrderDate" : "1997-05-14T04:27:08",
  "RequiredDate" : "1997-06-11T09:04:33",
  "ShippedDate" : "1997-06-06T06:41:54",
  "ShipVia" : "2",
  "Freight" : "58.8800",
  "ShipName" : "Lehmanns Marktstand",
  "ShipAddress" : "Magazinweg 7",
  "ShipCity" : "Frankfurt a.M.",
  "ShipRegion" : null,
  "ShipPostalCode" : "60528",
  "ShipCountry" : "Germany",
  "OrderDetails" : {
    "OrderDetail" : {
      "ProductID" : "60",
      "UnitPrice" : "34.0000",
      "Quantity" : "35",
      "Discount" : "0.25"
    }
  }
}