{
  "OrderID" : "10530",
  "CustomerID" : "PICCO",
  "EmployeeID" : "3",
  "OrderDate" : "1997-05-08T02:45:40",
  "RequiredDate" : "1997-06-05T18:37:17",
  "ShippedDate" : "1997-05-12T01:19:25",
  "ShipVia" : "2",
  "Freight" : "339.2200",
  "ShipName" : "Piccolo und mehr",
  "ShipAddress" : "Geislweg 14",
  "ShipCity" : "Salzburg",
  "ShipRegion" : null,
  "ShipPostalCode" : "5020",
  "ShipCountry" : "Austria",
  "OrderDetails" : {
    "OrderDetail" : {
      "ProductID" : "76",
      "UnitPrice" : "18.0000",
      "Quantity" : "50",
      "Discount" : "0"
    }
  }
}