{
  "OrderID" : "10540",
  "CustomerID" : "QUICK",
  "EmployeeID" : "3",
  "OrderDate" : "1997-05-19T13:56:37",
  "RequiredDate" : "1997-06-16T18:19:50",
  "ShippedDate" : "1997-06-13T03:26:03",
  "ShipVia" : "3",
  "Freight" : "1007.6400",
  "ShipName" : "QUICK-Stop",
  "ShipAddress" : "Taucherstraße 10",
  "ShipCity" : "Cunewalde",
  "ShipRegion" : null,
  "ShipPostalCode" : "01307",
  "ShipCountry" : "Germany",
  "OrderDetails" : {
    "OrderDetail" : {
      "ProductID" : "68",
      "UnitPrice" : "12.5000",
      "Quantity" : "35",
      "Discount" : "0"
    }
  }
}