{
  "OrderID" : "10549",
  "CustomerID" : "QUICK",
  "EmployeeID" : "5",
  "OrderDate" : "1997-05-27T10:03:25",
  "RequiredDate" : "1997-06-10T23:39:30",
  "ShippedDate" : "1997-05-30T16:13:31",
  "ShipVia" : "1",
  "Freight" : "171.2400",
  "ShipName" : "QUICK-Stop",
  "ShipAddress" : "Taucherstraße 10",
  "ShipCity" : "Cunewalde",
  "ShipRegion" : null,
  "ShipPostalCode" : "01307",
  "ShipCountry" : "Germany",
  "OrderDetails" : {
    "OrderDetail" : {
      "ProductID" : "51",
      "UnitPrice" : "53.0000",
      "Quantity" : "48",
      "Discount" : "0.15"
    }
  }
}