{
  "OrderID" : "10546",
  "CustomerID" : "VICTE",
  "EmployeeID" : "1",
  "OrderDate" : "1997-05-23T05:39:56",
  "RequiredDate" : "1997-06-20T16:23:40",
  "ShippedDate" : "1997-05-27T10:46:43",
  "ShipVia" : "3",
  "Freight" : "194.7200",
  "ShipName" : "Victuailles en stock",
  "ShipAddress" : "2, rue du Commerce",
  "ShipCity" : "Lyon",
  "ShipRegion" : null,
  "ShipPostalCode" : "69004",
  "ShipCountry" : "France",
  "OrderDetails" : {
    "OrderDetail" : {
      "ProductID" : "62",
      "UnitPrice" : "49.3000",
      "Quantity" : "40",
      "Discount" : "0"
    }
  }
}