{
  "OrderID" : "10543",
  "CustomerID" : "LILAS",
  "EmployeeID" : "8",
  "OrderDate" : "1997-05-21T08:41:33",
  "RequiredDate" : "1997-06-18T06:35:54",
  "ShippedDate" : "1997-05-23T11:11:37",
  "ShipVia" : "2",
  "Freight" : "48.1700",
  "ShipName" : "LILA-Supermercado",
  "ShipAddress" : "Carrera 52 con Ave. Bolívar #65-98 Llano Largo",
  "ShipCity" : "Barquisimeto",
  "ShipRegion" : "Lara",
  "ShipPostalCode" : "3508",
  "ShipCountry" : "Venezuela",
  "OrderDetails" : {
    "OrderDetail" : {
      "ProductID" : "23",
      "UnitPrice" : "9.0000",
      "Quantity" : "70",
      "Discount" : "0.15"
    }
  }
}