{
  "OrderID" : "10548",
  "CustomerID" : "TOMSP",
  "EmployeeID" : "3",
  "OrderDate" : "1997-05-26T04:44:14",
  "RequiredDate" : "1997-06-23T00:43:47",
  "ShippedDate" : "1997-06-02T17:44:06",
  "ShipVia" : "2",
  "Freight" : "1.4300",
  "ShipName" : "Toms Spezialitäten",
  "ShipAddress" : "Luisenstr. 48",
  "ShipCity" : "Münster",
  "ShipRegion" : null,
  "ShipPostalCode" : "44087",
  "ShipCountry" : "Germany",
  "OrderDetails" : {
    "OrderDetail" : {
      "ProductID" : "41",
      "UnitPrice" : "9.6500",
      "Quantity" : "14",
      "Discount" : "0"
    }
  }
}