{
  "OrderID" : "10541",
  "CustomerID" : "HANAR",
  "EmployeeID" : "2",
  "OrderDate" : "1997-05-19T04:54:32",
  "RequiredDate" : "1997-06-16T02:17:15",
  "ShippedDate" : "1997-05-29T06:10:50",
  "ShipVia" : "1",
  "Freight" : "68.6500",
  "ShipName" : "Hanari Carnes",
  "ShipAddress" : "Rua do Paço, 67",
  "ShipCity" : "Rio de Janeiro",
  "ShipRegion" : "RJ",
  "ShipPostalCode" : "05454-876",
  "ShipCountry" : "Brazil",
  "OrderDetails" : {
    "OrderDetail" : {
      "ProductID" : "71",
      "UnitPrice" : "21.5000",
      "Quantity" : "9",
      "Discount" : "0.1"
    }
  }
}