{
  "OrderID" : "10542",
  "CustomerID" : "KOENE",
  "EmployeeID" : "1",
  "OrderDate" : "1997-05-20T23:08:31",
  "RequiredDate" : "1997-06-17T21:00:55",
  "ShippedDate" : "1997-05-26T09:37:24",
  "ShipVia" : "3",
  "Freight" : "10.9500",
  "ShipName" : "Königlich Essen",
  "ShipAddress" : "Maubelstr. 90",
  "ShipCity" : "Brandenburg",
  "ShipRegion" : null,
  "ShipPostalCode" : "14776",
  "ShipCountry" : "Germany",
  "OrderDetails" : {
    "OrderDetail" : {
      "ProductID" : "54",
      "UnitPrice" : "7.4500",
      "Quantity" : "24",
      "Discount" : "0.05"
    }
  }
}