{
  "OrderID" : "10544",
  "CustomerID" : "LONEP",
  "EmployeeID" : "4",
  "OrderDate" : "1997-05-21T16:39:40",
  "RequiredDate" : "1997-06-18T05:53:29",
  "ShippedDate" : "1997-05-30T04:11:12",
  "ShipVia" : "1",
  "Freight" : "24.9100",
  "ShipName" : "Lonesome Pine Restaurant",
  "ShipAddress" : "89 Chiaroscuro Rd.",
  "ShipCity" : "Portland",
  "ShipRegion" : "OR",
  "ShipPostalCode" : "97219",
  "ShipCountry" : "USA",
  "OrderDetails" : {
    "OrderDetail" : {
      "ProductID" : "67",
      "UnitPrice" : "14.0000",
      "Quantity" : "7",
      "Discount" : "0"
    }
  }
}