{
  "OrderID" : "10547",
  "CustomerID" : "SEVES",
  "EmployeeID" : "3",
  "OrderDate" : "1997-05-23T11:55:19",
  "RequiredDate" : "1997-06-20T14:37:06",
  "ShippedDate" : "1997-06-02T14:36:30",
  "ShipVia" : "2",
  "Freight" : "178.4300",
  "ShipName" : "Seven Seas Imports",
  "ShipAddress" : "90 Wadhurst Rd.",
  "ShipCity" : "London",
  "ShipRegion" : null,
  "ShipPostalCode" : "OX15 4NB",
  "ShipCountry" : "UK",
  "OrderDetails" : {
    "OrderDetail" : {
      "ProductID" : "36",
      "UnitPrice" : "19.0000",
      "Quantity" : "60",
      "Discount" : "0"
    }
  }
}