{
  "OrderID" : "10553",
  "CustomerID" : "WARTH",
  "EmployeeID" : "2",
  "OrderDate" : "1997-05-30T07:30:16",
  "RequiredDate" : "1997-06-27T19:55:23",
  "ShippedDate" : "1997-06-03T13:54:37",
  "ShipVia" : "2",
  "Freight" : "149.4900",
  "ShipName" : "Wartian Herkku",
  "ShipAddress" : "Torikatu 38",
  "ShipCity" : "Oulu",
  "ShipRegion" : null,
  "ShipPostalCode" : "90110",
  "ShipCountry" : "Finland",
  "OrderDetails" : {
    "OrderDetail" : {
      "ProductID" : "35",
      "UnitPrice" : "18.0000",
      "Quantity" : "6",
      "Discount" : "0"
    }
  }
}