{
  "OrderID" : "10558",
  "CustomerID" : "AROUT",
  "EmployeeID" : "1",
  "OrderDate" : "1997-06-04T09:52:55",
  "RequiredDate" : "1997-07-02T21:36:06",
  "ShippedDate" : "1997-06-10T21:21:24",
  "ShipVia" : "2",
  "Freight" : "72.9700",
  "ShipName" : "Around the Horn",
  "ShipAddress" : "Brook Farm Stratford St. Mary",
  "ShipCity" : "Colchester",
  "ShipRegion" : "Essex",
  "ShipPostalCode" : "CO7 6JX",
  "ShipCountry" : "UK",
  "OrderDetails" : {
    "OrderDetail" : {
      "ProductID" : "73",
      "UnitPrice" : "15.0000",
      "Quantity" : "3",
      "Discount" : "0"
    }
  }
}