{
  "OrderID" : "10551",
  "CustomerID" : "FURIB",
  "EmployeeID" : "4",
  "OrderDate" : "1997-05-28T21:00:52",
  "RequiredDate" : "1997-07-09T20:39:38",
  "ShippedDate" : "1997-06-06T01:25:19",
  "ShipVia" : "3",
  "Freight" : "72.9500",
  "ShipName" : "Furia Bacalhau e Frutos do Mar",
  "ShipAddress" : "Jardim das rosas n. 32",
  "ShipCity" : "Lisboa",
  "ShipRegion" : null,
  "ShipPostalCode" : "1675",
  "ShipCountry" : "Portugal",
  "OrderDetails" : {
    "OrderDetail" : {
      "ProductID" : "44",
      "UnitPrice" : "19.4500",
      "Quantity" : "40",
      "Discount" : "0"
    }
  }
}