{
  "OrderID" : "10554",
  "CustomerID" : "OTTIK",
  "EmployeeID" : "4",
  "OrderDate" : "1997-05-30T06:10:55",
  "RequiredDate" : "1997-06-27T03:15:02",
  "ShippedDate" : "1997-06-05T12:50:44",
  "ShipVia" : "3",
  "Freight" : "120.9700",
  "ShipName" : "Ottilies Käseladen",
  "ShipAddress" : "Mehrheimerstr. 369",
  "ShipCity" : "Köln",
  "ShipRegion" : null,
  "ShipPostalCode" : "50739",
  "ShipCountry" : "Germany",
  "OrderDetails" : {
    "OrderDetail" : {
      "ProductID" : "77",
      "UnitPrice" : "13.0000",
      "Quantity" : "10",
      "Discount" : "0.05"
    }
  }
}