{
  "OrderID" : "10552",
  "CustomerID" : "HILAA",
  "EmployeeID" : "2",
  "OrderDate" : "1997-05-29T00:12:55",
  "RequiredDate" : "1997-06-26T03:56:38",
  "ShippedDate" : "1997-06-05T13:58:43",
  "ShipVia" : "1",
  "Freight" : "83.2200",
  "ShipName" : "HILARION-Abastos",
  "ShipAddress" : "Carrera 22 con Ave. Carlos Soublette #8-35",
  "ShipCity" : "San Cristóbal",
  "ShipRegion" : "Táchira",
  "ShipPostalCode" : "5022",
  "ShipCountry" : "Venezuela",
  "OrderDetails" : {
    "OrderDetail" : {
      "ProductID" : "75",
      "UnitPrice" : "7.7500",
      "Quantity" : "30",
      "Discount" : "0"
    }
  }
}