{
  "OrderID" : "10555",
  "CustomerID" : "SAVEA",
  "EmployeeID" : "6",
  "OrderDate" : "1997-06-02T05:33:22",
  "RequiredDate" : "1997-06-30T18:53:14",
  "ShippedDate" : "1997-06-04T04:39:01",
  "ShipVia" : "3",
  "Freight" : "252.4900",
  "ShipName" : "Save-a-lot Markets",
  "ShipAddress" : "187 Suffolk Ln.",
  "ShipCity" : "Boise",
  "ShipRegion" : "ID",
  "ShipPostalCode" : "83720",
  "ShipCountry" : "USA",
  "OrderDetails" : {
    "OrderDetail" : {
      "ProductID" : "56",
      "UnitPrice" : "38.0000",
      "Quantity" : "40",
      "Discount" : "0.2"
    }
  }
}