{
  "OrderID" : "10557",
  "CustomerID" : "LEHMS",
  "EmployeeID" : "9",
  "OrderDate" : "1997-06-03T23:04:03",
  "RequiredDate" : "1997-06-17T11:17:43",
  "ShippedDate" : "1997-06-06T00:47:14",
  "ShipVia" : "2",
  "Freight" : "96.7200",
  "ShipName" : "Lehmanns Marktstand",
  "ShipAddress" : "Magazinweg 7",
  "ShipCity" : "Frankfurt a.M.",
  "ShipRegion" : null,
  "ShipPostalCode" : "60528",
  "ShipCountry" : "Germany",
  "OrderDetails" : {
    "OrderDetail" : {
      "ProductID" : "75",
      "UnitPrice" : "7.7500",
      "Quantity" : "20",
      "Discount" : "0"
    }
  }
}