{
  "OrderID" : "10556",
  "CustomerID" : "SIMOB",
  "EmployeeID" : "2",
  "OrderDate" : "1997-06-03T14:32:00",
  "RequiredDate" : "1997-07-15T14:24:48",
  "ShippedDate" : "1997-06-13T09:26:10",
  "ShipVia" : "1",
  "Freight" : "9.8000",
  "ShipName" : "Simons bistro",
  "ShipAddress" : "Vinbæltet 34",
  "ShipCity" : "Kobenhavn",
  "ShipRegion" : null,
  "ShipPostalCode" : "1734",
  "ShipCountry" : "Denmark",
  "OrderDetails" : {
    "OrderDetail" : {
      "ProductID" : "72",
      "UnitPrice" : "34.8000",
      "Quantity" : "24",
      "Discount" : "0"
    }
  }
}