{
  "OrderID" : "10565",
  "CustomerID" : "MEREP",
  "EmployeeID" : "8",
  "OrderDate" : "1997-06-11T03:41:46",
  "RequiredDate" : "1997-07-09T12:02:46",
  "ShippedDate" : "1997-06-18T11:17:16",
  "ShipVia" : "2",
  "Freight" : "7.1500",
  "ShipName" : "Mère Paillarde",
  "ShipAddress" : "43 rue St. Laurent",
  "ShipCity" : "Montréal",
  "ShipRegion" : "Québec",
  "ShipPostalCode" : "H1J 1C3",
  "ShipCountry" : "Canada",
  "OrderDetails" : {
    "OrderDetail" : {
      "ProductID" : "64",
      "UnitPrice" : "33.2500",
      "Quantity" : "18",
      "Discount" : "0.1"
    }
  }
}