{
  "OrderID" : "10561",
  "CustomerID" : "FOLKO",
  "EmployeeID" : "2",
  "OrderDate" : "1997-06-06T16:43:16",
  "RequiredDate" : "1997-07-04T15:44:05",
  "ShippedDate" : "1997-06-09T23:48:46",
  "ShipVia" : "2",
  "Freight" : "242.2100",
  "ShipName" : "Folk och fä HB",
  "ShipAddress" : "Åkergatan 24",
  "ShipCity" : "Bräcke",
  "ShipRegion" : null,
  "ShipPostalCode" : "S-844 67",
  "ShipCountry" : "Sweden",
  "OrderDetails" : {
    "OrderDetail" : {
      "ProductID" : "51",
      "UnitPrice" : "53.0000",
      "Quantity" : "50",
      "Discount" : "0"
    }
  }
}