{
  "OrderID" : "10568",
  "CustomerID" : "GALED",
  "EmployeeID" : "3",
  "OrderDate" : "1997-06-13T15:56:38",
  "RequiredDate" : "1997-07-11T20:35:31",
  "ShippedDate" : "1997-07-09T10:15:19",
  "ShipVia" : "3",
  "Freight" : "6.5400",
  "ShipName" : "Galería del gastronómo",
  "ShipAddress" : "Rambla de Cataluña, 23",
  "ShipCity" : "Barcelona",
  "ShipRegion" : null,
  "ShipPostalCode" : "8022",
  "ShipCountry" : "Spain",
  "OrderDetails" : {
    "OrderDetail" : {
      "ProductID" : "10",
      "UnitPrice" : "31.0000",
      "Quantity" : "5",
      "Discount" : "0"
    }
  }
}