{
  "OrderID" : "10560",
  "CustomerID" : "FRANK",
  "EmployeeID" : "8",
  "OrderDate" : "1997-06-06T14:38:45",
  "RequiredDate" : "1997-07-04T03:43:48",
  "ShippedDate" : "1997-06-09T20:32:46",
  "ShipVia" : "1",
  "Freight" : "36.6500",
  "ShipName" : "Frankenversand",
  "ShipAddress" : "Berliner Platz 43",
  "ShipCity" : "München",
  "ShipRegion" : null,
  "ShipPostalCode" : "80805",
  "ShipCountry" : "Germany",
  "OrderDetails" : {
    "OrderDetail" : {
      "ProductID" : "62",
      "UnitPrice" : "49.3000",
      "Quantity" : "15",
      "Discount" : "0.25"
    }
  }
}