{
  "OrderID" : "10564",
  "CustomerID" : "RATTC",
  "EmployeeID" : "4",
  "OrderDate" : "1997-06-10T11:14:08",
  "RequiredDate" : "1997-07-08T02:02:04",
  "ShippedDate" : "1997-06-16T07:10:36",
  "ShipVia" : "3",
  "Freight" : "13.7500",
  "ShipName" : "Rattlesnake Canyon Grocery",
  "ShipAddress" : "2817 Milton Dr.",
  "ShipCity" : "Albuquerque",
  "ShipRegion" : "NM",
  "ShipPostalCode" : "87110",
  "ShipCountry" : "USA",
  "OrderDetails" : {
    "OrderDetail" : {
      "ProductID" : "55",
      "UnitPrice" : "24.0000",
      "Quantity" : "25",
      "Discount" : "0.05"
    }
  }
}