{
  "OrderID" : "10567",
  "CustomerID" : "HUNGO",
  "EmployeeID" : "1",
  "OrderDate" : "1997-06-12T07:54:37",
  "RequiredDate" : "1997-07-10T22:16:21",
  "ShippedDate" : "1997-06-17T22:30:33",
  "ShipVia" : "1",
  "Freight" : "33.9700",
  "ShipName" : "Hungry Owl All-Night Grocers",
  "ShipAddress" : "8 Johnstown Road",
  "ShipCity" : "Cork",
  "ShipRegion" : "Co. Cork",
  "ShipPostalCode" : null,
  "ShipCountry" : "Ireland",
  "OrderDetails" : {
    "OrderDetail" : {
      "ProductID" : "59",
      "UnitPrice" : "55.0000",
      "Quantity" : "40",
      "Discount" : "0.2"
    }
  }
}