{
  "OrderID" : "10566",
  "CustomerID" : "BLONP",
  "EmployeeID" : "9",
  "OrderDate" : "1997-06-12T10:41:54",
  "RequiredDate" : "1997-07-10T17:43:41",
  "ShippedDate" : "1997-06-18T21:16:34",
  "ShipVia" : "1",
  "Freight" : "88.4000",
  "ShipName" : "Blondel père et fils",
  "ShipAddress" : "24, place Kléber",
  "ShipCity" : "Strasbourg",
  "ShipRegion" : null,
  "ShipPostalCode" : "67000",
  "ShipCountry" : "France",
  "OrderDetails" : {
    "OrderDetail" : {
      "ProductID" : "76",
      "UnitPrice" : "18.0000",
      "Quantity" : "10",
      "Discount" : "0"
    }
  }
}