{
  "OrderID" : "10571",
  "CustomerID" : "ERNSH",
  "EmployeeID" : "8",
  "OrderDate" : "1997-06-17T23:10:24",
  "RequiredDate" : "1997-07-29T10:34:30",
  "ShippedDate" : "1997-07-04T05:50:19",
  "ShipVia" : "3",
  "Freight" : "26.0600",
  "ShipName" : "Ernst Handel",
  "ShipAddress" : "Kirchgasse 6",
  "ShipCity" : "Graz",
  "ShipRegion" : null,
  "ShipPostalCode" : "8010",
  "ShipCountry" : "Austria",
  "OrderDetails" : {
    "OrderDetail" : {
      "ProductID" : "42",
      "UnitPrice" : "14.0000",
      "Quantity" : "28",
      "Discount" : "0.15"
    }
  }
}