{
  "OrderID" : "10575",
  "CustomerID" : "MORGK",
  "EmployeeID" : "5",
  "OrderDate" : "1997-06-20T21:40:28",
  "RequiredDate" : "1997-07-04T09:26:25",
  "ShippedDate" : "1997-06-30T11:24:17",
  "ShipVia" : "1",
  "Freight" : "127.3400",
  "ShipName" : "Morgenstern Gesundkost",
  "ShipAddress" : "Heerstr. 22",
  "ShipCity" : "Leipzig",
  "ShipRegion" : null,
  "ShipPostalCode" : "04179",
  "ShipCountry" : "Germany",
  "OrderDetails" : {
    "OrderDetail" : {
      "ProductID" : "76",
      "UnitPrice" : "18.0000",
      "Quantity" : "10",
      "Discount" : "0"
    }
  }
}