{
  "OrderID" : "10572",
  "CustomerID" : "BERGS",
  "EmployeeID" : "3",
  "OrderDate" : "1997-06-18T14:35:06",
  "RequiredDate" : "1997-07-16T09:16:28",
  "ShippedDate" : "1997-06-25T09:46:13",
  "ShipVia" : "2",
  "Freight" : "116.4300",
  "ShipName" : "Berglunds snabbköp",
  "ShipAddress" : "Berguvsvägen  8",
  "ShipCity" : "Luleå",
  "ShipRegion" : null,
  "ShipPostalCode" : "S-958 22",
  "ShipCountry" : "Sweden",
  "OrderDetails" : {
    "OrderDetail" : {
      "ProductID" : "75",
      "UnitPrice" : "7.7500",
      "Quantity" : "15",
      "Discount" : "0.1"
    }
  }
}