{
  "OrderID" : "10573",
  "CustomerID" : "ANTON",
  "EmployeeID" : "7",
  "OrderDate" : "1997-06-19T15:38:37",
  "RequiredDate" : "1997-07-17T20:54:22",
  "ShippedDate" : "1997-06-20T16:40:44",
  "ShipVia" : "3",
  "Freight" : "84.8400",
  "ShipName" : "Antonio Moreno Taquería",
  "ShipAddress" : "Mataderos  2312",
  "ShipCity" : "México D.F.",
  "ShipRegion" : null,
  "ShipPostalCode" : "05023",
  "ShipCountry" : "Mexico",
  "OrderDetails" : {
    "OrderDetail" : {
      "ProductID" : "53",
      "UnitPrice" : "32.8000",
      "Quantity" : "25",
      "Discount" : "0"
    }
  }
}