{
  "OrderID" : "10578",
  "CustomerID" : "BSBEV",
  "EmployeeID" : "4",
  "OrderDate" : "1997-06-24T14:42:13",
  "RequiredDate" : "1997-07-22T11:05:47",
  "ShippedDate" : "1997-07-25T09:27:05",
  "ShipVia" : "3",
  "Freight" : "29.6000",
  "ShipName" : "B's Beverages",
  "ShipAddress" : "Fauntleroy Circus",
  "ShipCity" : "London",
  "ShipRegion" : null,
  "ShipPostalCode" : "EC2 5NT",
  "ShipCountry" : "UK",
  "OrderDetails" : {
    "OrderDetail" : {
      "ProductID" : "57",
      "UnitPrice" : "19.5000",
      "Quantity" : "6",
      "Discount" : "0"
    }
  }
}