{
  "OrderID" : "10576",
  "CustomerID" : "TORTU",
  "EmployeeID" : "3",
  "OrderDate" : "1997-06-23T13:50:29",
  "RequiredDate" : "1997-07-07T00:02:25",
  "ShippedDate" : "1997-06-30T12:49:19",
  "ShipVia" : "3",
  "Freight" : "18.5600",
  "ShipName" : "Tortuga Restaurante",
  "ShipAddress" : "Avda. Azteca 123",
  "ShipCity" : "México D.F.",
  "ShipRegion" : null,
  "ShipPostalCode" : "05033",
  "ShipCountry" : "Mexico",
  "OrderDetails" : {
    "OrderDetail" : {
      "ProductID" : "44",
      "UnitPrice" : "19.4500",
      "Quantity" : "21",
      "Discount" : "0"
    }
  }
}