{
  "OrderID" : "10574",
  "CustomerID" : "TRAIH",
  "EmployeeID" : "4",
  "OrderDate" : "1997-06-19T01:12:43",
  "RequiredDate" : "1997-07-17T21:21:36",
  "ShippedDate" : "1997-06-30T06:27:04",
  "ShipVia" : "2",
  "Freight" : "37.6000",
  "ShipName" : "Trail's Head Gourmet Provisioners",
  "ShipAddress" : "722 DaVinci Blvd.",
  "ShipCity" : "Kirkland",
  "ShipRegion" : "WA",
  "ShipPostalCode" : "98034",
  "ShipCountry" : "USA",
  "OrderDetails" : {
    "OrderDetail" : {
      "ProductID" : "64",
      "UnitPrice" : "33.2500",
      "Quantity" : "6",
      "Discount" : "0"
    }
  }
}