{
  "OrderID" : "10579",
  "CustomerID" : "LETSS",
  "EmployeeID" : "1",
  "OrderDate" : "1997-06-25T17:14:11",
  "RequiredDate" : "1997-07-23T05:21:30",
  "ShippedDate" : "1997-07-04T01:06:48",
  "ShipVia" : "2",
  "Freight" : "13.7300",
  "ShipName" : "Let's Stop N Shop",
  "ShipAddress" : "87 Polk St. Suite 5",
  "ShipCity" : "San Francisco",
  "ShipRegion" : "CA",
  "ShipPostalCode" : "94117",
  "ShipCountry" : "USA",
  "OrderDetails" : {
    "OrderDetail" : {
      "ProductID" : "75",
      "UnitPrice" : "7.7500",
      "Quantity" : "21",
      "Discount" : "0"
    }
  }
}