{
  "OrderID" : "10570",
  "CustomerID" : "MEREP",
  "EmployeeID" : "3",
  "OrderDate" : "1997-06-17T05:45:30",
  "RequiredDate" : "1997-07-15T10:12:44",
  "ShippedDate" : "1997-06-19T11:58:15",
  "ShipVia" : "3",
  "Freight" : "188.9900",
  "ShipName" : "Mère Paillarde",
  "ShipAddress" : "43 rue St. Laurent",
  "ShipCity" : "Montréal",
  "ShipRegion" : "Québec",
  "ShipPostalCode" : "H1J 1C3",
  "ShipCountry" : "Canada",
  "OrderDetails" : {
    "OrderDetail" : {
      "ProductID" : "56",
      "UnitPrice" : "38.0000",
      "Quantity" : "60",
      "Discount" : "0.05"
    }
  }
}