{
  "OrderID" : "10580",
  "CustomerID" : "OTTIK",
  "EmployeeID" : "4",
  "OrderDate" : "1997-06-26T06:01:09",
  "RequiredDate" : "1997-07-24T07:22:31",
  "ShippedDate" : "1997-07-01T06:39:18",
  "ShipVia" : "3",
  "Freight" : "75.8900",
  "ShipName" : "Ottilies Käseladen",
  "ShipAddress" : "Mehrheimerstr. 369",
  "ShipCity" : "Köln",
  "ShipRegion" : null,
  "ShipPostalCode" : "50739",
  "ShipCountry" : "Germany",
  "OrderDetails" : {
    "OrderDetail" : {
      "ProductID" : "65",
      "UnitPrice" : "21.0500",
      "Quantity" : "30",
      "Discount" : "0.05"
    }
  }
}