{
  "OrderID" : "10588",
  "CustomerID" : "QUICK",
  "EmployeeID" : "2",
  "OrderDate" : "1997-07-03T08:22:50",
  "RequiredDate" : "1997-07-31T08:10:03",
  "ShippedDate" : "1997-07-10T23:11:37",
  "ShipVia" : "3",
  "Freight" : "194.6700",
  "ShipName" : "QUICK-Stop",
  "ShipAddress" : "Taucherstraße 10",
  "ShipCity" : "Cunewalde",
  "ShipRegion" : null,
  "ShipPostalCode" : "01307",
  "ShipCountry" : "Germany",
  "OrderDetails" : {
    "OrderDetail" : {
      "ProductID" : "42",
      "UnitPrice" : "14.0000",
      "Quantity" : "100",
      "Discount" : "0.2"
    }
  }
}