{
  "OrderID" : "10589",
  "CustomerID" : "GREAL",
  "EmployeeID" : "8",
  "OrderDate" : "1997-07-04T22:13:58",
  "RequiredDate" : "1997-08-01T07:53:56",
  "ShippedDate" : "1997-07-14T14:00:56",
  "ShipVia" : "2",
  "Freight" : "4.4200",
  "ShipName" : "Great Lakes Food Market",
  "ShipAddress" : "2732 Baker Blvd.",
  "ShipCity" : "Eugene",
  "ShipRegion" : "OR",
  "ShipPostalCode" : "97403",
  "ShipCountry" : "USA",
  "OrderDetails" : {
    "OrderDetail" : {
      "ProductID" : "35",
      "UnitPrice" : "18.0000",
      "Quantity" : "4",
      "Discount" : "0"
    }
  }
}