{
  "OrderID" : "10587",
  "CustomerID" : "QUEDE",
  "EmployeeID" : "1",
  "OrderDate" : "1997-07-02T12:04:54",
  "RequiredDate" : "1997-07-30T06:30:05",
  "ShippedDate" : "1997-07-09T04:19:35",
  "ShipVia" : "1",
  "Freight" : "62.5200",
  "ShipName" : "Que Delícia",
  "ShipAddress" : "Rua da Panificadora, 12",
  "ShipCity" : "Rio de Janeiro",
  "ShipRegion" : "RJ",
  "ShipPostalCode" : "02389-673",
  "ShipCountry" : "Brazil",
  "OrderDetails" : {
    "OrderDetail" : {
      "ProductID" : "77",
      "UnitPrice" : "13.0000",
      "Quantity" : "20",
      "Discount" : "0"
    }
  }
}