{
  "OrderID" : "10582",
  "CustomerID" : "BLAUS",
  "EmployeeID" : "3",
  "OrderDate" : "1997-06-27T01:04:45",
  "RequiredDate" : "1997-07-25T16:37:34",
  "ShippedDate" : "1997-07-14T08:46:34",
  "ShipVia" : "2",
  "Freight" : "27.7100",
  "ShipName" : "Blauer See Delikatessen",
  "ShipAddress" : "Forsterstr. 57",
  "ShipCity" : "Mannheim",
  "ShipRegion" : null,
  "ShipPostalCode" : "68306",
  "ShipCountry" : "Germany",
  "OrderDetails" : {
    "OrderDetail" : {
      "ProductID" : "76",
      "UnitPrice" : "18.0000",
      "Quantity" : "14",
      "Discount" : "0"
    }
  }
}