{
  "OrderID" : "10585",
  "CustomerID" : "WELLI",
  "EmployeeID" : "7",
  "OrderDate" : "1997-07-01T03:09:37",
  "RequiredDate" : "1997-07-29T21:24:28",
  "ShippedDate" : "1997-07-10T19:00:01",
  "ShipVia" : "1",
  "Freight" : "13.4100",
  "ShipName" : "Wellington Importadora",
  "ShipAddress" : "Rua do Mercado, 12",
  "ShipCity" : "Resende",
  "ShipRegion" : "SP",
  "ShipPostalCode" : "08737-363",
  "ShipCountry" : "Brazil",
  "OrderDetails" : {
    "OrderDetail" : {
      "ProductID" : "47",
      "UnitPrice" : "9.5000",
      "Quantity" : "15",
      "Discount" : "0"
    }
  }
}