{
  "OrderID" : "10583",
  "CustomerID" : "WARTH",
  "EmployeeID" : "2",
  "OrderDate" : "1997-06-30T03:23:46",
  "RequiredDate" : "1997-07-28T17:56:38",
  "ShippedDate" : "1997-07-04T01:30:07",
  "ShipVia" : "2",
  "Freight" : "7.2800",
  "ShipName" : "Wartian Herkku",
  "ShipAddress" : "Torikatu 38",
  "ShipCity" : "Oulu",
  "ShipRegion" : null,
  "ShipPostalCode" : "90110",
  "ShipCountry" : "Finland",
  "OrderDetails" : {
    "OrderDetail" : {
      "ProductID" : "69",
      "UnitPrice" : "36.0000",
      "Quantity" : "10",
      "Discount" : "0.15"
    }
  }
}