{
  "OrderID" : "10581",
  "CustomerID" : "FAMIA",
  "EmployeeID" : "3",
  "OrderDate" : "1997-06-26T19:51:55",
  "RequiredDate" : "1997-07-24T13:36:17",
  "ShippedDate" : "1997-07-02T19:52:40",
  "ShipVia" : "1",
  "Freight" : "3.0100",
  "ShipName" : "Familia Arquibaldo",
  "ShipAddress" : "Rua Orós, 92",
  "ShipCity" : "Sao Paulo",
  "ShipRegion" : "SP",
  "ShipPostalCode" : "05442-030",
  "ShipCountry" : "Brazil",
  "OrderDetails" : {
    "OrderDetail" : {
      "ProductID" : "75",
      "UnitPrice" : "7.7500",
      "Quantity" : "50",
      "Discount" : "0.2"
    }
  }
}