{
  "OrderID" : "10586",
  "CustomerID" : "REGGC",
  "EmployeeID" : "9",
  "OrderDate" : "1997-07-02T01:33:23",
  "RequiredDate" : "1997-07-30T14:56:34",
  "ShippedDate" : "1997-07-09T23:09:15",
  "ShipVia" : "1",
  "Freight" : "0.4800",
  "ShipName" : "Reggiani Caseifici",
  "ShipAddress" : "Strada Provinciale 124",
  "ShipCity" : "Reggio Emilia",
  "ShipRegion" : null,
  "ShipPostalCode" : "42100",
  "ShipCountry" : "Italy",
  "OrderDetails" : {
    "OrderDetail" : {
      "ProductID" : "52",
      "UnitPrice" : "7.0000",
      "Quantity" : "4",
      "Discount" : "0.15"
    }
  }
}