{
  "OrderID" : "10594",
  "CustomerID" : "OLDWO",
  "EmployeeID" : "3",
  "OrderDate" : "1997-07-09T06:34:38",
  "RequiredDate" : "1997-08-06T19:10:13",
  "ShippedDate" : "1997-07-16T13:17:19",
  "ShipVia" : "2",
  "Freight" : "5.2400",
  "ShipName" : "Old World Delicatessen",
  "ShipAddress" : "2743 Bering St.",
  "ShipCity" : "Anchorage",
  "ShipRegion" : "AK",
  "ShipPostalCode" : "99508",
  "ShipCountry" : "USA",
  "OrderDetails" : {
    "OrderDetail" : {
      "ProductID" : "58",
      "UnitPrice" : "13.2500",
      "Quantity" : "30",
      "Discount" : "0"
    }
  }
}