{
  "OrderID" : "10597",
  "CustomerID" : "PICCO",
  "EmployeeID" : "7",
  "OrderDate" : "1997-07-11T08:42:12",
  "RequiredDate" : "1997-08-08T03:22:15",
  "ShippedDate" : "1997-07-18T15:34:53",
  "ShipVia" : "3",
  "Freight" : "35.1200",
  "ShipName" : "Piccolo und mehr",
  "ShipAddress" : "Geislweg 14",
  "ShipCity" : "Salzburg",
  "ShipRegion" : null,
  "ShipPostalCode" : "5020",
  "ShipCountry" : "Austria",
  "OrderDetails" : {
    "OrderDetail" : {
      "ProductID" : "65",
      "UnitPrice" : "21.0500",
      "Quantity" : "12",
      "Discount" : "0.2"
    }
  }
}