{
  "OrderID" : "10596",
  "CustomerID" : "WHITC",
  "EmployeeID" : "8",
  "OrderDate" : "1997-07-11T13:23:16",
  "RequiredDate" : "1997-08-08T13:47:42",
  "ShippedDate" : "1997-08-12T03:51:42",
  "ShipVia" : "1",
  "Freight" : "16.3400",
  "ShipName" : "White Clover Markets",
  "ShipAddress" : "1029 - 12th Ave. S.",
  "ShipCity" : "Seattle",
  "ShipRegion" : "WA",
  "ShipPostalCode" : "98124",
  "ShipCountry" : "USA",
  "OrderDetails" : {
    "OrderDetail" : {
      "ProductID" : "75",
      "UnitPrice" : "7.7500",
      "Quantity" : "30",
      "Discount" : "0.2"
    }
  }
}