{
  "OrderID" : "10598",
  "CustomerID" : "RATTC",
  "EmployeeID" : "1",
  "OrderDate" : "1997-07-14T22:22:31",
  "RequiredDate" : "1997-08-11T03:46:17",
  "ShippedDate" : "1997-07-18T10:57:34",
  "ShipVia" : "3",
  "Freight" : "44.4200",
  "ShipName" : "Rattlesnake Canyon Grocery",
  "ShipAddress" : "2817 Milton Dr.",
  "ShipCity" : "Albuquerque",
  "ShipRegion" : "NM",
  "ShipPostalCode" : "87110",
  "ShipCountry" : "USA",
  "OrderDetails" : {
    "OrderDetail" : {
      "ProductID" : "71",
      "UnitPrice" : "21.5000",
      "Quantity" : "9",
      "Discount" : "0"
    }
  }
}