{
  "OrderID" : "10592",
  "CustomerID" : "LEHMS",
  "EmployeeID" : "3",
  "OrderDate" : "1997-07-08T04:42:22",
  "RequiredDate" : "1997-08-05T08:35:44",
  "ShippedDate" : "1997-07-16T22:00:54",
  "ShipVia" : "1",
  "Freight" : "32.1000",
  "ShipName" : "Lehmanns Marktstand",
  "ShipAddress" : "Magazinweg 7",
  "ShipCity" : "Frankfurt a.M.",
  "ShipRegion" : null,
  "ShipPostalCode" : "60528",
  "ShipCountry" : "Germany",
  "OrderDetails" : {
    "OrderDetail" : {
      "ProductID" : "26",
      "UnitPrice" : "31.2300",
      "Quantity" : "5",
      "Discount" : "0.05"
    }
  }
}