{
  "OrderID" : "10595",
  "CustomerID" : "ERNSH",
  "EmployeeID" : "2",
  "OrderDate" : "1997-07-10T23:24:29",
  "RequiredDate" : "1997-08-07T21:25:25",
  "ShippedDate" : "1997-07-14T08:26:16",
  "ShipVia" : "1",
  "Freight" : "96.7800",
  "ShipName" : "Ernst Handel",
  "ShipAddress" : "Kirchgasse 6",
  "ShipCity" : "Graz",
  "ShipRegion" : null,
  "ShipPostalCode" : "8010",
  "ShipCountry" : "Austria",
  "OrderDetails" : {
    "OrderDetail" : {
      "ProductID" : "69",
      "UnitPrice" : "36.0000",
      "Quantity" : "65",
      "Discount" : "0.25"
    }
  }
}