{
  "OrderID" : "10602",
  "CustomerID" : "VAFFE",
  "EmployeeID" : "8",
  "OrderDate" : "1997-07-17T18:24:35",
  "RequiredDate" : "1997-08-14T23:07:49",
  "ShippedDate" : "1997-07-22T03:42:30",
  "ShipVia" : "2",
  "Freight" : "2.9200",
  "ShipName" : "Vaffeljernet",
  "ShipAddress" : "Smagsloget 45",
  "ShipCity" : "Århus",
  "ShipRegion" : null,
  "ShipPostalCode" : "8200",
  "ShipCountry" : "Denmark",
  "OrderDetails" : {
    "OrderDetail" : {
      "ProductID" : "77",
      "UnitPrice" : "13.0000",
      "Quantity" : "5",
      "Discount" : "0.25"
    }
  }
}