{
  "OrderID" : "10606",
  "CustomerID" : "TRADH",
  "EmployeeID" : "4",
  "OrderDate" : "1997-07-22T10:10:36",
  "RequiredDate" : "1997-08-19T22:48:55",
  "ShippedDate" : "1997-07-31T19:34:36",
  "ShipVia" : "3",
  "Freight" : "79.4000",
  "ShipName" : "Tradiçao Hipermercados",
  "ShipAddress" : "Av. Inês de Castro, 414",
  "ShipCity" : "Sao Paulo",
  "ShipRegion" : "SP",
  "ShipPostalCode" : "05634-030",
  "ShipCountry" : "Brazil",
  "OrderDetails" : {
    "OrderDetail" : {
      "ProductID" : "62",
      "UnitPrice" : "49.3000",
      "Quantity" : "10",
      "Discount" : "0.2"
    }
  }
}