{
  "OrderID" : "10600",
  "CustomerID" : "HUNGC",
  "EmployeeID" : "4",
  "OrderDate" : "1997-07-16T03:43:45",
  "RequiredDate" : "1997-08-13T22:39:18",
  "ShippedDate" : "1997-07-21T12:13:34",
  "ShipVia" : "1",
  "Freight" : "45.1300",
  "ShipName" : "Hungry Coyote Import Store",
  "ShipAddress" : "City Center Plaza 516 Main St.",
  "ShipCity" : "Elgin",
  "ShipRegion" : "OR",
  "ShipPostalCode" : "97827",
  "ShipCountry" : "USA",
  "OrderDetails" : {
    "OrderDetail" : {
      "ProductID" : "73",
      "UnitPrice" : "15.0000",
      "Quantity" : "30",
      "Discount" : "0"
    }
  }
}