{
  "OrderID" : "10603",
  "CustomerID" : "SAVEA",
  "EmployeeID" : "8",
  "OrderDate" : "1997-07-18T22:35:05",
  "RequiredDate" : "1997-08-15T23:54:46",
  "ShippedDate" : "1997-08-08T05:27:49",
  "ShipVia" : "2",
  "Freight" : "48.7700",
  "ShipName" : "Save-a-lot Markets",
  "ShipAddress" : "187 Suffolk Ln.",
  "ShipCity" : "Boise",
  "ShipRegion" : "ID",
  "ShipPostalCode" : "83720",
  "ShipCountry" : "USA",
  "OrderDetails" : {
    "OrderDetail" : {
      "ProductID" : "49",
      "UnitPrice" : "20.0000",
      "Quantity" : "25",
      "Discount" : "0.05"
    }
  }
}