{
  "OrderID" : "10607",
  "CustomerID" : "SAVEA",
  "EmployeeID" : "5",
  "OrderDate" : "1997-07-22T11:07:54",
  "RequiredDate" : "1997-08-19T06:01:47",
  "ShippedDate" : "1997-07-25T00:24:21",
  "ShipVia" : "1",
  "Freight" : "200.2400",
  "ShipName" : "Save-a-lot Markets",
  "ShipAddress" : "187 Suffolk Ln.",
  "ShipCity" : "Boise",
  "ShipRegion" : "ID",
  "ShipPostalCode" : "83720",
  "ShipCountry" : "USA",
  "OrderDetails" : {
    "OrderDetail" : {
      "ProductID" : "72",
      "UnitPrice" : "34.8000",
      "Quantity" : "12",
      "Discount" : "0"
    }
  }
}