{
  "OrderID" : "10605",
  "CustomerID" : "MEREP",
  "EmployeeID" : "1",
  "OrderDate" : "1997-07-21T12:10:05",
  "RequiredDate" : "1997-08-18T22:11:14",
  "ShippedDate" : "1997-07-29T03:27:10",
  "ShipVia" : "2",
  "Freight" : "379.1300",
  "ShipName" : "Mère Paillarde",
  "ShipAddress" : "43 rue St. Laurent",
  "ShipCity" : "Montréal",
  "ShipRegion" : "Québec",
  "ShipPostalCode" : "H1J 1C3",
  "ShipCountry" : "Canada",
  "OrderDetails" : {
    "OrderDetail" : {
      "ProductID" : "71",
      "UnitPrice" : "21.5000",
      "Quantity" : "15",
      "Discount" : "0.05"
    }
  }
}