{
  "OrderID" : "10608",
  "CustomerID" : "TOMSP",
  "EmployeeID" : "4",
  "OrderDate" : "1997-07-23T08:30:45",
  "RequiredDate" : "1997-08-20T01:15:48",
  "ShippedDate" : "1997-08-01T17:34:31",
  "ShipVia" : "2",
  "Freight" : "27.7900",
  "ShipName" : "Toms Spezialitäten",
  "ShipAddress" : "Luisenstr. 48",
  "ShipCity" : "Münster",
  "ShipRegion" : null,
  "ShipPostalCode" : "44087",
  "ShipCountry" : "Germany",
  "OrderDetails" : {
    "OrderDetail" : {
      "ProductID" : "56",
      "UnitPrice" : "38.0000",
      "Quantity" : "28",
      "Discount" : "0"
    }
  }
}