{
  "OrderID" : "10609",
  "CustomerID" : "DUMON",
  "EmployeeID" : "7",
  "OrderDate" : "1997-07-24T10:57:23",
  "RequiredDate" : "1997-08-21T20:50:26",
  "ShippedDate" : "1997-07-30T14:44:16",
  "ShipVia" : "2",
  "Freight" : "1.8500",
  "ShipName" : "Du monde entier",
  "ShipAddress" : "67, rue des Cinquante Otages",
  "ShipCity" : "Nantes",
  "ShipRegion" : null,
  "ShipPostalCode" : "44000",
  "ShipCountry" : "France",
  "OrderDetails" : {
    "OrderDetail" : {
      "ProductID" : "21",
      "UnitPrice" : "10.0000",
      "Quantity" : "6",
      "Discount" : "0"
    }
  }
}