{
  "OrderID" : "10604",
  "CustomerID" : "FURIB",
  "EmployeeID" : "1",
  "OrderDate" : "1997-07-18T03:00:42",
  "RequiredDate" : "1997-08-15T05:38:32",
  "ShippedDate" : "1997-07-29T17:18:06",
  "ShipVia" : "1",
  "Freight" : "7.4600",
  "ShipName" : "Furia Bacalhau e Frutos do Mar",
  "ShipAddress" : "Jardim das rosas n. 32",
  "ShipCity" : "Lisboa",
  "ShipRegion" : null,
  "ShipPostalCode" : "1675",
  "ShipCountry" : "Portugal",
  "OrderDetails" : {
    "OrderDetail" : {
      "ProductID" : "76",
      "UnitPrice" : "18.0000",
      "Quantity" : "10",
      "Discount" : "0.1"
    }
  }
}