{
  "OrderID" : "10615",
  "CustomerID" : "WILMK",
  "EmployeeID" : "2",
  "OrderDate" : "1997-07-30T09:08:02",
  "RequiredDate" : "1997-08-27T14:57:04",
  "ShippedDate" : "1997-08-06T12:11:21",
  "ShipVia" : "3",
  "Freight" : "0.7500",
  "ShipName" : "Wilman Kala",
  "ShipAddress" : "Keskuskatu 45",
  "ShipCity" : "Helsinki",
  "ShipRegion" : null,
  "ShipPostalCode" : "21240",
  "ShipCountry" : "Finland",
  "OrderDetails" : {
    "OrderDetail" : {
      "ProductID" : "55",
      "UnitPrice" : "24.0000",
      "Quantity" : "5",
      "Discount" : "0"
    }
  }
}