{
  "OrderID" : "10613",
  "CustomerID" : "HILAA",
  "EmployeeID" : "4",
  "OrderDate" : "1997-07-29T05:38:16",
  "RequiredDate" : "1997-08-26T11:38:15",
  "ShippedDate" : "1997-08-01T12:46:12",
  "ShipVia" : "2",
  "Freight" : "8.1100",
  "ShipName" : "HILARION-Abastos",
  "ShipAddress" : "Carrera 22 con Ave. Carlos Soublette #8-35",
  "ShipCity" : "San Cristóbal",
  "ShipRegion" : "Táchira",
  "ShipPostalCode" : "5022",
  "ShipCountry" : "Venezuela",
  "OrderDetails" : {
    "OrderDetail" : {
      "ProductID" : "75",
      "UnitPrice" : "7.7500",
      "Quantity" : "40",
      "Discount" : "0"
    }
  }
}