{
  "OrderID" : "10611",
  "CustomerID" : "WOLZA",
  "EmployeeID" : "6",
  "OrderDate" : "1997-07-25T04:16:09",
  "RequiredDate" : "1997-08-22T06:54:46",
  "ShippedDate" : "1997-08-01T20:46:55",
  "ShipVia" : "2",
  "Freight" : "80.6500",
  "ShipName" : "Wolski Zajazd",
  "ShipAddress" : "ul. Filtrowa 68",
  "ShipCity" : "Warszawa",
  "ShipRegion" : null,
  "ShipPostalCode" : "01-012",
  "ShipCountry" : "Poland",
  "OrderDetails" : {
    "OrderDetail" : {
      "ProductID" : "60",
      "UnitPrice" : "34.0000",
      "Quantity" : "15",
      "Discount" : "0"
    }
  }
}