{
  "OrderID" : "10614",
  "CustomerID" : "BLAUS",
  "EmployeeID" : "8",
  "OrderDate" : "1997-07-29T04:34:05",
  "RequiredDate" : "1997-08-26T17:06:03",
  "ShippedDate" : "1997-08-01T15:31:17",
  "ShipVia" : "3",
  "Freight" : "1.9300",
  "ShipName" : "Blauer See Delikatessen",
  "ShipAddress" : "Forsterstr. 57",
  "ShipCity" : "Mannheim",
  "ShipRegion" : null,
  "ShipPostalCode" : "68306",
  "ShipCountry" : "Germany",
  "OrderDetails" : {
    "OrderDetail" : {
      "ProductID" : "39",
      "UnitPrice" : "18.0000",
      "Quantity" : "5",
      "Discount" : "0"
    }
  }
}