{
  "OrderID" : "10617",
  "CustomerID" : "GREAL",
  "EmployeeID" : "4",
  "OrderDate" : "1997-07-31T21:41:37",
  "RequiredDate" : "1997-08-28T21:44:08",
  "ShippedDate" : "1997-08-04T13:41:11",
  "ShipVia" : "2",
  "Freight" : "18.5300",
  "ShipName" : "Great Lakes Food Market",
  "ShipAddress" : "2732 Baker Blvd.",
  "ShipCity" : "Eugene",
  "ShipRegion" : "OR",
  "ShipPostalCode" : "97403",
  "ShipCountry" : "USA",
  "OrderDetails" : {
    "OrderDetail" : {
      "ProductID" : "59",
      "UnitPrice" : "55.0000",
      "Quantity" : "30",
      "Discount" : "0.15"
    }
  }
}