{
  "OrderID" : "10616",
  "CustomerID" : "GREAL",
  "EmployeeID" : "1",
  "OrderDate" : "1997-07-31T08:25:58",
  "RequiredDate" : "1997-08-28T23:20:03",
  "ShippedDate" : "1997-08-05T10:42:33",
  "ShipVia" : "2",
  "Freight" : "116.5300",
  "ShipName" : "Great Lakes Food Market",
  "ShipAddress" : "2732 Baker Blvd.",
  "ShipCity" : "Eugene",
  "ShipRegion" : "OR",
  "ShipPostalCode" : "97403",
  "ShipCountry" : "USA",
  "OrderDetails" : {
    "OrderDetail" : {
      "ProductID" : "71",
      "UnitPrice" : "21.5000",
      "Quantity" : "15",
      "Discount" : "0.05"
    }
  }
}