{
  "OrderID" : "10618",
  "CustomerID" : "MEREP",
  "EmployeeID" : "1",
  "OrderDate" : "1997-08-01T20:41:16",
  "RequiredDate" : "1997-09-12T20:09:39",
  "ShippedDate" : "1997-08-08T22:02:12",
  "ShipVia" : "1",
  "Freight" : "154.6800",
  "ShipName" : "Mère Paillarde",
  "ShipAddress" : "43 rue St. Laurent",
  "ShipCity" : "Montréal",
  "ShipRegion" : "Québec",
  "ShipPostalCode" : "H1J 1C3",
  "ShipCountry" : "Canada",
  "OrderDetails" : {
    "OrderDetail" : {
      "ProductID" : "68",
      "UnitPrice" : "12.5000",
      "Quantity" : "15",
      "Discount" : "0"
    }
  }
}