{
  "OrderID" : "10625",
  "CustomerID" : "ANATR",
  "EmployeeID" : "3",
  "OrderDate" : "1997-08-08T19:39:34",
  "RequiredDate" : "1997-09-05T09:18:19",
  "ShippedDate" : "1997-08-14T23:48:38",
  "ShipVia" : "1",
  "Freight" : "43.9000",
  "ShipName" : "Ana Trujillo Emparedados y helados",
  "ShipAddress" : "Avda. de la Constitución 2222",
  "ShipCity" : "México D.F.",
  "ShipRegion" : null,
  "ShipPostalCode" : "05021",
  "ShipCountry" : "Mexico",
  "OrderDetails" : {
    "OrderDetail" : {
      "ProductID" : "60",
      "UnitPrice" : "34.0000",
      "Quantity" : "10",
      "Discount" : "0"
    }
  }
}