{
  "OrderID" : "10623",
  "CustomerID" : "FRANK",
  "EmployeeID" : "8",
  "OrderDate" : "1997-08-07T21:41:42",
  "RequiredDate" : "1997-09-04T04:58:35",
  "ShippedDate" : "1997-08-12T18:20:29",
  "ShipVia" : "2",
  "Freight" : "97.1800",
  "ShipName" : "Frankenversand",
  "ShipAddress" : "Berliner Platz 43",
  "ShipCity" : "München",
  "ShipRegion" : null,
  "ShipPostalCode" : "80805",
  "ShipCountry" : "Germany",
  "OrderDetails" : {
    "OrderDetail" : {
      "ProductID" : "35",
      "UnitPrice" : "18.0000",
      "Quantity" : "30",
      "Discount" : "0.1"
    }
  }
}