{
  "OrderID" : "10629",
  "CustomerID" : "GODOS",
  "EmployeeID" : "4",
  "OrderDate" : "1997-08-12T12:27:22",
  "RequiredDate" : "1997-09-09T09:11:10",
  "ShippedDate" : "1997-08-20T22:42:25",
  "ShipVia" : "3",
  "Freight" : "85.4600",
  "ShipName" : "Godos Cocina Típica",
  "ShipAddress" : "C/ Romero, 33",
  "ShipCity" : "Sevilla",
  "ShipRegion" : null,
  "ShipPostalCode" : "41101",
  "ShipCountry" : "Spain",
  "OrderDetails" : {
    "OrderDetail" : {
      "ProductID" : "64",
      "UnitPrice" : "33.2500",
      "Quantity" : "9",
      "Discount" : "0"
    }
  }
}