{
  "OrderID" : "10621",
  "CustomerID" : "ISLAT",
  "EmployeeID" : "4",
  "OrderDate" : "1997-08-05T16:28:23",
  "RequiredDate" : "1997-09-02T21:01:15",
  "ShippedDate" : "1997-08-11T21:38:28",
  "ShipVia" : "2",
  "Freight" : "23.7300",
  "ShipName" : "Island Trading",
  "ShipAddress" : "Garden House Crowther Way",
  "ShipCity" : "Cowes",
  "ShipRegion" : "Isle of Wight",
  "ShipPostalCode" : "PO31 7PJ",
  "ShipCountry" : "UK",
  "OrderDetails" : {
    "OrderDetail" : {
      "ProductID" : "71",
      "UnitPrice" : "21.5000",
      "Quantity" : "15",
      "Discount" : "0"
    }
  }
}