{
  "OrderID" : "10624",
  "CustomerID" : "THECR",
  "EmployeeID" : "4",
  "OrderDate" : "1997-08-07T22:48:25",
  "RequiredDate" : "1997-09-04T21:21:24",
  "ShippedDate" : "1997-08-19T20:14:32",
  "ShipVia" : "2",
  "Freight" : "94.8000",
  "ShipName" : "The Cracker Box",
  "ShipAddress" : "55 Grizzly Peak Rd.",
  "ShipCity" : "Butte",
  "ShipRegion" : "MT",
  "ShipPostalCode" : "59801",
  "ShipCountry" : "USA",
  "OrderDetails" : {
    "OrderDetail" : {
      "ProductID" : "44",
      "UnitPrice" : "19.4500",
      "Quantity" : "10",
      "Discount" : "0"
    }
  }
}