{
  "OrderID" : "10628",
  "CustomerID" : "BLONP",
  "EmployeeID" : "4",
  "OrderDate" : "1997-08-12T01:12:07",
  "RequiredDate" : "1997-09-09T20:28:47",
  "ShippedDate" : "1997-08-20T18:01:11",
  "ShipVia" : "3",
  "Freight" : "30.3600",
  "ShipName" : "Blondel père et fils",
  "ShipAddress" : "24, place Kléber",
  "ShipCity" : "Strasbourg",
  "ShipRegion" : null,
  "ShipPostalCode" : "67000",
  "ShipCountry" : "France",
  "OrderDetails" : {
    "OrderDetail" : {
      "ProductID" : "1",
      "UnitPrice" : "18.0000",
      "Quantity" : "25",
      "Discount" : "0"
    }
  }
}