{
  "OrderID" : "10631",
  "CustomerID" : "LAMAI",
  "EmployeeID" : "8",
  "OrderDate" : "1997-08-14T01:01:32",
  "RequiredDate" : "1997-09-11T21:37:22",
  "ShippedDate" : "1997-08-15T11:54:36",
  "ShipVia" : "1",
  "Freight" : "0.8700",
  "ShipName" : "La maison d'Asie",
  "ShipAddress" : "1 rue Alsace-Lorraine",
  "ShipCity" : "Toulouse",
  "ShipRegion" : null,
  "ShipPostalCode" : "31000",
  "ShipCountry" : "France",
  "OrderDetails" : {
    "OrderDetail" : {
      "ProductID" : "75",
      "UnitPrice" : "7.7500",
      "Quantity" : "8",
      "Discount" : "0.1"
    }
  }
}