{
  "OrderID" : "10632",
  "CustomerID" : "WANDK",
  "EmployeeID" : "8",
  "OrderDate" : "1997-08-14T12:12:25",
  "RequiredDate" : "1997-09-11T08:09:08",
  "ShippedDate" : "1997-08-19T05:45:08",
  "ShipVia" : "1",
  "Freight" : "41.3800",
  "ShipName" : "Die Wandernde Kuh",
  "ShipAddress" : "Adenauerallee 900",
  "ShipCity" : "Stuttgart",
  "ShipRegion" : null,
  "ShipPostalCode" : "70563",
  "ShipCountry" : "Germany",
  "OrderDetails" : {
    "OrderDetail" : {
      "ProductID" : "33",
      "UnitPrice" : "2.5000",
      "Quantity" : "20",
      "Discount" : "0.05"
    }
  }
}