{
  "OrderID" : "10639",
  "CustomerID" : "SANTG",
  "EmployeeID" : "7",
  "OrderDate" : "1997-08-20T07:38:47",
  "RequiredDate" : "1997-09-17T01:43:25",
  "ShippedDate" : "1997-08-27T21:14:26",
  "ShipVia" : "3",
  "Freight" : "38.6400",
  "ShipName" : "Santé Gourmet",
  "ShipAddress" : "Erling Skakkes gate 78",
  "ShipCity" : "Stavern",
  "ShipRegion" : null,
  "ShipPostalCode" : "4110",
  "ShipCountry" : "Norway",
  "OrderDetails" : {
    "OrderDetail" : {
      "ProductID" : "18",
      "UnitPrice" : "62.5000",
      "Quantity" : "8",
      "Discount" : "0"
    }
  }
}