{
  "OrderID" : "10638",
  "CustomerID" : "LINOD",
  "EmployeeID" : "3",
  "OrderDate" : "1997-08-20T23:08:42",
  "RequiredDate" : "1997-09-17T16:17:26",
  "ShippedDate" : "1997-09-01T03:33:08",
  "ShipVia" : "1",
  "Freight" : "158.4400",
  "ShipName" : "LINO-Delicateses",
  "ShipAddress" : "Ave. 5 de Mayo Porlamar",
  "ShipCity" : "I. de Margarita",
  "ShipRegion" : "Nueva Esparta",
  "ShipPostalCode" : "4980",
  "ShipCountry" : "Venezuela",
  "OrderDetails" : {
    "OrderDetail" : {
      "ProductID" : "72",
      "UnitPrice" : "34.8000",
      "Quantity" : "60",
      "Discount" : "0"
    }
  }
}