{
  "OrderID" : "10637",
  "CustomerID" : "QUEEN",
  "EmployeeID" : "6",
  "OrderDate" : "1997-08-19T10:44:09",
  "RequiredDate" : "1997-09-16T03:37:12",
  "ShippedDate" : "1997-08-26T11:18:52",
  "ShipVia" : "1",
  "Freight" : "201.2900",
  "ShipName" : "Queen Cozinha",
  "ShipAddress" : "Alameda dos Canàrios, 891",
  "ShipCity" : "Sao Paulo",
  "ShipRegion" : "SP",
  "ShipPostalCode" : "05487-020",
  "ShipCountry" : "Brazil",
  "OrderDetails" : {
    "OrderDetail" : {
      "ProductID" : "56",
      "UnitPrice" : "38.0000",
      "Quantity" : "60",
      "Discount" : "0.05"
    }
  }
}