{
  "OrderID" : "10636",
  "CustomerID" : "WARTH",
  "EmployeeID" : "4",
  "OrderDate" : "1997-08-19T23:58:50",
  "RequiredDate" : "1997-09-16T12:47:47",
  "ShippedDate" : "1997-08-26T14:42:01",
  "ShipVia" : "1",
  "Freight" : "1.1500",
  "ShipName" : "Wartian Herkku",
  "ShipAddress" : "Torikatu 38",
  "ShipCity" : "Oulu",
  "ShipRegion" : null,
  "ShipPostalCode" : "90110",
  "ShipCountry" : "Finland",
  "OrderDetails" : {
    "OrderDetail" : {
      "ProductID" : "58",
      "UnitPrice" : "13.2500",
      "Quantity" : "6",
      "Discount" : "0"
    }
  }
}