{
  "OrderID" : "10630",
  "CustomerID" : "KOENE",
  "EmployeeID" : "1",
  "OrderDate" : "1997-08-13T08:01:38",
  "RequiredDate" : "1997-09-10T00:34:44",
  "ShippedDate" : "1997-08-19T09:42:43",
  "ShipVia" : "2",
  "Freight" : "32.3500",
  "ShipName" : "Königlich Essen",
  "ShipAddress" : "Maubelstr. 90",
  "ShipCity" : "Brandenburg",
  "ShipRegion" : null,
  "ShipPostalCode" : "14776",
  "ShipCountry" : "Germany",
  "OrderDetails" : {
    "OrderDetail" : {
      "ProductID" : "76",
      "UnitPrice" : "18.0000",
      "Quantity" : "35",
      "Discount" : "0"
    }
  }
}