{
  "OrderID" : "10635",
  "CustomerID" : "MAGAA",
  "EmployeeID" : "8",
  "OrderDate" : "1997-08-18T15:37:48",
  "RequiredDate" : "1997-09-15T23:53:15",
  "ShippedDate" : "1997-08-21T13:25:29",
  "ShipVia" : "3",
  "Freight" : "47.4600",
  "ShipName" : "Magazzini Alimentari Riuniti",
  "ShipAddress" : "Via Ludovico il Moro 22",
  "ShipCity" : "Bergamo",
  "ShipRegion" : null,
  "ShipPostalCode" : "24100",
  "ShipCountry" : "Italy",
  "OrderDetails" : {
    "OrderDetail" : {
      "ProductID" : "22",
      "UnitPrice" : "21.0000",
      "Quantity" : "40",
      "Discount" : "0"
    }
  }
}