{
  "OrderID" : "10645",
  "CustomerID" : "HANAR",
  "EmployeeID" : "4",
  "OrderDate" : "1997-08-26T03:41:08",
  "RequiredDate" : "1997-09-23T04:40:09",
  "ShippedDate" : "1997-09-02T03:06:55",
  "ShipVia" : "1",
  "Freight" : "12.4100",
  "ShipName" : "Hanari Carnes",
  "ShipAddress" : "Rua do Paço, 67",
  "ShipCity" : "Rio de Janeiro",
  "ShipRegion" : "RJ",
  "ShipPostalCode" : "05454-876",
  "ShipCountry" : "Brazil",
  "OrderDetails" : {
    "OrderDetail" : {
      "ProductID" : "36",
      "UnitPrice" : "19.0000",
      "Quantity" : "15",
      "Discount" : "0"
    }
  }
}