{
  "OrderID" : "10640",
  "CustomerID" : "WANDK",
  "EmployeeID" : "4",
  "OrderDate" : "1997-08-21T01:40:13",
  "RequiredDate" : "1997-09-18T19:45:44",
  "ShippedDate" : "1997-08-28T17:37:56",
  "ShipVia" : "1",
  "Freight" : "23.5500",
  "ShipName" : "Die Wandernde Kuh",
  "ShipAddress" : "Adenauerallee 900",
  "ShipCity" : "Stuttgart",
  "ShipRegion" : null,
  "ShipPostalCode" : "70563",
  "ShipCountry" : "Germany",
  "OrderDetails" : {
    "OrderDetail" : {
      "ProductID" : "70",
      "UnitPrice" : "15.0000",
      "Quantity" : "15",
      "Discount" : "0.25"
    }
  }
}