{
  "OrderID" : "10646",
  "CustomerID" : "HUNGO",
  "EmployeeID" : "9",
  "OrderDate" : "1997-08-27T18:37:18",
  "RequiredDate" : "1997-10-08T00:08:27",
  "ShippedDate" : "1997-09-03T16:29:15",
  "ShipVia" : "3",
  "Freight" : "142.3300",
  "ShipName" : "Hungry Owl All-Night Grocers",
  "ShipAddress" : "8 Johnstown Road",
  "ShipCity" : "Cork",
  "ShipRegion" : "Co. Cork",
  "ShipPostalCode" : null,
  "ShipCountry" : "Ireland",
  "OrderDetails" : {
    "OrderDetail" : {
      "ProductID" : "77",
      "UnitPrice" : "13.0000",
      "Quantity" : "35",
      "Discount" : "0.25"
    }
  }
}