{
  "OrderID" : "10643",
  "CustomerID" : "ALFKI",
  "EmployeeID" : "6",
  "OrderDate" : "1997-08-25T05:22:00",
  "RequiredDate" : "1997-09-22T17:15:22",
  "ShippedDate" : "1997-09-02T18:25:37",
  "ShipVia" : "1",
  "Freight" : "29.4600",
  "ShipName" : "Alfreds Futterkiste",
  "ShipAddress" : "Obere Str. 57",
  "ShipCity" : "Berlin",
  "ShipRegion" : null,
  "ShipPostalCode" : "12209",
  "ShipCountry" : "Germany",
  "OrderDetails" : {
    "OrderDetail" : {
      "ProductID" : "46",
      "UnitPrice" : "12.0000",
      "Quantity" : "2",
      "Discount" : "0.25"
    }
  }
}