{
  "OrderID" : "10642",
  "CustomerID" : "SIMOB",
  "EmployeeID" : "7",
  "OrderDate" : "1997-08-22T18:18:40",
  "RequiredDate" : "1997-09-19T09:21:13",
  "ShippedDate" : "1997-09-05T15:17:03",
  "ShipVia" : "3",
  "Freight" : "41.8900",
  "ShipName" : "Simons bistro",
  "ShipAddress" : "Vinbæltet 34",
  "ShipCity" : "Kobenhavn",
  "ShipRegion" : null,
  "ShipPostalCode" : "1734",
  "ShipCountry" : "Denmark",
  "OrderDetails" : {
    "OrderDetail" : {
      "ProductID" : "61",
      "UnitPrice" : "28.5000",
      "Quantity" : "20",
      "Discount" : "0.2"
    }
  }
}