{
  "OrderID" : "10648",
  "CustomerID" : "RICAR",
  "EmployeeID" : "5",
  "OrderDate" : "1997-08-28T21:48:21",
  "RequiredDate" : "1997-10-09T00:53:04",
  "ShippedDate" : "1997-09-09T03:30:35",
  "ShipVia" : "2",
  "Freight" : "14.2500",
  "ShipName" : "Ricardo Adocicados",
  "ShipAddress" : "Av. Copacabana, 267",
  "ShipCity" : "Rio de Janeiro",
  "ShipRegion" : "RJ",
  "ShipPostalCode" : "02389-890",
  "ShipCountry" : "Brazil",
  "OrderDetails" : {
    "OrderDetail" : {
      "ProductID" : "24",
      "UnitPrice" : "4.5000",
      "Quantity" : "15",
      "Discount" : "0.15"
    }
  }
}