{
  "OrderID" : "10644",
  "CustomerID" : "WELLI",
  "EmployeeID" : "3",
  "OrderDate" : "1997-08-25T15:10:22",
  "RequiredDate" : "1997-09-22T23:56:39",
  "ShippedDate" : "1997-09-01T12:16:05",
  "ShipVia" : "2",
  "Freight" : "0.1400",
  "ShipName" : "Wellington Importadora",
  "ShipAddress" : "Rua do Mercado, 12",
  "ShipCity" : "Resende",
  "ShipRegion" : "SP",
  "ShipPostalCode" : "08737-363",
  "ShipCountry" : "Brazil",
  "OrderDetails" : {
    "OrderDetail" : {
      "ProductID" : "46",
      "UnitPrice" : "12.0000",
      "Quantity" : "21",
      "Discount" : "0.1"
    }
  }
}