{
  "OrderID" : "10641",
  "CustomerID" : "HILAA",
  "EmployeeID" : "4",
  "OrderDate" : "1997-08-22T20:28:58",
  "RequiredDate" : "1997-09-19T14:30:35",
  "ShippedDate" : "1997-08-26T08:34:16",
  "ShipVia" : "2",
  "Freight" : "179.6100",
  "ShipName" : "HILARION-Abastos",
  "ShipAddress" : "Carrera 22 con Ave. Carlos Soublette #8-35",
  "ShipCity" : "San Cristóbal",
  "ShipRegion" : "Táchira",
  "ShipPostalCode" : "5022",
  "ShipCountry" : "Venezuela",
  "OrderDetails" : {
    "OrderDetail" : {
      "ProductID" : "40",
      "UnitPrice" : "18.4000",
      "Quantity" : "60",
      "Discount" : "0"
    }
  }
}