{
  "OrderID" : "10658",
  "CustomerID" : "QUICK",
  "EmployeeID" : "4",
  "OrderDate" : "1997-09-05T17:40:08",
  "RequiredDate" : "1997-10-03T09:18:34",
  "ShippedDate" : "1997-09-08T15:07:54",
  "ShipVia" : "1",
  "Freight" : "364.1500",
  "ShipName" : "QUICK-Stop",
  "ShipAddress" : "Taucherstraße 10",
  "ShipCity" : "Cunewalde",
  "ShipRegion" : null,
  "ShipPostalCode" : "01307",
  "ShipCountry" : "Germany",
  "OrderDetails" : {
    "OrderDetail" : {
      "ProductID" : "77",
      "UnitPrice" : "13.0000",
      "Quantity" : "70",
      "Discount" : "0.05"
    }
  }
}