{
  "OrderID" : "10652",
  "CustomerID" : "GOURL",
  "EmployeeID" : "4",
  "OrderDate" : "1997-09-01T14:43:43",
  "RequiredDate" : "1997-09-29T05:50:37",
  "ShippedDate" : "1997-09-08T21:46:28",
  "ShipVia" : "2",
  "Freight" : "7.1400",
  "ShipName" : "Gourmet Lanchonetes",
  "ShipAddress" : "Av. Brasil, 442",
  "ShipCity" : "Campinas",
  "ShipRegion" : "SP",
  "ShipPostalCode" : "04876-786",
  "ShipCountry" : "Brazil",
  "OrderDetails" : {
    "OrderDetail" : {
      "ProductID" : "42",
      "UnitPrice" : "14.0000",
      "Quantity" : "20",
      "Discount" : "0"
    }
  }
}