{
  "OrderID" : "10657",
  "CustomerID" : "SAVEA",
  "EmployeeID" : "2",
  "OrderDate" : "1997-09-04T14:47:22",
  "RequiredDate" : "1997-10-02T23:44:33",
  "ShippedDate" : "1997-09-15T22:21:13",
  "ShipVia" : "2",
  "Freight" : "352.6900",
  "ShipName" : "Save-a-lot Markets",
  "ShipAddress" : "187 Suffolk Ln.",
  "ShipCity" : "Boise",
  "ShipRegion" : "ID",
  "ShipPostalCode" : "83720",
  "ShipCountry" : "USA",
  "OrderDetails" : {
    "OrderDetail" : {
      "ProductID" : "60",
      "UnitPrice" : "34.0000",
      "Quantity" : "30",
      "Discount" : "0"
    }
  }
}