{
  "OrderID" : "10654",
  "CustomerID" : "BERGS",
  "EmployeeID" : "5",
  "OrderDate" : "1997-09-02T09:00:32",
  "RequiredDate" : "1997-09-30T21:35:20",
  "ShippedDate" : "1997-09-11T22:16:57",
  "ShipVia" : "1",
  "Freight" : "55.2600",
  "ShipName" : "Berglunds snabbköp",
  "ShipAddress" : "Berguvsvägen  8",
  "ShipCity" : "Luleå",
  "ShipRegion" : null,
  "ShipPostalCode" : "S-958 22",
  "ShipCountry" : "Sweden",
  "OrderDetails" : {
    "OrderDetail" : {
      "ProductID" : "54",
      "UnitPrice" : "7.4500",
      "Quantity" : "6",
      "Discount" : "0.1"
    }
  }
}