{
  "OrderID" : "10656",
  "CustomerID" : "GREAL",
  "EmployeeID" : "6",
  "OrderDate" : "1997-09-04T01:04:47",
  "RequiredDate" : "1997-10-02T09:01:28",
  "ShippedDate" : "1997-09-10T23:50:27",
  "ShipVia" : "1",
  "Freight" : "57.1500",
  "ShipName" : "Great Lakes Food Market",
  "ShipAddress" : "2732 Baker Blvd.",
  "ShipCity" : "Eugene",
  "ShipRegion" : "OR",
  "ShipPostalCode" : "97403",
  "ShipCountry" : "USA",
  "OrderDetails" : {
    "OrderDetail" : {
      "ProductID" : "47",
      "UnitPrice" : "9.5000",
      "Quantity" : "6",
      "Discount" : "0.1"
    }
  }
}