{
  "OrderID" : "10659",
  "CustomerID" : "QUEEN",
  "EmployeeID" : "7",
  "OrderDate" : "1997-09-05T16:50:58",
  "RequiredDate" : "1997-10-03T04:11:17",
  "ShippedDate" : "1997-09-10T14:15:34",
  "ShipVia" : "2",
  "Freight" : "105.8100",
  "ShipName" : "Queen Cozinha",
  "ShipAddress" : "Alameda dos Canàrios, 891",
  "ShipCity" : "Sao Paulo",
  "ShipRegion" : "SP",
  "ShipPostalCode" : "05487-020",
  "ShipCountry" : "Brazil",
  "OrderDetails" : {
    "OrderDetail" : {
      "ProductID" : "70",
      "UnitPrice" : "15.0000",
      "Quantity" : "40",
      "Discount" : "0.05"
    }
  }
}