{
  "OrderID" : "10650",
  "CustomerID" : "FAMIA",
  "EmployeeID" : "5",
  "OrderDate" : "1997-08-29T07:38:01",
  "RequiredDate" : "1997-09-26T21:15:26",
  "ShippedDate" : "1997-09-03T10:32:09",
  "ShipVia" : "3",
  "Freight" : "176.8100",
  "ShipName" : "Familia Arquibaldo",
  "ShipAddress" : "Rua Orós, 92",
  "ShipCity" : "Sao Paulo",
  "ShipRegion" : "SP",
  "ShipPostalCode" : "05442-030",
  "ShipCountry" : "Brazil",
  "OrderDetails" : {
    "OrderDetail" : {
      "ProductID" : "54",
      "UnitPrice" : "7.4500",
      "Quantity" : "30",
      "Discount" : "0"
    }
  }
}