{
  "OrderID" : "10651",
  "CustomerID" : "WANDK",
  "EmployeeID" : "8",
  "OrderDate" : "1997-09-01T20:31:49",
  "RequiredDate" : "1997-09-29T01:13:57",
  "ShippedDate" : "1997-09-11T17:13:17",
  "ShipVia" : "2",
  "Freight" : "20.6000",
  "ShipName" : "Die Wandernde Kuh",
  "ShipAddress" : "Adenauerallee 900",
  "ShipCity" : "Stuttgart",
  "ShipRegion" : null,
  "ShipPostalCode" : "70563",
  "ShipCountry" : "Germany",
  "OrderDetails" : {
    "OrderDetail" : {
      "ProductID" : "22",
      "UnitPrice" : "21.0000",
      "Quantity" : "20",
      "Discount" : "0.25"
    }
  }
}