{
  "OrderID" : "10653",
  "CustomerID" : "FRANK",
  "EmployeeID" : "1",
  "OrderDate" : "1997-09-02T13:05:32",
  "RequiredDate" : "1997-09-30T01:09:49",
  "ShippedDate" : "1997-09-19T07:39:02",
  "ShipVia" : "1",
  "Freight" : "93.2500",
  "ShipName" : "Frankenversand",
  "ShipAddress" : "Berliner Platz 43",
  "ShipCity" : "München",
  "ShipRegion" : null,
  "ShipPostalCode" : "80805",
  "ShipCountry" : "Germany",
  "OrderDetails" : {
    "OrderDetail" : {
      "ProductID" : "60",
      "UnitPrice" : "34.0000",
      "Quantity" : "20",
      "Discount" : "0.1"
    }
  }
}