{
  "OrderID" : "10661",
  "CustomerID" : "HUNGO",
  "EmployeeID" : "7",
  "OrderDate" : "1997-09-09T14:44:06",
  "RequiredDate" : "1997-10-07T05:46:43",
  "ShippedDate" : "1997-09-15T02:07:10",
  "ShipVia" : "3",
  "Freight" : "17.5500",
  "ShipName" : "Hungry Owl All-Night Grocers",
  "ShipAddress" : "8 Johnstown Road",
  "ShipCity" : "Cork",
  "ShipRegion" : "Co. Cork",
  "ShipPostalCode" : null,
  "ShipCountry" : "Ireland",
  "OrderDetails" : {
    "OrderDetail" : {
      "ProductID" : "58",
      "UnitPrice" : "13.2500",
      "Quantity" : "49",
      "Discount" : "0.2"
    }
  }
}