{
  "OrderID" : "10665",
  "CustomerID" : "LONEP",
  "EmployeeID" : "1",
  "OrderDate" : "1997-09-11T19:27:04",
  "RequiredDate" : "1997-10-09T06:05:03",
  "ShippedDate" : "1997-09-17T02:27:36",
  "ShipVia" : "2",
  "Freight" : "26.3100",
  "ShipName" : "Lonesome Pine Restaurant",
  "ShipAddress" : "89 Chiaroscuro Rd.",
  "ShipCity" : "Portland",
  "ShipRegion" : "OR",
  "ShipPostalCode" : "97219",
  "ShipCountry" : "USA",
  "OrderDetails" : {
    "OrderDetail" : {
      "ProductID" : "76",
      "UnitPrice" : "18.0000",
      "Quantity" : "10",
      "Discount" : "0"
    }
  }
}