{
  "OrderID" : "10663",
  "CustomerID" : "BONAP",
  "EmployeeID" : "2",
  "OrderDate" : "1997-09-10T11:23:36",
  "RequiredDate" : "1997-09-24T01:24:28",
  "ShippedDate" : "1997-10-03T23:40:20",
  "ShipVia" : "2",
  "Freight" : "113.1500",
  "ShipName" : "Bon app'",
  "ShipAddress" : "12, rue des Bouchers",
  "ShipCity" : "Marseille",
  "ShipRegion" : null,
  "ShipPostalCode" : "13008",
  "ShipCountry" : "France",
  "OrderDetails" : {
    "OrderDetail" : {
      "ProductID" : "51",
      "UnitPrice" : "53.0000",
      "Quantity" : "20",
      "Discount" : "0.05"
    }
  }
}