{
  "OrderID" : "10660",
  "CustomerID" : "HUNGC",
  "EmployeeID" : "8",
  "OrderDate" : "1997-09-08T05:00:58",
  "RequiredDate" : "1997-10-06T01:55:43",
  "ShippedDate" : "1997-10-15T21:18:27",
  "ShipVia" : "1",
  "Freight" : "111.2900",
  "ShipName" : "Hungry Coyote Import Store",
  "ShipAddress" : "City Center Plaza 516 Main St.",
  "ShipCity" : "Elgin",
  "ShipRegion" : "OR",
  "ShipPostalCode" : "97827",
  "ShipCountry" : "USA",
  "OrderDetails" : {
    "OrderDetail" : {
      "ProductID" : "20",
      "UnitPrice" : "81.0000",
      "Quantity" : "21",
      "Discount" : "0"
    }
  }
}