{
  "OrderID" : "10664",
  "CustomerID" : "FURIB",
  "EmployeeID" : "1",
  "OrderDate" : "1997-09-10T05:38:43",
  "RequiredDate" : "1997-10-08T09:30:58",
  "ShippedDate" : "1997-09-19T02:04:22",
  "ShipVia" : "3",
  "Freight" : "1.2700",
  "ShipName" : "Furia Bacalhau e Frutos do Mar",
  "ShipAddress" : "Jardim das rosas n. 32",
  "ShipCity" : "Lisboa",
  "ShipRegion" : null,
  "ShipPostalCode" : "1675",
  "ShipCountry" : "Portugal",
  "OrderDetails" : {
    "OrderDetail" : {
      "ProductID" : "65",
      "UnitPrice" : "21.0500",
      "Quantity" : "15",
      "Discount" : "0.15"
    }
  }
}