{
  "OrderID" : "10668",
  "CustomerID" : "WANDK",
  "EmployeeID" : "1",
  "OrderDate" : "1997-09-15T10:41:06",
  "RequiredDate" : "1997-10-13T18:06:38",
  "ShippedDate" : "1997-09-23T12:45:48",
  "ShipVia" : "2",
  "Freight" : "47.2200",
  "ShipName" : "Die Wandernde Kuh",
  "ShipAddress" : "Adenauerallee 900",
  "ShipCity" : "Stuttgart",
  "ShipRegion" : null,
  "ShipPostalCode" : "70563",
  "ShipCountry" : "Germany",
  "OrderDetails" : {
    "OrderDetail" : {
      "ProductID" : "64",
      "UnitPrice" : "33.2500",
      "Quantity" : "15",
      "Discount" : "0.1"
    }
  }
}