{
  "OrderID" : "10667",
  "CustomerID" : "ERNSH",
  "EmployeeID" : "7",
  "OrderDate" : "1997-09-12T20:30:20",
  "RequiredDate" : "1997-10-10T14:14:05",
  "ShippedDate" : "1997-09-19T09:51:27",
  "ShipVia" : "1",
  "Freight" : "78.0900",
  "ShipName" : "Ernst Handel",
  "ShipAddress" : "Kirchgasse 6",
  "ShipCity" : "Graz",
  "ShipRegion" : null,
  "ShipPostalCode" : "8010",
  "ShipCountry" : "Austria",
  "OrderDetails" : {
    "OrderDetail" : {
      "ProductID" : "71",
      "UnitPrice" : "21.5000",
      "Quantity" : "14",
      "Discount" : "0.2"
    }
  }
}