{
  "OrderID" : "10679",
  "CustomerID" : "BLONP",
  "EmployeeID" : "8",
  "OrderDate" : "1997-09-23T19:29:21",
  "RequiredDate" : "1997-10-21T07:13:22",
  "ShippedDate" : "1997-09-30T23:42:52",
  "ShipVia" : "3",
  "Freight" : "27.9400",
  "ShipName" : "Blondel père et fils",
  "ShipAddress" : "24, place Kléber",
  "ShipCity" : "Strasbourg",
  "ShipRegion" : null,
  "ShipPostalCode" : "67000",
  "ShipCountry" : "France",
  "OrderDetails" : {
    "OrderDetail" : {
      "ProductID" : "59",
      "UnitPrice" : "55.0000",
      "Quantity" : "12",
      "Discount" : "0"
    }
  }
}