{
  "OrderID" : "10674",
  "CustomerID" : "ISLAT",
  "EmployeeID" : "4",
  "OrderDate" : "1997-09-18T07:20:03",
  "RequiredDate" : "1997-10-16T00:41:49",
  "ShippedDate" : "1997-09-30T02:28:34",
  "ShipVia" : "2",
  "Freight" : "0.9000",
  "ShipName" : "Island Trading",
  "ShipAddress" : "Garden House Crowther Way",
  "ShipCity" : "Cowes",
  "ShipRegion" : "Isle of Wight",
  "ShipPostalCode" : "PO31 7PJ",
  "ShipCountry" : "UK",
  "OrderDetails" : {
    "OrderDetail" : {
      "ProductID" : "23",
      "UnitPrice" : "9.0000",
      "Quantity" : "5",
      "Discount" : "0"
    }
  }
}