{
  "OrderID" : "10678",
  "CustomerID" : "SAVEA",
  "EmployeeID" : "7",
  "OrderDate" : "1997-09-23T17:29:20",
  "RequiredDate" : "1997-10-21T01:31:05",
  "ShippedDate" : "1997-10-16T03:13:50",
  "ShipVia" : "3",
  "Freight" : "388.9800",
  "ShipName" : "Save-a-lot Markets",
  "ShipAddress" : "187 Suffolk Ln.",
  "ShipCity" : "Boise",
  "ShipRegion" : "ID",
  "ShipPostalCode" : "83720",
  "ShipCountry" : "USA",
  "OrderDetails" : {
    "OrderDetail" : {
      "ProductID" : "54",
      "UnitPrice" : "7.4500",
      "Quantity" : "30",
      "Discount" : "0"
    }
  }
}