{
  "OrderID" : "10676",
  "CustomerID" : "TORTU",
  "EmployeeID" : "2",
  "OrderDate" : "1997-09-22T17:25:33",
  "RequiredDate" : "1997-10-20T09:14:49",
  "ShippedDate" : "1997-09-29T22:28:55",
  "ShipVia" : "2",
  "Freight" : "2.0100",
  "ShipName" : "Tortuga Restaurante",
  "ShipAddress" : "Avda. Azteca 123",
  "ShipCity" : "México D.F.",
  "ShipRegion" : null,
  "ShipPostalCode" : "05033",
  "ShipCountry" : "Mexico",
  "OrderDetails" : {
    "OrderDetail" : {
      "ProductID" : "44",
      "UnitPrice" : "19.4500",
      "Quantity" : "21",
      "Discount" : "0"
    }
  }
}