{
  "OrderID" : "10672",
  "CustomerID" : "BERGS",
  "EmployeeID" : "9",
  "OrderDate" : "1997-09-17T12:02:54",
  "RequiredDate" : "1997-10-01T15:34:44",
  "ShippedDate" : "1997-09-26T20:48:11",
  "ShipVia" : "2",
  "Freight" : "95.7500",
  "ShipName" : "Berglunds snabbköp",
  "ShipAddress" : "Berguvsvägen  8",
  "ShipCity" : "Luleå",
  "ShipRegion" : null,
  "ShipPostalCode" : "S-958 22",
  "ShipCountry" : "Sweden",
  "OrderDetails" : {
    "OrderDetail" : {
      "ProductID" : "71",
      "UnitPrice" : "21.5000",
      "Quantity" : "12",
      "Discount" : "0"
    }
  }
}