{
  "OrderID" : "10670",
  "CustomerID" : "FRANK",
  "EmployeeID" : "4",
  "OrderDate" : "1997-09-16T01:08:08",
  "RequiredDate" : "1997-10-14T02:38:06",
  "ShippedDate" : "1997-09-18T01:15:32",
  "ShipVia" : "1",
  "Freight" : "203.4800",
  "ShipName" : "Frankenversand",
  "ShipAddress" : "Berliner Platz 43",
  "ShipCity" : "München",
  "ShipRegion" : null,
  "ShipPostalCode" : "80805",
  "ShipCountry" : "Germany",
  "OrderDetails" : {
    "OrderDetail" : {
      "ProductID" : "75",
      "UnitPrice" : "7.7500",
      "Quantity" : "25",
      "Discount" : "0"
    }
  }
}