{
  "OrderID" : "10675",
  "CustomerID" : "FRANK",
  "EmployeeID" : "5",
  "OrderDate" : "1997-09-19T14:56:21",
  "RequiredDate" : "1997-10-17T02:56:15",
  "ShippedDate" : "1997-09-23T04:22:06",
  "ShipVia" : "2",
  "Freight" : "31.8500",
  "ShipName" : "Frankenversand",
  "ShipAddress" : "Berliner Platz 43",
  "ShipCity" : "München",
  "ShipRegion" : null,
  "ShipPostalCode" : "80805",
  "ShipCountry" : "Germany",
  "OrderDetails" : {
    "OrderDetail" : {
      "ProductID" : "58",
      "UnitPrice" : "13.2500",
      "Quantity" : "30",
      "Discount" : "0"
    }
  }
}