{
  "OrderID" : "10673",
  "CustomerID" : "WILMK",
  "EmployeeID" : "2",
  "OrderDate" : "1997-09-18T14:18:33",
  "RequiredDate" : "1997-10-16T09:44:05",
  "ShippedDate" : "1997-09-19T10:18:42",
  "ShipVia" : "1",
  "Freight" : "22.7600",
  "ShipName" : "Wilman Kala",
  "ShipAddress" : "Keskuskatu 45",
  "ShipCity" : "Helsinki",
  "ShipRegion" : null,
  "ShipPostalCode" : "21240",
  "ShipCountry" : "Finland",
  "OrderDetails" : {
    "OrderDetail" : {
      "ProductID" : "43",
      "UnitPrice" : "46.0000",
      "Quantity" : "6",
      "Discount" : "0"
    }
  }
}