{
  "OrderID" : "10684",
  "CustomerID" : "OTTIK",
  "EmployeeID" : "3",
  "OrderDate" : "1997-09-26T05:29:25",
  "RequiredDate" : "1997-10-24T03:10:24",
  "ShippedDate" : "1997-09-30T06:00:44",
  "ShipVia" : "1",
  "Freight" : "145.6300",
  "ShipName" : "Ottilies Käseladen",
  "ShipAddress" : "Mehrheimerstr. 369",
  "ShipCity" : "Köln",
  "ShipRegion" : null,
  "ShipPostalCode" : "50739",
  "ShipCountry" : "Germany",
  "OrderDetails" : {
    "OrderDetail" : {
      "ProductID" : "60",
      "UnitPrice" : "34.0000",
      "Quantity" : "30",
      "Discount" : "0"
    }
  }
}