{
  "OrderID" : "10682",
  "CustomerID" : "ANTON",
  "EmployeeID" : "3",
  "OrderDate" : "1997-09-25T18:38:53",
  "RequiredDate" : "1997-10-23T11:13:01",
  "ShippedDate" : "1997-10-01T23:05:57",
  "ShipVia" : "2",
  "Freight" : "36.1300",
  "ShipName" : "Antonio Moreno Taquería",
  "ShipAddress" : "Mataderos  2312",
  "ShipCity" : "México D.F.",
  "ShipRegion" : null,
  "ShipPostalCode" : "05023",
  "ShipCountry" : "Mexico",
  "OrderDetails" : {
    "OrderDetail" : {
      "ProductID" : "75",
      "UnitPrice" : "7.7500",
      "Quantity" : "30",
      "Discount" : "0"
    }
  }
}