{
  "OrderID" : "10686",
  "CustomerID" : "PICCO",
  "EmployeeID" : "2",
  "OrderDate" : "1997-09-30T23:40:40",
  "RequiredDate" : "1997-10-28T01:14:57",
  "ShippedDate" : "1997-10-08T05:18:24",
  "ShipVia" : "1",
  "Freight" : "96.5000",
  "ShipName" : "Piccolo und mehr",
  "ShipAddress" : "Geislweg 14",
  "ShipCity" : "Salzburg",
  "ShipRegion" : null,
  "ShipPostalCode" : "5020",
  "ShipCountry" : "Austria",
  "OrderDetails" : {
    "OrderDetail" : {
      "ProductID" : "26",
      "UnitPrice" : "31.2300",
      "Quantity" : "15",
      "Discount" : "0"
    }
  }
}