{
  "OrderID" : "10688",
  "CustomerID" : "VAFFE",
  "EmployeeID" : "4",
  "OrderDate" : "1997-10-01T10:37:27",
  "RequiredDate" : "1997-10-15T11:12:13",
  "ShippedDate" : "1997-10-07T06:32:04",
  "ShipVia" : "2",
  "Freight" : "299.0900",
  "ShipName" : "Vaffeljernet",
  "ShipAddress" : "Smagsloget 45",
  "ShipCity" : "Århus",
  "ShipRegion" : null,
  "ShipPostalCode" : "8200",
  "ShipCountry" : "Denmark",
  "OrderDetails" : {
    "OrderDetail" : {
      "ProductID" : "34",
      "UnitPrice" : "14.0000",
      "Quantity" : "14",
      "Discount" : "0"
    }
  }
}