{
  "OrderID" : "10687",
  "CustomerID" : "HUNGO",
  "EmployeeID" : "9",
  "OrderDate" : "1997-09-30T10:06:18",
  "RequiredDate" : "1997-10-28T15:09:15",
  "ShippedDate" : "1997-10-30T08:40:56",
  "ShipVia" : "2",
  "Freight" : "296.4300",
  "ShipName" : "Hungry Owl All-Night Grocers",
  "ShipAddress" : "8 Johnstown Road",
  "ShipCity" : "Cork",
  "ShipRegion" : "Co. Cork",
  "ShipPostalCode" : null,
  "ShipCountry" : "Ireland",
  "OrderDetails" : {
    "OrderDetail" : {
      "ProductID" : "36",
      "UnitPrice" : "19.0000",
      "Quantity" : "6",
      "Discount" : "0.25"
    }
  }
}