{
  "OrderID" : "10691",
  "CustomerID" : "QUICK",
  "EmployeeID" : "2",
  "OrderDate" : "1997-10-03T10:46:50",
  "RequiredDate" : "1997-11-14T15:19:39",
  "ShippedDate" : "1997-10-22T19:03:33",
  "ShipVia" : "2",
  "Freight" : "810.0500",
  "ShipName" : "QUICK-Stop",
  "ShipAddress" : "Taucherstraße 10",
  "ShipCity" : "Cunewalde",
  "ShipRegion" : null,
  "ShipPostalCode" : "01307",
  "ShipCountry" : "Germany",
  "OrderDetails" : {
    "OrderDetail" : {
      "ProductID" : "62",
      "UnitPrice" : "49.3000",
      "Quantity" : "48",
      "Discount" : "0"
    }
  }
}