{
  "OrderID" : "10695",
  "CustomerID" : "WILMK",
  "EmployeeID" : "7",
  "OrderDate" : "1997-10-07T05:26:34",
  "RequiredDate" : "1997-11-18T16:49:28",
  "ShippedDate" : "1997-10-14T09:06:10",
  "ShipVia" : "1",
  "Freight" : "16.7200",
  "ShipName" : "Wilman Kala",
  "ShipAddress" : "Keskuskatu 45",
  "ShipCity" : "Helsinki",
  "ShipRegion" : null,
  "ShipPostalCode" : "21240",
  "ShipCountry" : "Finland",
  "OrderDetails" : {
    "OrderDetail" : {
      "ProductID" : "24",
      "UnitPrice" : "4.5000",
      "Quantity" : "20",
      "Discount" : "0"
    }
  }
}