{
  "OrderID" : "10697",
  "CustomerID" : "LINOD",
  "EmployeeID" : "3",
  "OrderDate" : "1997-10-08T08:05:51",
  "RequiredDate" : "1997-11-05T09:02:38",
  "ShippedDate" : "1997-10-14T03:05:04",
  "ShipVia" : "1",
  "Freight" : "45.5200",
  "ShipName" : "LINO-Delicateses",
  "ShipAddress" : "Ave. 5 de Mayo Porlamar",
  "ShipCity" : "I. de Margarita",
  "ShipRegion" : "Nueva Esparta",
  "ShipPostalCode" : "4980",
  "ShipCountry" : "Venezuela",
  "OrderDetails" : {
    "OrderDetail" : {
      "ProductID" : "70",
      "UnitPrice" : "15.0000",
      "Quantity" : "30",
      "Discount" : "0.25"
    }
  }
}