{
  "OrderID" : "10699",
  "CustomerID" : "MORGK",
  "EmployeeID" : "3",
  "OrderDate" : "1997-10-09T19:23:57",
  "RequiredDate" : "1997-11-06T01:55:47",
  "ShippedDate" : "1997-10-13T07:23:28",
  "ShipVia" : "3",
  "Freight" : "0.5800",
  "ShipName" : "Morgenstern Gesundkost",
  "ShipAddress" : "Heerstr. 22",
  "ShipCity" : "Leipzig",
  "ShipRegion" : null,
  "ShipPostalCode" : "04179",
  "ShipCountry" : "Germany",
  "OrderDetails" : {
    "OrderDetail" : {
      "ProductID" : "47",
      "UnitPrice" : "9.5000",
      "Quantity" : "12",
      "Discount" : "0"
    }
  }
}