{
  "OrderID" : "10692",
  "CustomerID" : "ALFKI",
  "EmployeeID" : "4",
  "OrderDate" : "1997-10-03T14:29:27",
  "RequiredDate" : "1997-10-31T11:48:41",
  "ShippedDate" : "1997-10-13T21:08:23",
  "ShipVia" : "2",
  "Freight" : "61.0200",
  "ShipName" : "Alfred's Futterkiste",
  "ShipAddress" : "Obere Str. 57",
  "ShipCity" : "Berlin",
  "ShipRegion" : null,
  "ShipPostalCode" : "12209",
  "ShipCountry" : "Germany",
  "OrderDetails" : {
    "OrderDetail" : {
      "ProductID" : "63",
      "UnitPrice" : "43.9000",
      "Quantity" : "20",
      "Discount" : "0"
    }
  }
}