{
  "OrderID" : "10696",
  "CustomerID" : "WHITC",
  "EmployeeID" : "8",
  "OrderDate" : "1997-10-08T04:11:20",
  "RequiredDate" : "1997-11-19T13:33:44",
  "ShippedDate" : "1997-10-14T11:55:01",
  "ShipVia" : "3",
  "Freight" : "102.5500",
  "ShipName" : "White Clover Markets",
  "ShipAddress" : "1029 - 12th Ave. S.",
  "ShipCity" : "Seattle",
  "ShipRegion" : "WA",
  "ShipPostalCode" : "98124",
  "ShipCountry" : "USA",
  "OrderDetails" : {
    "OrderDetail" : {
      "ProductID" : "46",
      "UnitPrice" : "12.0000",
      "Quantity" : "18",
      "Discount" : "0"
    }
  }
}