{
  "OrderID" : "10701",
  "CustomerID" : "HUNGO",
  "EmployeeID" : "6",
  "OrderDate" : "1997-10-13T21:49:24",
  "RequiredDate" : "1997-10-27T22:31:43",
  "ShippedDate" : "1997-10-15T10:34:04",
  "ShipVia" : "3",
  "Freight" : "220.3100",
  "ShipName" : "Hungry Owl All-Night Grocers",
  "ShipAddress" : "8 Johnstown Road",
  "ShipCity" : "Cork",
  "ShipRegion" : "Co. Cork",
  "ShipPostalCode" : null,
  "ShipCountry" : "Ireland",
  "OrderDetails" : {
    "OrderDetail" : {
      "ProductID" : "76",
      "UnitPrice" : "18.0000",
      "Quantity" : "35",
      "Discount" : "0.15"
    }
  }
}