{
  "OrderID" : "10700",
  "CustomerID" : "SAVEA",
  "EmployeeID" : "3",
  "OrderDate" : "1997-10-10T04:09:24",
  "RequiredDate" : "1997-11-07T23:06:30",
  "ShippedDate" : "1997-10-16T08:57:42",
  "ShipVia" : "1",
  "Freight" : "65.1000",
  "ShipName" : "Save-a-lot Markets",
  "ShipAddress" : "187 Suffolk Ln.",
  "ShipCity" : "Boise",
  "ShipRegion" : "ID",
  "ShipPostalCode" : "83720",
  "ShipCountry" : "USA",
  "OrderDetails" : {
    "OrderDetail" : {
      "ProductID" : "71",
      "UnitPrice" : "21.5000",
      "Quantity" : "60",
      "Discount" : "0.2"
    }
  }
}