{
  "OrderID" : "10707",
  "CustomerID" : "AROUT",
  "EmployeeID" : "4",
  "OrderDate" : "1997-10-16T13:48:45",
  "RequiredDate" : "1997-10-30T18:43:33",
  "ShippedDate" : "1997-10-23T19:45:43",
  "ShipVia" : "3",
  "Freight" : "21.7400",
  "ShipName" : "Around the Horn",
  "ShipAddress" : "Brook Farm Stratford St. Mary",
  "ShipCity" : "Colchester",
  "ShipRegion" : "Essex",
  "ShipPostalCode" : "CO7 6JX",
  "ShipCountry" : "UK",
  "OrderDetails" : {
    "OrderDetail" : {
      "ProductID" : "70",
      "UnitPrice" : "15.0000",
      "Quantity" : "28",
      "Discount" : "0.15"
    }
  }
}