{
  "OrderID" : "10706",
  "CustomerID" : "OLDWO",
  "EmployeeID" : "8",
  "OrderDate" : "1997-10-16T10:49:33",
  "RequiredDate" : "1997-11-13T12:54:26",
  "ShippedDate" : "1997-10-21T23:18:40",
  "ShipVia" : "3",
  "Freight" : "135.6300",
  "ShipName" : "Old World Delicatessen",
  "ShipAddress" : "2743 Bering St.",
  "ShipCity" : "Anchorage",
  "ShipRegion" : "AK",
  "ShipPostalCode" : "99508",
  "ShipCountry" : "USA",
  "OrderDetails" : {
    "OrderDetail" : {
      "ProductID" : "59",
      "UnitPrice" : "55.0000",
      "Quantity" : "8",
      "Discount" : "0"
    }
  }
}