{
  "OrderID" : "10703",
  "CustomerID" : "FOLKO",
  "EmployeeID" : "6",
  "OrderDate" : "1997-10-14T01:17:09",
  "RequiredDate" : "1997-11-11T01:04:37",
  "ShippedDate" : "1997-10-20T04:56:54",
  "ShipVia" : "2",
  "Freight" : "152.3000",
  "ShipName" : "Folk och fä HB",
  "ShipAddress" : "Åkergatan 24",
  "ShipCity" : "Bräcke",
  "ShipRegion" : null,
  "ShipPostalCode" : "S-844 67",
  "ShipCountry" : "Sweden",
  "OrderDetails" : {
    "OrderDetail" : {
      "ProductID" : "73",
      "UnitPrice" : "15.0000",
      "Quantity" : "35",
      "Discount" : "0"
    }
  }
}