{
  "OrderID" : "10705",
  "CustomerID" : "HILAA",
  "EmployeeID" : "9",
  "OrderDate" : "1997-10-15T06:53:51",
  "RequiredDate" : "1997-11-12T05:38:21",
  "ShippedDate" : "1997-11-18T17:09:15",
  "ShipVia" : "2",
  "Freight" : "3.5200",
  "ShipName" : "HILARION-Abastos",
  "ShipAddress" : "Carrera 22 con Ave. Carlos Soublette #8-35",
  "ShipCity" : "San Cristóbal",
  "ShipRegion" : "Táchira",
  "ShipPostalCode" : "5022",
  "ShipCountry" : "Venezuela",
  "OrderDetails" : {
    "OrderDetail" : {
      "ProductID" : "32",
      "UnitPrice" : "32.0000",
      "Quantity" : "4",
      "Discount" : "0"
    }
  }
}