{
  "OrderID" : "10709",
  "CustomerID" : "GOURL",
  "EmployeeID" : "1",
  "OrderDate" : "1997-10-17T15:48:38",
  "RequiredDate" : "1997-11-14T19:20:53",
  "ShippedDate" : "1997-11-20T09:44:06",
  "ShipVia" : "3",
  "Freight" : "210.8000",
  "ShipName" : "Gourmet Lanchonetes",
  "ShipAddress" : "Av. Brasil, 442",
  "ShipCity" : "Campinas",
  "ShipRegion" : "SP",
  "ShipPostalCode" : "04876-786",
  "ShipCountry" : "Brazil",
  "OrderDetails" : {
    "OrderDetail" : {
      "ProductID" : "60",
      "UnitPrice" : "34.0000",
      "Quantity" : "10",
      "Discount" : "0"
    }
  }
}