{
  "OrderID" : "10704",
  "CustomerID" : "QUEEN",
  "EmployeeID" : "6",
  "OrderDate" : "1997-10-14T15:49:53",
  "RequiredDate" : "1997-11-11T12:40:10",
  "ShippedDate" : "1997-11-07T06:03:48",
  "ShipVia" : "1",
  "Freight" : "4.7800",
  "ShipName" : "Queen Cozinha",
  "ShipAddress" : "Alameda dos Canàrios, 891",
  "ShipCity" : "Sao Paulo",
  "ShipRegion" : "SP",
  "ShipPostalCode" : "05487-020",
  "ShipCountry" : "Brazil",
  "OrderDetails" : {
    "OrderDetail" : {
      "ProductID" : "48",
      "UnitPrice" : "12.7500",
      "Quantity" : "24",
      "Discount" : "0"
    }
  }
}