{
  "OrderID" : "10716",
  "CustomerID" : "RANCH",
  "EmployeeID" : "4",
  "OrderDate" : "1997-10-24T08:20:43",
  "RequiredDate" : "1997-11-21T18:45:11",
  "ShippedDate" : "1997-10-27T20:27:56",
  "ShipVia" : "2",
  "Freight" : "22.5700",
  "ShipName" : "Rancho grande",
  "ShipAddress" : "Av. del Libertador 900",
  "ShipCity" : "Buenos Aires",
  "ShipRegion" : null,
  "ShipPostalCode" : "1010",
  "ShipCountry" : "Argentina",
  "OrderDetails" : {
    "OrderDetail" : {
      "ProductID" : "61",
      "UnitPrice" : "28.5000",
      "Quantity" : "10",
      "Discount" : "0"
    }
  }
}