{
  "OrderID" : "10710",
  "CustomerID" : "FRANS",
  "EmployeeID" : "1",
  "OrderDate" : "1997-10-20T08:08:54",
  "RequiredDate" : "1997-11-17T10:30:21",
  "ShippedDate" : "1997-10-23T11:42:14",
  "ShipVia" : "1",
  "Freight" : "4.9800",
  "ShipName" : "Franchi S.p.A.",
  "ShipAddress" : "Via Monte Bianco 34",
  "ShipCity" : "Torino",
  "ShipRegion" : null,
  "ShipPostalCode" : "10100",
  "ShipCountry" : "Italy",
  "OrderDetails" : {
    "OrderDetail" : {
      "ProductID" : "47",
      "UnitPrice" : "9.5000",
      "Quantity" : "5",
      "Discount" : "0"
    }
  }
}