{
  "OrderID" : "10712",
  "CustomerID" : "HUNGO",
  "EmployeeID" : "3",
  "OrderDate" : "1997-10-21T19:31:46",
  "RequiredDate" : "1997-11-18T00:24:09",
  "ShippedDate" : "1997-10-31T16:19:29",
  "ShipVia" : "1",
  "Freight" : "89.9300",
  "ShipName" : "Hungry Owl All-Night Grocers",
  "ShipAddress" : "8 Johnstown Road",
  "ShipCity" : "Cork",
  "ShipRegion" : "Co. Cork",
  "ShipPostalCode" : null,
  "ShipCountry" : "Ireland",
  "OrderDetails" : {
    "OrderDetail" : {
      "ProductID" : "56",
      "UnitPrice" : "38.0000",
      "Quantity" : "30",
      "Discount" : "0"
    }
  }
}