{
  "OrderID" : "10718",
  "CustomerID" : "KOENE",
  "EmployeeID" : "1",
  "OrderDate" : "1997-10-27T10:42:08",
  "RequiredDate" : "1997-11-24T10:43:21",
  "ShippedDate" : "1997-10-29T21:05:56",
  "ShipVia" : "3",
  "Freight" : "170.8800",
  "ShipName" : "Königlich Essen",
  "ShipAddress" : "Maubelstr. 90",
  "ShipCity" : "Brandenburg",
  "ShipRegion" : null,
  "ShipPostalCode" : "14776",
  "ShipCountry" : "Germany",
  "OrderDetails" : {
    "OrderDetail" : {
      "ProductID" : "62",
      "UnitPrice" : "49.3000",
      "Quantity" : "20",
      "Discount" : "0"
    }
  }
}