{
  "OrderID" : "10719",
  "CustomerID" : "LETSS",
  "EmployeeID" : "8",
  "OrderDate" : "1997-10-27T02:15:35",
  "RequiredDate" : "1997-11-24T16:28:48",
  "ShippedDate" : "1997-11-05T18:06:05",
  "ShipVia" : "2",
  "Freight" : "51.4400",
  "ShipName" : "Let's Stop N Shop",
  "ShipAddress" : "87 Polk St. Suite 5",
  "ShipCity" : "San Francisco",
  "ShipRegion" : "CA",
  "ShipPostalCode" : "94117",
  "ShipCountry" : "USA",
  "OrderDetails" : {
    "OrderDetail" : {
      "ProductID" : "54",
      "UnitPrice" : "7.4500",
      "Quantity" : "40",
      "Discount" : "0.25"
    }
  }
}