{
  "OrderID" : "10713",
  "CustomerID" : "SAVEA",
  "EmployeeID" : "1",
  "OrderDate" : "1997-10-22T00:45:28",
  "RequiredDate" : "1997-11-19T20:23:58",
  "ShippedDate" : "1997-10-24T10:25:36",
  "ShipVia" : "1",
  "Freight" : "167.0500",
  "ShipName" : "Save-a-lot Markets",
  "ShipAddress" : "187 Suffolk Ln.",
  "ShipCity" : "Boise",
  "ShipRegion" : "ID",
  "ShipPostalCode" : "83720",
  "ShipCountry" : "USA",
  "OrderDetails" : {
    "OrderDetail" : {
      "ProductID" : "46",
      "UnitPrice" : "12.0000",
      "Quantity" : "24",
      "Discount" : "0"
    }
  }
}