{
  "OrderID" : "10714",
  "CustomerID" : "SAVEA",
  "EmployeeID" : "5",
  "OrderDate" : "1997-10-22T19:41:06",
  "RequiredDate" : "1997-11-19T01:22:19",
  "ShippedDate" : "1997-10-27T06:02:15",
  "ShipVia" : "3",
  "Freight" : "24.4900",
  "ShipName" : "Save-a-lot Markets",
  "ShipAddress" : "187 Suffolk Ln.",
  "ShipCity" : "Boise",
  "ShipRegion" : "ID",
  "ShipPostalCode" : "83720",
  "ShipCountry" : "USA",
  "OrderDetails" : {
    "OrderDetail" : {
      "ProductID" : "58",
      "UnitPrice" : "13.2500",
      "Quantity" : "12",
      "Discount" : "0.25"
    }
  }
}