{
  "OrderID" : "10711",
  "CustomerID" : "SAVEA",
  "EmployeeID" : "5",
  "OrderDate" : "1997-10-21T01:30:09",
  "RequiredDate" : "1997-12-02T07:24:51",
  "ShippedDate" : "1997-10-29T15:32:31",
  "ShipVia" : "2",
  "Freight" : "52.4100",
  "ShipName" : "Save-a-lot Markets",
  "ShipAddress" : "187 Suffolk Ln.",
  "ShipCity" : "Boise",
  "ShipRegion" : "ID",
  "ShipPostalCode" : "83720",
  "ShipCountry" : "USA",
  "OrderDetails" : {
    "OrderDetail" : {
      "ProductID" : "53",
      "UnitPrice" : "32.8000",
      "Quantity" : "120",
      "Discount" : "0"
    }
  }
}