{
  "OrderID" : "10726",
  "CustomerID" : "EASTC",
  "EmployeeID" : "4",
  "OrderDate" : "1997-11-03T11:30:13",
  "RequiredDate" : "1997-11-17T06:39:25",
  "ShippedDate" : "1997-12-05T17:00:25",
  "ShipVia" : "1",
  "Freight" : "16.5600",
  "ShipName" : "Eastern Connection",
  "ShipAddress" : "35 King George",
  "ShipCity" : "London",
  "ShipRegion" : null,
  "ShipPostalCode" : "WX3 6FW",
  "ShipCountry" : "UK",
  "OrderDetails" : {
    "OrderDetail" : {
      "ProductID" : "11",
      "UnitPrice" : "21.0000",
      "Quantity" : "5",
      "Discount" : "0"
    }
  }
}