{
  "OrderID" : "10724",
  "CustomerID" : "MEREP",
  "EmployeeID" : "8",
  "OrderDate" : "1997-10-30T21:30:30",
  "RequiredDate" : "1997-12-11T05:04:12",
  "ShippedDate" : "1997-11-05T11:45:38",
  "ShipVia" : "2",
  "Freight" : "57.7500",
  "ShipName" : "Mère Paillarde",
  "ShipAddress" : "43 rue St. Laurent",
  "ShipCity" : "Montréal",
  "ShipRegion" : "Québec",
  "ShipPostalCode" : "H1J 1C3",
  "ShipCountry" : "Canada",
  "OrderDetails" : {
    "OrderDetail" : {
      "ProductID" : "61",
      "UnitPrice" : "28.5000",
      "Quantity" : "5",
      "Discount" : "0"
    }
  }
}