{
  "OrderID" : "10727",
  "CustomerID" : "REGGC",
  "EmployeeID" : "2",
  "OrderDate" : "1997-11-03T04:50:02",
  "RequiredDate" : "1997-12-01T18:31:07",
  "ShippedDate" : "1997-12-05T14:02:25",
  "ShipVia" : "1",
  "Freight" : "89.9000",
  "ShipName" : "Reggiani Caseifici",
  "ShipAddress" : "Strada Provinciale 124",
  "ShipCity" : "Reggio Emilia",
  "ShipRegion" : null,
  "ShipPostalCode" : "42100",
  "ShipCountry" : "Italy",
  "OrderDetails" : {
    "OrderDetail" : {
      "ProductID" : "59",
      "UnitPrice" : "55.0000",
      "Quantity" : "10",
      "Discount" : "0.05"
    }
  }
}