{
  "OrderID" : "10728",
  "CustomerID" : "QUEEN",
  "EmployeeID" : "4",
  "OrderDate" : "1997-11-04T08:49:47",
  "RequiredDate" : "1997-12-02T09:51:04",
  "ShippedDate" : "1997-11-11T00:46:06",
  "ShipVia" : "2",
  "Freight" : "58.3300",
  "ShipName" : "Queen Cozinha",
  "ShipAddress" : "Alameda dos Canàrios, 891",
  "ShipCity" : "Sao Paulo",
  "ShipRegion" : "SP",
  "ShipPostalCode" : "05487-020",
  "ShipCountry" : "Brazil",
  "OrderDetails" : {
    "OrderDetail" : {
      "ProductID" : "60",
      "UnitPrice" : "34.0000",
      "Quantity" : "15",
      "Discount" : "0"
    }
  }
}