{
  "OrderID" : "10725",
  "CustomerID" : "FAMIA",
  "EmployeeID" : "4",
  "OrderDate" : "1997-10-31T10:39:45",
  "RequiredDate" : "1997-11-28T06:44:31",
  "ShippedDate" : "1997-11-05T23:41:13",
  "ShipVia" : "3",
  "Freight" : "10.8300",
  "ShipName" : "Familia Arquibaldo",
  "ShipAddress" : "Rua Orós, 92",
  "ShipCity" : "Sao Paulo",
  "ShipRegion" : "SP",
  "ShipPostalCode" : "05442-030",
  "ShipCountry" : "Brazil",
  "OrderDetails" : {
    "OrderDetail" : {
      "ProductID" : "55",
      "UnitPrice" : "24.0000",
      "Quantity" : "6",
      "Discount" : "0"
    }
  }
}