{
  "OrderID" : "10729",
  "CustomerID" : "LINOD",
  "EmployeeID" : "8",
  "OrderDate" : "1997-11-04T10:06:19",
  "RequiredDate" : "1997-12-16T03:18:40",
  "ShippedDate" : "1997-11-14T12:23:51",
  "ShipVia" : "3",
  "Freight" : "141.0600",
  "ShipName" : "LINO-Delicateses",
  "ShipAddress" : "Ave. 5 de Mayo Porlamar",
  "ShipCity" : "I. de Margarita",
  "ShipRegion" : "Nueva Esparta",
  "ShipPostalCode" : "4980",
  "ShipCountry" : "Venezuela",
  "OrderDetails" : {
    "OrderDetail" : {
      "ProductID" : "50",
      "UnitPrice" : "16.2500",
      "Quantity" : "40",
      "Discount" : "0"
    }
  }
}