{
  "OrderID" : "10723",
  "CustomerID" : "WHITC",
  "EmployeeID" : "3",
  "OrderDate" : "1997-10-30T08:04:40",
  "RequiredDate" : "1997-11-27T06:23:43",
  "ShippedDate" : "1997-11-25T21:22:44",
  "ShipVia" : "1",
  "Freight" : "21.7200",
  "ShipName" : "White Clover Markets",
  "ShipAddress" : "1029 - 12th Ave. S.",
  "ShipCity" : "Seattle",
  "ShipRegion" : "WA",
  "ShipPostalCode" : "98124",
  "ShipCountry" : "USA",
  "OrderDetails" : {
    "OrderDetail" : {
      "ProductID" : "26",
      "UnitPrice" : "31.2300",
      "Quantity" : "15",
      "Discount" : "0"
    }
  }
}