{
  "OrderID" : "10722",
  "CustomerID" : "SAVEA",
  "EmployeeID" : "8",
  "OrderDate" : "1997-10-29T01:52:35",
  "RequiredDate" : "1997-12-10T08:49:39",
  "ShippedDate" : "1997-11-04T05:46:11",
  "ShipVia" : "1",
  "Freight" : "74.5800",
  "ShipName" : "Save-a-lot Markets",
  "ShipAddress" : "187 Suffolk Ln.",
  "ShipCity" : "Boise",
  "ShipRegion" : "ID",
  "ShipPostalCode" : "83720",
  "ShipCountry" : "USA",
  "OrderDetails" : {
    "OrderDetail" : {
      "ProductID" : "75",
      "UnitPrice" : "7.7500",
      "Quantity" : "42",
      "Discount" : "0"
    }
  }
}