{
  "OrderID" : "10720",
  "CustomerID" : "QUEDE",
  "EmployeeID" : "8",
  "OrderDate" : "1997-10-28T21:03:55",
  "RequiredDate" : "1997-11-11T21:12:54",
  "ShippedDate" : "1997-11-05T08:30:51",
  "ShipVia" : "2",
  "Freight" : "9.5300",
  "ShipName" : "Que Delícia",
  "ShipAddress" : "Rua da Panificadora, 12",
  "ShipCity" : "Rio de Janeiro",
  "ShipRegion" : "RJ",
  "ShipPostalCode" : "02389-673",
  "ShipCountry" : "Brazil",
  "OrderDetails" : {
    "OrderDetail" : {
      "ProductID" : "71",
      "UnitPrice" : "21.5000",
      "Quantity" : "8",
      "Discount" : "0"
    }
  }
}