{
  "OrderID" : "10733",
  "CustomerID" : "BERGS",
  "EmployeeID" : "1",
  "OrderDate" : "1997-11-07T02:01:31",
  "RequiredDate" : "1997-12-05T08:15:07",
  "ShippedDate" : "1997-11-10T05:03:24",
  "ShipVia" : "3",
  "Freight" : "110.1100",
  "ShipName" : "Berglunds snabbköp",
  "ShipAddress" : "Berguvsvägen  8",
  "ShipCity" : "Luleå",
  "ShipRegion" : null,
  "ShipPostalCode" : "S-958 22",
  "ShipCountry" : "Sweden",
  "OrderDetails" : {
    "OrderDetail" : {
      "ProductID" : "52",
      "UnitPrice" : "7.0000",
      "Quantity" : "25",
      "Discount" : "0"
    }
  }
}