{
  "OrderID" : "10736",
  "CustomerID" : "HUNGO",
  "EmployeeID" : "9",
  "OrderDate" : "1997-11-11T05:22:21",
  "RequiredDate" : "1997-12-09T23:45:10",
  "ShippedDate" : "1997-11-21T03:39:16",
  "ShipVia" : "2",
  "Freight" : "44.1000",
  "ShipName" : "Hungry Owl All-Night Grocers",
  "ShipAddress" : "8 Johnstown Road",
  "ShipCity" : "Cork",
  "ShipRegion" : "Co. Cork",
  "ShipPostalCode" : null,
  "ShipCountry" : "Ireland",
  "OrderDetails" : {
    "OrderDetail" : {
      "ProductID" : "75",
      "UnitPrice" : "7.7500",
      "Quantity" : "20",
      "Discount" : "0"
    }
  }
}