{
  "OrderID" : "10737",
  "CustomerID" : "VINET",
  "EmployeeID" : "2",
  "OrderDate" : "1997-11-11T09:16:24",
  "RequiredDate" : "1997-12-09T00:23:35",
  "ShippedDate" : "1997-11-18T07:31:23",
  "ShipVia" : "2",
  "Freight" : "7.7900",
  "ShipName" : "Vins et alcools Chevalier",
  "ShipAddress" : "59 rue de l'Abbaye",
  "ShipCity" : "Reims",
  "ShipRegion" : null,
  "ShipPostalCode" : "51100",
  "ShipCountry" : "France",
  "OrderDetails" : {
    "OrderDetail" : {
      "ProductID" : "41",
      "UnitPrice" : "9.6500",
      "Quantity" : "12",
      "Discount" : "0"
    }
  }
}