{
  "OrderID" : "10735",
  "CustomerID" : "LETSS",
  "EmployeeID" : "6",
  "OrderDate" : "1997-11-10T23:45:26",
  "RequiredDate" : "1997-12-08T14:02:39",
  "ShippedDate" : "1997-11-21T19:05:17",
  "ShipVia" : "2",
  "Freight" : "45.9700",
  "ShipName" : "Let's Stop N Shop",
  "ShipAddress" : "87 Polk St. Suite 5",
  "ShipCity" : "San Francisco",
  "ShipRegion" : "CA",
  "ShipPostalCode" : "94117",
  "ShipCountry" : "USA",
  "OrderDetails" : {
    "OrderDetail" : {
      "ProductID" : "77",
      "UnitPrice" : "13.0000",
      "Quantity" : "2",
      "Discount" : "0.1"
    }
  }
}