{
  "OrderID" : "10734",
  "CustomerID" : "GOURL",
  "EmployeeID" : "2",
  "OrderDate" : "1997-11-07T13:14:21",
  "RequiredDate" : "1997-12-05T17:35:33",
  "ShippedDate" : "1997-11-12T03:22:06",
  "ShipVia" : "3",
  "Freight" : "1.6300",
  "ShipName" : "Gourmet Lanchonetes",
  "ShipAddress" : "Av. Brasil, 442",
  "ShipCity" : "Campinas",
  "ShipRegion" : "SP",
  "ShipPostalCode" : "04876-786",
  "ShipCountry" : "Brazil",
  "OrderDetails" : {
    "OrderDetail" : {
      "ProductID" : "76",
      "UnitPrice" : "18.0000",
      "Quantity" : "20",
      "Discount" : "0"
    }
  }
}