{
  "OrderID" : "10731",
  "CustomerID" : "CHOPS",
  "EmployeeID" : "7",
  "OrderDate" : "1997-11-06T14:40:08",
  "RequiredDate" : "1997-12-04T15:38:42",
  "ShippedDate" : "1997-11-14T02:37:51",
  "ShipVia" : "1",
  "Freight" : "96.6500",
  "ShipName" : "Chop-suey Chinese",
  "ShipAddress" : "Hauptstr. 31",
  "ShipCity" : "Bern",
  "ShipRegion" : null,
  "ShipPostalCode" : "3012",
  "ShipCountry" : "Switzerland",
  "OrderDetails" : {
    "OrderDetail" : {
      "ProductID" : "51",
      "UnitPrice" : "53.0000",
      "Quantity" : "30",
      "Discount" : "0.05"
    }
  }
}