{
  "OrderID" : "10738",
  "CustomerID" : "SPECD",
  "EmployeeID" : "2",
  "OrderDate" : "1997-11-12T12:39:29",
  "RequiredDate" : "1997-12-10T01:57:51",
  "ShippedDate" : "1997-11-18T18:20:31",
  "ShipVia" : "1",
  "Freight" : "2.9100",
  "ShipName" : "Spécialités du monde",
  "ShipAddress" : "25, rue Lauriston",
  "ShipCity" : "Paris",
  "ShipRegion" : null,
  "ShipPostalCode" : "75016",
  "ShipCountry" : "France",
  "OrderDetails" : {
    "OrderDetail" : {
      "ProductID" : "16",
      "UnitPrice" : "17.4500",
      "Quantity" : "3",
      "Discount" : "0"
    }
  }
}