{
  "OrderID" : "10732",
  "CustomerID" : "BONAP",
  "EmployeeID" : "3",
  "OrderDate" : "1997-11-06T09:05:37",
  "RequiredDate" : "1997-12-04T03:15:51",
  "ShippedDate" : "1997-11-07T07:18:53",
  "ShipVia" : "1",
  "Freight" : "16.9700",
  "ShipName" : "Bon app'",
  "ShipAddress" : "12, rue des Bouchers",
  "ShipCity" : "Marseille",
  "ShipRegion" : null,
  "ShipPostalCode" : "13008",
  "ShipCountry" : "France",
  "OrderDetails" : {
    "OrderDetail" : {
      "ProductID" : "76",
      "UnitPrice" : "18.0000",
      "Quantity" : "20",
      "Discount" : "0"
    }
  }
}