{
  "OrderID" : "10730",
  "CustomerID" : "BONAP",
  "EmployeeID" : "5",
  "OrderDate" : "1997-11-05T12:36:50",
  "RequiredDate" : "1997-12-03T02:28:03",
  "ShippedDate" : "1997-11-14T18:18:53",
  "ShipVia" : "1",
  "Freight" : "20.1200",
  "ShipName" : "Bon app'",
  "ShipAddress" : "12, rue des Bouchers",
  "ShipCity" : "Marseille",
  "ShipRegion" : null,
  "ShipPostalCode" : "13008",
  "ShipCountry" : "France",
  "OrderDetails" : {
    "OrderDetail" : {
      "ProductID" : "65",
      "UnitPrice" : "21.0500",
      "Quantity" : "10",
      "Discount" : "0.05"
    }
  }
}