{
  "OrderID" : "10746",
  "CustomerID" : "CHOPS",
  "EmployeeID" : "1",
  "OrderDate" : "1997-11-19T06:34:22",
  "RequiredDate" : "1997-12-17T00:32:52",
  "ShippedDate" : "1997-11-21T18:01:15",
  "ShipVia" : "3",
  "Freight" : "31.4300",
  "ShipName" : "Chop-suey Chinese",
  "ShipAddress" : "Hauptstr. 31",
  "ShipCity" : "Bern",
  "ShipRegion" : null,
  "ShipPostalCode" : "3012",
  "ShipCountry" : "Switzerland",
  "OrderDetails" : {
    "OrderDetail" : {
      "ProductID" : "69",
      "UnitPrice" : "36.0000",
      "Quantity" : "40",
      "Discount" : "0"
    }
  }
}