{
  "OrderID" : "10745",
  "CustomerID" : "QUICK",
  "EmployeeID" : "9",
  "OrderDate" : "1997-11-18T03:36:11",
  "RequiredDate" : "1997-12-16T12:33:13",
  "ShippedDate" : "1997-11-27T17:01:48",
  "ShipVia" : "1",
  "Freight" : "3.5200",
  "ShipName" : "QUICK-Stop",
  "ShipAddress" : "Taucherstraße 10",
  "ShipCity" : "Cunewalde",
  "ShipRegion" : null,
  "ShipPostalCode" : "01307",
  "ShipCountry" : "Germany",
  "OrderDetails" : {
    "OrderDetail" : {
      "ProductID" : "72",
      "UnitPrice" : "34.8000",
      "Quantity" : "7",
      "Discount" : "0"
    }
  }
}