{
  "OrderID" : "10743",
  "CustomerID" : "AROUT",
  "EmployeeID" : "1",
  "OrderDate" : "1997-11-17T06:30:44",
  "RequiredDate" : "1997-12-15T06:10:23",
  "ShippedDate" : "1997-11-21T22:13:55",
  "ShipVia" : "2",
  "Freight" : "23.7200",
  "ShipName" : "Around the Horn",
  "ShipAddress" : "Brook Farm Stratford St. Mary",
  "ShipCity" : "Colchester",
  "ShipRegion" : "Essex",
  "ShipPostalCode" : "CO7 6JX",
  "ShipCountry" : "UK",
  "OrderDetails" : {
    "OrderDetail" : {
      "ProductID" : "46",
      "UnitPrice" : "12.0000",
      "Quantity" : "28",
      "Discount" : "0.05"
    }
  }
}