{
  "OrderID" : "10742",
  "CustomerID" : "BOTTM",
  "EmployeeID" : "3",
  "OrderDate" : "1997-11-14T19:11:23",
  "RequiredDate" : "1997-12-12T11:12:25",
  "ShippedDate" : "1997-11-18T15:41:10",
  "ShipVia" : "3",
  "Freight" : "243.7300",
  "ShipName" : "Bottom-Dollar Markets",
  "ShipAddress" : "23 Tsawassen Blvd.",
  "ShipCity" : "Tsawassen",
  "ShipRegion" : "BC",
  "ShipPostalCode" : "T2F 8M4",
  "ShipCountry" : "Canada",
  "OrderDetails" : {
    "OrderDetail" : {
      "ProductID" : "72",
      "UnitPrice" : "34.8000",
      "Quantity" : "35",
      "Discount" : "0"
    }
  }
}