{
  "OrderID" : "10744",
  "CustomerID" : "VAFFE",
  "EmployeeID" : "6",
  "OrderDate" : "1997-11-17T22:19:04",
  "RequiredDate" : "1997-12-15T13:44:11",
  "ShippedDate" : "1997-11-24T18:04:21",
  "ShipVia" : "1",
  "Freight" : "69.1900",
  "ShipName" : "Vaffeljernet",
  "ShipAddress" : "Smagsloget 45",
  "ShipCity" : "Århus",
  "ShipRegion" : null,
  "ShipPostalCode" : "8200",
  "ShipCountry" : "Denmark",
  "OrderDetails" : {
    "OrderDetail" : {
      "ProductID" : "40",
      "UnitPrice" : "18.4000",
      "Quantity" : "50",
      "Discount" : "0.2"
    }
  }
}