{
  "OrderID" : "10740",
  "CustomerID" : "WHITC",
  "EmployeeID" : "4",
  "OrderDate" : "1997-11-13T01:35:27",
  "RequiredDate" : "1997-12-11T04:34:54",
  "ShippedDate" : "1997-11-25T07:46:06",
  "ShipVia" : "2",
  "Freight" : "81.8800",
  "ShipName" : "White Clover Markets",
  "ShipAddress" : "1029 - 12th Ave. S.",
  "ShipCity" : "Seattle",
  "ShipRegion" : "WA",
  "ShipPostalCode" : "98124",
  "ShipCountry" : "USA",
  "OrderDetails" : {
    "OrderDetail" : {
      "ProductID" : "56",
      "UnitPrice" : "38.0000",
      "Quantity" : "14",
      "Discount" : "0.2"
    }
  }
}