{
  "OrderID" : "10741",
  "CustomerID" : "AROUT",
  "EmployeeID" : "4",
  "OrderDate" : "1997-11-14T16:57:22",
  "RequiredDate" : "1997-11-28T20:18:29",
  "ShippedDate" : "1997-11-18T06:18:25",
  "ShipVia" : "3",
  "Freight" : "10.9600",
  "ShipName" : "Around the Horn",
  "ShipAddress" : "Brook Farm Stratford St. Mary",
  "ShipCity" : "Colchester",
  "ShipRegion" : "Essex",
  "ShipPostalCode" : "CO7 6JX",
  "ShipCountry" : "UK",
  "OrderDetails" : {
    "OrderDetail" : {
      "ProductID" : "2",
      "UnitPrice" : "19.0000",
      "Quantity" : "15",
      "Discount" : "0.2"
    }
  }
}