<organization>
	<organizationId>10019</organizationId>
	<names>
		<name>
			<value>Anderson-Osinski</value>
			<classification>S</classification>
			<restricted>true</restricted>
			<source>
				<name>USA Today</name>
				<ts>2020-09-24T17:46:46Z</ts>
			</source>
		</name>
	</names>
	<types>
		<type>Non-Governmental Organization</type>
	</types>
	<country>Greece</country>
	<areas>
		<area>Europe</area>
	</areas>
	<images>
		<image>
			<url>/images/organizations/church.jpg</url>
			<source>Wall Street Journal</source>
		</image>
	</images>
	<sources>
		<source>
			<name>Chicago Tribune</name>
			<ts>2011-07-08T16:02:40Z</ts>
		</source>
	</sources>
	<sources>
		<source>
			<name>Los Angeles Times</name>
			<ts>2019-02-01T23:18:57Z</ts>
		</source>
	</sources>
	<createdOn>
		<ts>2022-02-16T00:46:58Z</ts>
		<user>rmacquakeri</user>
	</createdOn>
</organization>