<organization>
	<organizationId>10014</organizationId>
	<names>
		<name>
			<value>Nitzsche-Lynch</value>
			<classification>U</classification>
			<restricted>true</restricted>
			<source>
				<name>Wall Street Journal</name>
				<ts>2022-01-26T19:46:33Z</ts>
			</source>
		</name>
	</names>
	<types>
		<type>Social Club</type>
	</types>
	<country>Sweden</country>
	<areas>
		<area>Europe</area>
	</areas>
	<images>
		<image>
			<url>/images/organizations/church.jpg</url>
			<source>Washington Post</source>
		</image>
	</images>
	<sources>
		<source>
			<name>Wall Street Journal</name>
			<ts>2013-01-15T04:15:46Z</ts>
		</source>
	</sources>
	<sources>
		<source>
			<name>New York Times</name>
			<ts>2021-12-08T22:56:49Z</ts>
		</source>
	</sources>
	<createdOn>
		<ts>2022-01-17T05:06:47Z</ts>
		<user>hyellowleyd</user>
	</createdOn>
</organization>