<organization>
	<organizationId>10016</organizationId>
	<names>
		<name>
			<value>Jast-Hansen</value>
			<classification>U</classification>
			<restricted>true</restricted>
			<source>
				<name>Los Angeles Times</name>
				<ts>2021-12-24T13:57:32Z</ts>
			</source>
		</name>
	</names>
	<types>
		<type>Social Club</type>
	</types>
	<country>China</country>
	<areas>
		<area>APAC</area>
	</areas>
	<images>
		<image>
			<url>/images/organizations/office.jpg</url>
			<source>Los Angeles Times</source>
		</image>
		<image>
			<url>/images/organizations/office.jpg</url>
			<source>New York Times</source>
		</image>
	</images>
	<sources>
		<source>
			<name>Washington Post</name>
			<ts>2021-05-16T18:02:57Z</ts>
		</source>
	</sources>
	<createdOn>
		<ts>2022-01-18T21:21:37Z</ts>
		<user>mweaferf</user>
	</createdOn>
</organization>