<organization>
	<organizationId>10017</organizationId>
	<names>
		<name>
			<value>McDermott-Terry</value>
			<classification>U</classification>
			<restricted>true</restricted>
			<source>
				<name>Washington Post</name>
				<ts>2020-07-24T03:37:42Z</ts>
			</source>
		</name>
	</names>
	<types>
		<type>Employer</type>
	</types>
	<country>Vietnam</country>
	<areas>
		<area>APAC</area>
	</areas>
	<images>
		<image>
			<url>/images/organizations/office.jpg</url>
			<source>New York Times</source>
		</image>
	</images>
	<sources>
		<source>
			<name>Washington Post</name>
			<ts>2013-04-06T11:30:29Z</ts>
		</source>
	</sources>
	<createdOn>
		<ts>2022-01-21T02:52:38Z</ts>
		<user>ccocklandg</user>
	</createdOn>
</organization>