<organization>
	<organizationId>10015</organizationId>
	<names>
		<name>
			<value>Bernier-Schultz</value>
			<classification>U</classification>
			<restricted>true</restricted>
			<source>
				<name>Wall Street Journal</name>
				<ts>2020-11-13T23:09:58Z</ts>
			</source>
		</name>
	</names>
	<types>
		<type>Governmental Organization</type>
	</types>
	<country>Ireland</country>
	<areas>
		<area>Europe</area>
	</areas>
	<images>
		<image>
			<url>/images/organizations/factory.jpg</url>
			<source>Wall Street Journal</source>
		</image>
		<image>
			<url>/images/organizations/capitol.jpg</url>
			<source>USA Today</source>
		</image>
		<image>
			<url>/images/organizations/church.jpg</url>
			<source>Los Angeles Times</source>
		</image>
	</images>
	<sources>
		<source>
			<name>Los Angeles Times</name>
			<ts>2010-12-27T14:07:42Z</ts>
		</source>
	</sources>
	<sources>
		<source>
			<name>Wall Street Journal</name>
			<ts>2011-02-01T00:17:21Z</ts>
		</source>
	</sources>
	<sources>
		<source>
			<name>Wall Street Journal</name>
			<ts>2011-05-14T21:43:15Z</ts>
		</source>
	</sources>
	<createdOn>
		<ts>2022-02-25T08:03:28Z</ts>
		<user>nmousdalle</user>
	</createdOn>
</organization>