<organization>
	<organizationId>10034</organizationId>
	<names>
		<name>
			<value>Howe-Satterfield</value>
			<classification>U</classification>
			<restricted>true</restricted>
			<source>
				<name>Washington Post</name>
				<ts>2021-03-11T18:27:50Z</ts>
			</source>
		</name>
	</names>
	<types>
		<type>Governmental Organization</type>
	</types>
	<country>Indonesia</country>
	<areas>
		<area>APAC</area>
	</areas>
	<images>
		<image>
			<url>/images/organizations/office.jpg</url>
			<source>USA Today</source>
		</image>
		<image>
			<url>/images/organizations/factory.jpg</url>
			<source>Washington Post</source>
		</image>
		<image>
			<url>/images/organizations/church.jpg</url>
			<source>Los Angeles Times</source>
		</image>
		<image>
			<url>/images/organizations/factory.jpg</url>
			<source>Washington Post</source>
		</image>
	</images>
	<sources>
		<source>
			<name>Los Angeles Times</name>
			<ts>2020-11-23T16:03:55Z</ts>
		</source>
	</sources>
	<sources>
		<source>
			<name>Los Angeles Times</name>
			<ts>2010-02-22T05:19:43Z</ts>
		</source>
	</sources>
	<sources>
		<source>
			<name>Chicago Tribune</name>
			<ts>2013-08-21T01:24:29Z</ts>
		</source>
	</sources>
	<createdOn>
		<ts>2022-02-11T08:20:43Z</ts>
		<user>rhoogendorpx</user>
	</createdOn>
</organization>