{
    "10000011028": {
        "calculation": {
            "CHIP": {
                "chipFPLPercentage": "0",
                "eventDateTime": "2013-10-08T13:04:31.173-04:00",
                "eventIdentifier": "1353892",
                "resultReceivedDate": "2013-10-08T13:04:31.173-04:00"
            },
            "Medicaid": {
                "eventDateTime": "2013-10-08T13:04:31.173-04:00",
                "eventIdentifier": "1565469",
                "medicaidFPLPercentage": "0",
                "resultReceivedDate": "2013-10-08T13:04:31.173-04:00"
            },
            "Payment Tax Credit": {
                "calculatedMedicaidHouseholdFPLAmount": "11490.00",
                "eventDateTime": "2013-10-08T13:05:07.112-04:00",
                "eventIdentifier": "1669220",
                "fplStandardPlusMargin2Amount": "0.00",
                "ptcFPLAmount": "11490.00",
                "ptcFPLPercentage": "78.33",
                "ptcFPLTaxHouseholdIncomeAmount": "9000.00",
                "resultReceivedDate": "2013-10-08T13:05:07.112-04:00"
            },
            "SSA Adjusted MAGI": {
                "eventDateTime": "2013-10-08T13:04:37.081-04:00",
                "eventIdentifier": "1537977",
                "resultReceivedDate": "2013-10-08T13:04:37.081-04:00",
                "ssaAdjustedIndividualMAGIAmount": "36000",
                "ssaAdjustedTaxHouseholdMAGIAmount": "36000.00"
            }
        },
        "eligibility": {
            "APTC": {
                "eligibilityDeterminationDate": "2013-10-08T13:07:51.458-04:00",
                "eligibilityIndicator": "N",
                "eligibilityReasonText": "416",
                "eligibilityStartDate": "2014-01-01T00:00:00-05:00",
                "eventDateTime": "2013-10-08T13:07:51.459-04:00",
                "eventIdentifier": "630432"
            },
            "AdultGroup": {
                "eligibilityDeterminationDate": "2013-10-08T13:04:30.717-04:00",
                "eligibilityIndicator": "Y",
                "eligibilityReasonText": "999",
                "eventDateTime": "2013-10-08T13:04:31.173-04:00",
                "eventIdentifier": "1147473"
            },
            "AdultGroupXX": {
                "eligibilityDeterminationDate": "2013-10-08T13:04:30.717-04:00",
                "eligibilityIndicator": "X",
                "eligibilityReasonText": "555",
                "eventDateTime": "2013-10-08T13:04:31.173-04:00",
                "eventIdentifier": "843183"
            },
            "CHIPRA214": {
                "eligibilityDeterminationDate": "2013-10-08T13:05:11.007-04:00",
                "eligibilityIndicator": "X",
                "eligibilityReasonText": "555",
                "eventDateTime": "2013-10-08T13:05:11.013-04:00",
                "eventIdentifier": "1225252"
            },
            "CSR": {
                "eligibilityDeterminationDate": "2013-10-08T13:07:51.874-04:00",
                "eligibilityIndicator": "false",
                "eligibilityReasonText": "176",
                "eligibilityResultText": "NotApplicable",
                "eligibilityStartDate": "2014-01-01T00:00:00-05:00",
                "eventIdentifier": "1549831"
            },
            "Child": {
                "eligibilityDeterminationDate": "2013-10-08T13:04:30.718-04:00",
                "eligibilityIndicator": "N",
                "eligibilityReasonText": "115",
                "eventDateTime": "2013-10-08T13:04:31.173-04:00",
                "eventIdentifier": "665594"
            },
            "ChipTargetedLowIncomeChild": {
                "eligibilityDeterminationDate": "2013-10-08T13:04:30.717-04:00",
                "eligibilityIndicator": "N",
                "eligibilityReasonText": "127",
                "eventDateTime": "2013-10-08T13:04:31.173-04:00",
                "eventIdentifier": "1424181"
            },
            "ExchangeMedicaidNonMagi": {
                "eligibilityDeterminationDate": "2013-10-08T13:04:30.716-04:00",
                "eligibilityIndicator": "N",
                "eligibilityReasonText": "108",
                "eligibilityStartDate": "2014-01-01T00:00:00-05:00",
                "eventDateTime": "2013-10-08T13:04:31.173-04:00",
                "eventIdentifier": "899998"
            },
            "FiveYearBar": {
                "eligibilityDeterminationDate": "2013-10-08T13:05:11.008-04:00",
                "eligibilityIndicator": "X",
                "eligibilityReasonText": "555",
                "eventDateTime": "2013-10-08T13:05:11.013-04:00",
                "eventIdentifier": "906461"
            },
            "FormerFosterCare": {
                "eligibilityDeterminationDate": "2013-10-08T13:05:11.012-04:00",
                "eligibilityIndicator": "N",
                "eligibilityReasonText": "102",
                "eventDateTime": "2013-10-08T13:05:11.013-04:00",
                "eventIdentifier": "1370321"
            },
            "MedicaidCitizenImmigrant": {
                "eligibilityDeterminationDate": "2013-10-08T13:05:11.007-04:00",
                "eligibilityIndicator": "I",
                "eligibilityReasonText": "142",
                "eventDateTime": "2013-10-08T13:05:11.013-04:00",
                "eventIdentifier": "566661"
            },
            "OpenEnrollmentPeriod": {
                "eligibilityDeterminationDate": "2013-10-08T13:07:48.711-04:00",
                "eligibilityIndicator": "Y",
                "eligibilityStartDate": "2014-01-01T00:00:00-05:00",
                "eventDateTime": "2013-10-08T13:07:48.711-04:00",
                "eventIdentifier": "1468002"
            },
            "ParentCaretaker": {
                "eligibilityDeterminationDate": "2013-10-08T13:04:30.718-04:00",
                "eligibilityIndicator": "N",
                "eligibilityReasonText": "146",
                "eventDateTime": "2013-10-08T13:04:31.173-04:00",
                "eventIdentifier": "1027258"
            },
            "PostPartumPeriod": {
                "eligibilityDeterminationDate": "2013-10-08T13:04:30.713-04:00",
                "eligibilityIndicator": "N",
                "eligibilityReasonText": "390",
                "eventDateTime": "2013-10-08T13:04:31.173-04:00",
                "eventIdentifier": "1166412"
            },
            "Pregnancy": {
                "eligibilityDeterminationDate": "2013-10-08T13:04:30.716-04:00",
                "eligibilityIndicator": "N",
                "eligibilityReasonText": "124",
                "eventDateTime": "2013-10-08T13:04:31.173-04:00",
                "eventIdentifier": "933901"
            },
            "PreliminaryMAGICHIP": {
                "eligibilityDeterminationDate": "2013-10-08T13:05:11.012-04:00",
                "eligibilityIndicator": "N",
                "eligibilityReasonText": "106",
                "eventDateTime": "2013-10-08T13:05:11.013-04:00",
                "eventIdentifier": "1147474"
            },
            "PreliminaryMAGIMedicaid": {
                "eligibilityDeterminationDate": "2013-10-08T13:05:11.011-04:00",
                "eligibilityIndicator": "N",
                "eligibilityReasonText": "106",
                "eventDateTime": "2013-10-08T13:05:11.013-04:00",
                "eventIdentifier": "771063"
            },
            "QHP": {
                "eligibilityDeterminationDate": "2013-10-08T13:07:48.702-04:00",
                "eligibilityIndicator": "true",
                "eligibilityReasonText": "999",
                "eligibilityStartDate": "2014-01-01T00:00:00-05:00",
                "eventDateTime": "2013-10-08T13:07:48.703-04:00",
                "eventIdentifier": "941637"
            },
            "QHPResidency": {
                "eligibilityDeterminationDate": "2013-10-08T13:07:48.562-04:00",
                "eligibilityIndicator": "true",
                "eligibilityReasonText": "999",
                "eventDateTime": "2013-10-08T13:07:48.463-04:00",
                "eventIdentifier": "504890",
                "qhpCorrectExchangeIndicator": "Y",
                "taxHouseholdResidencyAppliedIndicator": "false"
            },
            "ResidencyMedicaid": {
                "eligibilityDeterminationDate": "2013-10-08T13:05:10.982-04:00",
                "eligibilityIndicator": "Y",
                "eligibilityReasonText": "999",
                "eventDateTime": "2013-10-08T13:05:10.923-04:00",
                "eventIdentifier": "563042",
                "medicaidCorrectExchangeIndicator": "Y"
            },
            "SevenYearLimit": {
                "eligibilityDeterminationDate": "2013-10-08T13:05:11.008-04:00",
                "eligibilityIndicator": "X",
                "eligibilityReasonText": "555",
                "eventDateTime": "2013-10-08T13:05:11.013-04:00",
                "eventIdentifier": "1516369"
            },
            "TargetedLowIncomeChildrenCategory": {
                "eligibilityDeterminationDate": "2013-10-08T13:04:30.717-04:00",
                "eligibilityIndicator": "X",
                "eligibilityReasonText": "555",
                "eventDateTime": "2013-10-08T13:04:31.173-04:00",
                "eventIdentifier": "847111"
            },
            "TitleIIWorkQuarters": {
                "eligibilityDeterminationDate": "2013-10-08T13:05:11.009-04:00",
                "eligibilityIndicator": "X",
                "eligibilityReasonText": "555",
                "eventDateTime": "2013-10-08T13:05:11.013-04:00",
                "eventIdentifier": "509945"
            },
            "TraffickingVictim": {
                "eligibilityDeterminationDate": "2013-10-08T13:05:11.009-04:00",
                "eligibilityIndicator": "X",
                "eligibilityReasonText": "555",
                "eventDateTime": "2013-10-08T13:05:11.013-04:00",
                "eventIdentifier": "925088"
            }
        },
        "verification": {
            "CHIPIncome": {
                "dataFoundIndicator": "false",
                "dataSourceExternalIndicator": "false",
                "eventDateTime": "2013-10-08T13:05:07.112-04:00",
                "eventIdentifier": "1425672",
                "indicator": "N",
                "reasonText": "379",
                "verificationActiveIndicator": "false",
                "verificationDeterminationDateTime": "2013-10-08T13:05:07.106-04:00"
            },
            "Citizenship Status": {
                "dataExpectedIndicator": "true",
                "dataFoundIndicator": "true",
                "dataSourceExternalIndicator": "true",
                "dataSourceTypeCode": "SSA",
                "dataSourceTypeName": "SSA",
                "eventDateTime": "2013-10-08T13:03:00.877-04:00",
                "eventIdentifier": "1020271",
                "indicator": "N",
                "reasonText": "A",
                "verificationActiveIndicator": "false",
                "verificationDeterminationDateTime": "2013-10-08T13:03:00.877-04:00"
            },
            "CitizenshipLawfulPresence Status": {
                "dataFoundIndicator": "false",
                "dataSourceExternalIndicator": "false",
                "eventDateTime": "2013-10-08T13:03:00.875-04:00",
                "eventIdentifier": "1693660",
                "immigrationStep1DataFoundIndicator": "false",
                "immigrationStep2DataFoundIndicator": "false",
                "immigrationStep3DataFoundIndicator": "false",
                "indicator": "I",
                "reasonText": "177",
                "timerDurationEffectiveDate": "2013-10-08T00:00:00-04:00",
                "timerDurationReasonDayQuantity": "95",
                "timerDurationReasonTypeCode": "1",
                "timerEndDate": "2014-01-11T00:00:00-05:00",
                "timerStartDate": "2013-10-08T00:00:00-04:00",
                "verificationActiveIndicator": "false",
                "verificationDeterminationDateTime": "2013-10-08T13:03:01.402-04:00"
            },
            "ESC MEC": {
                "dataFoundIndicator": "false",
                "dataSourceExternalIndicator": "false",
                "dataSourceTypeCode": "SHOP",
                "dataSourceTypeName": "SHOP",
                "eventDateTime": "2013-10-08T13:07:48.949-04:00",
                "eventIdentifier": "896599",
                "verificationActiveIndicator": "false"
            },
            "ExitExpeditedIncome": {
                "dataFoundIndicator": "false",
                "dataSourceExternalIndicator": "false",
                "eventDateTime": "2013-10-08T13:04:37.081-04:00",
                "eventIdentifier": "763167",
                "indicator": "N",
                "reasonText": "999",
                "verificationActiveIndicator": "false",
                "verificationDeterminationDateTime": "2013-10-08T13:04:37.081-04:00"
            },
            "Incarceration": {
                "dataFoundIndicator": "false",
                "dataSourceExternalIndicator": "false",
                "eventDateTime": "2013-10-08T13:07:48.404-04:00",
                "eventIdentifier": "1568014",
                "indicator": "false",
                "reasonText": "999",
                "verificationActiveIndicator": "true",
                "verificationDeterminationDateTime": "2013-10-08T13:07:48.434-04:00"
            },
            "Income": {
                "dataFoundIndicator": "false",
                "dataSourceExternalIndicator": "false",
                "eventDateTime": "2013-10-08T13:05:07.112-04:00",
                "eventIdentifier": "1286546",
                "indicator": "Y",
                "reasonText": "999",
                "verificationActiveIndicator": "false",
                "verificationDeterminationDateTime": "2013-10-08T13:05:07.105-04:00"
            },
            "Indian Status": {
                "dataFoundIndicator": "false",
                "dataSourceExternalIndicator": "false",
                "eventDateTime": "2013-10-08T13:07:48.713-04:00",
                "eventIdentifier": "1139529",
                "indicator": "false",
                "reasonText": "1",
                "verificationActiveIndicator": "false",
                "verificationDeterminationDateTime": "2013-10-08T13:07:48.840-04:00"
            },
            "MedicaidHouseholdSize": {
                "dataFoundIndicator": "false",
                "dataSourceExternalIndicator": "false",
                "eventDateTime": "2013-10-08T13:04:37.081-04:00",
                "eventIdentifier": "1278685",
                "householdMemberQuantity": "1",
                "indicator": "Y",
                "reasonText": "999",
                "verificationActiveIndicator": "false",
                "verificationDeterminationDateTime": "2013-10-08T13:04:36.984-04:00"
            },
            "MedicaidIncome": {
                "dataFoundIndicator": "false",
                "dataSourceExternalIndicator": "false",
                "eventDateTime": "2013-10-08T13:05:07.112-04:00",
                "eventIdentifier": "1613619",
                "indicator": "N",
                "reasonText": "379",
                "verificationActiveIndicator": "false",
                "verificationDeterminationDateTime": "2013-10-08T13:05:07.106-04:00"
            },
            "PreliminaryAPTCIncome": {
                "dataFoundIndicator": "false",
                "dataSourceExternalIndicator": "false",
                "eventDateTime": "2013-10-08T13:05:07.112-04:00",
                "eventIdentifier": "1167766",
                "indicator": "Y",
                "reasonText": "999",
                "verificationActiveIndicator": "false",
                "verificationDeterminationDateTime": "2013-10-08T13:05:07.107-04:00"
            },
            "Public Non-ESI MEC": {
                "dataFoundIndicator": "false",
                "dataSourceExternalIndicator": "false",
                "eventDateTime": "2013-10-08T13:04:29.758-04:00",
                "eventIdentifier": "633065",
                "indicator": "true",
                "nonESIMECVerificationDataUsableIndicator": "false",
                "nonESIMECVerificationStatusIndicator": "false",
                "nonESIMECVerificationStatusReasonText": "999",
                "nonESIMECVerificationStatusReceivedDateTime": "2013-10-08T13:07:51.246-04:00",
                "nonESIMECVerificationStatusResultText": "N",
                "reasonText": "234, 233, 298, 236, 237, 235",
                "verificationActiveIndicator": "false",
                "verificationDeterminationDateTime": "2013-10-08T13:07:51.247-04:00"
            },
            "SSN": {
                "dataExpectedIndicator": "true",
                "dataFoundIndicator": "true",
                "dataSourceExternalIndicator": "true",
                "dataSourceTypeCode": "SSA",
                "dataSourceTypeName": "SSA",
                "eventDateTime": "2013-10-08T13:03:00.875-04:00",
                "eventIdentifier": "1236518",
                "indicator": "Y",
                "reasonText": "A",
                "verificationActiveIndicator": "false",
                "verificationDeterminationDateTime": "2013-10-08T13:03:00.875-04:00"
            },
            "TaxHouseholdSize": {
                "dataFoundIndicator": "false",
                "dataSourceExternalIndicator": "false",
                "eventDateTime": "2013-10-08T13:04:37.081-04:00",
                "eventIdentifier": "1717524",
                "householdMemberQuantity": "1",
                "indicator": "Y",
                "reasonText": "999",
                "verificationActiveIndicator": "false",
                "verificationDeterminationDateTime": "2013-10-08T13:04:36.983-04:00"
            },
            "TitleIIAnnualIncome": {
                "dataFoundIndicator": "false",
                "dataSourceExternalIndicator": "true",
                "dataSourceTypeCode": "SSA",
                "dataSourceTypeName": "SSA",
                "eventDateTime": "2013-10-08T13:03:00.912-04:00",
                "eventIdentifier": "1043597",
                "ssaTitleIIAnnualIncomeAmount": "0",
                "taxYearNumber": "2011",
                "verificationActiveIndicator": "false",
                "verificationDeterminationDateTime": "2013-10-08T13:03:00.912-04:00"
            },
            "TitleIIMonthlyIncome": {
                "calculatedMonthlyIncomeEquivalentIndicator": "false",
                "currentIncomeVerificationDataExpectedIndicator": "false",
                "currentIncomeVerificationDataFoundIndicator": "false",
                "currentIncomeVerificationSourceAmount": "0",
                "currentIncomeVerificationStatusReceivedDateTime": "2013-09-08T13:03:00.912-04:00",
                "dataFoundIndicator": "false",
                "dataSourceExternalIndicator": "true",
                "dataSourceTypeCode": "SSA",
                "dataSourceTypeName": "SSA",
                "eventDateTime": "2013-10-08T13:03:00.912-04:00",
                "eventIdentifier": "1317590",
                "personDisabilityIndicator": "false",
                "verificationActiveIndicator": "false",
                "verificationDeterminationDateTime": "2013-10-08T13:03:00.912-04:00"
            }
        }
    }
}
